# Blender 4.3.2
# www.blender.org
mtllib Contexte.mtl
o Text.002
v 8.243621 0.534425 0.230000
v 7.679345 0.534425 0.230000
v 7.679345 0.443428 0.230000
v 7.679345 0.442947 0.230000
v 8.180549 0.442947 0.230000
v 8.179105 0.313914 0.230000
v 7.679345 0.314877 0.230000
v 7.679345 0.219066 0.230000
v 8.243621 0.219547 0.230000
v 8.243621 0.065961 0.230000
v 7.414540 0.065961 0.230000
v 7.414540 0.678864 0.230000
v 8.243621 0.678864 0.230000
v 6.376504 0.496389 0.230000
v 6.376504 0.678864 0.230000
v 7.342320 0.678864 0.230000
v 7.342320 0.496389 0.230000
v 7.000000 0.496389 0.230000
v 7.000000 0.065961 0.230000
v 6.709677 0.065961 0.230000
v 6.709677 0.496389 0.230000
v 6.304285 0.065961 0.230000
v 6.010592 0.065961 0.230000
v 5.851709 0.216659 0.230000
v 5.693307 0.065961 0.230000
v 5.399133 0.065961 0.230000
v 5.702455 0.371690 0.230000
v 5.399133 0.677419 0.230000
v 5.693307 0.677419 0.230000
v 5.851709 0.519981 0.230000
v 6.010592 0.677419 0.230000
v 6.304285 0.677419 0.230000
v 6.000481 0.371690 0.230000
v 5.326913 0.534425 0.230000
v 4.762638 0.534425 0.230000
v 4.762638 0.443428 0.230000
v 4.762638 0.442947 0.230000
v 5.263842 0.442947 0.230000
v 5.262397 0.313914 0.230000
v 4.762638 0.314877 0.230000
v 4.762638 0.219066 0.230000
v 5.326913 0.219547 0.230000
v 5.326913 0.065961 0.230000
v 4.497833 0.065961 0.230000
v 4.497833 0.678864 0.230000
v 5.326913 0.678864 0.230000
v 3.459798 0.496389 0.230000
v 3.459798 0.678864 0.230000
v 4.425614 0.678864 0.230000
v 4.425614 0.496389 0.230000
v 4.083293 0.496389 0.230000
v 4.083293 0.065961 0.230000
v 3.792971 0.065961 0.230000
v 3.792971 0.496389 0.230000
v 3.155994 0.308618 0.230000
v 3.155994 0.678864 0.230000
v 3.387578 0.678864 0.230000
v 3.387578 0.065961 0.230000
v 3.042850 0.065961 0.230000
v 2.629273 0.448243 0.230000
v 2.629273 0.065961 0.230000
v 2.394319 0.065961 0.230000
v 2.394319 0.678864 0.230000
v 2.727492 0.678864 0.230000
v 1.490130 0.649976 0.230000
v 1.512408 0.656589 0.230000
v 1.534786 0.662628 0.230000
v 1.557264 0.668091 0.230000
v 1.579843 0.672979 0.230000
v 1.602522 0.677292 0.230000
v 1.625301 0.681030 0.230000
v 1.648180 0.684193 0.230000
v 1.671160 0.686781 0.230000
v 1.694240 0.688794 0.230000
v 1.717421 0.690232 0.230000
v 1.740702 0.691094 0.230000
v 1.764083 0.691382 0.230000
v 1.787537 0.691094 0.230000
v 1.810878 0.690232 0.230000
v 1.834106 0.688794 0.230000
v 1.857219 0.686781 0.230000
v 1.880219 0.684193 0.230000
v 1.903105 0.681030 0.230000
v 1.925878 0.677292 0.230000
v 1.948537 0.672979 0.230000
v 1.971082 0.668091 0.230000
v 1.993514 0.662628 0.230000
v 2.015831 0.656589 0.230000
v 2.038036 0.649976 0.230000
v 2.059785 0.642831 0.230000
v 2.080739 0.635198 0.230000
v 2.100897 0.627076 0.230000
v 2.120259 0.618467 0.230000
v 2.138825 0.609369 0.230000
v 2.156596 0.599783 0.230000
v 2.173571 0.589709 0.230000
v 2.189750 0.579147 0.230000
v 2.205133 0.568097 0.230000
v 2.219721 0.556559 0.230000
v 2.233513 0.544532 0.230000
v 2.246509 0.532017 0.230000
v 2.258583 0.519208 0.230000
v 2.269606 0.506299 0.230000
v 2.279580 0.493290 0.230000
v 2.288504 0.480180 0.230000
v 2.296378 0.466970 0.230000
v 2.303202 0.453659 0.230000
v 2.308976 0.440248 0.230000
v 2.313700 0.426737 0.230000
v 2.317375 0.413126 0.230000
v 2.319999 0.399414 0.230000
v 2.321574 0.385602 0.230000
v 2.322099 0.371690 0.230000
v 2.321589 0.357860 0.230000
v 2.320060 0.344133 0.230000
v 2.317510 0.330510 0.230000
v 2.313941 0.316990 0.230000
v 2.309352 0.303575 0.230000
v 2.303743 0.290262 0.230000
v 2.297115 0.277054 0.230000
v 2.289466 0.263949 0.230000
v 2.280798 0.250948 0.230000
v 2.271111 0.238050 0.230000
v 2.260403 0.225256 0.230000
v 2.248676 0.212566 0.230000
v 2.236024 0.200160 0.230000
v 2.222543 0.188219 0.230000
v 2.208233 0.176742 0.230000
v 2.193094 0.165730 0.230000
v 2.177125 0.155183 0.230000
v 2.160327 0.145101 0.230000
v 2.142700 0.135484 0.230000
v 2.124244 0.126331 0.230000
v 2.104959 0.117643 0.230000
v 2.084845 0.109419 0.230000
v 2.063901 0.101661 0.230000
v 2.042128 0.094367 0.230000
v 2.019859 0.087600 0.230000
v 1.997425 0.081421 0.230000
v 1.974828 0.075831 0.230000
v 1.952067 0.070829 0.230000
v 1.929143 0.066415 0.230000
v 1.906054 0.062590 0.230000
v 1.882802 0.059354 0.230000
v 1.859386 0.056706 0.230000
v 1.835806 0.054646 0.230000
v 1.812062 0.053175 0.230000
v 1.788154 0.052292 0.230000
v 1.764083 0.051998 0.230000
v 1.740167 0.052292 0.230000
v 1.716404 0.053175 0.230000
v 1.692796 0.054646 0.230000
v 1.669341 0.056706 0.230000
v 1.646041 0.059354 0.230000
v 1.622894 0.062590 0.230000
v 1.599900 0.066415 0.230000
v 1.577061 0.070829 0.230000
v 1.554375 0.075831 0.230000
v 1.531843 0.081421 0.230000
v 1.509465 0.087600 0.230000
v 1.487241 0.094367 0.230000
v 1.465505 0.101661 0.230000
v 1.444592 0.109419 0.230000
v 1.424500 0.117643 0.230000
v 1.405232 0.126331 0.230000
v 1.386786 0.135484 0.230000
v 1.369162 0.145101 0.230000
v 1.352361 0.155183 0.230000
v 1.336383 0.165730 0.230000
v 1.321226 0.176742 0.230000
v 1.306893 0.188219 0.230000
v 1.293382 0.200160 0.230000
v 1.280693 0.212566 0.230000
v 1.268928 0.225256 0.230000
v 1.258185 0.238050 0.230000
v 1.248465 0.250948 0.230000
v 1.239769 0.263949 0.230000
v 1.232095 0.277054 0.230000
v 1.225445 0.290262 0.230000
v 1.219818 0.303575 0.230000
v 1.215214 0.316990 0.230000
v 1.211633 0.330510 0.230000
v 1.209075 0.344133 0.230000
v 1.207541 0.357860 0.230000
v 1.207029 0.371690 0.230000
v 1.207549 0.385602 0.230000
v 1.209109 0.399414 0.230000
v 1.211709 0.413126 0.230000
v 1.215348 0.426737 0.230000
v 1.220027 0.440248 0.230000
v 1.225746 0.453659 0.230000
v 1.232505 0.466970 0.230000
v 1.240304 0.480180 0.230000
v 1.249142 0.493290 0.230000
v 1.259021 0.506299 0.230000
v 1.269939 0.519208 0.230000
v 1.281897 0.532017 0.230000
v 1.294781 0.544532 0.230000
v 1.308478 0.556559 0.230000
v 1.322987 0.568097 0.230000
v 1.338308 0.579147 0.230000
v 1.354442 0.589709 0.230000
v 1.371389 0.599783 0.230000
v 1.389148 0.609369 0.230000
v 1.407719 0.618467 0.230000
v 1.427103 0.627076 0.230000
v 1.447300 0.635198 0.230000
v 1.468309 0.642831 0.230000
v 1.771305 0.534425 0.230000
v 1.760261 0.534273 0.230000
v 1.749278 0.533816 0.230000
v 1.738355 0.533055 0.230000
v 1.727491 0.531991 0.230000
v 1.716689 0.530621 0.230000
v 1.705946 0.528948 0.230000
v 1.695264 0.526970 0.230000
v 1.684641 0.524688 0.230000
v 1.674079 0.522102 0.230000
v 1.663577 0.519212 0.230000
v 1.653135 0.516017 0.230000
v 1.642754 0.512518 0.230000
v 1.632590 0.508745 0.230000
v 1.622800 0.504728 0.230000
v 1.613385 0.500466 0.230000
v 1.604344 0.495961 0.230000
v 1.595677 0.491212 0.230000
v 1.587386 0.486218 0.230000
v 1.579468 0.480980 0.230000
v 1.571925 0.475499 0.230000
v 1.564757 0.469773 0.230000
v 1.557963 0.463803 0.230000
v 1.551543 0.457589 0.230000
v 1.545498 0.451131 0.230000
v 1.539885 0.444521 0.230000
v 1.534759 0.437851 0.230000
v 1.530122 0.431121 0.230000
v 1.525972 0.424330 0.230000
v 1.522311 0.417479 0.230000
v 1.519138 0.410568 0.230000
v 1.516453 0.403597 0.230000
v 1.514257 0.396566 0.230000
v 1.512548 0.389474 0.230000
v 1.511328 0.382322 0.230000
v 1.510596 0.375110 0.230000
v 1.510351 0.367838 0.230000
v 1.510590 0.360645 0.230000
v 1.511308 0.353508 0.230000
v 1.512503 0.346428 0.230000
v 1.514176 0.339405 0.230000
v 1.516328 0.332439 0.230000
v 1.518957 0.325530 0.230000
v 1.522065 0.318677 0.230000
v 1.525651 0.311881 0.230000
v 1.529715 0.305143 0.230000
v 1.534257 0.298461 0.230000
v 1.539278 0.291836 0.230000
v 1.544776 0.285267 0.230000
v 1.550709 0.278846 0.230000
v 1.557033 0.272662 0.230000
v 1.563749 0.266716 0.230000
v 1.570855 0.261007 0.230000
v 1.578353 0.255535 0.230000
v 1.586242 0.250301 0.230000
v 1.594522 0.245304 0.230000
v 1.603194 0.240545 0.230000
v 1.612256 0.236023 0.230000
v 1.621710 0.231738 0.230000
v 1.631555 0.227691 0.230000
v 1.641791 0.223881 0.230000
v 1.652253 0.220343 0.230000
v 1.662775 0.217113 0.230000
v 1.673357 0.214191 0.230000
v 1.683999 0.211576 0.230000
v 1.694702 0.209269 0.230000
v 1.705465 0.207270 0.230000
v 1.716287 0.205578 0.230000
v 1.727171 0.204194 0.230000
v 1.738114 0.203117 0.230000
v 1.749117 0.202348 0.230000
v 1.760181 0.201887 0.230000
v 1.771305 0.201733 0.230000
v 1.782429 0.201887 0.230000
v 1.793492 0.202348 0.230000
v 1.804496 0.203117 0.230000
v 1.815439 0.204194 0.230000
v 1.826322 0.205578 0.230000
v 1.837145 0.207270 0.230000
v 1.847908 0.209269 0.230000
v 1.858610 0.211577 0.230000
v 1.869252 0.214191 0.230000
v 1.879835 0.217113 0.230000
v 1.890357 0.220343 0.230000
v 1.900818 0.223881 0.230000
v 1.911053 0.227691 0.230000
v 1.920893 0.231738 0.230000
v 1.930338 0.236023 0.230000
v 1.939389 0.240545 0.230000
v 1.948045 0.245304 0.230000
v 1.956307 0.250301 0.230000
v 1.964174 0.255535 0.230000
v 1.971647 0.261007 0.230000
v 1.978725 0.266716 0.230000
v 1.985409 0.272662 0.230000
v 1.991698 0.278846 0.230000
v 1.997593 0.285267 0.230000
v 2.003053 0.291836 0.230000
v 2.008038 0.298461 0.230000
v 2.012548 0.305143 0.230000
v 2.016584 0.311881 0.230000
v 2.020144 0.318677 0.230000
v 2.023231 0.325530 0.230000
v 2.025842 0.332439 0.230000
v 2.027978 0.339405 0.230000
v 2.029640 0.346428 0.230000
v 2.030827 0.353508 0.230000
v 2.031539 0.360645 0.230000
v 2.031776 0.367838 0.230000
v 2.031531 0.375110 0.230000
v 2.030793 0.382322 0.230000
v 2.029565 0.389474 0.230000
v 2.027844 0.396566 0.230000
v 2.025633 0.403597 0.230000
v 2.022929 0.410568 0.230000
v 2.019735 0.417479 0.230000
v 2.016048 0.424330 0.230000
v 2.011871 0.431121 0.230000
v 2.007201 0.437851 0.230000
v 2.002041 0.444521 0.230000
v 1.996389 0.451131 0.230000
v 1.990305 0.457589 0.230000
v 1.983851 0.463803 0.230000
v 1.977025 0.469773 0.230000
v 1.969828 0.475499 0.230000
v 1.962260 0.480981 0.230000
v 1.954321 0.486218 0.230000
v 1.946011 0.491212 0.230000
v 1.937329 0.495961 0.230000
v 1.928277 0.500466 0.230000
v 1.918853 0.504728 0.230000
v 1.909059 0.508745 0.230000
v 1.898893 0.512518 0.230000
v 1.888518 0.516017 0.230000
v 1.878096 0.519212 0.230000
v 1.867628 0.522102 0.230000
v 1.857112 0.524688 0.230000
v 1.846550 0.526970 0.230000
v 1.835941 0.528948 0.230000
v 1.825286 0.530621 0.230000
v 1.814583 0.531991 0.230000
v 1.803834 0.533055 0.230000
v 1.793038 0.533816 0.230000
v 1.782195 0.534273 0.230000
v 0.657977 0.686223 0.230000
v 0.728842 0.680856 0.230000
v 0.794204 0.671913 0.230000
v 0.854063 0.659391 0.230000
v 0.908418 0.643292 0.230000
v 0.957270 0.623616 0.230000
v 1.000619 0.600362 0.230000
v 1.038464 0.573530 0.230000
v 1.070805 0.543121 0.230000
v 1.097643 0.509134 0.230000
v 1.118978 0.471570 0.230000
v 1.134810 0.430429 0.230000
v 0.845932 0.430429 0.230000
v 0.843212 0.439742 0.230000
v 0.839546 0.448584 0.230000
v 0.834933 0.456954 0.230000
v 0.829375 0.464853 0.230000
v 0.822870 0.472281 0.230000
v 0.815419 0.479237 0.230000
v 0.807022 0.485722 0.230000
v 0.797678 0.491735 0.230000
v 0.787389 0.497277 0.230000
v 0.776153 0.502347 0.230000
v 0.763971 0.506946 0.230000
v 0.750843 0.511074 0.230000
v 0.737199 0.514803 0.230000
v 0.723473 0.518209 0.230000
v 0.709662 0.521290 0.230000
v 0.695768 0.524046 0.230000
v 0.681791 0.526479 0.230000
v 0.667730 0.528587 0.230000
v 0.653585 0.530371 0.230000
v 0.639357 0.531830 0.230000
v 0.625045 0.532965 0.230000
v 0.610650 0.533776 0.230000
v 0.596171 0.534262 0.230000
v 0.581608 0.534425 0.230000
v 0.567693 0.534177 0.230000
v 0.553871 0.533435 0.230000
v 0.540142 0.532198 0.230000
v 0.526507 0.530466 0.230000
v 0.512966 0.528239 0.230000
v 0.499519 0.525518 0.230000
v 0.486165 0.522301 0.230000
v 0.472904 0.518590 0.230000
v 0.459738 0.514384 0.230000
v 0.446665 0.509683 0.230000
v 0.433685 0.504487 0.230000
v 0.420799 0.498796 0.230000
v 0.408442 0.492417 0.230000
v 0.397047 0.485155 0.230000
v 0.386615 0.477010 0.230000
v 0.377147 0.467983 0.230000
v 0.368641 0.458073 0.230000
v 0.361098 0.447280 0.230000
v 0.354518 0.435604 0.230000
v 0.348901 0.423046 0.230000
v 0.344247 0.409605 0.230000
v 0.340555 0.395282 0.230000
v 0.337827 0.380075 0.230000
v 0.336062 0.363987 0.230000
v 0.336699 0.349496 0.230000
v 0.338449 0.335714 0.230000
v 0.341313 0.322641 0.230000
v 0.345290 0.310277 0.230000
v 0.350380 0.298621 0.230000
v 0.356584 0.287675 0.230000
v 0.363901 0.277437 0.230000
v 0.372332 0.267908 0.230000
v 0.381876 0.259088 0.230000
v 0.392533 0.250976 0.230000
v 0.404304 0.243574 0.230000
v 0.417188 0.236880 0.230000
v 0.430651 0.230805 0.230000
v 0.444157 0.225258 0.230000
v 0.457706 0.220240 0.230000
v 0.471299 0.215749 0.230000
v 0.484936 0.211787 0.230000
v 0.498616 0.208353 0.230000
v 0.512339 0.205448 0.230000
v 0.526106 0.203071 0.230000
v 0.539916 0.201222 0.230000
v 0.553770 0.199901 0.230000
v 0.567667 0.199109 0.230000
v 0.581608 0.198844 0.230000
v 0.596171 0.199053 0.230000
v 0.610650 0.199680 0.230000
v 0.625045 0.200725 0.230000
v 0.639357 0.202188 0.230000
v 0.653585 0.204069 0.230000
v 0.667730 0.206367 0.230000
v 0.681791 0.209084 0.230000
v 0.695768 0.212218 0.230000
v 0.709662 0.215771 0.230000
v 0.723473 0.219741 0.230000
v 0.737199 0.224130 0.230000
v 0.750843 0.228936 0.230000
v 0.764041 0.234207 0.230000
v 0.776434 0.239990 0.230000
v 0.788021 0.246284 0.230000
v 0.798802 0.253089 0.230000
v 0.808777 0.260407 0.230000
v 0.817947 0.268235 0.230000
v 0.826310 0.276576 0.230000
v 0.833868 0.285428 0.230000
v 0.840621 0.294791 0.230000
v 0.846567 0.304666 0.230000
v 0.851708 0.315053 0.230000
v 0.856042 0.325951 0.230000
v 1.133365 0.325951 0.230000
v 1.118647 0.283271 0.230000
v 1.098245 0.244303 0.230000
v 1.072159 0.209045 0.230000
v 1.040390 0.177500 0.230000
v 1.002936 0.149665 0.230000
v 0.959798 0.125542 0.230000
v 0.910976 0.105130 0.230000
v 0.856470 0.088429 0.230000
v 0.796281 0.075439 0.230000
v 0.730407 0.066161 0.230000
v 0.658850 0.060594 0.230000
v 0.581608 0.058739 0.230000
v 0.497937 0.060845 0.230000
v 0.421214 0.067164 0.230000
v 0.351438 0.077696 0.230000
v 0.288611 0.092441 0.230000
v 0.232731 0.111399 0.230000
v 0.183799 0.134569 0.230000
v 0.141814 0.161952 0.230000
v 0.106778 0.193548 0.230000
v 0.078689 0.229357 0.230000
v 0.057548 0.269379 0.230000
v 0.043355 0.313613 0.230000
v 0.036110 0.362061 0.230000
v 0.043355 0.414122 0.230000
v 0.057548 0.461657 0.230000
v 0.078689 0.504664 0.230000
v 0.106778 0.543145 0.230000
v 0.141814 0.577098 0.230000
v 0.183799 0.606524 0.230000
v 0.232731 0.631423 0.230000
v 0.288611 0.651795 0.230000
v 0.351438 0.667640 0.230000
v 0.421214 0.678957 0.230000
v 0.497937 0.685748 0.230000
v 0.581608 0.688012 0.230000
v 8.243621 0.534425 -0.230000
v 7.679345 0.534425 -0.230000
v 7.679345 0.443428 -0.230000
v 7.679345 0.442947 -0.230000
v 8.180549 0.442947 -0.230000
v 8.179105 0.313914 -0.230000
v 7.679345 0.314877 -0.230000
v 7.679345 0.219066 -0.230000
v 8.243621 0.219547 -0.230000
v 8.243621 0.065961 -0.230000
v 7.414540 0.065961 -0.230000
v 7.414540 0.678864 -0.230000
v 8.243621 0.678864 -0.230000
v 6.376504 0.496389 -0.230000
v 6.376504 0.678864 -0.230000
v 7.342320 0.678864 -0.230000
v 7.342320 0.496389 -0.230000
v 7.000000 0.496389 -0.230000
v 7.000000 0.065961 -0.230000
v 6.709677 0.065961 -0.230000
v 6.709677 0.496389 -0.230000
v 6.304285 0.065961 -0.230000
v 6.010592 0.065961 -0.230000
v 5.851709 0.216659 -0.230000
v 5.693307 0.065961 -0.230000
v 5.399133 0.065961 -0.230000
v 5.702455 0.371690 -0.230000
v 5.399133 0.677419 -0.230000
v 5.693307 0.677419 -0.230000
v 5.851709 0.519981 -0.230000
v 6.010592 0.677419 -0.230000
v 6.304285 0.677419 -0.230000
v 6.000481 0.371690 -0.230000
v 5.326913 0.534425 -0.230000
v 4.762638 0.534425 -0.230000
v 4.762638 0.443428 -0.230000
v 4.762638 0.442947 -0.230000
v 5.263842 0.442947 -0.230000
v 5.262397 0.313914 -0.230000
v 4.762638 0.314877 -0.230000
v 4.762638 0.219066 -0.230000
v 5.326913 0.219547 -0.230000
v 5.326913 0.065961 -0.230000
v 4.497833 0.065961 -0.230000
v 4.497833 0.678864 -0.230000
v 5.326913 0.678864 -0.230000
v 3.459798 0.496389 -0.230000
v 3.459798 0.678864 -0.230000
v 4.425614 0.678864 -0.230000
v 4.425614 0.496389 -0.230000
v 4.083293 0.496389 -0.230000
v 4.083293 0.065961 -0.230000
v 3.792971 0.065961 -0.230000
v 3.792971 0.496389 -0.230000
v 3.155994 0.308618 -0.230000
v 3.155994 0.678864 -0.230000
v 3.387578 0.678864 -0.230000
v 3.387578 0.065961 -0.230000
v 3.042850 0.065961 -0.230000
v 2.629273 0.448243 -0.230000
v 2.629273 0.065961 -0.230000
v 2.394319 0.065961 -0.230000
v 2.394319 0.678864 -0.230000
v 2.727492 0.678864 -0.230000
v 1.490130 0.649976 -0.230000
v 1.512408 0.656589 -0.230000
v 1.534786 0.662628 -0.230000
v 1.557264 0.668091 -0.230000
v 1.579843 0.672979 -0.230000
v 1.602522 0.677292 -0.230000
v 1.625301 0.681030 -0.230000
v 1.648180 0.684193 -0.230000
v 1.671160 0.686781 -0.230000
v 1.694240 0.688794 -0.230000
v 1.717421 0.690232 -0.230000
v 1.740702 0.691094 -0.230000
v 1.764083 0.691382 -0.230000
v 1.787537 0.691094 -0.230000
v 1.810878 0.690232 -0.230000
v 1.834106 0.688794 -0.230000
v 1.857219 0.686781 -0.230000
v 1.880219 0.684193 -0.230000
v 1.903105 0.681030 -0.230000
v 1.925878 0.677292 -0.230000
v 1.948537 0.672979 -0.230000
v 1.971082 0.668091 -0.230000
v 1.993514 0.662628 -0.230000
v 2.015831 0.656589 -0.230000
v 2.038036 0.649976 -0.230000
v 2.059785 0.642831 -0.230000
v 2.080739 0.635198 -0.230000
v 2.100897 0.627076 -0.230000
v 2.120259 0.618467 -0.230000
v 2.138825 0.609369 -0.230000
v 2.156596 0.599783 -0.230000
v 2.173571 0.589709 -0.230000
v 2.189750 0.579147 -0.230000
v 2.205133 0.568097 -0.230000
v 2.219721 0.556559 -0.230000
v 2.233513 0.544532 -0.230000
v 2.246509 0.532017 -0.230000
v 2.258583 0.519208 -0.230000
v 2.269606 0.506299 -0.230000
v 2.279580 0.493290 -0.230000
v 2.288504 0.480180 -0.230000
v 2.296378 0.466970 -0.230000
v 2.303202 0.453659 -0.230000
v 2.308976 0.440248 -0.230000
v 2.313700 0.426737 -0.230000
v 2.317375 0.413126 -0.230000
v 2.319999 0.399414 -0.230000
v 2.321574 0.385602 -0.230000
v 2.322099 0.371690 -0.230000
v 2.321589 0.357860 -0.230000
v 2.320060 0.344133 -0.230000
v 2.317510 0.330510 -0.230000
v 2.313941 0.316990 -0.230000
v 2.309352 0.303575 -0.230000
v 2.303743 0.290262 -0.230000
v 2.297115 0.277054 -0.230000
v 2.289466 0.263949 -0.230000
v 2.280798 0.250948 -0.230000
v 2.271111 0.238050 -0.230000
v 2.260403 0.225256 -0.230000
v 2.248676 0.212566 -0.230000
v 2.236024 0.200160 -0.230000
v 2.222543 0.188219 -0.230000
v 2.208233 0.176742 -0.230000
v 2.193094 0.165730 -0.230000
v 2.177125 0.155183 -0.230000
v 2.160327 0.145101 -0.230000
v 2.142700 0.135484 -0.230000
v 2.124244 0.126331 -0.230000
v 2.104959 0.117643 -0.230000
v 2.084845 0.109419 -0.230000
v 2.063901 0.101661 -0.230000
v 2.042128 0.094367 -0.230000
v 2.019859 0.087600 -0.230000
v 1.997425 0.081421 -0.230000
v 1.974828 0.075831 -0.230000
v 1.952067 0.070829 -0.230000
v 1.929143 0.066415 -0.230000
v 1.906054 0.062590 -0.230000
v 1.882802 0.059354 -0.230000
v 1.859386 0.056706 -0.230000
v 1.835806 0.054646 -0.230000
v 1.812062 0.053175 -0.230000
v 1.788154 0.052292 -0.230000
v 1.764083 0.051998 -0.230000
v 1.740167 0.052292 -0.230000
v 1.716404 0.053175 -0.230000
v 1.692796 0.054646 -0.230000
v 1.669341 0.056706 -0.230000
v 1.646041 0.059354 -0.230000
v 1.622894 0.062590 -0.230000
v 1.599900 0.066415 -0.230000
v 1.577061 0.070829 -0.230000
v 1.554375 0.075831 -0.230000
v 1.531843 0.081421 -0.230000
v 1.509465 0.087600 -0.230000
v 1.487241 0.094367 -0.230000
v 1.465505 0.101661 -0.230000
v 1.444592 0.109419 -0.230000
v 1.424500 0.117643 -0.230000
v 1.405232 0.126331 -0.230000
v 1.386786 0.135484 -0.230000
v 1.369162 0.145101 -0.230000
v 1.352361 0.155183 -0.230000
v 1.336383 0.165731 -0.230000
v 1.321226 0.176742 -0.230000
v 1.306893 0.188219 -0.230000
v 1.293382 0.200160 -0.230000
v 1.280693 0.212566 -0.230000
v 1.268928 0.225256 -0.230000
v 1.258185 0.238050 -0.230000
v 1.248465 0.250948 -0.230000
v 1.239769 0.263949 -0.230000
v 1.232095 0.277054 -0.230000
v 1.225445 0.290262 -0.230000
v 1.219818 0.303575 -0.230000
v 1.215214 0.316990 -0.230000
v 1.211633 0.330510 -0.230000
v 1.209075 0.344133 -0.230000
v 1.207541 0.357860 -0.230000
v 1.207029 0.371690 -0.230000
v 1.207549 0.385602 -0.230000
v 1.209109 0.399414 -0.230000
v 1.211709 0.413126 -0.230000
v 1.215348 0.426737 -0.230000
v 1.220027 0.440248 -0.230000
v 1.225746 0.453659 -0.230000
v 1.232505 0.466970 -0.230000
v 1.240304 0.480180 -0.230000
v 1.249142 0.493290 -0.230000
v 1.259021 0.506299 -0.230000
v 1.269939 0.519208 -0.230000
v 1.281897 0.532017 -0.230000
v 1.294781 0.544532 -0.230000
v 1.308478 0.556559 -0.230000
v 1.322987 0.568097 -0.230000
v 1.338308 0.579147 -0.230000
v 1.354442 0.589709 -0.230000
v 1.371389 0.599783 -0.230000
v 1.389148 0.609369 -0.230000
v 1.407719 0.618467 -0.230000
v 1.427103 0.627076 -0.230000
v 1.447300 0.635198 -0.230000
v 1.468309 0.642831 -0.230000
v 1.771305 0.534425 -0.230000
v 1.760261 0.534273 -0.230000
v 1.749278 0.533816 -0.230000
v 1.738355 0.533055 -0.230000
v 1.727491 0.531991 -0.230000
v 1.716689 0.530621 -0.230000
v 1.705946 0.528948 -0.230000
v 1.695264 0.526970 -0.230000
v 1.684641 0.524688 -0.230000
v 1.674079 0.522102 -0.230000
v 1.663577 0.519212 -0.230000
v 1.653135 0.516017 -0.230000
v 1.642754 0.512518 -0.230000
v 1.632590 0.508745 -0.230000
v 1.622800 0.504728 -0.230000
v 1.613385 0.500466 -0.230000
v 1.604344 0.495961 -0.230000
v 1.595677 0.491212 -0.230000
v 1.587386 0.486218 -0.230000
v 1.579468 0.480980 -0.230000
v 1.571925 0.475499 -0.230000
v 1.564757 0.469773 -0.230000
v 1.557963 0.463803 -0.230000
v 1.551543 0.457589 -0.230000
v 1.545498 0.451131 -0.230000
v 1.539885 0.444521 -0.230000
v 1.534759 0.437851 -0.230000
v 1.530122 0.431121 -0.230000
v 1.525972 0.424330 -0.230000
v 1.522311 0.417479 -0.230000
v 1.519138 0.410568 -0.230000
v 1.516453 0.403597 -0.230000
v 1.514257 0.396566 -0.230000
v 1.512548 0.389474 -0.230000
v 1.511328 0.382322 -0.230000
v 1.510596 0.375110 -0.230000
v 1.510351 0.367838 -0.230000
v 1.510590 0.360645 -0.230000
v 1.511308 0.353508 -0.230000
v 1.512503 0.346428 -0.230000
v 1.514176 0.339405 -0.230000
v 1.516328 0.332439 -0.230000
v 1.518957 0.325530 -0.230000
v 1.522065 0.318677 -0.230000
v 1.525651 0.311881 -0.230000
v 1.529715 0.305143 -0.230000
v 1.534257 0.298461 -0.230000
v 1.539278 0.291836 -0.230000
v 1.544776 0.285267 -0.230000
v 1.550709 0.278846 -0.230000
v 1.557033 0.272662 -0.230000
v 1.563749 0.266716 -0.230000
v 1.570855 0.261007 -0.230000
v 1.578353 0.255535 -0.230000
v 1.586242 0.250301 -0.230000
v 1.594522 0.245304 -0.230000
v 1.603194 0.240545 -0.230000
v 1.612256 0.236023 -0.230000
v 1.621710 0.231738 -0.230000
v 1.631555 0.227691 -0.230000
v 1.641791 0.223881 -0.230000
v 1.652253 0.220343 -0.230000
v 1.662775 0.217113 -0.230000
v 1.673357 0.214191 -0.230000
v 1.683999 0.211577 -0.230000
v 1.694702 0.209270 -0.230000
v 1.705465 0.207270 -0.230000
v 1.716287 0.205578 -0.230000
v 1.727171 0.204194 -0.230000
v 1.738114 0.203117 -0.230000
v 1.749117 0.202348 -0.230000
v 1.760181 0.201887 -0.230000
v 1.771305 0.201733 -0.230000
v 1.782429 0.201887 -0.230000
v 1.793492 0.202348 -0.230000
v 1.804496 0.203117 -0.230000
v 1.815439 0.204194 -0.230000
v 1.826322 0.205578 -0.230000
v 1.837145 0.207270 -0.230000
v 1.847908 0.209270 -0.230000
v 1.858610 0.211577 -0.230000
v 1.869252 0.214191 -0.230000
v 1.879835 0.217113 -0.230000
v 1.890357 0.220343 -0.230000
v 1.900818 0.223881 -0.230000
v 1.911053 0.227691 -0.230000
v 1.920893 0.231738 -0.230000
v 1.930338 0.236023 -0.230000
v 1.939389 0.240545 -0.230000
v 1.948045 0.245304 -0.230000
v 1.956307 0.250301 -0.230000
v 1.964174 0.255535 -0.230000
v 1.971647 0.261007 -0.230000
v 1.978725 0.266716 -0.230000
v 1.985409 0.272662 -0.230000
v 1.991698 0.278846 -0.230000
v 1.997593 0.285267 -0.230000
v 2.003053 0.291836 -0.230000
v 2.008038 0.298461 -0.230000
v 2.012548 0.305143 -0.230000
v 2.016584 0.311881 -0.230000
v 2.020144 0.318677 -0.230000
v 2.023231 0.325530 -0.230000
v 2.025842 0.332439 -0.230000
v 2.027978 0.339405 -0.230000
v 2.029640 0.346428 -0.230000
v 2.030827 0.353508 -0.230000
v 2.031539 0.360645 -0.230000
v 2.031776 0.367838 -0.230000
v 2.031531 0.375110 -0.230000
v 2.030793 0.382322 -0.230000
v 2.029565 0.389474 -0.230000
v 2.027844 0.396566 -0.230000
v 2.025633 0.403597 -0.230000
v 2.022929 0.410568 -0.230000
v 2.019735 0.417479 -0.230000
v 2.016048 0.424330 -0.230000
v 2.011871 0.431121 -0.230000
v 2.007201 0.437851 -0.230000
v 2.002041 0.444521 -0.230000
v 1.996389 0.451131 -0.230000
v 1.990305 0.457589 -0.230000
v 1.983851 0.463803 -0.230000
v 1.977025 0.469773 -0.230000
v 1.969828 0.475499 -0.230000
v 1.962260 0.480981 -0.230000
v 1.954321 0.486218 -0.230000
v 1.946011 0.491212 -0.230000
v 1.937329 0.495961 -0.230000
v 1.928277 0.500466 -0.230000
v 1.918853 0.504728 -0.230000
v 1.909059 0.508745 -0.230000
v 1.898893 0.512518 -0.230000
v 1.888518 0.516017 -0.230000
v 1.878096 0.519212 -0.230000
v 1.867628 0.522102 -0.230000
v 1.857112 0.524688 -0.230000
v 1.846550 0.526970 -0.230000
v 1.835941 0.528948 -0.230000
v 1.825286 0.530621 -0.230000
v 1.814583 0.531991 -0.230000
v 1.803834 0.533055 -0.230000
v 1.793038 0.533816 -0.230000
v 1.782195 0.534273 -0.230000
v 0.657977 0.686223 -0.230000
v 0.728842 0.680856 -0.230000
v 0.794204 0.671913 -0.230000
v 0.854063 0.659391 -0.230000
v 0.908418 0.643292 -0.230000
v 0.957270 0.623616 -0.230000
v 1.000619 0.600362 -0.230000
v 1.038464 0.573530 -0.230000
v 1.070805 0.543121 -0.230000
v 1.097643 0.509134 -0.230000
v 1.118978 0.471570 -0.230000
v 1.134810 0.430429 -0.230000
v 0.845932 0.430429 -0.230000
v 0.843212 0.439742 -0.230000
v 0.839546 0.448584 -0.230000
v 0.834933 0.456954 -0.230000
v 0.829375 0.464853 -0.230000
v 0.822870 0.472281 -0.230000
v 0.815419 0.479237 -0.230000
v 0.807022 0.485722 -0.230000
v 0.797678 0.491735 -0.230000
v 0.787389 0.497277 -0.230000
v 0.776153 0.502347 -0.230000
v 0.763971 0.506946 -0.230000
v 0.750843 0.511074 -0.230000
v 0.737199 0.514803 -0.230000
v 0.723473 0.518209 -0.230000
v 0.709662 0.521290 -0.230000
v 0.695768 0.524046 -0.230000
v 0.681791 0.526479 -0.230000
v 0.667730 0.528587 -0.230000
v 0.653585 0.530371 -0.230000
v 0.639357 0.531830 -0.230000
v 0.625045 0.532965 -0.230000
v 0.610650 0.533776 -0.230000
v 0.596171 0.534262 -0.230000
v 0.581608 0.534425 -0.230000
v 0.567693 0.534177 -0.230000
v 0.553871 0.533435 -0.230000
v 0.540142 0.532198 -0.230000
v 0.526507 0.530466 -0.230000
v 0.512966 0.528239 -0.230000
v 0.499519 0.525518 -0.230000
v 0.486165 0.522301 -0.230000
v 0.472904 0.518590 -0.230000
v 0.459738 0.514384 -0.230000
v 0.446665 0.509683 -0.230000
v 0.433685 0.504487 -0.230000
v 0.420799 0.498796 -0.230000
v 0.408442 0.492417 -0.230000
v 0.397047 0.485155 -0.230000
v 0.386615 0.477010 -0.230000
v 0.377147 0.467983 -0.230000
v 0.368641 0.458073 -0.230000
v 0.361098 0.447280 -0.230000
v 0.354518 0.435604 -0.230000
v 0.348901 0.423046 -0.230000
v 0.344247 0.409605 -0.230000
v 0.340555 0.395282 -0.230000
v 0.337827 0.380075 -0.230000
v 0.336062 0.363987 -0.230000
v 0.336699 0.349496 -0.230000
v 0.338449 0.335714 -0.230000
v 0.341313 0.322641 -0.230000
v 0.345290 0.310277 -0.230000
v 0.350380 0.298621 -0.230000
v 0.356584 0.287675 -0.230000
v 0.363901 0.277437 -0.230000
v 0.372332 0.267908 -0.230000
v 0.381876 0.259088 -0.230000
v 0.392533 0.250976 -0.230000
v 0.404304 0.243574 -0.230000
v 0.417188 0.236880 -0.230000
v 0.430651 0.230805 -0.230000
v 0.444157 0.225258 -0.230000
v 0.457706 0.220240 -0.230000
v 0.471299 0.215749 -0.230000
v 0.484936 0.211787 -0.230000
v 0.498616 0.208353 -0.230000
v 0.512339 0.205448 -0.230000
v 0.526106 0.203071 -0.230000
v 0.539916 0.201222 -0.230000
v 0.553770 0.199901 -0.230000
v 0.567667 0.199109 -0.230000
v 0.581608 0.198845 -0.230000
v 0.596171 0.199053 -0.230000
v 0.610650 0.199680 -0.230000
v 0.625045 0.200725 -0.230000
v 0.639357 0.202188 -0.230000
v 0.653585 0.204069 -0.230000
v 0.667730 0.206367 -0.230000
v 0.681791 0.209084 -0.230000
v 0.695768 0.212218 -0.230000
v 0.709662 0.215771 -0.230000
v 0.723473 0.219741 -0.230000
v 0.737199 0.224130 -0.230000
v 0.750843 0.228936 -0.230000
v 0.764041 0.234207 -0.230000
v 0.776434 0.239990 -0.230000
v 0.788021 0.246284 -0.230000
v 0.798802 0.253089 -0.230000
v 0.808777 0.260407 -0.230000
v 0.817947 0.268235 -0.230000
v 0.826310 0.276576 -0.230000
v 0.833868 0.285428 -0.230000
v 0.840621 0.294791 -0.230000
v 0.846567 0.304666 -0.230000
v 0.851708 0.315053 -0.230000
v 0.856042 0.325951 -0.230000
v 1.133365 0.325951 -0.230000
v 1.118647 0.283271 -0.230000
v 1.098245 0.244303 -0.230000
v 1.072159 0.209046 -0.230000
v 1.040390 0.177500 -0.230000
v 1.002936 0.149665 -0.230000
v 0.959798 0.125542 -0.230000
v 0.910976 0.105130 -0.230000
v 0.856470 0.088429 -0.230000
v 0.796281 0.075439 -0.230000
v 0.730407 0.066161 -0.230000
v 0.658850 0.060594 -0.230000
v 0.581608 0.058739 -0.230000
v 0.497937 0.060845 -0.230000
v 0.421214 0.067164 -0.230000
v 0.351438 0.077696 -0.230000
v 0.288611 0.092441 -0.230000
v 0.232731 0.111399 -0.230000
v 0.183799 0.134569 -0.230000
v 0.141814 0.161952 -0.230000
v 0.106778 0.193548 -0.230000
v 0.078689 0.229357 -0.230000
v 0.057548 0.269379 -0.230000
v 0.043355 0.313613 -0.230000
v 0.036110 0.362061 -0.230000
v 0.043355 0.414122 -0.230000
v 0.057548 0.461657 -0.230000
v 0.078689 0.504664 -0.230000
v 0.106778 0.543145 -0.230000
v 0.141814 0.577098 -0.230000
v 0.183799 0.606524 -0.230000
v 0.232731 0.631423 -0.230000
v 0.288611 0.651795 -0.230000
v 0.351438 0.667640 -0.230000
v 0.421214 0.678957 -0.230000
v 0.497937 0.685748 -0.230000
v 0.581608 0.688012 -0.230000
v 0.657977 0.686223 -0.230000
v 0.657977 0.686223 0.230000
v 0.728842 0.680856 -0.230000
v 0.728842 0.680856 0.230000
v 0.794204 0.671913 -0.230000
v 0.794204 0.671913 0.230000
v 0.854063 0.659391 -0.230000
v 0.854063 0.659391 0.230000
v 0.908418 0.643292 -0.230000
v 0.908418 0.643292 0.230000
v 0.957270 0.623616 -0.230000
v 0.957270 0.623616 0.230000
v 1.000619 0.600362 -0.230000
v 1.000619 0.600362 0.230000
v 1.038464 0.573530 -0.230000
v 1.038464 0.573530 0.230000
v 1.070805 0.543121 -0.230000
v 1.070805 0.543121 0.230000
v 1.097643 0.509134 -0.230000
v 1.097643 0.509134 0.230000
v 1.118978 0.471570 -0.230000
v 1.118978 0.471570 0.230000
v 1.134810 0.430429 -0.230000
v 1.134810 0.430429 0.230000
v 0.845932 0.430429 -0.230000
v 0.845932 0.430429 0.230000
v 0.843212 0.439742 -0.230000
v 0.843212 0.439742 0.230000
v 0.839546 0.448584 -0.230000
v 0.839546 0.448584 0.230000
v 0.834933 0.456954 -0.230000
v 0.834933 0.456954 0.230000
v 0.829375 0.464853 -0.230000
v 0.829375 0.464853 0.230000
v 0.822870 0.472281 -0.230000
v 0.822870 0.472281 0.230000
v 0.815419 0.479237 -0.230000
v 0.815419 0.479237 0.230000
v 0.807022 0.485722 -0.230000
v 0.807022 0.485722 0.230000
v 0.797678 0.491735 -0.230000
v 0.797678 0.491735 0.230000
v 0.787389 0.497277 -0.230000
v 0.787389 0.497277 0.230000
v 0.776153 0.502347 -0.230000
v 0.776153 0.502347 0.230000
v 0.763971 0.506946 -0.230000
v 0.763971 0.506946 0.230000
v 0.750843 0.511074 -0.230000
v 0.750843 0.511074 0.230000
v 0.737199 0.514803 -0.230000
v 0.737199 0.514803 0.230000
v 0.723473 0.518209 -0.230000
v 0.723473 0.518209 0.230000
v 0.709662 0.521290 -0.230000
v 0.709662 0.521290 0.230000
v 0.695768 0.524046 -0.230000
v 0.695768 0.524046 0.230000
v 0.681791 0.526479 -0.230000
v 0.681791 0.526479 0.230000
v 0.667730 0.528587 -0.230000
v 0.667730 0.528587 0.230000
v 0.653585 0.530371 -0.230000
v 0.653585 0.530371 0.230000
v 0.639357 0.531830 -0.230000
v 0.639357 0.531830 0.230000
v 0.625045 0.532965 -0.230000
v 0.625045 0.532965 0.230000
v 0.610650 0.533776 -0.230000
v 0.610650 0.533776 0.230000
v 0.596171 0.534262 -0.230000
v 0.596171 0.534262 0.230000
v 0.581608 0.534425 -0.230000
v 0.581608 0.534425 0.230000
v 0.567693 0.534177 -0.230000
v 0.567693 0.534177 0.230000
v 0.553871 0.533435 -0.230000
v 0.553871 0.533435 0.230000
v 0.540142 0.532198 -0.230000
v 0.540142 0.532198 0.230000
v 0.526507 0.530466 -0.230000
v 0.526507 0.530466 0.230000
v 0.512966 0.528239 -0.230000
v 0.512966 0.528239 0.230000
v 0.499519 0.525518 -0.230000
v 0.499519 0.525518 0.230000
v 0.486165 0.522301 -0.230000
v 0.486165 0.522301 0.230000
v 0.472904 0.518590 -0.230000
v 0.472904 0.518590 0.230000
v 0.459738 0.514384 -0.230000
v 0.459738 0.514384 0.230000
v 0.446665 0.509683 -0.230000
v 0.446665 0.509683 0.230000
v 0.433685 0.504487 -0.230000
v 0.433685 0.504487 0.230000
v 0.420799 0.498796 -0.230000
v 0.420799 0.498796 0.230000
v 0.408442 0.492417 -0.230000
v 0.408442 0.492417 0.230000
v 0.397047 0.485155 -0.230000
v 0.397047 0.485155 0.230000
v 0.386615 0.477010 -0.230000
v 0.386615 0.477010 0.230000
v 0.377147 0.467983 -0.230000
v 0.377147 0.467983 0.230000
v 0.368641 0.458073 -0.230000
v 0.368641 0.458073 0.230000
v 0.361098 0.447280 -0.230000
v 0.361098 0.447280 0.230000
v 0.354518 0.435604 -0.230000
v 0.354518 0.435604 0.230000
v 0.348901 0.423046 -0.230000
v 0.348901 0.423046 0.230000
v 0.344247 0.409605 -0.230000
v 0.344247 0.409605 0.230000
v 0.340555 0.395282 -0.230000
v 0.340555 0.395282 0.230000
v 0.337827 0.380075 -0.230000
v 0.337827 0.380075 0.230000
v 0.336062 0.363987 -0.230000
v 0.336062 0.363987 0.230000
v 0.336699 0.349496 -0.230000
v 0.336699 0.349496 0.230000
v 0.338449 0.335714 -0.230000
v 0.338449 0.335714 0.230000
v 0.341313 0.322641 -0.230000
v 0.341313 0.322641 0.230000
v 0.345290 0.310277 -0.230000
v 0.345290 0.310277 0.230000
v 0.350380 0.298621 -0.230000
v 0.350380 0.298621 0.230000
v 0.356584 0.287675 -0.230000
v 0.356584 0.287675 0.230000
v 0.363901 0.277437 -0.230000
v 0.363901 0.277437 0.230000
v 0.372332 0.267908 -0.230000
v 0.372332 0.267908 0.230000
v 0.381876 0.259088 -0.230000
v 0.381876 0.259088 0.230000
v 0.392533 0.250976 -0.230000
v 0.392533 0.250976 0.230000
v 0.404304 0.243574 -0.230000
v 0.404304 0.243574 0.230000
v 0.417188 0.236880 -0.230000
v 0.417188 0.236880 0.230000
v 0.430651 0.230805 -0.230000
v 0.430651 0.230805 0.230000
v 0.444157 0.225258 -0.230000
v 0.444157 0.225258 0.230000
v 0.457706 0.220240 -0.230000
v 0.457706 0.220240 0.230000
v 0.471299 0.215749 -0.230000
v 0.471299 0.215749 0.230000
v 0.484936 0.211787 -0.230000
v 0.484936 0.211787 0.230000
v 0.498616 0.208353 -0.230000
v 0.498616 0.208353 0.230000
v 0.512339 0.205448 -0.230000
v 0.512339 0.205448 0.230000
v 0.526106 0.203071 -0.230000
v 0.526106 0.203071 0.230000
v 0.539916 0.201222 -0.230000
v 0.539916 0.201222 0.230000
v 0.553770 0.199901 -0.230000
v 0.553770 0.199901 0.230000
v 0.567667 0.199109 -0.230000
v 0.567667 0.199109 0.230000
v 0.581608 0.198845 -0.230000
v 0.581608 0.198844 0.230000
v 0.596171 0.199053 -0.230000
v 0.596171 0.199053 0.230000
v 0.610650 0.199680 -0.230000
v 0.610650 0.199680 0.230000
v 0.625045 0.200725 -0.230000
v 0.625045 0.200725 0.230000
v 0.639357 0.202188 -0.230000
v 0.639357 0.202188 0.230000
v 0.653585 0.204069 -0.230000
v 0.653585 0.204069 0.230000
v 0.667730 0.206367 -0.230000
v 0.667730 0.206367 0.230000
v 0.681791 0.209084 -0.230000
v 0.681791 0.209084 0.230000
v 0.695768 0.212218 -0.230000
v 0.695768 0.212218 0.230000
v 0.709662 0.215771 -0.230000
v 0.709662 0.215771 0.230000
v 0.723473 0.219741 -0.230000
v 0.723473 0.219741 0.230000
v 0.737199 0.224130 -0.230000
v 0.737199 0.224130 0.230000
v 0.750843 0.228936 -0.230000
v 0.750843 0.228936 0.230000
v 0.764041 0.234207 -0.230000
v 0.764041 0.234207 0.230000
v 0.776434 0.239990 -0.230000
v 0.776434 0.239990 0.230000
v 0.788021 0.246284 -0.230000
v 0.788021 0.246284 0.230000
v 0.798802 0.253089 -0.230000
v 0.798802 0.253089 0.230000
v 0.808777 0.260407 -0.230000
v 0.808777 0.260407 0.230000
v 0.817947 0.268235 -0.230000
v 0.817947 0.268235 0.230000
v 0.826310 0.276576 -0.230000
v 0.826310 0.276576 0.230000
v 0.833868 0.285428 -0.230000
v 0.833868 0.285428 0.230000
v 0.840621 0.294791 -0.230000
v 0.840621 0.294791 0.230000
v 0.846567 0.304666 -0.230000
v 0.846567 0.304666 0.230000
v 0.851708 0.315053 -0.230000
v 0.851708 0.315053 0.230000
v 0.856042 0.325951 -0.230000
v 0.856042 0.325951 0.230000
v 1.133365 0.325951 -0.230000
v 1.133365 0.325951 0.230000
v 1.118647 0.283271 -0.230000
v 1.118647 0.283271 0.230000
v 1.098245 0.244303 -0.230000
v 1.098245 0.244303 0.230000
v 1.072159 0.209046 -0.230000
v 1.072159 0.209045 0.230000
v 1.040390 0.177500 -0.230000
v 1.040390 0.177500 0.230000
v 1.002936 0.149665 -0.230000
v 1.002936 0.149665 0.230000
v 0.959798 0.125542 -0.230000
v 0.959798 0.125542 0.230000
v 0.910976 0.105130 -0.230000
v 0.910976 0.105130 0.230000
v 0.856470 0.088429 -0.230000
v 0.856470 0.088429 0.230000
v 0.796281 0.075439 -0.230000
v 0.796281 0.075439 0.230000
v 0.730407 0.066161 -0.230000
v 0.730407 0.066161 0.230000
v 0.658850 0.060594 -0.230000
v 0.658850 0.060594 0.230000
v 0.581608 0.058739 -0.230000
v 0.581608 0.058739 0.230000
v 0.497937 0.060845 -0.230000
v 0.497937 0.060845 0.230000
v 0.421214 0.067164 -0.230000
v 0.421214 0.067164 0.230000
v 0.351438 0.077696 -0.230000
v 0.351438 0.077696 0.230000
v 0.288611 0.092441 -0.230000
v 0.288611 0.092441 0.230000
v 0.232731 0.111399 -0.230000
v 0.232731 0.111399 0.230000
v 0.183799 0.134569 -0.230000
v 0.183799 0.134569 0.230000
v 0.141814 0.161952 -0.230000
v 0.141814 0.161952 0.230000
v 0.106778 0.193548 -0.230000
v 0.106778 0.193548 0.230000
v 0.078689 0.229357 -0.230000
v 0.078689 0.229357 0.230000
v 0.057548 0.269379 -0.230000
v 0.057548 0.269379 0.230000
v 0.043355 0.313613 -0.230000
v 0.043355 0.313613 0.230000
v 0.036110 0.362061 -0.230000
v 0.036110 0.362061 0.230000
v 0.043355 0.414122 -0.230000
v 0.043355 0.414122 0.230000
v 0.057548 0.461657 -0.230000
v 0.057548 0.461657 0.230000
v 0.078689 0.504664 -0.230000
v 0.078689 0.504664 0.230000
v 0.106778 0.543145 -0.230000
v 0.106778 0.543145 0.230000
v 0.141814 0.577098 -0.230000
v 0.141814 0.577098 0.230000
v 0.183799 0.606524 -0.230000
v 0.183799 0.606524 0.230000
v 0.232731 0.631423 -0.230000
v 0.232731 0.631423 0.230000
v 0.288611 0.651795 -0.230000
v 0.288611 0.651795 0.230000
v 0.351438 0.667640 -0.230000
v 0.351438 0.667640 0.230000
v 0.421214 0.678957 -0.230000
v 0.421214 0.678957 0.230000
v 0.497937 0.685748 -0.230000
v 0.497937 0.685748 0.230000
v 0.581608 0.688012 -0.230000
v 0.581608 0.688012 0.230000
v 1.490130 0.649976 -0.230000
v 1.490130 0.649976 0.230000
v 1.512408 0.656589 -0.230000
v 1.512408 0.656589 0.230000
v 1.534786 0.662628 -0.230000
v 1.534786 0.662628 0.230000
v 1.557264 0.668091 -0.230000
v 1.557264 0.668091 0.230000
v 1.579843 0.672979 -0.230000
v 1.579843 0.672979 0.230000
v 1.602522 0.677292 -0.230000
v 1.602522 0.677292 0.230000
v 1.625301 0.681030 -0.230000
v 1.625301 0.681030 0.230000
v 1.648180 0.684193 -0.230000
v 1.648180 0.684193 0.230000
v 1.671160 0.686781 -0.230000
v 1.671160 0.686781 0.230000
v 1.694240 0.688794 -0.230000
v 1.694240 0.688794 0.230000
v 1.717421 0.690232 -0.230000
v 1.717421 0.690232 0.230000
v 1.740702 0.691094 -0.230000
v 1.740702 0.691094 0.230000
v 1.764083 0.691382 -0.230000
v 1.764083 0.691382 0.230000
v 1.787537 0.691094 -0.230000
v 1.787537 0.691094 0.230000
v 1.810878 0.690232 -0.230000
v 1.810878 0.690232 0.230000
v 1.834106 0.688794 -0.230000
v 1.834106 0.688794 0.230000
v 1.857219 0.686781 -0.230000
v 1.857219 0.686781 0.230000
v 1.880219 0.684193 -0.230000
v 1.880219 0.684193 0.230000
v 1.903105 0.681030 -0.230000
v 1.903105 0.681030 0.230000
v 1.925878 0.677292 -0.230000
v 1.925878 0.677292 0.230000
v 1.948537 0.672979 -0.230000
v 1.948537 0.672979 0.230000
v 1.971082 0.668091 -0.230000
v 1.971082 0.668091 0.230000
v 1.993514 0.662628 -0.230000
v 1.993514 0.662628 0.230000
v 2.015831 0.656589 -0.230000
v 2.015831 0.656589 0.230000
v 2.038036 0.649976 -0.230000
v 2.038036 0.649976 0.230000
v 2.059785 0.642831 -0.230000
v 2.059785 0.642831 0.230000
v 2.080739 0.635198 -0.230000
v 2.080739 0.635198 0.230000
v 2.100897 0.627076 -0.230000
v 2.100897 0.627076 0.230000
v 2.120259 0.618467 -0.230000
v 2.120259 0.618467 0.230000
v 2.138825 0.609369 -0.230000
v 2.138825 0.609369 0.230000
v 2.156596 0.599783 -0.230000
v 2.156596 0.599783 0.230000
v 2.173571 0.589709 -0.230000
v 2.173571 0.589709 0.230000
v 2.189750 0.579147 -0.230000
v 2.189750 0.579147 0.230000
v 2.205133 0.568097 -0.230000
v 2.205133 0.568097 0.230000
v 2.219721 0.556559 -0.230000
v 2.219721 0.556559 0.230000
v 2.233513 0.544532 -0.230000
v 2.233513 0.544532 0.230000
v 2.246509 0.532017 -0.230000
v 2.246509 0.532017 0.230000
v 2.258583 0.519208 -0.230000
v 2.258583 0.519208 0.230000
v 2.269606 0.506299 -0.230000
v 2.269606 0.506299 0.230000
v 2.279580 0.493290 -0.230000
v 2.279580 0.493290 0.230000
v 2.288504 0.480180 -0.230000
v 2.288504 0.480180 0.230000
v 2.296378 0.466970 -0.230000
v 2.296378 0.466970 0.230000
v 2.303202 0.453659 -0.230000
v 2.303202 0.453659 0.230000
v 2.308976 0.440248 -0.230000
v 2.308976 0.440248 0.230000
v 2.313700 0.426737 -0.230000
v 2.313700 0.426737 0.230000
v 2.317375 0.413126 -0.230000
v 2.317375 0.413126 0.230000
v 2.319999 0.399414 -0.230000
v 2.319999 0.399414 0.230000
v 2.321574 0.385602 -0.230000
v 2.321574 0.385602 0.230000
v 2.322099 0.371690 -0.230000
v 2.322099 0.371690 0.230000
v 2.321589 0.357860 -0.230000
v 2.321589 0.357860 0.230000
v 2.320060 0.344133 -0.230000
v 2.320060 0.344133 0.230000
v 2.317510 0.330510 -0.230000
v 2.317510 0.330510 0.230000
v 2.313941 0.316990 -0.230000
v 2.313941 0.316990 0.230000
v 2.309352 0.303575 -0.230000
v 2.309352 0.303575 0.230000
v 2.303743 0.290262 -0.230000
v 2.303743 0.290262 0.230000
v 2.297115 0.277054 -0.230000
v 2.297115 0.277054 0.230000
v 2.289466 0.263949 -0.230000
v 2.289466 0.263949 0.230000
v 2.280798 0.250948 -0.230000
v 2.280798 0.250948 0.230000
v 2.271111 0.238050 -0.230000
v 2.271111 0.238050 0.230000
v 2.260403 0.225256 -0.230000
v 2.260403 0.225256 0.230000
v 2.248676 0.212566 -0.230000
v 2.248676 0.212566 0.230000
v 2.236024 0.200160 -0.230000
v 2.236024 0.200160 0.230000
v 2.222543 0.188219 -0.230000
v 2.222543 0.188219 0.230000
v 2.208233 0.176742 -0.230000
v 2.208233 0.176742 0.230000
v 2.193094 0.165730 -0.230000
v 2.193094 0.165730 0.230000
v 2.177125 0.155183 -0.230000
v 2.177125 0.155183 0.230000
v 2.160327 0.145101 -0.230000
v 2.160327 0.145101 0.230000
v 2.142700 0.135484 -0.230000
v 2.142700 0.135484 0.230000
v 2.124244 0.126331 -0.230000
v 2.124244 0.126331 0.230000
v 2.104959 0.117643 -0.230000
v 2.104959 0.117643 0.230000
v 2.084845 0.109419 -0.230000
v 2.084845 0.109419 0.230000
v 2.063901 0.101661 -0.230000
v 2.063901 0.101661 0.230000
v 2.042128 0.094367 -0.230000
v 2.042128 0.094367 0.230000
v 2.019859 0.087600 -0.230000
v 2.019859 0.087600 0.230000
v 1.997425 0.081421 -0.230000
v 1.997425 0.081421 0.230000
v 1.974828 0.075831 -0.230000
v 1.974828 0.075831 0.230000
v 1.952067 0.070829 -0.230000
v 1.952067 0.070829 0.230000
v 1.929143 0.066415 -0.230000
v 1.929143 0.066415 0.230000
v 1.906054 0.062590 -0.230000
v 1.906054 0.062590 0.230000
v 1.882802 0.059354 -0.230000
v 1.882802 0.059354 0.230000
v 1.859386 0.056706 -0.230000
v 1.859386 0.056706 0.230000
v 1.835806 0.054646 -0.230000
v 1.835806 0.054646 0.230000
v 1.812062 0.053175 -0.230000
v 1.812062 0.053175 0.230000
v 1.788154 0.052292 -0.230000
v 1.788154 0.052292 0.230000
v 1.764083 0.051998 -0.230000
v 1.764083 0.051998 0.230000
v 1.740167 0.052292 -0.230000
v 1.740167 0.052292 0.230000
v 1.716404 0.053175 -0.230000
v 1.716404 0.053175 0.230000
v 1.692796 0.054646 -0.230000
v 1.692796 0.054646 0.230000
v 1.669341 0.056706 -0.230000
v 1.669341 0.056706 0.230000
v 1.646041 0.059354 -0.230000
v 1.646041 0.059354 0.230000
v 1.622894 0.062590 -0.230000
v 1.622894 0.062590 0.230000
v 1.599900 0.066415 -0.230000
v 1.599900 0.066415 0.230000
v 1.577061 0.070829 -0.230000
v 1.577061 0.070829 0.230000
v 1.554375 0.075831 -0.230000
v 1.554375 0.075831 0.230000
v 1.531843 0.081421 -0.230000
v 1.531843 0.081421 0.230000
v 1.509465 0.087600 -0.230000
v 1.509465 0.087600 0.230000
v 1.487241 0.094367 -0.230000
v 1.487241 0.094367 0.230000
v 1.465505 0.101661 -0.230000
v 1.465505 0.101661 0.230000
v 1.444592 0.109419 -0.230000
v 1.444592 0.109419 0.230000
v 1.424500 0.117643 -0.230000
v 1.424500 0.117643 0.230000
v 1.405232 0.126331 -0.230000
v 1.405232 0.126331 0.230000
v 1.386786 0.135484 -0.230000
v 1.386786 0.135484 0.230000
v 1.369162 0.145101 -0.230000
v 1.369162 0.145101 0.230000
v 1.352361 0.155183 -0.230000
v 1.352361 0.155183 0.230000
v 1.336383 0.165731 -0.230000
v 1.336383 0.165730 0.230000
v 1.321226 0.176742 -0.230000
v 1.321226 0.176742 0.230000
v 1.306893 0.188219 -0.230000
v 1.306893 0.188219 0.230000
v 1.293382 0.200160 -0.230000
v 1.293382 0.200160 0.230000
v 1.280693 0.212566 -0.230000
v 1.280693 0.212566 0.230000
v 1.268928 0.225256 -0.230000
v 1.268928 0.225256 0.230000
v 1.258185 0.238050 -0.230000
v 1.258185 0.238050 0.230000
v 1.248465 0.250948 -0.230000
v 1.248465 0.250948 0.230000
v 1.239769 0.263949 -0.230000
v 1.239769 0.263949 0.230000
v 1.232095 0.277054 -0.230000
v 1.232095 0.277054 0.230000
v 1.225445 0.290262 -0.230000
v 1.225445 0.290262 0.230000
v 1.219818 0.303575 -0.230000
v 1.219818 0.303575 0.230000
v 1.215214 0.316990 -0.230000
v 1.215214 0.316990 0.230000
v 1.211633 0.330510 -0.230000
v 1.211633 0.330510 0.230000
v 1.209075 0.344133 -0.230000
v 1.209075 0.344133 0.230000
v 1.207541 0.357860 -0.230000
v 1.207541 0.357860 0.230000
v 1.207029 0.371690 -0.230000
v 1.207029 0.371690 0.230000
v 1.207549 0.385602 -0.230000
v 1.207549 0.385602 0.230000
v 1.209109 0.399414 -0.230000
v 1.209109 0.399414 0.230000
v 1.211709 0.413126 -0.230000
v 1.211709 0.413126 0.230000
v 1.215348 0.426737 -0.230000
v 1.215348 0.426737 0.230000
v 1.220027 0.440248 -0.230000
v 1.220027 0.440248 0.230000
v 1.225746 0.453659 -0.230000
v 1.225746 0.453659 0.230000
v 1.232505 0.466970 -0.230000
v 1.232505 0.466970 0.230000
v 1.240304 0.480180 -0.230000
v 1.240304 0.480180 0.230000
v 1.249142 0.493290 -0.230000
v 1.249142 0.493290 0.230000
v 1.259021 0.506299 -0.230000
v 1.259021 0.506299 0.230000
v 1.269939 0.519208 -0.230000
v 1.269939 0.519208 0.230000
v 1.281897 0.532017 -0.230000
v 1.281897 0.532017 0.230000
v 1.294781 0.544532 -0.230000
v 1.294781 0.544532 0.230000
v 1.308478 0.556559 -0.230000
v 1.308478 0.556559 0.230000
v 1.322987 0.568097 -0.230000
v 1.322987 0.568097 0.230000
v 1.338308 0.579147 -0.230000
v 1.338308 0.579147 0.230000
v 1.354442 0.589709 -0.230000
v 1.354442 0.589709 0.230000
v 1.371389 0.599783 -0.230000
v 1.371389 0.599783 0.230000
v 1.389148 0.609369 -0.230000
v 1.389148 0.609369 0.230000
v 1.407719 0.618467 -0.230000
v 1.407719 0.618467 0.230000
v 1.427103 0.627076 -0.230000
v 1.427103 0.627076 0.230000
v 1.447300 0.635198 -0.230000
v 1.447300 0.635198 0.230000
v 1.468309 0.642831 -0.230000
v 1.468309 0.642831 0.230000
v 1.771305 0.534425 -0.230000
v 1.771305 0.534425 0.230000
v 1.760261 0.534273 -0.230000
v 1.760261 0.534273 0.230000
v 1.749278 0.533816 -0.230000
v 1.749278 0.533816 0.230000
v 1.738355 0.533055 -0.230000
v 1.738355 0.533055 0.230000
v 1.727491 0.531991 -0.230000
v 1.727491 0.531991 0.230000
v 1.716689 0.530621 -0.230000
v 1.716689 0.530621 0.230000
v 1.705946 0.528948 -0.230000
v 1.705946 0.528948 0.230000
v 1.695264 0.526970 -0.230000
v 1.695264 0.526970 0.230000
v 1.684641 0.524688 -0.230000
v 1.684641 0.524688 0.230000
v 1.674079 0.522102 -0.230000
v 1.674079 0.522102 0.230000
v 1.663577 0.519212 -0.230000
v 1.663577 0.519212 0.230000
v 1.653135 0.516017 -0.230000
v 1.653135 0.516017 0.230000
v 1.642754 0.512518 -0.230000
v 1.642754 0.512518 0.230000
v 1.632590 0.508745 -0.230000
v 1.632590 0.508745 0.230000
v 1.622800 0.504728 -0.230000
v 1.622800 0.504728 0.230000
v 1.613385 0.500466 -0.230000
v 1.613385 0.500466 0.230000
v 1.604344 0.495961 -0.230000
v 1.604344 0.495961 0.230000
v 1.595677 0.491212 -0.230000
v 1.595677 0.491212 0.230000
v 1.587386 0.486218 -0.230000
v 1.587386 0.486218 0.230000
v 1.579468 0.480980 -0.230000
v 1.579468 0.480980 0.230000
v 1.571925 0.475499 -0.230000
v 1.571925 0.475499 0.230000
v 1.564757 0.469773 -0.230000
v 1.564757 0.469773 0.230000
v 1.557963 0.463803 -0.230000
v 1.557963 0.463803 0.230000
v 1.551543 0.457589 -0.230000
v 1.551543 0.457589 0.230000
v 1.545498 0.451131 -0.230000
v 1.545498 0.451131 0.230000
v 1.539885 0.444521 -0.230000
v 1.539885 0.444521 0.230000
v 1.534759 0.437851 -0.230000
v 1.534759 0.437851 0.230000
v 1.530122 0.431121 -0.230000
v 1.530122 0.431121 0.230000
v 1.525972 0.424330 -0.230000
v 1.525972 0.424330 0.230000
v 1.522311 0.417479 -0.230000
v 1.522311 0.417479 0.230000
v 1.519138 0.410568 -0.230000
v 1.519138 0.410568 0.230000
v 1.516453 0.403597 -0.230000
v 1.516453 0.403597 0.230000
v 1.514257 0.396566 -0.230000
v 1.514257 0.396566 0.230000
v 1.512548 0.389474 -0.230000
v 1.512548 0.389474 0.230000
v 1.511328 0.382322 -0.230000
v 1.511328 0.382322 0.230000
v 1.510596 0.375110 -0.230000
v 1.510596 0.375110 0.230000
v 1.510351 0.367838 -0.230000
v 1.510351 0.367838 0.230000
v 1.510590 0.360645 -0.230000
v 1.510590 0.360645 0.230000
v 1.511308 0.353508 -0.230000
v 1.511308 0.353508 0.230000
v 1.512503 0.346428 -0.230000
v 1.512503 0.346428 0.230000
v 1.514176 0.339405 -0.230000
v 1.514176 0.339405 0.230000
v 1.516328 0.332439 -0.230000
v 1.516328 0.332439 0.230000
v 1.518957 0.325530 -0.230000
v 1.518957 0.325530 0.230000
v 1.522065 0.318677 -0.230000
v 1.522065 0.318677 0.230000
v 1.525651 0.311881 -0.230000
v 1.525651 0.311881 0.230000
v 1.529715 0.305143 -0.230000
v 1.529715 0.305143 0.230000
v 1.534257 0.298461 -0.230000
v 1.534257 0.298461 0.230000
v 1.539278 0.291836 -0.230000
v 1.539278 0.291836 0.230000
v 1.544776 0.285267 -0.230000
v 1.544776 0.285267 0.230000
v 1.550709 0.278846 -0.230000
v 1.550709 0.278846 0.230000
v 1.557033 0.272662 -0.230000
v 1.557033 0.272662 0.230000
v 1.563749 0.266716 -0.230000
v 1.563749 0.266716 0.230000
v 1.570855 0.261007 -0.230000
v 1.570855 0.261007 0.230000
v 1.578353 0.255535 -0.230000
v 1.578353 0.255535 0.230000
v 1.586242 0.250301 -0.230000
v 1.586242 0.250301 0.230000
v 1.594522 0.245304 -0.230000
v 1.594522 0.245304 0.230000
v 1.603194 0.240545 -0.230000
v 1.603194 0.240545 0.230000
v 1.612256 0.236023 -0.230000
v 1.612256 0.236023 0.230000
v 1.621710 0.231738 -0.230000
v 1.621710 0.231738 0.230000
v 1.631555 0.227691 -0.230000
v 1.631555 0.227691 0.230000
v 1.641791 0.223881 -0.230000
v 1.641791 0.223881 0.230000
v 1.652253 0.220343 -0.230000
v 1.652253 0.220343 0.230000
v 1.662775 0.217113 -0.230000
v 1.662775 0.217113 0.230000
v 1.673357 0.214191 -0.230000
v 1.673357 0.214191 0.230000
v 1.683999 0.211577 -0.230000
v 1.683999 0.211576 0.230000
v 1.694702 0.209270 -0.230000
v 1.694702 0.209269 0.230000
v 1.705465 0.207270 -0.230000
v 1.705465 0.207270 0.230000
v 1.716287 0.205578 -0.230000
v 1.716287 0.205578 0.230000
v 1.727171 0.204194 -0.230000
v 1.727171 0.204194 0.230000
v 1.738114 0.203117 -0.230000
v 1.738114 0.203117 0.230000
v 1.749117 0.202348 -0.230000
v 1.749117 0.202348 0.230000
v 1.760181 0.201887 -0.230000
v 1.760181 0.201887 0.230000
v 1.771305 0.201733 -0.230000
v 1.771305 0.201733 0.230000
v 1.782429 0.201887 -0.230000
v 1.782429 0.201887 0.230000
v 1.793492 0.202348 -0.230000
v 1.793492 0.202348 0.230000
v 1.804496 0.203117 -0.230000
v 1.804496 0.203117 0.230000
v 1.815439 0.204194 -0.230000
v 1.815439 0.204194 0.230000
v 1.826322 0.205578 -0.230000
v 1.826322 0.205578 0.230000
v 1.837145 0.207270 -0.230000
v 1.837145 0.207270 0.230000
v 1.847908 0.209270 -0.230000
v 1.847908 0.209269 0.230000
v 1.858610 0.211577 -0.230000
v 1.858610 0.211577 0.230000
v 1.869252 0.214191 -0.230000
v 1.869252 0.214191 0.230000
v 1.879835 0.217113 -0.230000
v 1.879835 0.217113 0.230000
v 1.890357 0.220343 -0.230000
v 1.890357 0.220343 0.230000
v 1.900818 0.223881 -0.230000
v 1.900818 0.223881 0.230000
v 1.911053 0.227691 -0.230000
v 1.911053 0.227691 0.230000
v 1.920893 0.231738 -0.230000
v 1.920893 0.231738 0.230000
v 1.930338 0.236023 -0.230000
v 1.930338 0.236023 0.230000
v 1.939389 0.240545 -0.230000
v 1.939389 0.240545 0.230000
v 1.948045 0.245304 -0.230000
v 1.948045 0.245304 0.230000
v 1.956307 0.250301 -0.230000
v 1.956307 0.250301 0.230000
v 1.964174 0.255535 -0.230000
v 1.964174 0.255535 0.230000
v 1.971647 0.261007 -0.230000
v 1.971647 0.261007 0.230000
v 1.978725 0.266716 -0.230000
v 1.978725 0.266716 0.230000
v 1.985409 0.272662 -0.230000
v 1.985409 0.272662 0.230000
v 1.991698 0.278846 -0.230000
v 1.991698 0.278846 0.230000
v 1.997593 0.285267 -0.230000
v 1.997593 0.285267 0.230000
v 2.003053 0.291836 -0.230000
v 2.003053 0.291836 0.230000
v 2.008038 0.298461 -0.230000
v 2.008038 0.298461 0.230000
v 2.012548 0.305143 -0.230000
v 2.012548 0.305143 0.230000
v 2.016584 0.311881 -0.230000
v 2.016584 0.311881 0.230000
v 2.020144 0.318677 -0.230000
v 2.020144 0.318677 0.230000
v 2.023231 0.325530 -0.230000
v 2.023231 0.325530 0.230000
v 2.025842 0.332439 -0.230000
v 2.025842 0.332439 0.230000
v 2.027978 0.339405 -0.230000
v 2.027978 0.339405 0.230000
v 2.029640 0.346428 -0.230000
v 2.029640 0.346428 0.230000
v 2.030827 0.353508 -0.230000
v 2.030827 0.353508 0.230000
v 2.031539 0.360645 -0.230000
v 2.031539 0.360645 0.230000
v 2.031776 0.367838 -0.230000
v 2.031776 0.367838 0.230000
v 2.031531 0.375110 -0.230000
v 2.031531 0.375110 0.230000
v 2.030793 0.382322 -0.230000
v 2.030793 0.382322 0.230000
v 2.029565 0.389474 -0.230000
v 2.029565 0.389474 0.230000
v 2.027844 0.396566 -0.230000
v 2.027844 0.396566 0.230000
v 2.025633 0.403597 -0.230000
v 2.025633 0.403597 0.230000
v 2.022929 0.410568 -0.230000
v 2.022929 0.410568 0.230000
v 2.019735 0.417479 -0.230000
v 2.019735 0.417479 0.230000
v 2.016048 0.424330 -0.230000
v 2.016048 0.424330 0.230000
v 2.011871 0.431121 -0.230000
v 2.011871 0.431121 0.230000
v 2.007201 0.437851 -0.230000
v 2.007201 0.437851 0.230000
v 2.002041 0.444521 -0.230000
v 2.002041 0.444521 0.230000
v 1.996389 0.451131 -0.230000
v 1.996389 0.451131 0.230000
v 1.990305 0.457589 -0.230000
v 1.990305 0.457589 0.230000
v 1.983851 0.463803 -0.230000
v 1.983851 0.463803 0.230000
v 1.977025 0.469773 -0.230000
v 1.977025 0.469773 0.230000
v 1.969828 0.475499 -0.230000
v 1.969828 0.475499 0.230000
v 1.962260 0.480981 -0.230000
v 1.962260 0.480981 0.230000
v 1.954321 0.486218 -0.230000
v 1.954321 0.486218 0.230000
v 1.946011 0.491212 -0.230000
v 1.946011 0.491212 0.230000
v 1.937329 0.495961 -0.230000
v 1.937329 0.495961 0.230000
v 1.928277 0.500466 -0.230000
v 1.928277 0.500466 0.230000
v 1.918853 0.504728 -0.230000
v 1.918853 0.504728 0.230000
v 1.909059 0.508745 -0.230000
v 1.909059 0.508745 0.230000
v 1.898893 0.512518 -0.230000
v 1.898893 0.512518 0.230000
v 1.888518 0.516017 -0.230000
v 1.888518 0.516017 0.230000
v 1.878096 0.519212 -0.230000
v 1.878096 0.519212 0.230000
v 1.867628 0.522102 -0.230000
v 1.867628 0.522102 0.230000
v 1.857112 0.524688 -0.230000
v 1.857112 0.524688 0.230000
v 1.846550 0.526970 -0.230000
v 1.846550 0.526970 0.230000
v 1.835941 0.528948 -0.230000
v 1.835941 0.528948 0.230000
v 1.825286 0.530621 -0.230000
v 1.825286 0.530621 0.230000
v 1.814583 0.531991 -0.230000
v 1.814583 0.531991 0.230000
v 1.803834 0.533055 -0.230000
v 1.803834 0.533055 0.230000
v 1.793038 0.533816 -0.230000
v 1.793038 0.533816 0.230000
v 1.782195 0.534273 -0.230000
v 1.782195 0.534273 0.230000
v 3.155994 0.308618 -0.230000
v 3.155994 0.308618 0.230000
v 3.155994 0.678864 -0.230000
v 3.155994 0.678864 0.230000
v 3.387578 0.678864 -0.230000
v 3.387578 0.678864 0.230000
v 3.387578 0.065961 -0.230000
v 3.387578 0.065961 0.230000
v 3.042850 0.065961 -0.230000
v 3.042850 0.065961 0.230000
v 2.629273 0.448243 -0.230000
v 2.629273 0.448243 0.230000
v 2.629273 0.065961 -0.230000
v 2.629273 0.065961 0.230000
v 2.394319 0.065961 -0.230000
v 2.394319 0.065961 0.230000
v 2.394319 0.678864 -0.230000
v 2.394319 0.678864 0.230000
v 2.727492 0.678864 -0.230000
v 2.727492 0.678864 0.230000
v 3.459798 0.496389 -0.230000
v 3.459798 0.496389 0.230000
v 3.459798 0.678864 -0.230000
v 3.459798 0.678864 0.230000
v 4.425614 0.678864 -0.230000
v 4.425614 0.678864 0.230000
v 4.425614 0.496389 -0.230000
v 4.425614 0.496389 0.230000
v 4.083293 0.496389 -0.230000
v 4.083293 0.496389 0.230000
v 4.083293 0.065961 -0.230000
v 4.083293 0.065961 0.230000
v 3.792971 0.065961 -0.230000
v 3.792971 0.065961 0.230000
v 3.792971 0.496389 -0.230000
v 3.792971 0.496389 0.230000
v 5.326913 0.534425 -0.230000
v 5.326913 0.534425 0.230000
v 4.762638 0.534425 -0.230000
v 4.762638 0.534425 0.230000
v 4.762638 0.443428 -0.230000
v 4.762638 0.443428 0.230000
v 4.762638 0.442947 -0.230000
v 4.762638 0.442947 0.230000
v 5.263842 0.442947 -0.230000
v 5.263842 0.442947 0.230000
v 5.262397 0.313914 -0.230000
v 5.262397 0.313914 0.230000
v 4.762638 0.314877 -0.230000
v 4.762638 0.314877 0.230000
v 4.762638 0.219066 -0.230000
v 4.762638 0.219066 0.230000
v 5.326913 0.219547 -0.230000
v 5.326913 0.219547 0.230000
v 5.326913 0.065961 -0.230000
v 5.326913 0.065961 0.230000
v 4.497833 0.065961 -0.230000
v 4.497833 0.065961 0.230000
v 4.497833 0.678864 -0.230000
v 4.497833 0.678864 0.230000
v 5.326913 0.678864 -0.230000
v 5.326913 0.678864 0.230000
v 6.304285 0.065961 -0.230000
v 6.304285 0.065961 0.230000
v 6.010592 0.065961 -0.230000
v 6.010592 0.065961 0.230000
v 5.851709 0.216659 -0.230000
v 5.851709 0.216659 0.230000
v 5.693307 0.065961 -0.230000
v 5.693307 0.065961 0.230000
v 5.399133 0.065961 -0.230000
v 5.399133 0.065961 0.230000
v 5.702455 0.371690 -0.230000
v 5.702455 0.371690 0.230000
v 5.399133 0.677419 -0.230000
v 5.399133 0.677419 0.230000
v 5.693307 0.677419 -0.230000
v 5.693307 0.677419 0.230000
v 5.851709 0.519981 -0.230000
v 5.851709 0.519981 0.230000
v 6.010592 0.677419 -0.230000
v 6.010592 0.677419 0.230000
v 6.304285 0.677419 -0.230000
v 6.304285 0.677419 0.230000
v 6.000481 0.371690 -0.230000
v 6.000481 0.371690 0.230000
v 6.376504 0.496389 -0.230000
v 6.376504 0.496389 0.230000
v 6.376504 0.678864 -0.230000
v 6.376504 0.678864 0.230000
v 7.342320 0.678864 -0.230000
v 7.342320 0.678864 0.230000
v 7.342320 0.496389 -0.230000
v 7.342320 0.496389 0.230000
v 7.000000 0.496389 -0.230000
v 7.000000 0.496389 0.230000
v 7.000000 0.065961 -0.230000
v 7.000000 0.065961 0.230000
v 6.709677 0.065961 -0.230000
v 6.709677 0.065961 0.230000
v 6.709677 0.496389 -0.230000
v 6.709677 0.496389 0.230000
v 8.243621 0.534425 -0.230000
v 8.243621 0.534425 0.230000
v 7.679345 0.534425 -0.230000
v 7.679345 0.534425 0.230000
v 7.679345 0.443428 -0.230000
v 7.679345 0.443428 0.230000
v 7.679345 0.442947 -0.230000
v 7.679345 0.442947 0.230000
v 8.180549 0.442947 -0.230000
v 8.180549 0.442947 0.230000
v 8.179105 0.313914 -0.230000
v 8.179105 0.313914 0.230000
v 7.679345 0.314877 -0.230000
v 7.679345 0.314877 0.230000
v 7.679345 0.219066 -0.230000
v 7.679345 0.219066 0.230000
v 8.243621 0.219547 -0.230000
v 8.243621 0.219547 0.230000
v 8.243621 0.065961 -0.230000
v 8.243621 0.065961 0.230000
v 7.414540 0.065961 -0.230000
v 7.414540 0.065961 0.230000
v 7.414540 0.678864 -0.230000
v 7.414540 0.678864 0.230000
v 8.243621 0.678864 -0.230000
v 8.243621 0.678864 0.230000
vn -0.0000 -0.0000 1.0000
vn -0.0000 -0.0000 -1.0000
vn 0.0495 0.9988 -0.0000
vn 0.1056 0.9944 -0.0000
vn 0.1703 0.9854 -0.0000
vn 0.2446 0.9696 -0.0000
vn 0.3292 0.9443 -0.0000
vn 0.4238 0.9058 -0.0000
vn 0.5266 0.8501 -0.0000
vn 0.6332 0.7740 -0.0000
vn 0.7369 0.6760 -0.0000
vn 0.8296 0.5584 -0.0000
vn 0.9039 0.4277 -0.0000
vn 0.8244 -0.5661 -0.0000
vn -0.5999 -0.8001 -0.0000
vn -0.9432 -0.3322 -0.0000
vn -0.9012 -0.4335 -0.0000
vn -0.8481 -0.5298 -0.0000
vn -0.7862 -0.6180 -0.0000
vn -0.7183 -0.6958 -0.0000
vn -0.6475 -0.7620 -0.0000
vn -0.5767 -0.8169 -0.0000
vn -0.5081 -0.8613 -0.0000
vn -0.4430 -0.8965 -0.0000
vn -0.3824 -0.9240 -0.0000
vn -0.3267 -0.9451 -0.0000
vn -0.2819 -0.9595 -0.0000
vn -0.2523 -0.9677 -0.0000
vn -0.2293 -0.9734 -0.0000
vn -0.2062 -0.9785 -0.0000
vn -0.1830 -0.9831 -0.0000
vn -0.1599 -0.9871 -0.0000
vn -0.1367 -0.9906 -0.0000
vn -0.1136 -0.9935 -0.0000
vn -0.0906 -0.9959 -0.0000
vn -0.0677 -0.9977 -0.0000
vn -0.0449 -0.9990 -0.0000
vn -0.0224 -0.9998 -0.0000
vn 0.0033 -1.0000 -0.0000
vn 0.0357 -0.9994 -0.0000
vn 0.0717 -0.9974 -0.0000
vn 0.1079 -0.9942 -0.0000
vn 0.1442 -0.9896 -0.0000
vn 0.1803 -0.9836 -0.0000
vn 0.2163 -0.9763 -0.0000
vn 0.2519 -0.9678 -0.0000
vn 0.2870 -0.9579 -0.0000
vn 0.3214 -0.9469 -0.0000
vn 0.3551 -0.9348 -0.0000
vn 0.3879 -0.9217 -0.0000
vn 0.4315 -0.9021 -0.0000
vn 0.4986 -0.8668 -0.0000
vn 0.5771 -0.8167 -0.0000
vn 0.6535 -0.7569 -0.0000
vn 0.7253 -0.6884 -0.0000
vn 0.7902 -0.6128 -0.0000
vn 0.8464 -0.5325 -0.0000
vn 0.8930 -0.4501 -0.0000
vn 0.9298 -0.3681 -0.0000
vn 0.9574 -0.2886 -0.0000
vn 0.9770 -0.2132 -0.0000
vn 0.9897 -0.1429 -0.0000
vn 0.9995 -0.0327 -0.0000
vn 0.9964 0.0850 -0.0000
vn 0.9854 0.1702 -0.0000
vn 0.9655 0.2604 -0.0000
vn 0.9354 0.3537 -0.0000
vn 0.8944 0.4473 -0.0000
vn 0.8429 0.5380 -0.0000
vn 0.7823 0.6229 -0.0000
vn 0.7147 0.6994 -0.0000
vn 0.6429 0.7659 -0.0000
vn 0.5696 0.8219 -0.0000
vn 0.4971 0.8677 -0.0000
vn 0.4363 0.8998 -0.0000
vn 0.3957 0.9184 -0.0000
vn 0.3637 0.9315 -0.0000
vn 0.3306 0.9438 -0.0000
vn 0.2964 0.9551 -0.0000
vn 0.2613 0.9653 -0.0000
vn 0.2253 0.9743 -0.0000
vn 0.1887 0.9820 -0.0000
vn 0.1515 0.9885 -0.0000
vn 0.1138 0.9935 -0.0000
vn 0.0759 0.9971 -0.0000
vn 0.0379 0.9993 -0.0000
vn 0.0023 1.0000 -0.0000
vn -0.0288 0.9996 -0.0000
vn -0.0578 0.9983 -0.0000
vn -0.0870 0.9962 -0.0000
vn -0.1164 0.9932 -0.0000
vn -0.1457 0.9893 -0.0000
vn -0.1751 0.9846 -0.0000
vn -0.2043 0.9789 -0.0000
vn -0.2333 0.9724 -0.0000
vn -0.2620 0.9651 -0.0000
vn -0.2904 0.9569 -0.0000
vn -0.3184 0.9479 -0.0000
vn -0.3517 0.9361 -0.0000
vn -0.3970 0.9178 -0.0000
vn -0.4503 0.8929 -0.0000
vn -0.5058 0.8626 -0.0000
vn -0.5630 0.8265 -0.0000
vn -0.6208 0.7840 -0.0000
vn -0.6782 0.7349 -0.0000
vn -0.7339 0.6793 -0.0000
vn -0.7865 0.6176 -0.0000
vn -0.8346 0.5509 -0.0000
vn -0.8772 0.4801 -0.0000
vn -0.9135 0.4069 -0.0000
vn -0.5614 0.8275 -0.0000
vn 0.8143 0.5805 -0.0000
vn 0.9182 -0.3960 -0.0000
vn 0.8474 -0.5309 -0.0000
vn 0.7564 -0.6541 -0.0000
vn 0.6522 -0.7580 -0.0000
vn 0.5434 -0.8395 -0.0000
vn 0.4376 -0.8992 -0.0000
vn 0.3398 -0.9405 -0.0000
vn 0.2522 -0.9677 -0.0000
vn 0.1753 -0.9845 -0.0000
vn 0.1086 -0.9941 -0.0000
vn 0.0508 -0.9987 -0.0000
vn -0.0006 -1.0000 -0.0000
vn -0.0536 -0.9986 -0.0000
vn -0.1157 -0.9933 -0.0000
vn -0.1890 -0.9820 -0.0000
vn -0.2752 -0.9614 -0.0000
vn -0.3752 -0.9269 -0.0000
vn -0.4883 -0.8727 -0.0000
vn -0.6099 -0.7925 -0.0000
vn -0.7310 -0.6824 -0.0000
vn -0.8389 -0.5443 -0.0000
vn -0.9217 -0.3878 -0.0000
vn -0.9738 -0.2275 -0.0000
vn -1.0000 -0.0051 -0.0000
vn -0.9771 0.2126 -0.0000
vn -0.9310 0.3649 -0.0000
vn -0.8558 0.5173 -0.0000
vn -0.7546 0.6562 -0.0000
vn -0.6369 0.7709 -0.0000
vn -0.5150 0.8572 -0.0000
vn -0.3987 0.9171 -0.0000
vn -0.2939 0.9558 -0.0000
vn -0.2025 0.9793 -0.0000
vn -0.1242 0.9923 -0.0000
vn -0.0576 0.9983 -0.0000
vn -0.0018 1.0000 -0.0000
vn -0.2979 0.9546 -0.0000
vn -0.2726 0.9621 -0.0000
vn -0.2484 0.9687 -0.0000
vn -0.2239 0.9746 -0.0000
vn -0.1992 0.9800 -0.0000
vn -0.1744 0.9847 -0.0000
vn -0.1494 0.9888 -0.0000
vn -0.1244 0.9922 -0.0000
vn -0.0994 0.9950 -0.0000
vn -0.0744 0.9972 -0.0000
vn -0.0495 0.9988 -0.0000
vn -0.0247 0.9997 -0.0000
vn -0.0000 1.0000 -0.0000
vn 0.0246 0.9997 -0.0000
vn 0.0494 0.9988 -0.0000
vn 0.0743 0.9972 -0.0000
vn 0.0993 0.9951 -0.0000
vn 0.1244 0.9922 -0.0000
vn 0.1495 0.9888 -0.0000
vn 0.1745 0.9847 -0.0000
vn 0.1995 0.9799 -0.0000
vn 0.2243 0.9745 -0.0000
vn 0.2489 0.9685 -0.0000
vn 0.2733 0.9619 -0.0000
vn 0.2988 0.9543 -0.0000
vn 0.3272 0.9449 -0.0000
vn 0.3580 0.9337 -0.0000
vn 0.3901 0.9208 -0.0000
vn 0.4232 0.9060 -0.0000
vn 0.4575 0.8892 -0.0000
vn 0.4927 0.8702 -0.0000
vn 0.5286 0.8489 -0.0000
vn 0.5652 0.8250 -0.0000
vn 0.6020 0.7985 -0.0000
vn 0.6390 0.7692 -0.0000
vn 0.6756 0.7372 -0.0000
vn 0.7109 0.7033 -0.0000
vn 0.7443 0.6678 -0.0000
vn 0.7773 0.6291 -0.0000
vn 0.8105 0.5858 -0.0000
vn 0.8432 0.5376 -0.0000
vn 0.8749 0.4844 -0.0000
vn 0.9047 0.4261 -0.0000
vn 0.9318 0.3630 -0.0000
vn 0.9553 0.2955 -0.0000
vn 0.9745 0.2245 -0.0000
vn 0.9886 0.1508 -0.0000
vn 0.9971 0.0755 -0.0000
vn 1.0000 0.0004 -0.0000
vn 0.9973 -0.0738 -0.0000
vn 0.9891 -0.1475 -0.0000
vn 0.9756 -0.2197 -0.0000
vn 0.9571 -0.2896 -0.0000
vn 0.9344 -0.3562 -0.0000
vn 0.9082 -0.4186 -0.0000
vn 0.8792 -0.4765 -0.0000
vn 0.8482 -0.5296 -0.0000
vn 0.8161 -0.5779 -0.0000
vn 0.7835 -0.6214 -0.0000
vn 0.7509 -0.6604 -0.0000
vn 0.7175 -0.6966 -0.0000
vn 0.6818 -0.7315 -0.0000
vn 0.6446 -0.7646 -0.0000
vn 0.6071 -0.7946 -0.0000
vn 0.5698 -0.8218 -0.0000
vn 0.5330 -0.8461 -0.0000
vn 0.4969 -0.8678 -0.0000
vn 0.4617 -0.8870 -0.0000
vn 0.4276 -0.9040 -0.0000
vn 0.3946 -0.9188 -0.0000
vn 0.3630 -0.9318 -0.0000
vn 0.3326 -0.9431 -0.0000
vn 0.3042 -0.9526 -0.0000
vn 0.2782 -0.9605 -0.0000
vn 0.2529 -0.9675 -0.0000
vn 0.2274 -0.9738 -0.0000
vn 0.2019 -0.9794 -0.0000
vn 0.1763 -0.9843 -0.0000
vn 0.1507 -0.9886 -0.0000
vn 0.1251 -0.9921 -0.0000
vn 0.0997 -0.9950 -0.0000
vn 0.0744 -0.9972 -0.0000
vn 0.0494 -0.9988 -0.0000
vn 0.0246 -0.9997 -0.0000
vn -0.0000 -1.0000 -0.0000
vn -0.0247 -0.9997 -0.0000
vn -0.0497 -0.9988 -0.0000
vn -0.0748 -0.9972 -0.0000
vn -0.1002 -0.9950 -0.0000
vn -0.1257 -0.9921 -0.0000
vn -0.1513 -0.9885 -0.0000
vn -0.1769 -0.9842 -0.0000
vn -0.2025 -0.9793 -0.0000
vn -0.2281 -0.9736 -0.0000
vn -0.2535 -0.9673 -0.0000
vn -0.2787 -0.9604 -0.0000
vn -0.3047 -0.9524 -0.0000
vn -0.3330 -0.9429 -0.0000
vn -0.3634 -0.9316 -0.0000
vn -0.3950 -0.9187 -0.0000
vn -0.4278 -0.9039 -0.0000
vn -0.4618 -0.8870 -0.0000
vn -0.4969 -0.8678 -0.0000
vn -0.5328 -0.8462 -0.0000
vn -0.5695 -0.8220 -0.0000
vn -0.6066 -0.7950 -0.0000
vn -0.6438 -0.7652 -0.0000
vn -0.6809 -0.7324 -0.0000
vn -0.7164 -0.6977 -0.0000
vn -0.7498 -0.6617 -0.0000
vn -0.7825 -0.6227 -0.0000
vn -0.8152 -0.5791 -0.0000
vn -0.8474 -0.5309 -0.0000
vn -0.8785 -0.4777 -0.0000
vn -0.9076 -0.4198 -0.0000
vn -0.9340 -0.3572 -0.0000
vn -0.9569 -0.2905 -0.0000
vn -0.9754 -0.2204 -0.0000
vn -0.9890 -0.1479 -0.0000
vn -0.9973 -0.0741 -0.0000
vn -1.0000 0.0002 -0.0000
vn -0.9972 0.0748 -0.0000
vn -0.9888 0.1493 -0.0000
vn -0.9749 0.2224 -0.0000
vn -0.9561 0.2930 -0.0000
vn -0.9330 0.3600 -0.0000
vn -0.9062 0.4228 -0.0000
vn -0.8768 0.4808 -0.0000
vn -0.8455 0.5339 -0.0000
vn -0.8131 0.5821 -0.0000
vn -0.7802 0.6255 -0.0000
vn -0.7475 0.6643 -0.0000
vn -0.7141 0.7001 -0.0000
vn -0.6785 0.7346 -0.0000
vn -0.6413 0.7673 -0.0000
vn -0.6039 0.7971 -0.0000
vn -0.5665 0.8241 -0.0000
vn -0.5295 0.8483 -0.0000
vn -0.4931 0.8700 -0.0000
vn -0.4575 0.8892 -0.0000
vn -0.4230 0.9061 -0.0000
vn -0.3896 0.9210 -0.0000
vn -0.3573 0.9340 -0.0000
vn -0.3264 0.9452 -0.0000
vn -0.0001 -1.0000 -0.0000
vn 0.0276 -0.9996 -0.0000
vn 0.0555 -0.9985 -0.0000
vn 0.0835 -0.9965 -0.0000
vn 0.1117 -0.9937 -0.0000
vn 0.1398 -0.9902 -0.0000
vn 0.1680 -0.9858 -0.0000
vn 0.1961 -0.9806 -0.0000
vn 0.2240 -0.9746 -0.0000
vn 0.2516 -0.9678 -0.0000
vn 0.2790 -0.9603 -0.0000
vn 0.3060 -0.9520 -0.0000
vn 0.3337 -0.9427 -0.0000
vn 0.3639 -0.9314 -0.0000
vn 0.3960 -0.9182 -0.0000
vn 0.4293 -0.9032 -0.0000
vn 0.4634 -0.8862 -0.0000
vn 0.4983 -0.8670 -0.0000
vn 0.5339 -0.8455 -0.0000
vn 0.5699 -0.8217 -0.0000
vn 0.6061 -0.7954 -0.0000
vn 0.6423 -0.7665 -0.0000
vn 0.6780 -0.7351 -0.0000
vn 0.7130 -0.7012 -0.0000
vn 0.7464 -0.6655 -0.0000
vn 0.7778 -0.6285 -0.0000
vn 0.8085 -0.5885 -0.0000
vn 0.8387 -0.5446 -0.0000
vn 0.8680 -0.4966 -0.0000
vn 0.8958 -0.4445 -0.0000
vn 0.9214 -0.3885 -0.0000
vn 0.9443 -0.3290 -0.0000
vn 0.9639 -0.2664 -0.0000
vn 0.9795 -0.2013 -0.0000
vn 0.9909 -0.1347 -0.0000
vn 0.9977 -0.0673 -0.0000
vn 1.0000 -0.0002 -0.0000
vn 0.9978 0.0666 -0.0000
vn 0.9911 0.1333 -0.0000
vn 0.9799 0.1992 -0.0000
vn 0.9646 0.2636 -0.0000
vn 0.9455 0.3256 -0.0000
vn 0.9231 0.3846 -0.0000
vn 0.8980 0.4401 -0.0000
vn 0.8707 0.4918 -0.0000
vn 0.8420 0.5395 -0.0000
vn 0.8123 0.5833 -0.0000
vn 0.7821 0.6231 -0.0000
vn 0.7509 0.6605 -0.0000
vn 0.7170 0.6970 -0.0000
vn 0.6812 0.7321 -0.0000
vn 0.6448 0.7644 -0.0000
vn 0.6080 0.7939 -0.0000
vn 0.5713 0.8207 -0.0000
vn 0.5349 0.8449 -0.0000
vn 0.4990 0.8666 -0.0000
vn 0.4639 0.8859 -0.0000
vn 0.4297 0.9030 -0.0000
vn 0.3966 0.9180 -0.0000
vn 0.3646 0.9312 -0.0000
vn 0.3346 0.9424 -0.0000
vn 0.3069 0.9517 -0.0000
vn 0.2798 0.9600 -0.0000
vn 0.2524 0.9676 -0.0000
vn 0.2247 0.9744 -0.0000
vn 0.1967 0.9805 -0.0000
vn 0.1686 0.9857 -0.0000
vn 0.1403 0.9901 -0.0000
vn 0.1121 0.9937 -0.0000
vn 0.0838 0.9965 -0.0000
vn 0.0557 0.9984 -0.0000
vn 0.0277 0.9996 -0.0000
vn -0.0277 0.9996 -0.0000
vn -0.0557 0.9984 -0.0000
vn -0.0838 0.9965 -0.0000
vn -0.1121 0.9937 -0.0000
vn -0.1403 0.9901 -0.0000
vn -0.1686 0.9857 -0.0000
vn -0.1967 0.9805 -0.0000
vn -0.2247 0.9744 -0.0000
vn -0.2524 0.9676 -0.0000
vn -0.2798 0.9600 -0.0000
vn -0.3069 0.9517 -0.0000
vn -0.3346 0.9423 -0.0000
vn -0.3647 0.9311 -0.0000
vn -0.3968 0.9179 -0.0000
vn -0.4301 0.9028 -0.0000
vn -0.4645 0.8856 -0.0000
vn -0.4998 0.8662 -0.0000
vn -0.5358 0.8443 -0.0000
vn -0.5725 0.8199 -0.0000
vn -0.6095 0.7928 -0.0000
vn -0.6464 0.7630 -0.0000
vn -0.6831 0.7303 -0.0000
vn -0.7191 0.6949 -0.0000
vn -0.7531 0.6579 -0.0000
vn -0.7843 0.6204 -0.0000
vn -0.8142 0.5806 -0.0000
vn -0.8437 0.5368 -0.0000
vn -0.8722 0.4891 -0.0000
vn -0.8992 0.4376 -0.0000
vn -0.9241 0.3823 -0.0000
vn -0.9462 0.3235 -0.0000
vn -0.9651 0.2619 -0.0000
vn -0.9802 0.1979 -0.0000
vn -0.9912 0.1324 -0.0000
vn -0.9978 0.0662 -0.0000
vn -1.0000 -0.0004 -0.0000
vn -0.9977 -0.0678 -0.0000
vn -0.9908 -0.1356 -0.0000
vn -0.9793 -0.2027 -0.0000
vn -0.9634 -0.2681 -0.0000
vn -0.9436 -0.3310 -0.0000
vn -0.9205 -0.3908 -0.0000
vn -0.8946 -0.4469 -0.0000
vn -0.8665 -0.4991 -0.0000
vn -0.8370 -0.5472 -0.0000
vn -0.8066 -0.5912 -0.0000
vn -0.7757 -0.6311 -0.0000
vn -0.7442 -0.6680 -0.0000
vn -0.7109 -0.7033 -0.0000
vn -0.6761 -0.7368 -0.0000
vn -0.6406 -0.7678 -0.0000
vn -0.6048 -0.7964 -0.0000
vn -0.5688 -0.8225 -0.0000
vn -0.5330 -0.8461 -0.0000
vn -0.4976 -0.8674 -0.0000
vn -0.4628 -0.8864 -0.0000
vn -0.4289 -0.9034 -0.0000
vn -0.3958 -0.9183 -0.0000
vn -0.3638 -0.9315 -0.0000
vn -0.3338 -0.9426 -0.0000
vn -0.3064 -0.9519 -0.0000
vn -0.2796 -0.9601 -0.0000
vn -0.2525 -0.9676 -0.0000
vn -0.2250 -0.9744 -0.0000
vn -0.1972 -0.9804 -0.0000
vn -0.1692 -0.9856 -0.0000
vn -0.1410 -0.9900 -0.0000
vn -0.1128 -0.9936 -0.0000
vn -0.0844 -0.9964 -0.0000
vn -0.0562 -0.9984 -0.0000
vn -0.0280 -0.9996 -0.0000
vn -0.4161 0.9093 -0.0000
vn -0.7071 0.7071 -0.0000
vn 0.7071 0.7071 -0.0000
vn 0.7071 -0.7071 -0.0000
vn -0.3645 -0.9312 -0.0000
vn 0.4008 -0.9162 -0.0000
vn -0.7071 -0.7071 -0.0000
vn 0.3488 0.9372 -0.0000
vn 1.0000 -0.0000 -0.0000
vn 0.7111 0.7031 -0.0000
vn 0.7025 -0.7117 -0.0000
vn 0.7064 -0.7078 -0.0000
vn 0.7068 0.7074 -0.0000
vn 0.9233 -0.3841 -0.0000
vn -0.3704 -0.9289 -0.0000
vn 0.0008 -1.0000 -0.0000
vn 0.3711 -0.9286 -0.0000
vn -0.9231 -0.3845 -0.0000
vn -1.0000 -0.0000 -0.0000
vn -0.9231 0.3845 -0.0000
vn 0.3813 0.9245 -0.0000
vn 0.0008 1.0000 -0.0000
vn -0.3806 0.9248 -0.0000
vn 0.9233 0.3841 -0.0000
vt 0.833333 0.000000
vt 0.083333 0.000000
vt 0.916667 0.000000
vt 1.000000 0.000000
vt 0.000000 0.000000
vt 0.166667 0.000000
vt 0.250000 0.000000
vt 0.500000 0.000000
vt 0.333333 0.000000
vt 0.416667 0.000000
vt 0.583333 0.000000
vt 0.750000 0.000000
vt 0.666667 0.000000
vt 0.285714 0.000000
vt 0.142857 0.000000
vt 0.428571 0.000000
vt 0.857143 0.000000
vt 0.571429 0.000000
vt 0.714286 0.000000
vt 0.454545 0.000000
vt 0.636364 0.000000
vt 0.545455 0.000000
vt 0.727273 0.000000
vt 0.909091 0.000000
vt 0.818182 0.000000
vt 0.363636 0.000000
vt 0.181818 0.000000
vt 0.272727 0.000000
vt 0.090909 0.000000
vt 0.777778 0.000000
vt 0.888889 0.000000
vt 0.555556 0.000000
vt 0.222222 0.000000
vt 0.111111 0.000000
vt 0.444444 0.000000
vt 0.038328 0.000000
vt 0.045296 0.000000
vt 0.041812 0.000000
vt 0.034843 0.000000
vt 0.048780 0.000000
vt 0.031359 0.000000
vt 0.052265 0.000000
vt 0.027875 0.000000
vt 0.055749 0.000000
vt 0.024390 0.000000
vt 0.059233 0.000000
vt 0.020906 0.000000
vt 0.062718 0.000000
vt 0.017422 0.000000
vt 0.066202 0.000000
vt 0.013937 0.000000
vt 0.069686 0.000000
vt 0.010453 0.000000
vt 0.073171 0.000000
vt 0.006969 0.000000
vt 0.076655 0.000000
vt 0.003484 0.000000
vt 0.080139 0.000000
vt 0.083624 0.000000
vt 0.498258 0.000000
vt 0.087108 0.000000
vt 0.090592 0.000000
vt 0.494774 0.000000
vt 0.094077 0.000000
vt 0.491289 0.000000
vt 0.097561 0.000000
vt 0.487805 0.000000
vt 0.484321 0.000000
vt 0.101045 0.000000
vt 0.480836 0.000000
vt 0.104530 0.000000
vt 0.477352 0.000000
vt 0.108014 0.000000
vt 0.473868 0.000000
vt 0.111498 0.000000
vt 0.470383 0.000000
vt 0.114983 0.000000
vt 0.466899 0.000000
vt 0.118467 0.000000
vt 0.463415 0.000000
vt 0.121951 0.000000
vt 0.459930 0.000000
vt 0.501742 0.000000
vt 0.125436 0.000000
vt 0.505226 0.000000
vt 0.508711 0.000000
vt 0.996516 0.000000
vt 0.512195 0.000000
vt 0.993031 0.000000
vt 0.515679 0.000000
vt 0.989547 0.000000
vt 0.456446 0.000000
vt 0.128920 0.000000
vt 0.519164 0.000000
vt 0.986063 0.000000
vt 0.522648 0.000000
vt 0.982578 0.000000
vt 0.526132 0.000000
vt 0.979094 0.000000
vt 0.529617 0.000000
vt 0.975610 0.000000
vt 0.533101 0.000000
vt 0.972125 0.000000
vt 0.536585 0.000000
vt 0.968641 0.000000
vt 0.540070 0.000000
vt 0.965157 0.000000
vt 0.132404 0.000000
vt 0.452962 0.000000
vt 0.543554 0.000000
vt 0.961672 0.000000
vt 0.547038 0.000000
vt 0.958188 0.000000
vt 0.954704 0.000000
vt 0.550523 0.000000
vt 0.135889 0.000000
vt 0.449477 0.000000
vt 0.951219 0.000000
vt 0.554007 0.000000
vt 0.947735 0.000000
vt 0.557491 0.000000
vt 0.944251 0.000000
vt 0.560976 0.000000
vt 0.139373 0.000000
vt 0.445993 0.000000
vt 0.940767 0.000000
vt 0.564460 0.000000
vt 0.937282 0.000000
vt 0.567944 0.000000
vt 0.933798 0.000000
vt 0.442509 0.000000
vt 0.930314 0.000000
vt 0.574913 0.000000
vt 0.926829 0.000000
vt 0.578397 0.000000
vt 0.146341 0.000000
vt 0.439024 0.000000
vt 0.923345 0.000000
vt 0.581882 0.000000
vt 0.919861 0.000000
vt 0.585366 0.000000
vt 0.149826 0.000000
vt 0.435540 0.000000
vt 0.588850 0.000000
vt 0.916376 0.000000
vt 0.592335 0.000000
vt 0.912892 0.000000
vt 0.153310 0.000000
vt 0.432056 0.000000
vt 0.595819 0.000000
vt 0.909408 0.000000
vt 0.599303 0.000000
vt 0.905923 0.000000
vt 0.156794 0.000000
vt 0.602787 0.000000
vt 0.902439 0.000000
vt 0.606272 0.000000
vt 0.898955 0.000000
vt 0.160279 0.000000
vt 0.425087 0.000000
vt 0.609756 0.000000
vt 0.895470 0.000000
vt 0.613240 0.000000
vt 0.891986 0.000000
vt 0.163763 0.000000
vt 0.421603 0.000000
vt 0.616725 0.000000
vt 0.888502 0.000000
vt 0.620209 0.000000
vt 0.885017 0.000000
vt 0.167247 0.000000
vt 0.418118 0.000000
vt 0.623693 0.000000
vt 0.881533 0.000000
vt 0.627178 0.000000
vt 0.878049 0.000000
vt 0.414634 0.000000
vt 0.170732 0.000000
vt 0.630662 0.000000
vt 0.874564 0.000000
vt 0.634146 0.000000
vt 0.871080 0.000000
vt 0.411150 0.000000
vt 0.174216 0.000000
vt 0.637631 0.000000
vt 0.867596 0.000000
vt 0.641115 0.000000
vt 0.864111 0.000000
vt 0.407665 0.000000
vt 0.177700 0.000000
vt 0.644599 0.000000
vt 0.860627 0.000000
vt 0.648084 0.000000
vt 0.404181 0.000000
vt 0.181185 0.000000
vt 0.651568 0.000000
vt 0.853659 0.000000
vt 0.655052 0.000000
vt 0.850174 0.000000
vt 0.400697 0.000000
vt 0.184669 0.000000
vt 0.658537 0.000000
vt 0.846690 0.000000
vt 0.662021 0.000000
vt 0.843206 0.000000
vt 0.397213 0.000000
vt 0.188153 0.000000
vt 0.665505 0.000000
vt 0.839721 0.000000
vt 0.668990 0.000000
vt 0.836237 0.000000
vt 0.393728 0.000000
vt 0.191638 0.000000
vt 0.672474 0.000000
vt 0.832753 0.000000
vt 0.675958 0.000000
vt 0.829268 0.000000
vt 0.390244 0.000000
vt 0.195122 0.000000
vt 0.679443 0.000000
vt 0.825784 0.000000
vt 0.682927 0.000000
vt 0.822300 0.000000
vt 0.386760 0.000000
vt 0.198606 0.000000
vt 0.686411 0.000000
vt 0.818815 0.000000
vt 0.689895 0.000000
vt 0.815331 0.000000
vt 0.383275 0.000000
vt 0.202091 0.000000
vt 0.693380 0.000000
vt 0.811847 0.000000
vt 0.696864 0.000000
vt 0.808362 0.000000
vt 0.700348 0.000000
vt 0.804878 0.000000
vt 0.379791 0.000000
vt 0.205575 0.000000
vt 0.703833 0.000000
vt 0.801394 0.000000
vt 0.707317 0.000000
vt 0.797909 0.000000
vt 0.710801 0.000000
vt 0.794425 0.000000
vt 0.376307 0.000000
vt 0.209059 0.000000
vt 0.790941 0.000000
vt 0.787456 0.000000
vt 0.717770 0.000000
vt 0.783972 0.000000
vt 0.721254 0.000000
vt 0.780488 0.000000
vt 0.724739 0.000000
vt 0.372822 0.000000
vt 0.212544 0.000000
vt 0.777003 0.000000
vt 0.728223 0.000000
vt 0.773519 0.000000
vt 0.731707 0.000000
vt 0.770035 0.000000
vt 0.735192 0.000000
vt 0.766551 0.000000
vt 0.738676 0.000000
vt 0.763066 0.000000
vt 0.742160 0.000000
vt 0.759582 0.000000
vt 0.745645 0.000000
vt 0.756098 0.000000
vt 0.749129 0.000000
vt 0.752613 0.000000
vt 0.369338 0.000000
vt 0.216028 0.000000
vt 0.365854 0.000000
vt 0.219512 0.000000
vt 0.362369 0.000000
vt 0.222997 0.000000
vt 0.358885 0.000000
vt 0.226481 0.000000
vt 0.355401 0.000000
vt 0.229965 0.000000
vt 0.351916 0.000000
vt 0.233449 0.000000
vt 0.348432 0.000000
vt 0.236934 0.000000
vt 0.344948 0.000000
vt 0.240418 0.000000
vt 0.341463 0.000000
vt 0.243902 0.000000
vt 0.337979 0.000000
vt 0.247387 0.000000
vt 0.334495 0.000000
vt 0.250871 0.000000
vt 0.331010 0.000000
vt 0.254355 0.000000
vt 0.327526 0.000000
vt 0.257840 0.000000
vt 0.324042 0.000000
vt 0.261324 0.000000
vt 0.320558 0.000000
vt 0.264808 0.000000
vt 0.317073 0.000000
vt 0.268293 0.000000
vt 0.313589 0.000000
vt 0.271777 0.000000
vt 0.310105 0.000000
vt 0.275261 0.000000
vt 0.306620 0.000000
vt 0.278746 0.000000
vt 0.303136 0.000000
vt 0.282230 0.000000
vt 0.299652 0.000000
vt 0.296167 0.000000
vt 0.289199 0.000000
vt 0.292683 0.000000
vt 0.993103 0.000000
vt 0.006897 0.000000
vt 0.986207 0.000000
vt 0.013793 0.000000
vt 0.979310 0.000000
vt 0.020690 0.000000
vt 0.972414 0.000000
vt 0.027586 0.000000
vt 0.965517 0.000000
vt 0.034483 0.000000
vt 0.958621 0.000000
vt 0.041379 0.000000
vt 0.951724 0.000000
vt 0.048276 0.000000
vt 0.944828 0.000000
vt 0.055172 0.000000
vt 0.937931 0.000000
vt 0.262069 0.000000
vt 0.255172 0.000000
vt 0.248276 0.000000
vt 0.241379 0.000000
vt 0.234483 0.000000
vt 0.062069 0.000000
vt 0.227586 0.000000
vt 0.268966 0.000000
vt 0.220690 0.000000
vt 0.275862 0.000000
vt 0.213793 0.000000
vt 0.282759 0.000000
vt 0.206897 0.000000
vt 0.200000 0.000000
vt 0.289655 0.000000
vt 0.193103 0.000000
vt 0.296552 0.000000
vt 0.186207 0.000000
vt 0.303448 0.000000
vt 0.179310 0.000000
vt 0.310345 0.000000
vt 0.172414 0.000000
vt 0.165517 0.000000
vt 0.317241 0.000000
vt 0.158621 0.000000
vt 0.324138 0.000000
vt 0.068966 0.000000
vt 0.151724 0.000000
vt 0.931035 0.000000
vt 0.331034 0.000000
vt 0.144828 0.000000
vt 0.337931 0.000000
vt 0.137931 0.000000
vt 0.344828 0.000000
vt 0.131034 0.000000
vt 0.124138 0.000000
vt 0.351724 0.000000
vt 0.117241 0.000000
vt 0.358621 0.000000
vt 0.110345 0.000000
vt 0.075862 0.000000
vt 0.365517 0.000000
vt 0.103448 0.000000
vt 0.924138 0.000000
vt 0.372414 0.000000
vt 0.096552 0.000000
vt 0.089655 0.000000
vt 0.379310 0.000000
vt 0.082759 0.000000
vt 0.386207 0.000000
vt 0.393103 0.000000
vt 0.917241 0.000000
vt 0.400000 0.000000
vt 0.406897 0.000000
vt 0.413793 0.000000
vt 0.420690 0.000000
vt 0.910345 0.000000
vt 0.427586 0.000000
vt 0.434483 0.000000
vt 0.737931 0.000000
vt 0.751724 0.000000
vt 0.744828 0.000000
vt 0.758621 0.000000
vt 0.441379 0.000000
vt 0.731034 0.000000
vt 0.903448 0.000000
vt 0.448276 0.000000
vt 0.724138 0.000000
vt 0.455172 0.000000
vt 0.717241 0.000000
vt 0.462069 0.000000
vt 0.710345 0.000000
vt 0.765517 0.000000
vt 0.468966 0.000000
vt 0.703448 0.000000
vt 0.896552 0.000000
vt 0.696552 0.000000
vt 0.475862 0.000000
vt 0.689655 0.000000
vt 0.482759 0.000000
vt 0.682759 0.000000
vt 0.489655 0.000000
vt 0.675862 0.000000
vt 0.772414 0.000000
vt 0.496552 0.000000
vt 0.668966 0.000000
vt 0.503448 0.000000
vt 0.662069 0.000000
vt 0.510345 0.000000
vt 0.889655 0.000000
vt 0.655172 0.000000
vt 0.517241 0.000000
vt 0.648276 0.000000
vt 0.524138 0.000000
vt 0.641379 0.000000
vt 0.634483 0.000000
vt 0.531034 0.000000
vt 0.627586 0.000000
vt 0.537931 0.000000
vt 0.620690 0.000000
vt 0.779310 0.000000
vt 0.544828 0.000000
vt 0.613793 0.000000
vt 0.551724 0.000000
vt 0.606897 0.000000
vt 0.558621 0.000000
vt 0.600000 0.000000
vt 0.565517 0.000000
vt 0.593103 0.000000
vt 0.572414 0.000000
vt 0.586207 0.000000
vt 0.579310 0.000000
vt 0.882759 0.000000
vt 0.786207 0.000000
vt 0.875862 0.000000
vt 0.793103 0.000000
vt 0.868966 0.000000
vt 0.800000 0.000000
vt 0.862069 0.000000
vt 0.806897 0.000000
vt 0.855172 0.000000
vt 0.813793 0.000000
vt 0.848276 0.000000
vt 0.820690 0.000000
vt 0.841379 0.000000
vt 0.827586 0.000000
vt 0.834483 0.000000
vt 0.000000 1.000000
vt 0.006849 1.000000
vt 0.006849 0.000000
vt 0.013699 1.000000
vt 0.013699 0.000000
vt 0.020548 1.000000
vt 0.020548 0.000000
vt 0.027397 1.000000
vt 0.027397 0.000000
vt 0.034247 1.000000
vt 0.034247 0.000000
vt 0.041096 1.000000
vt 0.041096 0.000000
vt 0.047945 1.000000
vt 0.047945 0.000000
vt 0.054795 1.000000
vt 0.054795 0.000000
vt 0.061644 1.000000
vt 0.061644 0.000000
vt 0.068493 1.000000
vt 0.068493 0.000000
vt 0.075342 1.000000
vt 0.075342 0.000000
vt 0.082192 1.000000
vt 0.082192 0.000000
vt 0.089041 1.000000
vt 0.089041 0.000000
vt 0.095890 1.000000
vt 0.095890 0.000000
vt 0.102740 1.000000
vt 0.102740 0.000000
vt 0.109589 1.000000
vt 0.109589 0.000000
vt 0.116438 1.000000
vt 0.116438 0.000000
vt 0.123288 1.000000
vt 0.123288 0.000000
vt 0.130137 1.000000
vt 0.130137 0.000000
vt 0.136986 1.000000
vt 0.136986 0.000000
vt 0.143836 1.000000
vt 0.143836 0.000000
vt 0.150685 1.000000
vt 0.150685 0.000000
vt 0.157534 1.000000
vt 0.157534 0.000000
vt 0.164384 1.000000
vt 0.164384 0.000000
vt 0.171233 1.000000
vt 0.171233 0.000000
vt 0.178082 1.000000
vt 0.178082 0.000000
vt 0.184932 1.000000
vt 0.184932 0.000000
vt 0.191781 1.000000
vt 0.191781 0.000000
vt 0.198630 1.000000
vt 0.198630 0.000000
vt 0.205479 1.000000
vt 0.205479 0.000000
vt 0.212329 1.000000
vt 0.212329 0.000000
vt 0.219178 1.000000
vt 0.219178 0.000000
vt 0.226027 1.000000
vt 0.226027 0.000000
vt 0.232877 1.000000
vt 0.232877 0.000000
vt 0.239726 1.000000
vt 0.239726 0.000000
vt 0.246575 1.000000
vt 0.246575 0.000000
vt 0.253425 1.000000
vt 0.253425 0.000000
vt 0.260274 1.000000
vt 0.260274 0.000000
vt 0.267123 1.000000
vt 0.267123 0.000000
vt 0.273973 1.000000
vt 0.273973 0.000000
vt 0.280822 1.000000
vt 0.280822 0.000000
vt 0.287671 1.000000
vt 0.287671 0.000000
vt 0.294521 1.000000
vt 0.294521 0.000000
vt 0.301370 1.000000
vt 0.301370 0.000000
vt 0.308219 1.000000
vt 0.308219 0.000000
vt 0.315068 1.000000
vt 0.315068 0.000000
vt 0.321918 1.000000
vt 0.321918 0.000000
vt 0.328767 1.000000
vt 0.328767 0.000000
vt 0.335616 1.000000
vt 0.335616 0.000000
vt 0.342466 1.000000
vt 0.342466 0.000000
vt 0.349315 1.000000
vt 0.349315 0.000000
vt 0.356164 1.000000
vt 0.356164 0.000000
vt 0.363014 1.000000
vt 0.363014 0.000000
vt 0.369863 1.000000
vt 0.369863 0.000000
vt 0.376712 1.000000
vt 0.376712 0.000000
vt 0.383562 1.000000
vt 0.383562 0.000000
vt 0.390411 1.000000
vt 0.390411 0.000000
vt 0.397260 1.000000
vt 0.397260 0.000000
vt 0.404110 1.000000
vt 0.404110 0.000000
vt 0.410959 1.000000
vt 0.410959 0.000000
vt 0.417808 1.000000
vt 0.417808 0.000000
vt 0.424658 1.000000
vt 0.424658 0.000000
vt 0.431507 1.000000
vt 0.431507 0.000000
vt 0.438356 1.000000
vt 0.438356 0.000000
vt 0.445205 1.000000
vt 0.445205 0.000000
vt 0.452055 1.000000
vt 0.452055 0.000000
vt 0.458904 1.000000
vt 0.458904 0.000000
vt 0.465753 1.000000
vt 0.465753 0.000000
vt 0.472603 1.000000
vt 0.472603 0.000000
vt 0.479452 1.000000
vt 0.479452 0.000000
vt 0.486301 1.000000
vt 0.486301 0.000000
vt 0.493151 1.000000
vt 0.493151 0.000000
vt 0.500000 1.000000
vt 0.506849 1.000000
vt 0.506849 0.000000
vt 0.513699 1.000000
vt 0.513699 0.000000
vt 0.520548 1.000000
vt 0.520548 0.000000
vt 0.527397 1.000000
vt 0.527397 0.000000
vt 0.534247 1.000000
vt 0.534247 0.000000
vt 0.541096 1.000000
vt 0.541096 0.000000
vt 0.547945 1.000000
vt 0.547945 0.000000
vt 0.554795 1.000000
vt 0.554795 0.000000
vt 0.561644 1.000000
vt 0.561644 0.000000
vt 0.568493 1.000000
vt 0.568493 0.000000
vt 0.575342 1.000000
vt 0.575342 0.000000
vt 0.582192 1.000000
vt 0.582192 0.000000
vt 0.589041 1.000000
vt 0.589041 0.000000
vt 0.595890 1.000000
vt 0.595890 0.000000
vt 0.602740 1.000000
vt 0.602740 0.000000
vt 0.609589 1.000000
vt 0.609589 0.000000
vt 0.616438 1.000000
vt 0.616438 0.000000
vt 0.623288 1.000000
vt 0.623288 0.000000
vt 0.630137 1.000000
vt 0.630137 0.000000
vt 0.636986 1.000000
vt 0.636986 0.000000
vt 0.643836 1.000000
vt 0.643836 0.000000
vt 0.650685 1.000000
vt 0.650685 0.000000
vt 0.657534 1.000000
vt 0.657534 0.000000
vt 0.664384 1.000000
vt 0.664384 0.000000
vt 0.671233 1.000000
vt 0.671233 0.000000
vt 0.678082 1.000000
vt 0.678082 0.000000
vt 0.684932 1.000000
vt 0.684932 0.000000
vt 0.691781 1.000000
vt 0.691781 0.000000
vt 0.698630 1.000000
vt 0.698630 0.000000
vt 0.705479 1.000000
vt 0.705479 0.000000
vt 0.712329 1.000000
vt 0.712329 0.000000
vt 0.719178 1.000000
vt 0.719178 0.000000
vt 0.726027 1.000000
vt 0.726027 0.000000
vt 0.732877 1.000000
vt 0.732877 0.000000
vt 0.739726 1.000000
vt 0.739726 0.000000
vt 0.746575 1.000000
vt 0.746575 0.000000
vt 0.753425 1.000000
vt 0.753425 0.000000
vt 0.760274 1.000000
vt 0.760274 0.000000
vt 0.767123 1.000000
vt 0.767123 0.000000
vt 0.773973 1.000000
vt 0.773973 0.000000
vt 0.780822 1.000000
vt 0.780822 0.000000
vt 0.787671 1.000000
vt 0.787671 0.000000
vt 0.794521 1.000000
vt 0.794521 0.000000
vt 0.801370 1.000000
vt 0.801370 0.000000
vt 0.808219 1.000000
vt 0.808219 0.000000
vt 0.815068 1.000000
vt 0.815068 0.000000
vt 0.821918 1.000000
vt 0.821918 0.000000
vt 0.828767 1.000000
vt 0.828767 0.000000
vt 0.835616 1.000000
vt 0.835616 0.000000
vt 0.842466 1.000000
vt 0.842466 0.000000
vt 0.849315 1.000000
vt 0.849315 0.000000
vt 0.856164 1.000000
vt 0.856164 0.000000
vt 0.863014 1.000000
vt 0.863014 0.000000
vt 0.869863 1.000000
vt 0.869863 0.000000
vt 0.876712 1.000000
vt 0.876712 0.000000
vt 0.883562 1.000000
vt 0.883562 0.000000
vt 0.890411 1.000000
vt 0.890411 0.000000
vt 0.897260 1.000000
vt 0.897260 0.000000
vt 0.904110 1.000000
vt 0.904110 0.000000
vt 0.910959 1.000000
vt 0.910959 0.000000
vt 0.917808 1.000000
vt 0.917808 0.000000
vt 0.924658 1.000000
vt 0.924658 0.000000
vt 0.931507 1.000000
vt 0.931507 0.000000
vt 0.938356 1.000000
vt 0.938356 0.000000
vt 0.945205 1.000000
vt 0.945205 0.000000
vt 0.952055 1.000000
vt 0.952055 0.000000
vt 0.958904 1.000000
vt 0.958904 0.000000
vt 0.965753 1.000000
vt 0.965753 0.000000
vt 0.972603 1.000000
vt 0.972603 0.000000
vt 0.979452 1.000000
vt 0.979452 0.000000
vt 0.986301 1.000000
vt 0.986301 0.000000
vt 0.993151 1.000000
vt 0.993151 0.000000
vt 1.000000 1.000000
vt 0.006944 1.000000
vt 0.006944 0.000000
vt 0.013889 1.000000
vt 0.013889 0.000000
vt 0.020833 1.000000
vt 0.020833 0.000000
vt 0.027778 1.000000
vt 0.027778 0.000000
vt 0.034722 1.000000
vt 0.034722 0.000000
vt 0.041667 1.000000
vt 0.041667 0.000000
vt 0.048611 1.000000
vt 0.048611 0.000000
vt 0.055556 1.000000
vt 0.055556 0.000000
vt 0.062500 1.000000
vt 0.062500 0.000000
vt 0.069444 1.000000
vt 0.069444 0.000000
vt 0.076389 1.000000
vt 0.076389 0.000000
vt 0.083333 1.000000
vt 0.090278 1.000000
vt 0.090278 0.000000
vt 0.097222 1.000000
vt 0.097222 0.000000
vt 0.104167 1.000000
vt 0.104167 0.000000
vt 0.111111 1.000000
vt 0.118056 1.000000
vt 0.118056 0.000000
vt 0.125000 1.000000
vt 0.125000 0.000000
vt 0.131944 1.000000
vt 0.131944 0.000000
vt 0.138889 1.000000
vt 0.138889 0.000000
vt 0.145833 1.000000
vt 0.145833 0.000000
vt 0.152778 1.000000
vt 0.152778 0.000000
vt 0.159722 1.000000
vt 0.159722 0.000000
vt 0.166667 1.000000
vt 0.173611 1.000000
vt 0.173611 0.000000
vt 0.180556 1.000000
vt 0.180556 0.000000
vt 0.187500 1.000000
vt 0.187500 0.000000
vt 0.194444 1.000000
vt 0.194444 0.000000
vt 0.201389 1.000000
vt 0.201389 0.000000
vt 0.208333 1.000000
vt 0.208333 0.000000
vt 0.215278 1.000000
vt 0.215278 0.000000
vt 0.222222 1.000000
vt 0.229167 1.000000
vt 0.229167 0.000000
vt 0.236111 1.000000
vt 0.236111 0.000000
vt 0.243056 1.000000
vt 0.243056 0.000000
vt 0.250000 1.000000
vt 0.256944 1.000000
vt 0.256944 0.000000
vt 0.263889 1.000000
vt 0.263889 0.000000
vt 0.270833 1.000000
vt 0.270833 0.000000
vt 0.277778 1.000000
vt 0.277778 0.000000
vt 0.284722 1.000000
vt 0.284722 0.000000
vt 0.291667 1.000000
vt 0.291667 0.000000
vt 0.298611 1.000000
vt 0.298611 0.000000
vt 0.305556 1.000000
vt 0.305556 0.000000
vt 0.312500 1.000000
vt 0.312500 0.000000
vt 0.319444 1.000000
vt 0.319444 0.000000
vt 0.326389 1.000000
vt 0.326389 0.000000
vt 0.333333 1.000000
vt 0.340278 1.000000
vt 0.340278 0.000000
vt 0.347222 1.000000
vt 0.347222 0.000000
vt 0.354167 1.000000
vt 0.354167 0.000000
vt 0.361111 1.000000
vt 0.361111 0.000000
vt 0.368056 1.000000
vt 0.368056 0.000000
vt 0.375000 1.000000
vt 0.375000 0.000000
vt 0.381944 1.000000
vt 0.381944 0.000000
vt 0.388889 1.000000
vt 0.388889 0.000000
vt 0.395833 1.000000
vt 0.395833 0.000000
vt 0.402778 1.000000
vt 0.402778 0.000000
vt 0.409722 1.000000
vt 0.409722 0.000000
vt 0.416667 1.000000
vt 0.423611 1.000000
vt 0.423611 0.000000
vt 0.430556 1.000000
vt 0.430556 0.000000
vt 0.437500 1.000000
vt 0.437500 0.000000
vt 0.444444 1.000000
vt 0.451389 1.000000
vt 0.451389 0.000000
vt 0.458333 1.000000
vt 0.458333 0.000000
vt 0.465278 1.000000
vt 0.465278 0.000000
vt 0.472222 1.000000
vt 0.472222 0.000000
vt 0.479167 1.000000
vt 0.479167 0.000000
vt 0.486111 1.000000
vt 0.486111 0.000000
vt 0.493056 1.000000
vt 0.493056 0.000000
vt 0.506944 1.000000
vt 0.506944 0.000000
vt 0.513889 1.000000
vt 0.513889 0.000000
vt 0.520833 1.000000
vt 0.520833 0.000000
vt 0.527778 1.000000
vt 0.527778 0.000000
vt 0.534722 1.000000
vt 0.534722 0.000000
vt 0.541667 1.000000
vt 0.541667 0.000000
vt 0.548611 1.000000
vt 0.548611 0.000000
vt 0.555556 1.000000
vt 0.562500 1.000000
vt 0.562500 0.000000
vt 0.569444 1.000000
vt 0.569444 0.000000
vt 0.576389 1.000000
vt 0.576389 0.000000
vt 0.583333 1.000000
vt 0.590278 1.000000
vt 0.590278 0.000000
vt 0.597222 1.000000
vt 0.597222 0.000000
vt 0.604167 1.000000
vt 0.604167 0.000000
vt 0.611111 1.000000
vt 0.611111 0.000000
vt 0.618056 1.000000
vt 0.618056 0.000000
vt 0.625000 1.000000
vt 0.625000 0.000000
vt 0.631944 1.000000
vt 0.631944 0.000000
vt 0.638889 1.000000
vt 0.638889 0.000000
vt 0.645833 1.000000
vt 0.645833 0.000000
vt 0.652778 1.000000
vt 0.652778 0.000000
vt 0.659722 1.000000
vt 0.659722 0.000000
vt 0.666667 1.000000
vt 0.673611 1.000000
vt 0.673611 0.000000
vt 0.680556 1.000000
vt 0.680556 0.000000
vt 0.687500 1.000000
vt 0.687500 0.000000
vt 0.694444 1.000000
vt 0.694444 0.000000
vt 0.701389 1.000000
vt 0.701389 0.000000
vt 0.708333 1.000000
vt 0.708333 0.000000
vt 0.715278 1.000000
vt 0.715278 0.000000
vt 0.722222 1.000000
vt 0.722222 0.000000
vt 0.729167 1.000000
vt 0.729167 0.000000
vt 0.736111 1.000000
vt 0.736111 0.000000
vt 0.743056 1.000000
vt 0.743056 0.000000
vt 0.750000 1.000000
vt 0.756944 1.000000
vt 0.756944 0.000000
vt 0.763889 1.000000
vt 0.763889 0.000000
vt 0.770833 1.000000
vt 0.770833 0.000000
vt 0.777778 1.000000
vt 0.784722 1.000000
vt 0.784722 0.000000
vt 0.791667 1.000000
vt 0.791667 0.000000
vt 0.798611 1.000000
vt 0.798611 0.000000
vt 0.805556 1.000000
vt 0.805556 0.000000
vt 0.812500 1.000000
vt 0.812500 0.000000
vt 0.819444 1.000000
vt 0.819444 0.000000
vt 0.826389 1.000000
vt 0.826389 0.000000
vt 0.833333 1.000000
vt 0.840278 1.000000
vt 0.840278 0.000000
vt 0.847222 1.000000
vt 0.847222 0.000000
vt 0.854167 1.000000
vt 0.854167 0.000000
vt 0.861111 1.000000
vt 0.861111 0.000000
vt 0.868056 1.000000
vt 0.868056 0.000000
vt 0.875000 1.000000
vt 0.875000 0.000000
vt 0.881944 1.000000
vt 0.881944 0.000000
vt 0.888889 1.000000
vt 0.895833 1.000000
vt 0.895833 0.000000
vt 0.902778 1.000000
vt 0.902778 0.000000
vt 0.909722 1.000000
vt 0.909722 0.000000
vt 0.916667 1.000000
vt 0.923611 1.000000
vt 0.923611 0.000000
vt 0.930556 1.000000
vt 0.930556 0.000000
vt 0.937500 1.000000
vt 0.937500 0.000000
vt 0.944444 1.000000
vt 0.944444 0.000000
vt 0.951389 1.000000
vt 0.951389 0.000000
vt 0.958333 1.000000
vt 0.958333 0.000000
vt 0.965278 1.000000
vt 0.965278 0.000000
vt 0.972222 1.000000
vt 0.972222 0.000000
vt 0.979167 1.000000
vt 0.979167 0.000000
vt 0.986111 1.000000
vt 0.986111 0.000000
vt 0.993056 1.000000
vt 0.993056 0.000000
vt 0.100000 1.000000
vt 0.100000 0.000000
vt 0.200000 1.000000
vt 0.300000 1.000000
vt 0.300000 0.000000
vt 0.400000 1.000000
vt 0.600000 1.000000
vt 0.700000 1.000000
vt 0.700000 0.000000
vt 0.800000 1.000000
vt 0.900000 1.000000
vt 0.900000 0.000000
vt 0.076923 1.000000
vt 0.076923 0.000000
vt 0.153846 1.000000
vt 0.153846 0.000000
vt 0.230769 1.000000
vt 0.230769 0.000000
vt 0.307692 1.000000
vt 0.307692 0.000000
vt 0.384615 1.000000
vt 0.384615 0.000000
vt 0.461538 1.000000
vt 0.461538 0.000000
vt 0.538462 1.000000
vt 0.538462 0.000000
vt 0.615385 1.000000
vt 0.615385 0.000000
vt 0.692308 1.000000
vt 0.692308 0.000000
vt 0.769231 1.000000
vt 0.769231 0.000000
vt 0.846154 1.000000
vt 0.846154 0.000000
vt 0.923077 1.000000
vt 0.923077 0.000000
s 0
usemtl Material.001
f 11/1/1 2/2/1 12/3/1
f 2/2/1 13/4/1 12/3/1
f 2/2/1 1/5/1 13/4/1
f 11/1/1 3/6/1 2/2/1
f 11/1/1 4/7/1 3/6/1
f 11/1/1 7/8/1 4/7/1
f 7/8/1 5/9/1 4/7/1
f 7/8/1 6/10/1 5/9/1
f 11/1/1 8/11/1 7/8/1
f 8/11/1 10/12/1 9/13/1
f 11/1/1 10/12/1 8/11/1
f 14/5/1 16/14/1 15/15/1
f 14/5/1 17/16/1 16/14/1
f 21/4/1 17/16/1 14/5/1
f 20/17/1 18/18/1 21/4/1
f 18/18/1 17/16/1 21/4/1
f 20/17/1 19/19/1 18/18/1
f 27/20/1 29/21/1 28/22/1
f 27/20/1 30/23/1 29/21/1
f 30/23/1 32/24/1 31/25/1
f 30/23/1 33/4/1 32/24/1
f 27/20/1 33/4/1 30/23/1
f 26/26/1 33/4/1 27/20/1
f 26/26/1 24/27/1 33/4/1
f 24/27/1 22/5/1 33/4/1
f 26/26/1 25/28/1 24/27/1
f 23/29/1 22/5/1 24/27/1
f 44/1/1 35/2/1 45/3/1
f 35/2/1 46/4/1 45/3/1
f 35/2/1 34/5/1 46/4/1
f 44/1/1 36/6/1 35/2/1
f 44/1/1 37/7/1 36/6/1
f 44/1/1 40/8/1 37/7/1
f 40/8/1 38/9/1 37/7/1
f 40/8/1 39/10/1 38/9/1
f 44/1/1 41/11/1 40/8/1
f 41/11/1 43/12/1 42/13/1
f 44/1/1 43/12/1 41/11/1
f 47/5/1 49/14/1 48/15/1
f 47/5/1 50/16/1 49/14/1
f 54/4/1 50/16/1 47/5/1
f 53/17/1 51/18/1 54/4/1
f 51/18/1 50/16/1 54/4/1
f 53/17/1 52/19/1 51/18/1
f 62/30/1 64/4/1 63/31/1
f 62/30/1 60/32/1 64/4/1
f 60/32/1 55/5/1 64/4/1
f 55/5/1 57/33/1 56/34/1
f 55/5/1 58/9/1 57/33/1
f 62/30/1 61/13/1 60/32/1
f 59/35/1 55/5/1 60/32/1
f 59/35/1 58/9/1 55/5/1
f 76/36/1 78/37/1 77/38/1
f 75/39/1 78/37/1 76/36/1
f 75/39/1 79/40/1 78/37/1
f 74/41/1 79/40/1 75/39/1
f 74/41/1 80/42/1 79/40/1
f 73/43/1 80/42/1 74/41/1
f 73/43/1 81/44/1 80/42/1
f 72/45/1 81/44/1 73/43/1
f 72/45/1 82/46/1 81/44/1
f 71/47/1 82/46/1 72/45/1
f 71/47/1 83/48/1 82/46/1
f 70/49/1 83/48/1 71/47/1
f 70/49/1 84/50/1 83/48/1
f 69/51/1 84/50/1 70/49/1
f 69/51/1 85/52/1 84/50/1
f 68/53/1 85/52/1 69/51/1
f 68/53/1 86/54/1 85/52/1
f 67/55/1 86/54/1 68/53/1
f 67/55/1 87/56/1 86/54/1
f 66/57/1 87/56/1 67/55/1
f 66/57/1 88/58/1 87/56/1
f 65/5/1 88/58/1 66/57/1
f 65/5/1 89/59/1 88/58/1
f 208/60/1 89/59/1 65/5/1
f 208/60/1 90/61/1 89/59/1
f 208/60/1 91/62/1 90/61/1
f 207/63/1 91/62/1 208/60/1
f 207/63/1 92/64/1 91/62/1
f 206/65/1 92/64/1 207/63/1
f 206/65/1 93/66/1 92/64/1
f 205/67/1 93/66/1 206/65/1
f 204/68/1 93/66/1 205/67/1
f 204/68/1 94/69/1 93/66/1
f 203/70/1 94/69/1 204/68/1
f 203/70/1 95/71/1 94/69/1
f 202/72/1 95/71/1 203/70/1
f 202/72/1 96/73/1 95/71/1
f 201/74/1 96/73/1 202/72/1
f 201/74/1 97/75/1 96/73/1
f 200/76/1 97/75/1 201/74/1
f 200/76/1 98/77/1 97/75/1
f 199/78/1 98/77/1 200/76/1
f 199/78/1 99/79/1 98/77/1
f 198/80/1 99/79/1 199/78/1
f 198/80/1 100/81/1 99/79/1
f 197/82/1 100/81/1 198/80/1
f 197/82/1 209/83/1 100/81/1
f 209/83/1 101/84/1 100/81/1
f 197/82/1 210/85/1 209/83/1
f 352/4/1 101/84/1 209/83/1
f 197/82/1 211/86/1 210/85/1
f 351/87/1 101/84/1 352/4/1
f 197/82/1 212/88/1 211/86/1
f 350/89/1 101/84/1 351/87/1
f 197/82/1 213/90/1 212/88/1
f 349/91/1 101/84/1 350/89/1
f 196/92/1 213/90/1 197/82/1
f 349/91/1 102/93/1 101/84/1
f 196/92/1 214/94/1 213/90/1
f 348/95/1 102/93/1 349/91/1
f 196/92/1 215/96/1 214/94/1
f 347/97/1 102/93/1 348/95/1
f 196/92/1 216/98/1 215/96/1
f 346/99/1 102/93/1 347/97/1
f 196/92/1 217/100/1 216/98/1
f 345/101/1 102/93/1 346/99/1
f 196/92/1 218/102/1 217/100/1
f 344/103/1 102/93/1 345/101/1
f 196/92/1 219/104/1 218/102/1
f 343/105/1 102/93/1 344/103/1
f 196/92/1 220/106/1 219/104/1
f 342/107/1 102/93/1 343/105/1
f 342/107/1 103/108/1 102/93/1
f 195/109/1 220/106/1 196/92/1
f 195/109/1 221/110/1 220/106/1
f 341/111/1 103/108/1 342/107/1
f 195/109/1 222/112/1 221/110/1
f 340/113/1 103/108/1 341/111/1
f 339/114/1 103/108/1 340/113/1
f 195/109/1 223/115/1 222/112/1
f 339/114/1 104/116/1 103/108/1
f 194/117/1 223/115/1 195/109/1
f 338/118/1 104/116/1 339/114/1
f 194/117/1 224/119/1 223/115/1
f 337/120/1 104/116/1 338/118/1
f 194/117/1 225/121/1 224/119/1
f 336/122/1 104/116/1 337/120/1
f 194/117/1 226/123/1 225/121/1
f 336/122/1 105/124/1 104/116/1
f 193/125/1 226/123/1 194/117/1
f 335/126/1 105/124/1 336/122/1
f 193/125/1 227/127/1 226/123/1
f 334/128/1 105/124/1 335/126/1
f 193/125/1 228/129/1 227/127/1
f 333/130/1 105/124/1 334/128/1
f 193/125/1 229/18/1 228/129/1
f 333/130/1 106/15/1 105/124/1
f 192/131/1 229/18/1 193/125/1
f 332/132/1 106/15/1 333/130/1
f 192/131/1 230/133/1 229/18/1
f 331/134/1 106/15/1 332/132/1
f 192/131/1 231/135/1 230/133/1
f 331/134/1 107/136/1 106/15/1
f 191/137/1 231/135/1 192/131/1
f 330/138/1 107/136/1 331/134/1
f 191/137/1 232/139/1 231/135/1
f 329/140/1 107/136/1 330/138/1
f 191/137/1 233/141/1 232/139/1
f 329/140/1 108/142/1 107/136/1
f 190/143/1 233/141/1 191/137/1
f 190/143/1 234/144/1 233/141/1
f 328/145/1 108/142/1 329/140/1
f 190/143/1 235/146/1 234/144/1
f 327/147/1 108/142/1 328/145/1
f 327/147/1 109/148/1 108/142/1
f 189/149/1 235/146/1 190/143/1
f 189/149/1 236/150/1 235/146/1
f 326/151/1 109/148/1 327/147/1
f 189/149/1 237/152/1 236/150/1
f 325/153/1 109/148/1 326/151/1
f 325/153/1 110/154/1 109/148/1
f 188/16/1 237/152/1 189/149/1
f 188/16/1 238/155/1 237/152/1
f 324/156/1 110/154/1 325/153/1
f 188/16/1 239/157/1 238/155/1
f 323/158/1 110/154/1 324/156/1
f 323/158/1 111/159/1 110/154/1
f 187/160/1 239/157/1 188/16/1
f 187/160/1 240/161/1 239/157/1
f 322/162/1 111/159/1 323/158/1
f 187/160/1 241/163/1 240/161/1
f 321/164/1 111/159/1 322/162/1
f 321/164/1 112/165/1 111/159/1
f 186/166/1 241/163/1 187/160/1
f 186/166/1 242/167/1 241/163/1
f 320/168/1 112/165/1 321/164/1
f 186/166/1 243/169/1 242/167/1
f 319/170/1 112/165/1 320/168/1
f 319/170/1 113/171/1 112/165/1
f 185/172/1 243/169/1 186/166/1
f 185/172/1 244/173/1 243/169/1
f 318/174/1 113/171/1 319/170/1
f 185/172/1 245/175/1 244/173/1
f 317/176/1 113/171/1 318/174/1
f 184/177/1 245/175/1 185/172/1
f 317/176/1 114/178/1 113/171/1
f 184/177/1 246/179/1 245/175/1
f 316/180/1 114/178/1 317/176/1
f 184/177/1 247/181/1 246/179/1
f 315/182/1 114/178/1 316/180/1
f 183/183/1 247/181/1 184/177/1
f 315/182/1 115/184/1 114/178/1
f 183/183/1 248/185/1 247/181/1
f 314/186/1 115/184/1 315/182/1
f 183/183/1 249/187/1 248/185/1
f 313/188/1 115/184/1 314/186/1
f 182/189/1 249/187/1 183/183/1
f 313/188/1 116/190/1 115/184/1
f 182/189/1 250/191/1 249/187/1
f 312/192/1 116/190/1 313/188/1
f 182/189/1 251/193/1 250/191/1
f 311/17/1 116/190/1 312/192/1
f 181/194/1 251/193/1 182/189/1
f 311/17/1 117/195/1 116/190/1
f 181/194/1 252/196/1 251/193/1
f 310/197/1 117/195/1 311/17/1
f 181/194/1 253/198/1 252/196/1
f 309/199/1 117/195/1 310/197/1
f 180/200/1 253/198/1 181/194/1
f 309/199/1 118/201/1 117/195/1
f 180/200/1 254/202/1 253/198/1
f 308/203/1 118/201/1 309/199/1
f 180/200/1 255/204/1 254/202/1
f 307/205/1 118/201/1 308/203/1
f 179/206/1 255/204/1 180/200/1
f 307/205/1 119/207/1 118/201/1
f 179/206/1 256/208/1 255/204/1
f 306/209/1 119/207/1 307/205/1
f 179/206/1 257/210/1 256/208/1
f 305/211/1 119/207/1 306/209/1
f 178/212/1 257/210/1 179/206/1
f 305/211/1 120/213/1 119/207/1
f 178/212/1 258/214/1 257/210/1
f 304/215/1 120/213/1 305/211/1
f 178/212/1 259/216/1 258/214/1
f 303/217/1 120/213/1 304/215/1
f 177/218/1 259/216/1 178/212/1
f 303/217/1 121/219/1 120/213/1
f 177/218/1 260/220/1 259/216/1
f 302/221/1 121/219/1 303/217/1
f 177/218/1 261/222/1 260/220/1
f 301/223/1 121/219/1 302/221/1
f 176/224/1 261/222/1 177/218/1
f 301/223/1 122/225/1 121/219/1
f 176/224/1 262/226/1 261/222/1
f 300/227/1 122/225/1 301/223/1
f 176/224/1 263/228/1 262/226/1
f 299/229/1 122/225/1 300/227/1
f 175/230/1 263/228/1 176/224/1
f 299/229/1 123/231/1 122/225/1
f 175/230/1 264/232/1 263/228/1
f 298/233/1 123/231/1 299/229/1
f 175/230/1 265/234/1 264/232/1
f 297/235/1 123/231/1 298/233/1
f 175/230/1 266/236/1 265/234/1
f 296/237/1 123/231/1 297/235/1
f 174/238/1 266/236/1 175/230/1
f 296/237/1 124/239/1 123/231/1
f 174/238/1 267/240/1 266/236/1
f 295/241/1 124/239/1 296/237/1
f 174/238/1 268/242/1 267/240/1
f 294/243/1 124/239/1 295/241/1
f 174/238/1 269/244/1 268/242/1
f 293/245/1 124/239/1 294/243/1
f 173/246/1 269/244/1 174/238/1
f 293/245/1 125/247/1 124/239/1
f 173/246/1 270/19/1 269/244/1
f 292/248/1 125/247/1 293/245/1
f 291/249/1 125/247/1 292/248/1
f 173/246/1 271/250/1 270/19/1
f 290/251/1 125/247/1 291/249/1
f 173/246/1 272/252/1 271/250/1
f 289/253/1 125/247/1 290/251/1
f 173/246/1 273/254/1 272/252/1
f 172/255/1 273/254/1 173/246/1
f 289/253/1 126/256/1 125/247/1
f 288/257/1 126/256/1 289/253/1
f 172/255/1 274/258/1 273/254/1
f 287/259/1 126/256/1 288/257/1
f 172/255/1 275/260/1 274/258/1
f 286/261/1 126/256/1 287/259/1
f 172/255/1 276/262/1 275/260/1
f 285/263/1 126/256/1 286/261/1
f 172/255/1 277/264/1 276/262/1
f 284/265/1 126/256/1 285/263/1
f 172/255/1 278/266/1 277/264/1
f 283/267/1 126/256/1 284/265/1
f 172/255/1 279/268/1 278/266/1
f 282/269/1 126/256/1 283/267/1
f 172/255/1 280/270/1 279/268/1
f 281/271/1 126/256/1 282/269/1
f 172/255/1 281/271/1 280/270/1
f 172/255/1 126/256/1 281/271/1
f 171/272/1 126/256/1 172/255/1
f 171/272/1 127/273/1 126/256/1
f 170/274/1 127/273/1 171/272/1
f 170/274/1 128/275/1 127/273/1
f 169/276/1 128/275/1 170/274/1
f 169/276/1 129/277/1 128/275/1
f 168/278/1 129/277/1 169/276/1
f 168/278/1 130/279/1 129/277/1
f 167/280/1 130/279/1 168/278/1
f 167/280/1 131/281/1 130/279/1
f 166/282/1 131/281/1 167/280/1
f 166/282/1 132/283/1 131/281/1
f 165/284/1 132/283/1 166/282/1
f 165/284/1 133/285/1 132/283/1
f 164/286/1 133/285/1 165/284/1
f 164/286/1 134/287/1 133/285/1
f 163/288/1 134/287/1 164/286/1
f 163/288/1 135/289/1 134/287/1
f 162/290/1 135/289/1 163/288/1
f 162/290/1 136/291/1 135/289/1
f 161/292/1 136/291/1 162/290/1
f 161/292/1 137/293/1 136/291/1
f 160/294/1 137/293/1 161/292/1
f 160/294/1 138/295/1 137/293/1
f 159/296/1 138/295/1 160/294/1
f 159/296/1 139/297/1 138/295/1
f 158/298/1 139/297/1 159/296/1
f 158/298/1 140/299/1 139/297/1
f 157/300/1 140/299/1 158/298/1
f 157/300/1 141/301/1 140/299/1
f 156/302/1 141/301/1 157/300/1
f 156/302/1 142/303/1 141/301/1
f 155/304/1 142/303/1 156/302/1
f 155/304/1 143/305/1 142/303/1
f 154/306/1 143/305/1 155/304/1
f 154/306/1 144/307/1 143/305/1
f 153/308/1 144/307/1 154/306/1
f 153/308/1 145/309/1 144/307/1
f 152/310/1 145/309/1 153/308/1
f 152/310/1 146/311/1 145/309/1
f 151/312/1 146/311/1 152/310/1
f 151/312/1 147/14/1 146/311/1
f 150/313/1 147/14/1 151/312/1
f 150/313/1 148/314/1 147/14/1
f 149/315/1 148/314/1 150/313/1
f 497/316/1 353/5/1 498/4/1
f 497/316/1 354/317/1 353/5/1
f 496/318/1 354/317/1 497/316/1
f 496/318/1 355/319/1 354/317/1
f 495/320/1 355/319/1 496/318/1
f 495/320/1 356/321/1 355/319/1
f 494/322/1 356/321/1 495/320/1
f 494/322/1 357/323/1 356/321/1
f 493/324/1 357/323/1 494/322/1
f 493/324/1 358/325/1 357/323/1
f 492/326/1 358/325/1 493/324/1
f 492/326/1 359/327/1 358/325/1
f 491/328/1 359/327/1 492/326/1
f 491/328/1 360/329/1 359/327/1
f 490/330/1 360/329/1 491/328/1
f 490/330/1 361/331/1 360/329/1
f 489/332/1 391/333/1 490/330/1
f 391/333/1 390/334/1 490/330/1
f 390/334/1 389/335/1 490/330/1
f 389/335/1 361/331/1 490/330/1
f 389/335/1 388/336/1 361/331/1
f 388/336/1 387/337/1 361/331/1
f 387/337/1 362/338/1 361/331/1
f 386/339/1 362/338/1 387/337/1
f 489/332/1 392/340/1 391/333/1
f 385/341/1 362/338/1 386/339/1
f 489/332/1 393/342/1 392/340/1
f 384/343/1 362/338/1 385/341/1
f 489/332/1 394/344/1 393/342/1
f 383/345/1 362/338/1 384/343/1
f 382/346/1 362/338/1 383/345/1
f 489/332/1 395/347/1 394/344/1
f 381/348/1 362/338/1 382/346/1
f 489/332/1 396/349/1 395/347/1
f 380/350/1 362/338/1 381/348/1
f 489/332/1 397/351/1 396/349/1
f 379/352/1 362/338/1 380/350/1
f 489/332/1 398/353/1 397/351/1
f 378/354/1 362/338/1 379/352/1
f 377/355/1 362/338/1 378/354/1
f 489/332/1 399/356/1 398/353/1
f 376/357/1 362/338/1 377/355/1
f 489/332/1 400/358/1 399/356/1
f 376/357/1 363/359/1 362/338/1
f 375/360/1 363/359/1 376/357/1
f 488/361/1 400/358/1 489/332/1
f 488/361/1 401/362/1 400/358/1
f 374/363/1 363/359/1 375/360/1
f 488/361/1 402/364/1 401/362/1
f 373/365/1 363/359/1 374/363/1
f 488/361/1 403/366/1 402/364/1
f 372/367/1 363/359/1 373/365/1
f 371/368/1 363/359/1 372/367/1
f 488/361/1 404/369/1 403/366/1
f 370/370/1 363/359/1 371/368/1
f 488/361/1 405/371/1 404/369/1
f 369/372/1 363/359/1 370/370/1
f 369/372/1 364/373/1 363/359/1
f 488/361/1 406/374/1 405/371/1
f 368/375/1 364/373/1 369/372/1
f 487/376/1 406/374/1 488/361/1
f 487/376/1 407/377/1 406/374/1
f 367/378/1 364/373/1 368/375/1
f 366/379/1 364/373/1 367/378/1
f 487/376/1 408/380/1 407/377/1
f 365/381/1 364/373/1 366/379/1
f 487/376/1 409/382/1 408/380/1
f 487/376/1 410/383/1 409/382/1
f 486/384/1 410/383/1 487/376/1
f 486/384/1 411/385/1 410/383/1
f 486/384/1 412/386/1 411/385/1
f 486/384/1 413/387/1 412/386/1
f 486/384/1 414/388/1 413/387/1
f 485/389/1 414/388/1 486/384/1
f 485/389/1 415/390/1 414/388/1
f 485/389/1 416/391/1 415/390/1
f 460/392/1 462/393/1 461/394/1
f 460/392/1 463/395/1 462/393/1
f 485/389/1 417/396/1 416/391/1
f 459/397/1 463/395/1 460/392/1
f 484/398/1 417/396/1 485/389/1
f 484/398/1 418/399/1 417/396/1
f 458/400/1 463/395/1 459/397/1
f 484/398/1 419/401/1 418/399/1
f 457/402/1 463/395/1 458/400/1
f 484/398/1 420/403/1 419/401/1
f 456/404/1 463/395/1 457/402/1
f 456/404/1 464/405/1 463/395/1
f 484/398/1 421/406/1 420/403/1
f 455/407/1 464/405/1 456/404/1
f 483/408/1 421/406/1 484/398/1
f 454/409/1 464/405/1 455/407/1
f 483/408/1 422/410/1 421/406/1
f 453/411/1 464/405/1 454/409/1
f 483/408/1 423/412/1 422/410/1
f 452/413/1 464/405/1 453/411/1
f 483/408/1 424/414/1 423/412/1
f 451/415/1 464/405/1 452/413/1
f 451/415/1 465/416/1 464/405/1
f 483/408/1 425/417/1 424/414/1
f 450/418/1 465/416/1 451/415/1
f 483/408/1 426/419/1 425/417/1
f 449/420/1 465/416/1 450/418/1
f 483/408/1 427/421/1 426/419/1
f 482/422/1 427/421/1 483/408/1
f 448/423/1 465/416/1 449/420/1
f 482/422/1 428/424/1 427/421/1
f 447/425/1 465/416/1 448/423/1
f 482/422/1 429/426/1 428/424/1
f 446/427/1 465/416/1 447/425/1
f 445/428/1 465/416/1 446/427/1
f 482/422/1 430/429/1 429/426/1
f 444/430/1 465/416/1 445/428/1
f 482/422/1 431/431/1 430/429/1
f 443/432/1 465/416/1 444/430/1
f 443/432/1 466/433/1 465/416/1
f 482/422/1 432/434/1 431/431/1
f 442/435/1 466/433/1 443/432/1
f 482/422/1 433/436/1 432/434/1
f 441/437/1 466/433/1 442/435/1
f 482/422/1 434/438/1 433/436/1
f 440/439/1 466/433/1 441/437/1
f 482/422/1 435/440/1 434/438/1
f 439/441/1 466/433/1 440/439/1
f 482/422/1 436/442/1 435/440/1
f 438/443/1 466/433/1 439/441/1
f 482/422/1 437/444/1 436/442/1
f 437/444/1 466/433/1 438/443/1
f 482/422/1 466/433/1 437/444/1
f 481/445/1 466/433/1 482/422/1
f 481/445/1 467/446/1 466/433/1
f 480/447/1 467/446/1 481/445/1
f 480/447/1 468/448/1 467/446/1
f 479/449/1 468/448/1 480/447/1
f 479/449/1 469/450/1 468/448/1
f 478/451/1 469/450/1 479/449/1
f 478/451/1 470/452/1 469/450/1
f 477/453/1 470/452/1 478/451/1
f 477/453/1 471/454/1 470/452/1
f 476/455/1 471/454/1 477/453/1
f 476/455/1 472/456/1 471/454/1
f 475/457/1 472/456/1 476/455/1
f 475/457/1 473/458/1 472/456/1
f 474/459/1 473/458/1 475/457/1
f 509/1/2 510/3/2 500/2/2
f 500/2/2 510/3/2 511/4/2
f 500/2/2 511/4/2 499/5/2
f 509/1/2 500/2/2 501/6/2
f 509/1/2 501/6/2 502/7/2
f 509/1/2 502/7/2 505/8/2
f 505/8/2 502/7/2 503/9/2
f 505/8/2 503/9/2 504/10/2
f 509/1/2 505/8/2 506/11/2
f 506/11/2 507/13/2 508/12/2
f 509/1/2 506/11/2 508/12/2
f 512/5/2 513/15/2 514/14/2
f 512/5/2 514/14/2 515/16/2
f 519/4/1 512/5/1 515/16/1
f 518/17/2 519/4/2 516/18/2
f 516/18/1 519/4/1 515/16/1
f 518/17/2 516/18/2 517/19/2
f 525/20/2 526/22/2 527/21/2
f 525/20/2 527/21/2 528/23/2
f 528/23/2 529/25/2 530/24/2
f 528/23/2 530/24/2 531/4/2
f 525/20/2 528/23/2 531/4/2
f 524/26/2 525/20/2 531/4/2
f 524/26/2 531/4/2 522/27/2
f 522/27/2 531/4/2 520/5/2
f 524/26/2 522/27/2 523/28/2
f 521/29/2 522/27/2 520/5/2
f 542/1/2 543/3/2 533/2/2
f 533/2/2 543/3/2 544/4/2
f 533/2/2 544/4/2 532/5/2
f 542/1/2 533/2/2 534/6/2
f 542/1/2 534/6/2 535/7/2
f 542/1/2 535/7/2 538/8/2
f 538/8/2 535/7/2 536/9/2
f 538/8/2 536/9/2 537/10/2
f 542/1/2 538/8/2 539/11/2
f 539/11/2 540/13/2 541/12/2
f 542/1/2 539/11/2 541/12/2
f 545/5/2 546/15/2 547/14/2
f 545/5/2 547/14/2 548/16/2
f 552/4/1 545/5/1 548/16/1
f 551/17/2 552/4/2 549/18/2
f 549/18/1 552/4/1 548/16/1
f 551/17/2 549/18/2 550/19/2
f 560/30/2 561/31/2 562/4/2
f 560/30/2 562/4/2 558/32/2
f 558/32/2 562/4/2 553/5/2
f 553/5/2 554/34/2 555/33/2
f 553/5/2 555/33/2 556/9/2
f 560/30/2 558/32/2 559/13/2
f 557/35/2 558/32/2 553/5/2
f 557/35/2 553/5/2 556/9/2
f 574/36/2 575/38/2 576/37/2
f 573/39/2 574/36/2 576/37/2
f 573/39/2 576/37/2 577/40/2
f 572/41/2 573/39/2 577/40/2
f 572/41/2 577/40/2 578/42/2
f 571/43/2 572/41/2 578/42/2
f 571/43/2 578/42/2 579/44/2
f 570/45/2 571/43/2 579/44/2
f 570/45/2 579/44/2 580/46/2
f 569/47/2 570/45/2 580/46/2
f 569/47/2 580/46/2 581/48/2
f 568/49/2 569/47/2 581/48/2
f 568/49/2 581/48/2 582/50/2
f 567/51/2 568/49/2 582/50/2
f 567/51/2 582/50/2 583/52/2
f 566/53/2 567/51/2 583/52/2
f 566/53/2 583/52/2 584/54/2
f 565/55/2 566/53/2 584/54/2
f 565/55/2 584/54/2 585/56/2
f 564/57/2 565/55/2 585/56/2
f 564/57/2 585/56/2 586/58/2
f 563/5/2 564/57/2 586/58/2
f 563/5/2 586/58/2 587/59/2
f 706/60/2 563/5/2 587/59/2
f 706/60/2 587/59/2 588/61/2
f 706/60/2 588/61/2 589/62/2
f 705/63/2 706/60/2 589/62/2
f 705/63/2 589/62/2 590/64/2
f 704/65/2 705/63/2 590/64/2
f 704/65/2 590/64/2 591/66/2
f 703/67/2 704/65/2 591/66/2
f 702/68/2 703/67/2 591/66/2
f 702/68/2 591/66/2 592/69/2
f 701/70/2 702/68/2 592/69/2
f 701/70/2 592/69/2 593/71/2
f 700/72/2 701/70/2 593/71/2
f 700/72/2 593/71/2 594/73/2
f 699/74/2 700/72/2 594/73/2
f 699/74/2 594/73/2 595/75/2
f 698/76/2 699/74/2 595/75/2
f 698/76/2 595/75/2 596/77/2
f 697/78/2 698/76/2 596/77/2
f 697/78/2 596/77/2 597/79/2
f 696/80/2 697/78/2 597/79/2
f 696/80/2 597/79/2 598/81/2
f 695/82/2 696/80/2 598/81/2
f 695/82/2 598/81/2 707/83/2
f 707/83/2 598/81/2 599/84/2
f 695/82/2 707/83/2 708/85/2
f 850/4/2 707/83/2 599/84/2
f 695/82/2 708/85/2 709/86/2
f 849/87/2 850/4/2 599/84/2
f 695/82/2 709/86/2 710/88/2
f 848/89/2 849/87/2 599/84/2
f 695/82/2 710/88/2 711/90/2
f 847/91/2 848/89/2 599/84/2
f 694/92/2 695/82/2 711/90/2
f 847/91/2 599/84/2 600/93/2
f 694/92/2 711/90/2 712/94/2
f 846/95/2 847/91/2 600/93/2
f 694/92/2 712/94/2 713/96/2
f 845/97/2 846/95/2 600/93/2
f 694/92/2 713/96/2 714/98/2
f 844/99/2 845/97/2 600/93/2
f 694/92/2 714/98/2 715/100/2
f 843/101/2 844/99/2 600/93/2
f 694/92/2 715/100/2 716/102/2
f 842/103/2 843/101/2 600/93/2
f 694/92/2 716/102/2 717/104/2
f 841/105/2 842/103/2 600/93/2
f 694/92/2 717/104/2 718/106/2
f 840/107/2 841/105/2 600/93/2
f 840/107/2 600/93/2 601/108/2
f 693/109/2 694/92/2 718/106/2
f 693/109/2 718/106/2 719/110/2
f 839/111/2 840/107/2 601/108/2
f 693/109/2 719/110/2 720/112/2
f 838/113/2 839/111/2 601/108/2
f 837/114/2 838/113/2 601/108/2
f 693/109/2 720/112/2 721/115/2
f 837/114/2 601/108/2 602/116/2
f 692/117/2 693/109/2 721/115/2
f 836/118/2 837/114/2 602/116/2
f 692/117/2 721/115/2 722/119/2
f 835/120/2 836/118/2 602/116/2
f 692/117/2 722/119/2 723/121/2
f 834/122/2 835/120/2 602/116/2
f 692/117/2 723/121/2 724/123/2
f 834/122/2 602/116/2 603/124/2
f 691/125/2 692/117/2 724/123/2
f 833/126/2 834/122/2 603/124/2
f 691/125/2 724/123/2 725/127/2
f 832/128/2 833/126/2 603/124/2
f 691/125/2 725/127/2 726/129/2
f 831/130/2 832/128/2 603/124/2
f 691/125/2 726/129/2 727/18/2
f 831/130/2 603/124/2 604/15/2
f 690/131/2 691/125/2 727/18/2
f 830/132/2 831/130/2 604/15/2
f 690/131/2 727/18/2 728/133/2
f 829/134/2 830/132/2 604/15/2
f 690/131/2 728/133/2 729/135/2
f 829/134/2 604/15/2 605/136/2
f 689/137/2 690/131/2 729/135/2
f 828/138/2 829/134/2 605/136/2
f 689/137/2 729/135/2 730/139/2
f 827/140/2 828/138/2 605/136/2
f 689/137/2 730/139/2 731/141/2
f 827/140/2 605/136/2 606/142/2
f 688/143/2 689/137/2 731/141/2
f 688/143/2 731/141/2 732/144/2
f 826/145/2 827/140/2 606/142/2
f 688/143/2 732/144/2 733/146/2
f 825/147/2 826/145/2 606/142/2
f 825/147/2 606/142/2 607/148/2
f 687/149/2 688/143/2 733/146/2
f 687/149/2 733/146/2 734/150/2
f 824/151/2 825/147/2 607/148/2
f 687/149/2 734/150/2 735/152/2
f 823/153/2 824/151/2 607/148/2
f 823/153/2 607/148/2 608/154/2
f 686/16/2 687/149/2 735/152/2
f 686/16/2 735/152/2 736/155/2
f 822/156/2 823/153/2 608/154/2
f 686/16/2 736/155/2 737/157/2
f 821/158/2 822/156/2 608/154/2
f 821/158/2 608/154/2 609/159/2
f 685/160/2 686/16/2 737/157/2
f 685/160/2 737/157/2 738/161/2
f 820/162/2 821/158/2 609/159/2
f 685/160/2 738/161/2 739/163/2
f 819/164/2 820/162/2 609/159/2
f 819/164/2 609/159/2 610/165/2
f 684/166/2 685/160/2 739/163/2
f 684/166/2 739/163/2 740/167/2
f 818/168/2 819/164/2 610/165/2
f 684/166/2 740/167/2 741/169/2
f 817/170/2 818/168/2 610/165/2
f 817/170/2 610/165/2 611/171/2
f 683/172/2 684/166/2 741/169/2
f 683/172/2 741/169/2 742/173/2
f 816/174/2 817/170/2 611/171/2
f 683/172/2 742/173/2 743/175/2
f 815/176/2 816/174/2 611/171/2
f 682/177/2 683/172/2 743/175/2
f 815/176/2 611/171/2 612/178/2
f 682/177/2 743/175/2 744/179/2
f 814/180/2 815/176/2 612/178/2
f 682/177/2 744/179/2 745/181/2
f 813/182/2 814/180/2 612/178/2
f 681/183/2 682/177/2 745/181/2
f 813/182/2 612/178/2 613/184/2
f 681/183/2 745/181/2 746/185/2
f 812/186/2 813/182/2 613/184/2
f 681/183/2 746/185/2 747/187/2
f 811/188/2 812/186/2 613/184/2
f 680/189/2 681/183/2 747/187/2
f 811/188/2 613/184/2 614/190/2
f 680/189/2 747/187/2 748/191/2
f 810/192/2 811/188/2 614/190/2
f 680/189/2 748/191/2 749/193/2
f 809/17/2 810/192/2 614/190/2
f 679/194/2 680/189/2 749/193/2
f 809/17/2 614/190/2 615/195/2
f 679/194/2 749/193/2 750/196/2
f 808/197/2 809/17/2 615/195/2
f 679/194/2 750/196/2 751/198/2
f 807/199/2 808/197/2 615/195/2
f 678/200/2 679/194/2 751/198/2
f 807/199/2 615/195/2 616/201/2
f 678/200/2 751/198/2 752/202/2
f 806/203/2 807/199/2 616/201/2
f 678/200/2 752/202/2 753/204/2
f 805/205/2 806/203/2 616/201/2
f 677/206/2 678/200/2 753/204/2
f 805/205/2 616/201/2 617/207/2
f 677/206/2 753/204/2 754/208/2
f 804/209/2 805/205/2 617/207/2
f 677/206/2 754/208/2 755/210/2
f 803/211/2 804/209/2 617/207/2
f 676/212/2 677/206/2 755/210/2
f 803/211/2 617/207/2 618/213/2
f 676/212/2 755/210/2 756/214/2
f 802/215/2 803/211/2 618/213/2
f 676/212/2 756/214/2 757/216/2
f 801/217/2 802/215/2 618/213/2
f 675/218/2 676/212/2 757/216/2
f 801/217/2 618/213/2 619/219/2
f 675/218/2 757/216/2 758/220/2
f 800/221/2 801/217/2 619/219/2
f 675/218/2 758/220/2 759/222/2
f 799/223/2 800/221/2 619/219/2
f 674/224/2 675/218/2 759/222/2
f 799/223/2 619/219/2 620/225/2
f 674/224/2 759/222/2 760/226/2
f 798/227/2 799/223/2 620/225/2
f 674/224/2 760/226/2 761/228/2
f 797/229/2 798/227/2 620/225/2
f 673/230/2 674/224/2 761/228/2
f 797/229/2 620/225/2 621/231/2
f 673/230/2 761/228/2 762/232/2
f 796/233/2 797/229/2 621/231/2
f 673/230/2 762/232/2 763/234/2
f 795/235/2 796/233/2 621/231/2
f 673/230/2 763/234/2 764/236/2
f 794/237/2 795/235/2 621/231/2
f 672/238/2 673/230/2 764/236/2
f 794/237/2 621/231/2 622/239/2
f 672/238/2 764/236/2 765/240/2
f 793/241/2 794/237/2 622/239/2
f 672/238/2 765/240/2 766/242/2
f 792/243/2 793/241/2 622/239/2
f 672/238/2 766/242/2 767/244/2
f 791/245/2 792/243/2 622/239/2
f 671/246/2 672/238/2 767/244/2
f 791/245/2 622/239/2 623/247/2
f 671/246/2 767/244/2 768/19/2
f 790/248/2 791/245/2 623/247/2
f 789/249/2 790/248/2 623/247/2
f 671/246/2 768/19/2 769/250/2
f 788/251/2 789/249/2 623/247/2
f 671/246/2 769/250/2 770/252/2
f 787/253/2 788/251/2 623/247/2
f 671/246/2 770/252/2 771/254/2
f 670/255/2 671/246/2 771/254/2
f 787/253/2 623/247/2 624/256/2
f 786/257/2 787/253/2 624/256/2
f 670/255/2 771/254/2 772/258/2
f 785/259/2 786/257/2 624/256/2
f 670/255/2 772/258/2 773/260/2
f 784/261/2 785/259/2 624/256/2
f 670/255/2 773/260/2 774/262/2
f 783/263/2 784/261/2 624/256/2
f 670/255/2 774/262/2 775/264/2
f 782/265/2 783/263/2 624/256/2
f 670/255/2 775/264/2 776/266/2
f 781/267/2 782/265/2 624/256/2
f 670/255/2 776/266/2 777/268/2
f 780/269/2 781/267/2 624/256/2
f 670/255/2 777/268/2 778/270/2
f 779/271/2 780/269/2 624/256/2
f 670/255/2 778/270/2 779/271/2
f 670/255/2 779/271/2 624/256/2
f 669/272/2 670/255/2 624/256/2
f 669/272/2 624/256/2 625/273/2
f 668/274/2 669/272/2 625/273/2
f 668/274/2 625/273/2 626/275/2
f 667/276/2 668/274/2 626/275/2
f 667/276/2 626/275/2 627/277/2
f 666/278/2 667/276/2 627/277/2
f 666/278/2 627/277/2 628/279/2
f 665/280/2 666/278/2 628/279/2
f 665/280/2 628/279/2 629/281/2
f 664/282/2 665/280/2 629/281/2
f 664/282/2 629/281/2 630/283/2
f 663/284/2 664/282/2 630/283/2
f 663/284/2 630/283/2 631/285/2
f 662/286/2 663/284/2 631/285/2
f 662/286/2 631/285/2 632/287/2
f 661/288/2 662/286/2 632/287/2
f 661/288/2 632/287/2 633/289/2
f 660/290/2 661/288/2 633/289/2
f 660/290/2 633/289/2 634/291/2
f 659/292/2 660/290/2 634/291/2
f 659/292/2 634/291/2 635/293/2
f 658/294/2 659/292/2 635/293/2
f 658/294/2 635/293/2 636/295/2
f 657/296/2 658/294/2 636/295/2
f 657/296/2 636/295/2 637/297/2
f 656/298/2 657/296/2 637/297/2
f 656/298/2 637/297/2 638/299/2
f 655/300/2 656/298/2 638/299/2
f 655/300/2 638/299/2 639/301/2
f 654/302/2 655/300/2 639/301/2
f 654/302/2 639/301/2 640/303/2
f 653/304/2 654/302/2 640/303/2
f 653/304/2 640/303/2 641/305/2
f 652/306/2 653/304/2 641/305/2
f 652/306/2 641/305/2 642/307/2
f 651/308/2 652/306/2 642/307/2
f 651/308/2 642/307/2 643/309/2
f 650/310/2 651/308/2 643/309/2
f 650/310/2 643/309/2 644/311/2
f 649/312/2 650/310/2 644/311/2
f 649/312/2 644/311/2 645/14/2
f 648/313/2 649/312/2 645/14/2
f 648/313/2 645/14/2 646/314/2
f 647/315/2 648/313/2 646/314/2
f 995/316/2 996/4/2 851/5/2
f 995/316/2 851/5/2 852/317/2
f 994/318/2 995/316/2 852/317/2
f 994/318/2 852/317/2 853/319/2
f 993/320/2 994/318/2 853/319/2
f 993/320/2 853/319/2 854/321/2
f 992/322/2 993/320/2 854/321/2
f 992/322/2 854/321/2 855/323/2
f 991/324/2 992/322/2 855/323/2
f 991/324/2 855/323/2 856/325/2
f 990/326/2 991/324/2 856/325/2
f 990/326/2 856/325/2 857/327/2
f 989/328/2 990/326/2 857/327/2
f 989/328/2 857/327/2 858/329/2
f 988/330/2 989/328/2 858/329/2
f 988/330/2 858/329/2 859/331/2
f 987/332/2 988/330/2 889/333/2
f 889/333/2 988/330/2 888/334/2
f 888/334/2 988/330/2 887/335/2
f 887/335/2 988/330/2 859/331/2
f 887/335/2 859/331/2 886/336/2
f 886/336/2 859/331/2 885/337/2
f 885/337/2 859/331/2 860/338/2
f 884/339/2 885/337/2 860/338/2
f 987/332/2 889/333/2 890/340/2
f 883/341/2 884/339/2 860/338/2
f 987/332/2 890/340/2 891/342/2
f 882/343/2 883/341/2 860/338/2
f 987/332/2 891/342/2 892/344/2
f 881/345/2 882/343/2 860/338/2
f 880/346/2 881/345/2 860/338/2
f 987/332/2 892/344/2 893/347/2
f 879/348/2 880/346/2 860/338/2
f 987/332/2 893/347/2 894/349/2
f 878/350/2 879/348/2 860/338/2
f 987/332/2 894/349/2 895/351/2
f 877/352/2 878/350/2 860/338/2
f 987/332/2 895/351/2 896/353/2
f 876/354/2 877/352/2 860/338/2
f 875/355/2 876/354/2 860/338/2
f 987/332/2 896/353/2 897/356/2
f 874/357/2 875/355/2 860/338/2
f 987/332/2 897/356/2 898/358/2
f 874/357/2 860/338/2 861/359/2
f 873/360/2 874/357/2 861/359/2
f 986/361/2 987/332/2 898/358/2
f 986/361/2 898/358/2 899/362/2
f 872/363/2 873/360/2 861/359/2
f 986/361/2 899/362/2 900/364/2
f 871/365/2 872/363/2 861/359/2
f 986/361/2 900/364/2 901/366/2
f 870/367/2 871/365/2 861/359/2
f 869/368/2 870/367/2 861/359/2
f 986/361/2 901/366/2 902/369/2
f 868/370/2 869/368/2 861/359/2
f 986/361/2 902/369/2 903/371/2
f 867/372/2 868/370/2 861/359/2
f 867/372/2 861/359/2 862/373/2
f 986/361/2 903/371/2 904/374/2
f 866/375/2 867/372/2 862/373/2
f 985/376/2 986/361/2 904/374/2
f 985/376/2 904/374/2 905/377/2
f 865/378/2 866/375/2 862/373/2
f 864/379/2 865/378/2 862/373/2
f 985/376/2 905/377/2 906/380/2
f 863/381/2 864/379/2 862/373/2
f 985/376/2 906/380/2 907/382/2
f 985/376/2 907/382/2 908/383/2
f 984/384/2 985/376/2 908/383/2
f 984/384/2 908/383/2 909/385/2
f 984/384/2 909/385/2 910/386/2
f 984/384/2 910/386/2 911/387/2
f 984/384/2 911/387/2 912/388/2
f 983/389/2 984/384/2 912/388/2
f 983/389/2 912/388/2 913/390/2
f 983/389/2 913/390/2 914/391/2
f 958/392/2 959/394/2 960/393/2
f 958/392/2 960/393/2 961/395/2
f 983/389/2 914/391/2 915/396/2
f 957/397/2 958/392/2 961/395/2
f 982/398/2 983/389/2 915/396/2
f 982/398/2 915/396/2 916/399/2
f 956/400/2 957/397/2 961/395/2
f 982/398/2 916/399/2 917/401/2
f 955/402/2 956/400/2 961/395/2
f 982/398/2 917/401/2 918/403/2
f 954/404/2 955/402/2 961/395/2
f 954/404/2 961/395/2 962/405/2
f 982/398/2 918/403/2 919/406/2
f 953/407/2 954/404/2 962/405/2
f 981/408/2 982/398/2 919/406/2
f 952/409/2 953/407/2 962/405/2
f 981/408/2 919/406/2 920/410/2
f 951/411/2 952/409/2 962/405/2
f 981/408/2 920/410/2 921/412/2
f 950/413/2 951/411/2 962/405/2
f 981/408/2 921/412/2 922/414/2
f 949/415/2 950/413/2 962/405/2
f 949/415/2 962/405/2 963/416/2
f 981/408/2 922/414/2 923/417/2
f 948/418/2 949/415/2 963/416/2
f 981/408/2 923/417/2 924/419/2
f 947/420/2 948/418/2 963/416/2
f 981/408/2 924/419/2 925/421/2
f 980/422/2 981/408/2 925/421/2
f 946/423/2 947/420/2 963/416/2
f 980/422/2 925/421/2 926/424/2
f 945/425/2 946/423/2 963/416/2
f 980/422/2 926/424/2 927/426/2
f 944/427/2 945/425/2 963/416/2
f 943/428/2 944/427/2 963/416/2
f 980/422/2 927/426/2 928/429/2
f 942/430/2 943/428/2 963/416/2
f 980/422/2 928/429/2 929/431/2
f 941/432/2 942/430/2 963/416/2
f 941/432/2 963/416/2 964/433/2
f 980/422/2 929/431/2 930/434/2
f 940/435/2 941/432/2 964/433/2
f 980/422/2 930/434/2 931/436/2
f 939/437/2 940/435/2 964/433/2
f 980/422/2 931/436/2 932/438/2
f 938/439/2 939/437/2 964/433/2
f 980/422/2 932/438/2 933/440/2
f 937/441/2 938/439/2 964/433/2
f 980/422/2 933/440/2 934/442/2
f 936/443/2 937/441/2 964/433/2
f 980/422/2 934/442/2 935/444/2
f 935/444/2 936/443/2 964/433/2
f 980/422/2 935/444/2 964/433/2
f 979/445/2 980/422/2 964/433/2
f 979/445/2 964/433/2 965/446/2
f 978/447/2 979/445/2 965/446/2
f 978/447/2 965/446/2 966/448/2
f 977/449/2 978/447/2 966/448/2
f 977/449/2 966/448/2 967/450/2
f 976/451/2 977/449/2 967/450/2
f 976/451/2 967/450/2 968/452/2
f 975/453/2 976/451/2 968/452/2
f 975/453/2 968/452/2 969/454/2
f 974/455/2 975/453/2 969/454/2
f 974/455/2 969/454/2 970/456/2
f 973/457/2 974/455/2 970/456/2
f 973/457/2 970/456/2 971/458/2
f 972/459/2 973/457/2 971/458/2
s 1
f 998/460/3 1000/461/4 999/462/4 997/5/3
f 1000/461/4 1002/463/5 1001/464/5 999/462/4
f 1002/463/5 1004/465/6 1003/466/6 1001/464/5
f 1004/465/6 1006/467/7 1005/468/7 1003/466/6
f 1006/467/7 1008/469/8 1007/470/8 1005/468/7
f 1008/469/8 1010/471/9 1009/472/9 1007/470/8
f 1010/471/9 1012/473/10 1011/474/10 1009/472/9
f 1012/473/10 1014/475/11 1013/476/11 1011/474/10
f 1014/475/11 1016/477/12 1015/478/12 1013/476/11
f 1016/477/12 1018/479/13 1017/480/13 1015/478/12
f 1018/479/13 1020/481/14 1019/482/14 1017/480/13
f 1020/481/14 1022/483/15 1021/484/15 1019/482/14
f 1022/483/15 1024/485/16 1023/486/16 1021/484/15
f 1024/485/16 1026/487/17 1025/488/17 1023/486/16
f 1026/487/17 1028/489/18 1027/490/18 1025/488/17
f 1028/489/18 1030/491/19 1029/492/19 1027/490/18
f 1030/491/19 1032/493/20 1031/494/20 1029/492/19
f 1032/493/20 1034/495/21 1033/496/21 1031/494/20
f 1034/495/21 1036/497/22 1035/498/22 1033/496/21
f 1036/497/22 1038/499/23 1037/500/23 1035/498/22
f 1038/499/23 1040/501/24 1039/502/24 1037/500/23
f 1040/501/24 1042/503/25 1041/504/25 1039/502/24
f 1042/503/25 1044/505/26 1043/506/26 1041/504/25
f 1044/505/26 1046/507/27 1045/508/27 1043/506/26
f 1046/507/27 1048/509/28 1047/510/28 1045/508/27
f 1048/509/28 1050/511/29 1049/512/29 1047/510/28
f 1050/511/29 1052/513/30 1051/514/30 1049/512/29
f 1052/513/30 1054/515/31 1053/516/31 1051/514/30
f 1054/515/31 1056/517/32 1055/518/32 1053/516/31
f 1056/517/32 1058/519/33 1057/520/33 1055/518/32
f 1058/519/33 1060/521/34 1059/522/34 1057/520/33
f 1060/521/34 1062/523/35 1061/524/35 1059/522/34
f 1062/523/35 1064/525/36 1063/526/36 1061/524/35
f 1064/525/36 1066/527/37 1065/528/37 1063/526/36
f 1066/527/37 1068/529/38 1067/530/38 1065/528/37
f 1068/529/38 1070/531/39 1069/532/39 1067/530/38
f 1070/531/39 1072/533/40 1071/534/40 1069/532/39
f 1072/533/40 1074/535/41 1073/536/41 1071/534/40
f 1074/535/41 1076/537/42 1075/538/42 1073/536/41
f 1076/537/42 1078/539/43 1077/540/43 1075/538/42
f 1078/539/43 1080/541/44 1079/542/44 1077/540/43
f 1080/541/44 1082/543/45 1081/544/45 1079/542/44
f 1082/543/45 1084/545/46 1083/546/46 1081/544/45
f 1084/545/46 1086/547/47 1085/548/47 1083/546/46
f 1086/547/47 1088/549/48 1087/550/48 1085/548/47
f 1088/549/48 1090/551/49 1089/552/49 1087/550/48
f 1090/551/49 1092/553/50 1091/554/50 1089/552/49
f 1092/553/50 1094/555/51 1093/556/51 1091/554/50
f 1094/555/51 1096/557/52 1095/558/52 1093/556/51
f 1096/557/52 1098/559/53 1097/560/53 1095/558/52
f 1098/559/53 1100/561/54 1099/562/54 1097/560/53
f 1100/561/54 1102/563/55 1101/564/55 1099/562/54
f 1102/563/55 1104/565/56 1103/566/56 1101/564/55
f 1104/565/56 1106/567/57 1105/568/57 1103/566/56
f 1106/567/57 1108/569/58 1107/570/58 1105/568/57
f 1108/569/58 1110/571/59 1109/572/59 1107/570/58
f 1110/571/59 1112/573/60 1111/574/60 1109/572/59
f 1112/573/60 1114/575/61 1113/576/61 1111/574/60
f 1114/575/61 1116/577/62 1115/578/62 1113/576/61
f 1116/577/62 1118/579/63 1117/580/63 1115/578/62
f 1118/579/63 1120/581/64 1119/582/64 1117/580/63
f 1120/581/64 1122/583/65 1121/584/65 1119/582/64
f 1122/583/65 1124/585/66 1123/586/66 1121/584/65
f 1124/585/66 1126/587/67 1125/588/67 1123/586/66
f 1126/587/67 1128/589/68 1127/590/68 1125/588/67
f 1128/589/68 1130/591/69 1129/592/69 1127/590/68
f 1130/591/69 1132/593/70 1131/594/70 1129/592/69
f 1132/593/70 1134/595/71 1133/596/71 1131/594/70
f 1134/595/71 1136/597/72 1135/598/72 1133/596/71
f 1136/597/72 1138/599/73 1137/600/73 1135/598/72
f 1138/599/73 1140/601/74 1139/602/74 1137/600/73
f 1140/601/74 1142/603/75 1141/604/75 1139/602/74
f 1142/603/75 1144/605/76 1143/8/76 1141/604/75
f 1144/605/76 1146/606/77 1145/607/77 1143/8/76
f 1146/606/77 1148/608/78 1147/609/78 1145/607/77
f 1148/608/78 1150/610/79 1149/611/79 1147/609/78
f 1150/610/79 1152/612/80 1151/613/80 1149/611/79
f 1152/612/80 1154/614/81 1153/615/81 1151/613/80
f 1154/614/81 1156/616/82 1155/617/82 1153/615/81
f 1156/616/82 1158/618/83 1157/619/83 1155/617/82
f 1158/618/83 1160/620/84 1159/621/84 1157/619/83
f 1160/620/84 1162/622/85 1161/623/85 1159/621/84
f 1162/622/85 1164/624/86 1163/625/86 1161/623/85
f 1164/624/86 1166/626/87 1165/627/87 1163/625/86
f 1166/626/87 1168/628/88 1167/629/88 1165/627/87
f 1168/628/88 1170/630/89 1169/631/89 1167/629/88
f 1170/630/89 1172/632/90 1171/633/90 1169/631/89
f 1172/632/90 1174/634/91 1173/635/91 1171/633/90
f 1174/634/91 1176/636/92 1175/637/92 1173/635/91
f 1176/636/92 1178/638/93 1177/639/93 1175/637/92
f 1178/638/93 1180/640/94 1179/641/94 1177/639/93
f 1180/640/94 1182/642/95 1181/643/95 1179/641/94
f 1182/642/95 1184/644/96 1183/645/96 1181/643/95
f 1184/644/96 1186/646/97 1185/647/97 1183/645/96
f 1186/646/97 1188/648/98 1187/649/98 1185/647/97
f 1188/648/98 1190/650/99 1189/651/99 1187/649/98
f 1190/650/99 1192/652/100 1191/653/100 1189/651/99
f 1192/652/100 1194/654/101 1193/655/101 1191/653/100
f 1194/654/101 1196/656/102 1195/657/102 1193/655/101
f 1196/656/102 1198/658/103 1197/659/103 1195/657/102
f 1198/658/103 1200/660/104 1199/661/104 1197/659/103
f 1200/660/104 1202/662/105 1201/663/105 1199/661/104
f 1202/662/105 1204/664/106 1203/665/106 1201/663/105
f 1204/664/106 1206/666/107 1205/667/107 1203/665/106
f 1206/666/107 1208/668/108 1207/669/108 1205/667/107
f 1208/668/108 1210/670/109 1209/671/109 1207/669/108
f 1210/670/109 1212/672/110 1211/673/110 1209/671/109
f 1212/672/110 1214/674/111 1213/675/111 1211/673/110
f 1214/674/111 1216/676/112 1215/677/112 1213/675/111
f 1216/676/112 1218/678/113 1217/679/113 1215/677/112
f 1218/678/113 1220/680/114 1219/681/114 1217/679/113
f 1220/680/114 1222/682/115 1221/683/115 1219/681/114
f 1222/682/115 1224/684/116 1223/685/116 1221/683/115
f 1224/684/116 1226/686/117 1225/687/117 1223/685/116
f 1226/686/117 1228/688/118 1227/689/118 1225/687/117
f 1228/688/118 1230/690/119 1229/691/119 1227/689/118
f 1230/690/119 1232/692/120 1231/693/120 1229/691/119
f 1232/692/120 1234/694/121 1233/695/121 1231/693/120
f 1234/694/121 1236/696/122 1235/697/122 1233/695/121
f 1236/696/122 1238/698/123 1237/699/123 1235/697/122
f 1238/698/123 1240/700/124 1239/701/124 1237/699/123
f 1240/700/124 1242/702/125 1241/703/125 1239/701/124
f 1242/702/125 1244/704/126 1243/705/126 1241/703/125
f 1244/704/126 1246/706/127 1245/707/127 1243/705/126
f 1246/706/127 1248/708/128 1247/709/128 1245/707/127
f 1248/708/128 1250/710/129 1249/711/129 1247/709/128
f 1250/710/129 1252/712/130 1251/713/130 1249/711/129
f 1252/712/130 1254/714/131 1253/715/131 1251/713/130
f 1254/714/131 1256/716/132 1255/717/132 1253/715/131
f 1256/716/132 1258/718/133 1257/719/133 1255/717/132
f 1258/718/133 1260/720/134 1259/721/134 1257/719/133
f 1260/720/134 1262/722/135 1261/723/135 1259/721/134
f 1262/722/135 1264/724/136 1263/725/136 1261/723/135
f 1264/724/136 1266/726/137 1265/727/137 1263/725/136
f 1266/726/137 1268/728/138 1267/729/138 1265/727/137
f 1268/728/138 1270/730/139 1269/731/139 1267/729/138
f 1270/730/139 1272/732/140 1271/733/140 1269/731/139
f 1272/732/140 1274/734/141 1273/735/141 1271/733/140
f 1274/734/141 1276/736/142 1275/737/142 1273/735/141
f 1276/736/142 1278/738/143 1277/739/143 1275/737/142
f 1278/738/143 1280/740/144 1279/741/144 1277/739/143
f 1280/740/144 1282/742/145 1281/743/145 1279/741/144
f 1282/742/145 1284/744/146 1283/745/146 1281/743/145
f 1284/744/146 1286/746/147 1285/747/147 1283/745/146
f 1286/746/147 1288/748/148 1287/749/148 1285/747/147
f 1288/748/148 998/750/3 997/4/3 1287/749/148
f 1290/460/149 1292/751/150 1291/752/150 1289/5/149
f 1292/751/150 1294/753/151 1293/754/151 1291/752/150
f 1294/753/151 1296/755/152 1295/756/152 1293/754/151
f 1296/755/152 1298/757/153 1297/758/153 1295/756/152
f 1298/757/153 1300/759/154 1299/760/154 1297/758/153
f 1300/759/154 1302/761/155 1301/762/155 1299/760/154
f 1302/761/155 1304/763/156 1303/764/156 1301/762/155
f 1304/763/156 1306/765/157 1305/766/157 1303/764/156
f 1306/765/157 1308/767/158 1307/768/158 1305/766/157
f 1308/767/158 1310/769/159 1309/770/159 1307/768/158
f 1310/769/159 1312/771/160 1311/772/160 1309/770/159
f 1312/771/160 1314/773/161 1313/2/161 1311/772/160
f 1314/773/161 1316/774/162 1315/775/162 1313/2/161
f 1316/774/162 1318/776/163 1317/777/163 1315/775/162
f 1318/776/163 1320/778/164 1319/779/164 1317/777/163
f 1320/778/164 1322/780/165 1321/34/165 1319/779/164
f 1322/780/165 1324/781/166 1323/782/166 1321/34/165
f 1324/781/166 1326/783/167 1325/784/167 1323/782/166
f 1326/783/167 1328/785/168 1327/786/168 1325/784/167
f 1328/785/168 1330/787/169 1329/788/169 1327/786/168
f 1330/787/169 1332/789/170 1331/790/170 1329/788/169
f 1332/789/170 1334/791/171 1333/792/171 1331/790/170
f 1334/791/171 1336/793/172 1335/794/172 1333/792/171
f 1336/793/172 1338/795/173 1337/6/173 1335/794/172
f 1338/795/173 1340/796/174 1339/797/174 1337/6/173
f 1340/796/174 1342/798/175 1341/799/175 1339/797/174
f 1342/798/175 1344/800/176 1343/801/176 1341/799/175
f 1344/800/176 1346/802/177 1345/803/177 1343/801/176
f 1346/802/177 1348/804/178 1347/805/178 1345/803/177
f 1348/804/178 1350/806/179 1349/807/179 1347/805/178
f 1350/806/179 1352/808/180 1351/809/180 1349/807/179
f 1352/808/180 1354/810/181 1353/33/181 1351/809/180
f 1354/810/181 1356/811/182 1355/812/182 1353/33/181
f 1356/811/182 1358/813/183 1357/814/183 1355/812/182
f 1358/813/183 1360/815/184 1359/816/184 1357/814/183
f 1360/815/184 1362/817/185 1361/7/185 1359/816/184
f 1362/817/185 1364/818/186 1363/819/186 1361/7/185
f 1364/818/186 1366/820/187 1365/821/187 1363/819/186
f 1366/820/187 1368/822/188 1367/823/188 1365/821/187
f 1368/822/188 1370/824/189 1369/825/189 1367/823/188
f 1370/824/189 1372/826/190 1371/827/190 1369/825/189
f 1372/826/190 1374/828/191 1373/829/191 1371/827/190
f 1374/828/191 1376/830/192 1375/831/192 1373/829/191
f 1376/830/192 1378/832/193 1377/833/193 1375/831/192
f 1378/832/193 1380/834/194 1379/835/194 1377/833/193
f 1380/834/194 1382/836/195 1381/837/195 1379/835/194
f 1382/836/195 1384/838/196 1383/839/196 1381/837/195
f 1384/838/196 1386/840/197 1385/9/197 1383/839/196
f 1386/840/197 1388/841/198 1387/842/198 1385/9/197
f 1388/841/198 1390/843/199 1389/844/199 1387/842/198
f 1390/843/199 1392/845/200 1391/846/200 1389/844/199
f 1392/845/200 1394/847/201 1393/848/201 1391/846/200
f 1394/847/201 1396/849/202 1395/850/202 1393/848/201
f 1396/849/202 1398/851/203 1397/852/203 1395/850/202
f 1398/851/203 1400/853/204 1399/854/204 1397/852/203
f 1400/853/204 1402/855/205 1401/856/205 1399/854/204
f 1402/855/205 1404/857/206 1403/858/206 1401/856/205
f 1404/857/206 1406/859/207 1405/860/207 1403/858/206
f 1406/859/207 1408/861/208 1407/862/208 1405/860/207
f 1408/861/208 1410/863/209 1409/10/209 1407/862/208
f 1410/863/209 1412/864/210 1411/865/210 1409/10/209
f 1412/864/210 1414/866/211 1413/867/211 1411/865/210
f 1414/866/211 1416/868/212 1415/869/212 1413/867/211
f 1416/868/212 1418/870/213 1417/35/213 1415/869/212
f 1418/870/213 1420/871/214 1419/872/214 1417/35/213
f 1420/871/214 1422/873/215 1421/874/215 1419/872/214
f 1422/873/215 1424/875/216 1423/876/216 1421/874/215
f 1424/875/216 1426/877/217 1425/878/217 1423/876/216
f 1426/877/217 1428/879/218 1427/880/218 1425/878/217
f 1428/879/218 1430/881/219 1429/882/219 1427/880/218
f 1430/881/219 1432/883/220 1431/884/220 1429/882/219
f 1432/883/220 1434/605/221 1433/8/221 1431/884/220
f 1434/605/221 1436/885/222 1435/886/222 1433/8/221
f 1436/885/222 1438/887/223 1437/888/223 1435/886/222
f 1438/887/223 1440/889/224 1439/890/224 1437/888/223
f 1440/889/224 1442/891/225 1441/892/225 1439/890/224
f 1442/891/225 1444/893/226 1443/894/226 1441/892/225
f 1444/893/226 1446/895/227 1445/896/227 1443/894/226
f 1446/895/227 1448/897/228 1447/898/228 1445/896/227
f 1448/897/228 1450/899/229 1449/32/229 1447/898/228
f 1450/899/229 1452/900/230 1451/901/230 1449/32/229
f 1452/900/230 1454/902/231 1453/903/231 1451/901/230
f 1454/902/231 1456/904/232 1455/905/232 1453/903/231
f 1456/904/232 1458/906/233 1457/11/233 1455/905/232
f 1458/906/233 1460/907/234 1459/908/234 1457/11/233
f 1460/907/234 1462/909/235 1461/910/235 1459/908/234
f 1462/909/235 1464/911/236 1463/912/236 1461/910/235
f 1464/911/236 1466/913/237 1465/914/237 1463/912/236
f 1466/913/237 1468/915/238 1467/916/238 1465/914/237
f 1468/915/238 1470/917/239 1469/918/239 1467/916/238
f 1470/917/239 1472/919/240 1471/920/240 1469/918/239
f 1472/919/240 1474/921/241 1473/922/241 1471/920/240
f 1474/921/241 1476/923/242 1475/924/242 1473/922/241
f 1476/923/242 1478/925/243 1477/926/243 1475/924/242
f 1478/925/243 1480/927/244 1479/928/244 1477/926/243
f 1480/927/244 1482/929/245 1481/13/245 1479/928/244
f 1482/929/245 1484/930/246 1483/931/246 1481/13/245
f 1484/930/246 1486/932/247 1485/933/247 1483/931/246
f 1486/932/247 1488/934/248 1487/935/248 1485/933/247
f 1488/934/248 1490/936/249 1489/937/249 1487/935/248
f 1490/936/249 1492/938/250 1491/939/250 1489/937/249
f 1492/938/250 1494/940/251 1493/941/251 1491/939/250
f 1494/940/251 1496/942/252 1495/943/252 1493/941/251
f 1496/942/252 1498/944/253 1497/945/253 1495/943/252
f 1498/944/253 1500/946/254 1499/947/254 1497/945/253
f 1500/946/254 1502/948/255 1501/949/255 1499/947/254
f 1502/948/255 1504/950/256 1503/951/256 1501/949/255
f 1504/950/256 1506/952/257 1505/12/257 1503/951/256
f 1506/952/257 1508/953/258 1507/954/258 1505/12/257
f 1508/953/258 1510/955/259 1509/956/259 1507/954/258
f 1510/955/259 1512/957/260 1511/958/260 1509/956/259
f 1512/957/260 1514/959/261 1513/30/261 1511/958/260
f 1514/959/261 1516/960/262 1515/961/262 1513/30/261
f 1516/960/262 1518/962/263 1517/963/263 1515/961/262
f 1518/962/263 1520/964/264 1519/965/264 1517/963/263
f 1520/964/264 1522/966/265 1521/967/265 1519/965/264
f 1522/966/265 1524/968/266 1523/969/266 1521/967/265
f 1524/968/266 1526/970/267 1525/971/267 1523/969/266
f 1526/970/267 1528/972/268 1527/973/268 1525/971/267
f 1528/972/268 1530/974/269 1529/1/269 1527/973/268
f 1530/974/269 1532/975/270 1531/976/270 1529/1/269
f 1532/975/270 1534/977/271 1533/978/271 1531/976/270
f 1534/977/271 1536/979/272 1535/980/272 1533/978/271
f 1536/979/272 1538/981/273 1537/982/273 1535/980/272
f 1538/981/273 1540/983/274 1539/984/274 1537/982/273
f 1540/983/274 1542/985/275 1541/986/275 1539/984/274
f 1542/985/275 1544/987/276 1543/988/276 1541/986/275
f 1544/987/276 1546/989/277 1545/31/277 1543/988/276
f 1546/989/277 1548/990/278 1547/991/278 1545/31/277
f 1548/990/278 1550/992/279 1549/993/279 1547/991/278
f 1550/992/279 1552/994/280 1551/995/280 1549/993/279
f 1552/994/280 1554/996/281 1553/3/281 1551/995/280
f 1554/996/281 1556/997/282 1555/998/282 1553/3/281
f 1556/997/282 1558/999/283 1557/1000/283 1555/998/282
f 1558/999/283 1560/1001/284 1559/1002/284 1557/1000/283
f 1560/1001/284 1562/1003/285 1561/1004/285 1559/1002/284
f 1562/1003/285 1564/1005/286 1563/1006/286 1561/1004/285
f 1564/1005/286 1566/1007/287 1565/1008/287 1563/1006/286
f 1566/1007/287 1568/1009/288 1567/1010/288 1565/1008/287
f 1568/1009/288 1570/1011/289 1569/1012/289 1567/1010/288
f 1570/1011/289 1572/1013/290 1571/1014/290 1569/1012/289
f 1572/1013/290 1574/1015/291 1573/1016/291 1571/1014/290
f 1574/1015/291 1576/1017/292 1575/1018/292 1573/1016/291
f 1576/1017/292 1290/750/149 1289/4/149 1575/1018/292
f 1578/460/293 1580/751/294 1579/752/294 1577/5/293
f 1580/751/294 1582/753/295 1581/754/295 1579/752/294
f 1582/753/295 1584/755/296 1583/756/296 1581/754/295
f 1584/755/296 1586/757/297 1585/758/297 1583/756/296
f 1586/757/297 1588/759/298 1587/760/298 1585/758/297
f 1588/759/298 1590/761/299 1589/762/299 1587/760/298
f 1590/761/299 1592/763/300 1591/764/300 1589/762/299
f 1592/763/300 1594/765/301 1593/766/301 1591/764/300
f 1594/765/301 1596/767/302 1595/768/302 1593/766/301
f 1596/767/302 1598/769/303 1597/770/303 1595/768/302
f 1598/769/303 1600/771/304 1599/772/304 1597/770/303
f 1600/771/304 1602/773/305 1601/2/305 1599/772/304
f 1602/773/305 1604/774/306 1603/775/306 1601/2/305
f 1604/774/306 1606/776/307 1605/777/307 1603/775/306
f 1606/776/307 1608/778/308 1607/779/308 1605/777/307
f 1608/778/308 1610/780/309 1609/34/309 1607/779/308
f 1610/780/309 1612/781/310 1611/782/310 1609/34/309
f 1612/781/310 1614/783/311 1613/784/311 1611/782/310
f 1614/783/311 1616/785/312 1615/786/312 1613/784/311
f 1616/785/312 1618/787/313 1617/788/313 1615/786/312
f 1618/787/313 1620/789/314 1619/790/314 1617/788/313
f 1620/789/314 1622/791/315 1621/792/315 1619/790/314
f 1622/791/315 1624/793/316 1623/794/316 1621/792/315
f 1624/793/316 1626/795/317 1625/6/317 1623/794/316
f 1626/795/317 1628/796/318 1627/797/318 1625/6/317
f 1628/796/318 1630/798/319 1629/799/319 1627/797/318
f 1630/798/319 1632/800/320 1631/801/320 1629/799/319
f 1632/800/320 1634/802/321 1633/803/321 1631/801/320
f 1634/802/321 1636/804/322 1635/805/322 1633/803/321
f 1636/804/322 1638/806/323 1637/807/323 1635/805/322
f 1638/806/323 1640/808/324 1639/809/324 1637/807/323
f 1640/808/324 1642/810/325 1641/33/325 1639/809/324
f 1642/810/325 1644/811/326 1643/812/326 1641/33/325
f 1644/811/326 1646/813/327 1645/814/327 1643/812/326
f 1646/813/327 1648/815/328 1647/816/328 1645/814/327
f 1648/815/328 1650/817/329 1649/7/329 1647/816/328
f 1650/817/329 1652/818/330 1651/819/330 1649/7/329
f 1652/818/330 1654/820/331 1653/821/331 1651/819/330
f 1654/820/331 1656/822/332 1655/823/332 1653/821/331
f 1656/822/332 1658/824/333 1657/825/333 1655/823/332
f 1658/824/333 1660/826/334 1659/827/334 1657/825/333
f 1660/826/334 1662/828/335 1661/829/335 1659/827/334
f 1662/828/335 1664/830/336 1663/831/336 1661/829/335
f 1664/830/336 1666/832/337 1665/833/337 1663/831/336
f 1666/832/337 1668/834/338 1667/835/338 1665/833/337
f 1668/834/338 1670/836/339 1669/837/339 1667/835/338
f 1670/836/339 1672/838/340 1671/839/340 1669/837/339
f 1672/838/340 1674/840/341 1673/9/341 1671/839/340
f 1674/840/341 1676/841/342 1675/842/342 1673/9/341
f 1676/841/342 1678/843/343 1677/844/343 1675/842/342
f 1678/843/343 1680/845/344 1679/846/344 1677/844/343
f 1680/845/344 1682/847/345 1681/848/345 1679/846/344
f 1682/847/345 1684/849/346 1683/850/346 1681/848/345
f 1684/849/346 1686/851/347 1685/852/347 1683/850/346
f 1686/851/347 1688/853/348 1687/854/348 1685/852/347
f 1688/853/348 1690/855/349 1689/856/349 1687/854/348
f 1690/855/349 1692/857/350 1691/858/350 1689/856/349
f 1692/857/350 1694/859/351 1693/860/351 1691/858/350
f 1694/859/351 1696/861/352 1695/862/352 1693/860/351
f 1696/861/352 1698/863/353 1697/10/353 1695/862/352
f 1698/863/353 1700/864/354 1699/865/354 1697/10/353
f 1700/864/354 1702/866/355 1701/867/355 1699/865/354
f 1702/866/355 1704/868/356 1703/869/356 1701/867/355
f 1704/868/356 1706/870/357 1705/35/357 1703/869/356
f 1706/870/357 1708/871/358 1707/872/358 1705/35/357
f 1708/871/358 1710/873/359 1709/874/359 1707/872/358
f 1710/873/359 1712/875/360 1711/876/360 1709/874/359
f 1712/875/360 1714/877/361 1713/878/361 1711/876/360
f 1714/877/361 1716/879/362 1715/880/362 1713/878/361
f 1716/879/362 1718/881/363 1717/882/363 1715/880/362
f 1718/881/363 1720/883/364 1719/884/364 1717/882/363
f 1720/883/364 1722/605/161 1721/8/161 1719/884/364
f 1722/605/161 1724/885/365 1723/886/365 1721/8/161
f 1724/885/365 1726/887/366 1725/888/366 1723/886/365
f 1726/887/366 1728/889/367 1727/890/367 1725/888/366
f 1728/889/367 1730/891/368 1729/892/368 1727/890/367
f 1730/891/368 1732/893/369 1731/894/369 1729/892/368
f 1732/893/369 1734/895/370 1733/896/370 1731/894/369
f 1734/895/370 1736/897/371 1735/898/371 1733/896/370
f 1736/897/371 1738/899/372 1737/32/372 1735/898/371
f 1738/899/372 1740/900/373 1739/901/373 1737/32/372
f 1740/900/373 1742/902/374 1741/903/374 1739/901/373
f 1742/902/374 1744/904/375 1743/905/375 1741/903/374
f 1744/904/375 1746/906/376 1745/11/376 1743/905/375
f 1746/906/376 1748/907/377 1747/908/377 1745/11/376
f 1748/907/377 1750/909/378 1749/910/378 1747/908/377
f 1750/909/378 1752/911/379 1751/912/379 1749/910/378
f 1752/911/379 1754/913/380 1753/914/380 1751/912/379
f 1754/913/380 1756/915/381 1755/916/381 1753/914/380
f 1756/915/381 1758/917/382 1757/918/382 1755/916/381
f 1758/917/382 1760/919/383 1759/920/383 1757/918/382
f 1760/919/383 1762/921/384 1761/922/384 1759/920/383
f 1762/921/384 1764/923/385 1763/924/385 1761/922/384
f 1764/923/385 1766/925/386 1765/926/386 1763/924/385
f 1766/925/386 1768/927/387 1767/928/387 1765/926/386
f 1768/927/387 1770/929/388 1769/13/388 1767/928/387
f 1770/929/388 1772/930/389 1771/931/389 1769/13/388
f 1772/930/389 1774/932/390 1773/933/390 1771/931/389
f 1774/932/390 1776/934/391 1775/935/391 1773/933/390
f 1776/934/391 1778/936/392 1777/937/392 1775/935/391
f 1778/936/392 1780/938/393 1779/939/393 1777/937/392
f 1780/938/393 1782/940/394 1781/941/394 1779/939/393
f 1782/940/394 1784/942/395 1783/943/395 1781/941/394
f 1784/942/395 1786/944/396 1785/945/396 1783/943/395
f 1786/944/396 1788/946/397 1787/947/397 1785/945/396
f 1788/946/397 1790/948/398 1789/949/398 1787/947/397
f 1790/948/398 1792/950/399 1791/951/399 1789/949/398
f 1792/950/399 1794/952/400 1793/12/400 1791/951/399
f 1794/952/400 1796/953/401 1795/954/401 1793/12/400
f 1796/953/401 1798/955/402 1797/956/402 1795/954/401
f 1798/955/402 1800/957/403 1799/958/403 1797/956/402
f 1800/957/403 1802/959/404 1801/30/404 1799/958/403
f 1802/959/404 1804/960/405 1803/961/405 1801/30/404
f 1804/960/405 1806/962/406 1805/963/406 1803/961/405
f 1806/962/406 1808/964/407 1807/965/407 1805/963/406
f 1808/964/407 1810/966/408 1809/967/408 1807/965/407
f 1810/966/408 1812/968/409 1811/969/409 1809/967/408
f 1812/968/409 1814/970/410 1813/971/410 1811/969/409
f 1814/970/410 1816/972/411 1815/973/411 1813/971/410
f 1816/972/411 1818/974/412 1817/1/412 1815/973/411
f 1818/974/412 1820/975/413 1819/976/413 1817/1/412
f 1820/975/413 1822/977/414 1821/978/414 1819/976/413
f 1822/977/414 1824/979/415 1823/980/415 1821/978/414
f 1824/979/415 1826/981/416 1825/982/416 1823/980/415
f 1826/981/416 1828/983/417 1827/984/417 1825/982/416
f 1828/983/417 1830/985/418 1829/986/418 1827/984/417
f 1830/985/418 1832/987/419 1831/988/419 1829/986/418
f 1832/987/419 1834/989/420 1833/31/420 1831/988/419
f 1834/989/420 1836/990/421 1835/991/421 1833/31/420
f 1836/990/421 1838/992/422 1837/993/422 1835/991/421
f 1838/992/422 1840/994/423 1839/995/423 1837/993/422
f 1840/994/423 1842/996/424 1841/3/424 1839/995/423
f 1842/996/424 1844/997/425 1843/998/425 1841/3/424
f 1844/997/425 1846/999/426 1845/1000/426 1843/998/425
f 1846/999/426 1848/1001/427 1847/1002/427 1845/1000/426
f 1848/1001/427 1850/1003/428 1849/1004/428 1847/1002/427
f 1850/1003/428 1852/1005/429 1851/1006/429 1849/1004/428
f 1852/1005/429 1854/1007/430 1853/1008/430 1851/1006/429
f 1854/1007/430 1856/1009/431 1855/1010/431 1853/1008/430
f 1856/1009/431 1858/1011/432 1857/1012/432 1855/1010/431
f 1858/1011/432 1860/1013/433 1859/1014/433 1857/1012/432
f 1860/1013/433 1862/1015/434 1861/1016/434 1859/1014/433
f 1862/1015/434 1864/1017/435 1863/1018/435 1861/1016/434
f 1864/1017/435 1578/750/293 1577/4/293 1863/1018/435
f 1866/460/436 1868/1019/437 1867/1020/437 1865/5/436
f 1868/1019/437 1870/1021/438 1869/346/438 1867/1020/437
f 1870/1021/438 1872/1022/439 1871/1023/439 1869/346/438
f 1872/1022/439 1874/1024/440 1873/385/440 1871/1023/439
f 1874/1024/440 1876/605/441 1875/8/441 1873/385/440
f 1876/605/441 1878/1025/439 1877/439/439 1875/8/441
f 1878/1025/439 1880/1026/442 1879/1027/442 1877/439/439
f 1880/1026/442 1882/1028/437 1881/450/437 1879/1027/442
f 1882/1028/437 1884/1029/443 1883/1030/443 1881/450/437
f 1884/1029/443 1866/750/436 1865/4/436 1883/1030/443
f 1886/460/442 1888/783/437 1887/784/437 1885/5/442
f 1888/783/437 1890/817/438 1889/7/438 1887/784/437
f 1890/817/438 1892/851/439 1891/852/439 1889/7/438
f 1892/851/439 1894/605/439 1893/8/439 1891/852/439
f 1894/605/439 1896/917/439 1895/918/439 1893/8/439
f 1896/917/439 1898/952/442 1897/12/442 1895/918/439
f 1898/952/442 1900/985/442 1899/986/442 1897/12/442
f 1900/985/442 1886/750/442 1885/4/442 1899/986/442
f 1902/460/439 1904/1031/439 1903/1032/439 1901/5/439
f 1904/1031/439 1906/1033/444 1905/1034/444 1903/1032/439
f 1906/1033/444 1908/1035/438 1907/1036/438 1905/1034/444
f 1908/1035/438 1910/1037/445 1909/1038/445 1907/1036/438
f 1910/1037/445 1912/1039/446 1911/1040/446 1909/1038/445
f 1912/1039/446 1914/1041/447 1913/1042/447 1911/1040/446
f 1914/1041/447 1916/1043/448 1915/1044/448 1913/1042/447
f 1916/1043/448 1918/1045/448 1917/1046/448 1915/1044/448
f 1918/1045/448 1920/1047/439 1919/1048/439 1917/1046/448
f 1920/1047/439 1922/1049/442 1921/1050/442 1919/1048/439
f 1922/1049/442 1924/1051/437 1923/1052/437 1921/1050/442
f 1924/1051/437 1926/1053/438 1925/1054/438 1923/1052/437
f 1926/1053/438 1902/750/439 1901/4/439 1925/1054/438
f 1928/460/449 1930/773/450 1929/2/450 1927/5/449
f 1930/773/450 1932/795/451 1931/6/451 1929/2/450
f 1932/795/451 1934/817/452 1933/7/452 1931/6/451
f 1934/817/452 1936/840/453 1935/9/453 1933/7/452
f 1936/840/453 1938/863/454 1937/10/454 1935/9/453
f 1938/863/454 1940/605/455 1939/8/455 1937/10/454
f 1940/605/455 1942/906/456 1941/11/456 1939/8/455
f 1942/906/456 1944/929/457 1943/13/457 1941/11/456
f 1944/929/457 1946/952/458 1945/12/458 1943/13/457
f 1946/952/458 1948/974/459 1947/1/459 1945/12/458
f 1948/974/459 1950/996/444 1949/3/444 1947/1/459
f 1950/996/444 1928/750/449 1927/4/449 1949/3/444
f 1952/460/442 1954/783/437 1953/784/437 1951/5/442
f 1954/783/437 1956/817/438 1955/7/438 1953/784/437
f 1956/817/438 1958/851/439 1957/852/439 1955/7/438
f 1958/851/439 1960/605/439 1959/8/439 1957/852/439
f 1960/605/439 1962/917/439 1961/918/439 1959/8/439
f 1962/917/439 1964/952/442 1963/12/442 1961/918/439
f 1964/952/442 1966/985/442 1965/986/442 1963/12/442
f 1966/985/442 1952/750/442 1951/4/442 1965/986/442
f 1968/460/439 1970/1031/439 1969/1032/439 1967/5/439
f 1970/1031/439 1972/1033/444 1971/1034/444 1969/1032/439
f 1972/1033/444 1974/1035/438 1973/1036/438 1971/1034/444
f 1974/1035/438 1976/1037/445 1975/1038/445 1973/1036/438
f 1976/1037/445 1978/1039/446 1977/1040/446 1975/1038/445
f 1978/1039/446 1980/1041/447 1979/1042/447 1977/1040/446
f 1980/1041/447 1982/1043/448 1981/1044/448 1979/1042/447
f 1982/1043/448 1984/1045/448 1983/1046/448 1981/1044/448
f 1984/1045/448 1986/1047/439 1985/1048/439 1983/1046/448
f 1986/1047/439 1988/1049/442 1987/1050/442 1985/1048/439
f 1988/1049/442 1990/1051/437 1989/1052/437 1987/1050/442
f 1990/1051/437 1992/1053/438 1991/1054/438 1989/1052/437
f 1992/1053/438 1968/750/439 1967/4/439 1991/1054/438
