# Blender 4.3.2
# www.blender.org
mtllib Outils.mtl
o EditText
v 5.134769 0.561494 0.200000
v 5.130958 0.563901 0.200000
v 5.126986 0.566201 0.200000
v 5.122853 0.568395 0.200000
v 5.118560 0.570481 0.200000
v 5.114106 0.572460 0.200000
v 5.109492 0.574333 0.200000
v 5.104718 0.576098 0.200000
v 5.099783 0.577756 0.200000
v 5.094687 0.579308 0.200000
v 5.089432 0.580752 0.200000
v 5.084015 0.582090 0.200000
v 5.078263 0.583350 0.200000
v 5.071999 0.584564 0.200000
v 5.065223 0.585731 0.200000
v 5.057936 0.586851 0.200000
v 5.050138 0.587924 0.200000
v 5.041827 0.588950 0.200000
v 5.033005 0.589930 0.200000
v 5.023672 0.590863 0.200000
v 5.013827 0.591749 0.200000
v 5.003470 0.592588 0.200000
v 4.992602 0.593381 0.200000
v 4.981223 0.594126 0.200000
v 4.970425 0.593459 0.200000
v 4.960179 0.592742 0.200000
v 4.950484 0.591975 0.200000
v 4.941341 0.591157 0.200000
v 4.932750 0.590290 0.200000
v 4.924711 0.589372 0.200000
v 4.917223 0.588404 0.200000
v 4.910287 0.587386 0.200000
v 4.903903 0.586317 0.200000
v 4.898070 0.585199 0.200000
v 4.892789 0.584031 0.200000
v 4.888060 0.582812 0.200000
v 4.883690 0.581518 0.200000
v 4.879487 0.580124 0.200000
v 4.875452 0.578629 0.200000
v 4.871583 0.577034 0.200000
v 4.867882 0.575339 0.200000
v 4.864347 0.573544 0.200000
v 4.860981 0.571648 0.200000
v 4.857781 0.569652 0.200000
v 4.854748 0.567555 0.200000
v 4.851883 0.565359 0.200000
v 4.849185 0.563062 0.200000
v 4.846653 0.560664 0.200000
v 4.844305 0.558212 0.200000
v 4.842154 0.555749 0.200000
v 4.840199 0.553277 0.200000
v 4.838442 0.550794 0.200000
v 4.836883 0.548302 0.200000
v 4.835520 0.545799 0.200000
v 4.834355 0.543287 0.200000
v 4.833387 0.540764 0.200000
v 4.832616 0.538231 0.200000
v 4.832043 0.535688 0.200000
v 4.831666 0.533136 0.200000
v 4.831488 0.530573 0.200000
v 4.831663 0.528014 0.200000
v 4.832029 0.525471 0.200000
v 4.832586 0.522945 0.200000
v 4.833333 0.520436 0.200000
v 4.834271 0.517943 0.200000
v 4.835399 0.515467 0.200000
v 4.836718 0.513008 0.200000
v 4.838228 0.510565 0.200000
v 4.839928 0.508140 0.200000
v 4.841819 0.505731 0.200000
v 4.843900 0.503338 0.200000
v 4.846172 0.500963 0.200000
v 4.848625 0.498639 0.200000
v 4.851248 0.496402 0.200000
v 4.854041 0.494253 0.200000
v 4.857005 0.492190 0.200000
v 4.860140 0.490214 0.200000
v 4.863445 0.488324 0.200000
v 4.866920 0.486522 0.200000
v 4.870566 0.484807 0.200000
v 4.874383 0.483179 0.200000
v 4.878370 0.481637 0.200000
v 4.882528 0.480183 0.200000
v 4.886856 0.478816 0.200000
v 4.891293 0.477548 0.200000
v 4.895777 0.476395 0.200000
v 4.900307 0.475355 0.200000
v 4.904884 0.474429 0.200000
v 4.909508 0.473616 0.200000
v 4.914179 0.472918 0.200000
v 4.918897 0.472333 0.200000
v 4.923661 0.471861 0.200000
v 4.928473 0.471503 0.200000
v 4.933331 0.471259 0.200000
v 4.938235 0.471129 0.200000
v 4.943187 0.471112 0.200000
v 4.948336 0.471151 0.200000
v 4.953833 0.471186 0.200000
v 4.959677 0.471218 0.200000
v 4.965869 0.471246 0.200000
v 4.972409 0.471271 0.200000
v 4.979297 0.471293 0.200000
v 4.986532 0.471311 0.200000
v 4.994115 0.471326 0.200000
v 5.002046 0.471338 0.200000
v 5.010324 0.471346 0.200000
v 5.018950 0.471351 0.200000
v 5.027925 0.471353 0.200000
v 5.046134 0.470786 0.200000
v 5.063527 0.470209 0.200000
v 5.080104 0.469623 0.200000
v 5.095865 0.469026 0.200000
v 5.110811 0.468419 0.200000
v 5.124940 0.467802 0.200000
v 5.138254 0.467175 0.200000
v 5.150752 0.466538 0.200000
v 5.162434 0.465891 0.200000
v 5.173300 0.465234 0.200000
v 5.183351 0.464567 0.200000
v 5.192585 0.463890 0.200000
v 5.201245 0.463208 0.200000
v 5.209570 0.462526 0.200000
v 5.217561 0.461844 0.200000
v 5.225217 0.461162 0.200000
v 5.232540 0.460480 0.200000
v 5.239528 0.459798 0.200000
v 5.246181 0.459116 0.200000
v 5.252501 0.458434 0.200000
v 5.258485 0.457752 0.200000
v 5.264136 0.457070 0.200000
v 5.269452 0.456387 0.200000
v 5.274434 0.455705 0.200000
v 5.279373 0.454916 0.200000
v 5.284558 0.453913 0.200000
v 5.289991 0.452696 0.200000
v 5.295672 0.451265 0.200000
v 5.301600 0.449620 0.200000
v 5.307775 0.447761 0.200000
v 5.314198 0.445688 0.200000
v 5.320869 0.443401 0.200000
v 5.327786 0.440900 0.200000
v 5.334951 0.438185 0.200000
v 5.342364 0.435257 0.200000
v 5.350024 0.432114 0.200000
v 5.357659 0.428844 0.200000
v 5.365002 0.425534 0.200000
v 5.372050 0.422183 0.200000
v 5.378804 0.418793 0.200000
v 5.385263 0.415363 0.200000
v 5.391429 0.411892 0.200000
v 5.397300 0.408381 0.200000
v 5.402877 0.404831 0.200000
v 5.408160 0.401240 0.200000
v 5.413149 0.397609 0.200000
v 5.417843 0.393938 0.200000
v 5.422244 0.390226 0.200000
v 5.426424 0.386408 0.200000
v 5.430461 0.382416 0.200000
v 5.434355 0.378250 0.200000
v 5.438105 0.373910 0.200000
v 5.441710 0.369396 0.200000
v 5.445173 0.364709 0.200000
v 5.448491 0.359847 0.200000
v 5.451666 0.354812 0.200000
v 5.454697 0.349603 0.200000
v 5.457584 0.344220 0.200000
v 5.460327 0.338663 0.200000
v 5.462927 0.332932 0.200000
v 5.465298 0.327111 0.200000
v 5.467354 0.321283 0.200000
v 5.469096 0.315449 0.200000
v 5.470523 0.309608 0.200000
v 5.471637 0.303760 0.200000
v 5.472436 0.297906 0.200000
v 5.472921 0.292044 0.200000
v 5.473092 0.286177 0.200000
v 5.472948 0.280302 0.200000
v 5.472490 0.274421 0.200000
v 5.471717 0.268533 0.200000
v 5.470631 0.262638 0.200000
v 5.469246 0.256742 0.200000
v 5.467587 0.250849 0.200000
v 5.465649 0.244960 0.200000
v 5.463434 0.239073 0.200000
v 5.460942 0.233191 0.200000
v 5.458172 0.227311 0.200000
v 5.455124 0.221435 0.200000
v 5.451799 0.215562 0.200000
v 5.448197 0.209692 0.200000
v 5.444317 0.203826 0.200000
v 5.440159 0.197963 0.200000
v 5.435724 0.192104 0.200000
v 5.430870 0.186245 0.200000
v 5.425448 0.180382 0.200000
v 5.419461 0.174516 0.200000
v 5.412910 0.168646 0.200000
v 5.405793 0.162773 0.200000
v 5.398111 0.156897 0.200000
v 5.389864 0.151017 0.200000
v 5.381052 0.145135 0.200000
v 5.371675 0.139248 0.200000
v 5.361733 0.133359 0.200000
v 5.351226 0.127466 0.200000
v 5.340154 0.121570 0.200000
v 5.328908 0.115835 0.200000
v 5.317880 0.110429 0.200000
v 5.307068 0.105350 0.200000
v 5.296474 0.100599 0.200000
v 5.286098 0.096176 0.200000
v 5.275939 0.092080 0.200000
v 5.265997 0.088312 0.200000
v 5.256272 0.084871 0.200000
v 5.246765 0.081759 0.200000
v 5.237475 0.078973 0.200000
v 5.228403 0.076516 0.200000
v 5.219547 0.074386 0.200000
v 5.210801 0.072475 0.200000
v 5.202059 0.070675 0.200000
v 5.193321 0.068985 0.200000
v 5.184587 0.067405 0.200000
v 5.175855 0.065935 0.200000
v 5.167127 0.064576 0.200000
v 5.158402 0.063328 0.200000
v 5.149681 0.062189 0.200000
v 5.140963 0.061161 0.200000
v 5.132248 0.060243 0.200000
v 5.123537 0.059436 0.200000
v 5.114829 0.058739 0.200000
v 5.105730 0.058123 0.200000
v 5.095845 0.057562 0.200000
v 5.085174 0.057053 0.200000
v 5.073718 0.056599 0.200000
v 5.061475 0.056198 0.200000
v 5.048447 0.055850 0.200000
v 5.034634 0.055556 0.200000
v 5.020034 0.055315 0.200000
v 5.004649 0.055128 0.200000
v 4.988478 0.054994 0.200000
v 4.971521 0.054914 0.200000
v 4.953779 0.054887 0.200000
v 4.934046 0.056184 0.200000
v 4.915128 0.057508 0.200000
v 4.897027 0.058859 0.200000
v 4.879741 0.060236 0.200000
v 4.863271 0.061641 0.200000
v 4.847617 0.063072 0.200000
v 4.832778 0.064530 0.200000
v 4.818756 0.066014 0.200000
v 4.805549 0.067525 0.200000
v 4.793158 0.069063 0.200000
v 4.781582 0.070628 0.200000
v 4.770823 0.072220 0.200000
v 4.760592 0.073866 0.200000
v 4.750602 0.075596 0.200000
v 4.740852 0.077410 0.200000
v 4.731343 0.079308 0.200000
v 4.722075 0.081289 0.200000
v 4.713048 0.083353 0.200000
v 4.704261 0.085502 0.200000
v 4.695715 0.087733 0.200000
v 4.687410 0.090049 0.200000
v 4.679345 0.092448 0.200000
v 4.671521 0.094930 0.200000
v 4.663938 0.097496 0.200000
v 4.656504 0.100201 0.200000
v 4.649127 0.103100 0.200000
v 4.641806 0.106193 0.200000
v 4.634542 0.109479 0.200000
v 4.627336 0.112960 0.200000
v 4.620185 0.116635 0.200000
v 4.613092 0.120503 0.200000
v 4.606056 0.124565 0.200000
v 4.599076 0.128822 0.200000
v 4.592154 0.133272 0.200000
v 4.585288 0.137916 0.200000
v 4.578478 0.142754 0.200000
v 4.571832 0.147662 0.200000
v 4.565453 0.152517 0.200000
v 4.559340 0.157318 0.200000
v 4.553496 0.162066 0.200000
v 4.547919 0.166760 0.200000
v 4.542609 0.171401 0.200000
v 4.537567 0.175988 0.200000
v 4.532793 0.180522 0.200000
v 4.528286 0.185002 0.200000
v 4.524046 0.189429 0.200000
v 4.520074 0.193802 0.200000
v 4.516369 0.198122 0.200000
v 4.512946 0.202470 0.200000
v 4.509822 0.206929 0.200000
v 4.506995 0.211498 0.200000
v 4.504466 0.216177 0.200000
v 4.502234 0.220967 0.200000
v 4.500300 0.225867 0.200000
v 4.498664 0.230877 0.200000
v 4.497325 0.235997 0.200000
v 4.496284 0.241228 0.200000
v 4.495540 0.246570 0.200000
v 4.495093 0.252021 0.200000
v 4.494945 0.257583 0.200000
v 4.809340 0.257583 0.200000
v 4.810080 0.254525 0.200000
v 4.811012 0.251451 0.200000
v 4.812139 0.248360 0.200000
v 4.813460 0.245252 0.200000
v 4.814974 0.242128 0.200000
v 4.816683 0.238986 0.200000
v 4.818585 0.235829 0.200000
v 4.820682 0.232654 0.200000
v 4.822972 0.229463 0.200000
v 4.825456 0.226254 0.200000
v 4.828134 0.223030 0.200000
v 4.831006 0.219788 0.200000
v 4.833999 0.216603 0.200000
v 4.837038 0.213549 0.200000
v 4.840124 0.210625 0.200000
v 4.843257 0.207832 0.200000
v 4.846437 0.205169 0.200000
v 4.849663 0.202636 0.200000
v 4.852936 0.200234 0.200000
v 4.856256 0.197962 0.200000
v 4.859623 0.195820 0.200000
v 4.863037 0.193809 0.200000
v 4.866498 0.191928 0.200000
v 4.870005 0.190178 0.200000
v 4.873586 0.188543 0.200000
v 4.877267 0.187009 0.200000
v 4.881048 0.185574 0.200000
v 4.884930 0.184240 0.200000
v 4.888912 0.183006 0.200000
v 4.892994 0.181873 0.200000
v 4.897177 0.180840 0.200000
v 4.901460 0.179907 0.200000
v 4.905843 0.179074 0.200000
v 4.910327 0.178342 0.200000
v 4.914911 0.177710 0.200000
v 4.919595 0.177179 0.200000
v 4.924419 0.176711 0.200000
v 4.929425 0.176269 0.200000
v 4.934610 0.175855 0.200000
v 4.939977 0.175467 0.200000
v 4.945524 0.175106 0.200000
v 4.951251 0.174771 0.200000
v 4.957159 0.174464 0.200000
v 4.963248 0.174183 0.200000
v 4.969517 0.173929 0.200000
v 4.975966 0.173701 0.200000
v 4.982597 0.173501 0.200000
v 4.989408 0.173327 0.200000
v 4.998359 0.174686 0.200000
v 5.006915 0.176035 0.200000
v 5.015076 0.177374 0.200000
v 5.022843 0.178703 0.200000
v 5.030215 0.180022 0.200000
v 5.037193 0.181331 0.200000
v 5.043777 0.182630 0.200000
v 5.049965 0.183919 0.200000
v 5.055759 0.185198 0.200000
v 5.061159 0.186467 0.200000
v 5.066164 0.187726 0.200000
v 5.070775 0.188974 0.200000
v 5.075107 0.190268 0.200000
v 5.079274 0.191663 0.200000
v 5.083278 0.193157 0.200000
v 5.087118 0.194752 0.200000
v 5.090794 0.196447 0.200000
v 5.094306 0.198243 0.200000
v 5.097655 0.200138 0.200000
v 5.100840 0.202134 0.200000
v 5.103860 0.204231 0.200000
v 5.106718 0.206428 0.200000
v 5.109411 0.208725 0.200000
v 5.111940 0.211122 0.200000
v 5.114285 0.213571 0.200000
v 5.116427 0.216023 0.200000
v 5.118364 0.218479 0.200000
v 5.120098 0.220938 0.200000
v 5.121628 0.223401 0.200000
v 5.122953 0.225867 0.200000
v 5.124075 0.228336 0.200000
v 5.124993 0.230808 0.200000
v 5.125707 0.233284 0.200000
v 5.126216 0.235763 0.200000
v 5.126523 0.238246 0.200000
v 5.126625 0.240732 0.200000
v 5.126522 0.243295 0.200000
v 5.126211 0.245847 0.200000
v 5.125692 0.248390 0.200000
v 5.124967 0.250923 0.200000
v 5.124034 0.253445 0.200000
v 5.122894 0.255958 0.200000
v 5.121546 0.258461 0.200000
v 5.119991 0.260953 0.200000
v 5.118229 0.263436 0.200000
v 5.116260 0.265908 0.200000
v 5.114083 0.268371 0.200000
v 5.111699 0.270823 0.200000
v 5.109133 0.273224 0.200000
v 5.106410 0.275531 0.200000
v 5.103529 0.277744 0.200000
v 5.100492 0.279864 0.200000
v 5.097297 0.281890 0.200000
v 5.093946 0.283823 0.200000
v 5.090436 0.285662 0.200000
v 5.086771 0.287407 0.200000
v 5.082947 0.289059 0.200000
v 5.078967 0.290617 0.200000
v 5.074829 0.292081 0.200000
v 5.070534 0.293452 0.200000
v 5.066146 0.294714 0.200000
v 5.061728 0.295853 0.200000
v 5.057279 0.296868 0.200000
v 5.052801 0.297759 0.200000
v 5.048292 0.298526 0.200000
v 5.043753 0.299170 0.200000
v 5.039184 0.299689 0.200000
v 5.034585 0.300086 0.200000
v 5.029956 0.300358 0.200000
v 5.025297 0.300507 0.200000
v 5.020607 0.300532 0.200000
v 5.015888 0.300433 0.200000
v 4.977341 0.301553 0.200000
v 4.940820 0.302827 0.200000
v 4.906325 0.304255 0.200000
v 4.873857 0.305836 0.200000
v 4.843414 0.307572 0.200000
v 4.814998 0.309461 0.200000
v 4.788608 0.311504 0.200000
v 4.764244 0.313700 0.200000
v 4.741906 0.316051 0.200000
v 4.721594 0.318555 0.200000
v 4.703308 0.321213 0.200000
v 4.687048 0.324025 0.200000
v 4.672087 0.327081 0.200000
v 4.657698 0.330471 0.200000
v 4.643881 0.334196 0.200000
v 4.630636 0.338255 0.200000
v 4.617963 0.342648 0.200000
v 4.605861 0.347376 0.200000
v 4.594331 0.352438 0.200000
v 4.583373 0.357834 0.200000
v 4.572987 0.363565 0.200000
v 4.563172 0.369630 0.200000
v 4.553929 0.376030 0.200000
v 4.545258 0.382764 0.200000
v 4.537222 0.389705 0.200000
v 4.529885 0.396726 0.200000
v 4.523246 0.403828 0.200000
v 4.517306 0.411009 0.200000
v 4.512065 0.418272 0.200000
v 4.507523 0.425614 0.200000
v 4.503680 0.433036 0.200000
v 4.500535 0.440539 0.200000
v 4.498089 0.448122 0.200000
v 4.496342 0.455786 0.200000
v 4.495294 0.463529 0.200000
v 4.494945 0.471353 0.200000
v 4.495131 0.479165 0.200000
v 4.495693 0.486873 0.200000
v 4.496629 0.494478 0.200000
v 4.497940 0.501979 0.200000
v 4.499625 0.509377 0.200000
v 4.501685 0.516671 0.200000
v 4.504119 0.523861 0.200000
v 4.506927 0.530947 0.200000
v 4.510110 0.537930 0.200000
v 4.513668 0.544810 0.200000
v 4.517600 0.551585 0.200000
v 4.521906 0.558257 0.200000
v 4.526723 0.564845 0.200000
v 4.532185 0.571370 0.200000
v 4.538291 0.577832 0.200000
v 4.545043 0.584229 0.200000
v 4.552441 0.590564 0.200000
v 4.560484 0.596834 0.200000
v 4.569172 0.603042 0.200000
v 4.578505 0.609185 0.200000
v 4.588484 0.615265 0.200000
v 4.599108 0.621282 0.200000
v 4.610377 0.627235 0.200000
v 4.622292 0.633125 0.200000
v 4.634818 0.638849 0.200000
v 4.647923 0.644305 0.200000
v 4.661606 0.649494 0.200000
v 4.675868 0.654416 0.200000
v 4.690708 0.659070 0.200000
v 4.706127 0.663457 0.200000
v 4.722124 0.667576 0.200000
v 4.738699 0.671428 0.200000
v 4.755853 0.675012 0.200000
v 4.773585 0.678329 0.200000
v 4.791895 0.681378 0.200000
v 4.810784 0.684160 0.200000
v 4.829625 0.686671 0.200000
v 4.847790 0.688908 0.200000
v 4.865280 0.690870 0.200000
v 4.882095 0.692559 0.200000
v 4.898234 0.693973 0.200000
v 4.913698 0.695113 0.200000
v 4.928486 0.695979 0.200000
v 4.942599 0.696571 0.200000
v 4.956036 0.696889 0.200000
v 4.968798 0.696932 0.200000
v 4.980885 0.696701 0.200000
v 4.992296 0.696196 0.200000
v 5.001183 0.696100 0.200000
v 5.010993 0.695809 0.200000
v 5.021726 0.695324 0.200000
v 5.033381 0.694645 0.200000
v 5.045959 0.693772 0.200000
v 5.059461 0.692706 0.200000
v 5.073884 0.691445 0.200000
v 5.089231 0.689991 0.200000
v 5.105501 0.688343 0.200000
v 5.122693 0.686500 0.200000
v 5.140808 0.684464 0.200000
v 5.159846 0.682234 0.200000
v 5.178907 0.679842 0.200000
v 5.197093 0.677319 0.200000
v 5.214402 0.674666 0.200000
v 5.230835 0.671883 0.200000
v 5.246392 0.668969 0.200000
v 5.261074 0.665924 0.200000
v 5.274879 0.662750 0.200000
v 5.287808 0.659445 0.200000
v 5.299862 0.656009 0.200000
v 5.311039 0.652443 0.200000
v 5.321340 0.648747 0.200000
v 5.330765 0.644921 0.200000
v 5.339680 0.640943 0.200000
v 5.348446 0.636796 0.200000
v 5.357066 0.632478 0.200000
v 5.365538 0.627989 0.200000
v 5.373863 0.623330 0.200000
v 5.382041 0.618500 0.200000
v 5.390072 0.613500 0.200000
v 5.397956 0.608329 0.200000
v 5.405693 0.602988 0.200000
v 5.413283 0.597476 0.200000
v 5.420725 0.591794 0.200000
v 5.428021 0.585941 0.200000
v 5.435019 0.579923 0.200000
v 5.441568 0.573744 0.200000
v 5.447670 0.567405 0.200000
v 5.453324 0.560905 0.200000
v 5.458530 0.554245 0.200000
v 5.463288 0.547424 0.200000
v 5.467597 0.540443 0.200000
v 5.471459 0.533301 0.200000
v 5.474873 0.525999 0.200000
v 5.477839 0.518536 0.200000
v 5.480357 0.510913 0.200000
v 5.482427 0.503130 0.200000
v 5.186326 0.503130 0.200000
v 5.181948 0.509696 0.200000
v 5.177639 0.515915 0.200000
v 5.173402 0.521786 0.200000
v 5.169234 0.527310 0.200000
v 5.165137 0.532485 0.200000
v 5.161109 0.537313 0.200000
v 5.157153 0.541794 0.200000
v 5.153266 0.545926 0.200000
v 5.149449 0.549711 0.200000
v 5.145703 0.553148 0.200000
v 5.142026 0.556238 0.200000
v 5.138421 0.558979 0.200000
v 3.970149 0.678864 0.200000
v 3.970149 0.244102 0.200000
v 4.422725 0.244102 0.200000
v 4.422725 0.065961 0.200000
v 3.669234 0.065961 0.200000
v 3.669234 0.678864 0.200000
v 3.597015 0.065961 0.200000
v 3.311025 0.065961 0.200000
v 3.311025 0.678864 0.200000
v 3.597015 0.678864 0.200000
v 2.272990 0.496389 0.200000
v 2.272990 0.678864 0.200000
v 3.238806 0.678864 0.200000
v 3.238806 0.496389 0.200000
v 2.896485 0.496389 0.200000
v 2.896485 0.065961 0.200000
v 2.606163 0.065961 0.200000
v 2.606163 0.496389 0.200000
v 1.223399 0.311507 0.200000
v 1.223399 0.678864 0.200000
v 1.488686 0.678864 0.200000
v 1.488686 0.328840 0.200000
v 1.490087 0.311303 0.200000
v 1.494289 0.295284 0.200000
v 1.501294 0.280784 0.200000
v 1.511100 0.267801 0.200000
v 1.523709 0.256336 0.200000
v 1.539119 0.246389 0.200000
v 1.557331 0.237960 0.200000
v 1.578345 0.231049 0.200000
v 1.602161 0.225656 0.200000
v 1.628778 0.221781 0.200000
v 1.658198 0.219424 0.200000
v 1.690419 0.218584 0.200000
v 1.716998 0.218859 0.200000
v 1.741849 0.219521 0.200000
v 1.764971 0.220571 0.200000
v 1.786364 0.222008 0.200000
v 1.806029 0.223834 0.200000
v 1.823965 0.226047 0.200000
v 1.840173 0.228648 0.200000
v 1.854652 0.231637 0.200000
v 1.867402 0.235014 0.200000
v 1.878424 0.238779 0.200000
v 1.887717 0.242932 0.200000
v 1.895282 0.247472 0.200000
v 1.901703 0.252377 0.200000
v 1.907566 0.257623 0.200000
v 1.912870 0.263210 0.200000
v 1.917616 0.269138 0.200000
v 1.921804 0.275407 0.200000
v 1.925433 0.282017 0.200000
v 1.928504 0.288968 0.200000
v 1.931017 0.296261 0.200000
v 1.932971 0.303894 0.200000
v 1.934367 0.311868 0.200000
v 1.935205 0.320183 0.200000
v 1.935484 0.328840 0.200000
v 1.935484 0.678864 0.200000
v 2.200770 0.678864 0.200000
v 2.200770 0.330766 0.200000
v 2.200553 0.319571 0.200000
v 2.199901 0.308618 0.200000
v 2.198814 0.297906 0.200000
v 2.197293 0.287434 0.200000
v 2.195337 0.277203 0.200000
v 2.192946 0.267212 0.200000
v 2.190121 0.257463 0.200000
v 2.186861 0.247954 0.200000
v 2.183167 0.238686 0.200000
v 2.179037 0.229658 0.200000
v 2.174474 0.220871 0.200000
v 2.169475 0.212325 0.200000
v 2.164055 0.204025 0.200000
v 2.158228 0.195976 0.200000
v 2.151992 0.188177 0.200000
v 2.145349 0.180629 0.200000
v 2.138297 0.173332 0.200000
v 2.130838 0.166285 0.200000
v 2.122970 0.159490 0.200000
v 2.114695 0.152945 0.200000
v 2.106012 0.146651 0.200000
v 2.096921 0.140607 0.200000
v 2.087422 0.134815 0.200000
v 2.077516 0.129273 0.200000
v 2.067216 0.123972 0.200000
v 2.056539 0.118901 0.200000
v 2.045483 0.114062 0.200000
v 2.034050 0.109453 0.200000
v 2.022239 0.105074 0.200000
v 2.010051 0.100927 0.200000
v 1.997484 0.097010 0.200000
v 1.984540 0.093324 0.200000
v 1.971218 0.089868 0.200000
v 1.957518 0.086643 0.200000
v 1.943440 0.083649 0.200000
v 1.928984 0.080886 0.200000
v 1.914157 0.078348 0.200000
v 1.898966 0.076031 0.200000
v 1.883411 0.073935 0.200000
v 1.867491 0.072059 0.200000
v 1.851206 0.070404 0.200000
v 1.834557 0.068970 0.200000
v 1.817544 0.067756 0.200000
v 1.800166 0.066763 0.200000
v 1.782423 0.065991 0.200000
v 1.764317 0.065439 0.200000
v 1.745846 0.065108 0.200000
v 1.727010 0.064998 0.200000
v 1.707519 0.065103 0.200000
v 1.688366 0.065419 0.200000
v 1.669550 0.065945 0.200000
v 1.651073 0.066683 0.200000
v 1.632932 0.067631 0.200000
v 1.615130 0.068789 0.200000
v 1.597665 0.070158 0.200000
v 1.580538 0.071738 0.200000
v 1.563749 0.073529 0.200000
v 1.547297 0.075530 0.200000
v 1.531183 0.077741 0.200000
v 1.515407 0.080164 0.200000
v 1.499998 0.082797 0.200000
v 1.484988 0.085640 0.200000
v 1.470375 0.088695 0.200000
v 1.456160 0.091960 0.200000
v 1.442343 0.095435 0.200000
v 1.428924 0.099121 0.200000
v 1.415903 0.103018 0.200000
v 1.403279 0.107126 0.200000
v 1.391054 0.111444 0.200000
v 1.379226 0.115973 0.200000
v 1.367796 0.120712 0.200000
v 1.356765 0.125662 0.200000
v 1.346146 0.130828 0.200000
v 1.335955 0.136214 0.200000
v 1.326192 0.141821 0.200000
v 1.316857 0.147649 0.200000
v 1.307950 0.153697 0.200000
v 1.299470 0.159966 0.200000
v 1.291419 0.166456 0.200000
v 1.283796 0.173166 0.200000
v 1.276601 0.180097 0.200000
v 1.269834 0.187249 0.200000
v 1.263494 0.194622 0.200000
v 1.257583 0.202215 0.200000
v 1.252123 0.210035 0.200000
v 1.247138 0.218090 0.200000
v 1.242628 0.226378 0.200000
v 1.238592 0.234901 0.200000
v 1.235031 0.243657 0.200000
v 1.231945 0.252648 0.200000
v 1.229334 0.261873 0.200000
v 1.227197 0.271332 0.200000
v 1.225536 0.281024 0.200000
v 1.224349 0.290951 0.200000
v 1.223637 0.301112 0.200000
v 0.319210 0.649976 0.200000
v 0.341488 0.656589 0.200000
v 0.363866 0.662628 0.200000
v 0.386345 0.668091 0.200000
v 0.408923 0.672979 0.200000
v 0.431602 0.677292 0.200000
v 0.454381 0.681030 0.200000
v 0.477261 0.684193 0.200000
v 0.500241 0.686781 0.200000
v 0.523321 0.688794 0.200000
v 0.546501 0.690232 0.200000
v 0.569782 0.691094 0.200000
v 0.593163 0.691382 0.200000
v 0.616618 0.691094 0.200000
v 0.639959 0.690232 0.200000
v 0.663186 0.688794 0.200000
v 0.686300 0.686781 0.200000
v 0.709300 0.684193 0.200000
v 0.732186 0.681030 0.200000
v 0.754958 0.677292 0.200000
v 0.777617 0.672979 0.200000
v 0.800162 0.668091 0.200000
v 0.822594 0.662628 0.200000
v 0.844912 0.656589 0.200000
v 0.867116 0.649976 0.200000
v 0.888865 0.642831 0.200000
v 0.909819 0.635198 0.200000
v 0.929977 0.627076 0.200000
v 0.949339 0.618467 0.200000
v 0.967906 0.609369 0.200000
v 0.985676 0.599783 0.200000
v 1.002651 0.589709 0.200000
v 1.018831 0.579147 0.200000
v 1.034214 0.568097 0.200000
v 1.048802 0.556559 0.200000
v 1.062594 0.544532 0.200000
v 1.075590 0.532017 0.200000
v 1.087663 0.519208 0.200000
v 1.098687 0.506299 0.200000
v 1.108660 0.493290 0.200000
v 1.117584 0.480180 0.200000
v 1.125458 0.466970 0.200000
v 1.132282 0.453659 0.200000
v 1.138056 0.440248 0.200000
v 1.142781 0.426737 0.200000
v 1.146455 0.413126 0.200000
v 1.149080 0.399414 0.200000
v 1.150655 0.385602 0.200000
v 1.151180 0.371690 0.200000
v 1.150670 0.357860 0.200000
v 1.149140 0.344133 0.200000
v 1.146591 0.330510 0.200000
v 1.143021 0.316990 0.200000
v 1.138433 0.303575 0.200000
v 1.132824 0.290262 0.200000
v 1.126195 0.277054 0.200000
v 1.118547 0.263949 0.200000
v 1.109879 0.250948 0.200000
v 1.100191 0.238050 0.200000
v 1.089484 0.225256 0.200000
v 1.077756 0.212566 0.200000
v 1.065105 0.200160 0.200000
v 1.051624 0.188219 0.200000
v 1.037313 0.176742 0.200000
v 1.022174 0.165730 0.200000
v 1.006206 0.155183 0.200000
v 0.989408 0.145101 0.200000
v 0.971781 0.135484 0.200000
v 0.953325 0.126331 0.200000
v 0.934040 0.117643 0.200000
v 0.913925 0.109419 0.200000
v 0.892981 0.101661 0.200000
v 0.871208 0.094367 0.200000
v 0.848939 0.087600 0.200000
v 0.826506 0.081421 0.200000
v 0.803909 0.075831 0.200000
v 0.781148 0.070829 0.200000
v 0.758223 0.066415 0.200000
v 0.735135 0.062590 0.200000
v 0.711882 0.059354 0.200000
v 0.688466 0.056706 0.200000
v 0.664886 0.054646 0.200000
v 0.641142 0.053175 0.200000
v 0.617235 0.052292 0.200000
v 0.593163 0.051998 0.200000
v 0.569247 0.052292 0.200000
v 0.545485 0.053175 0.200000
v 0.521877 0.054646 0.200000
v 0.498422 0.056706 0.200000
v 0.475121 0.059354 0.200000
v 0.451974 0.062590 0.200000
v 0.428981 0.066415 0.200000
v 0.406141 0.070829 0.200000
v 0.383456 0.075831 0.200000
v 0.360924 0.081421 0.200000
v 0.338546 0.087600 0.200000
v 0.316322 0.094367 0.200000
v 0.294586 0.101661 0.200000
v 0.273672 0.109419 0.200000
v 0.253581 0.117643 0.200000
v 0.234312 0.126331 0.200000
v 0.215866 0.135484 0.200000
v 0.198243 0.145101 0.200000
v 0.181442 0.155183 0.200000
v 0.165463 0.165730 0.200000
v 0.150307 0.176742 0.200000
v 0.135973 0.188219 0.200000
v 0.122462 0.200160 0.200000
v 0.109774 0.212566 0.200000
v 0.098008 0.225256 0.200000
v 0.087265 0.238050 0.200000
v 0.077546 0.250948 0.200000
v 0.068849 0.263949 0.200000
v 0.061176 0.277054 0.200000
v 0.054526 0.290262 0.200000
v 0.048899 0.303575 0.200000
v 0.044295 0.316990 0.200000
v 0.040714 0.330510 0.200000
v 0.038156 0.344133 0.200000
v 0.036621 0.357860 0.200000
v 0.036110 0.371690 0.200000
v 0.036630 0.385602 0.200000
v 0.038189 0.399414 0.200000
v 0.040789 0.413126 0.200000
v 0.044428 0.426737 0.200000
v 0.049108 0.440248 0.200000
v 0.054827 0.453659 0.200000
v 0.061586 0.466970 0.200000
v 0.069384 0.480180 0.200000
v 0.078223 0.493290 0.200000
v 0.088101 0.506299 0.200000
v 0.099019 0.519208 0.200000
v 0.110977 0.532017 0.200000
v 0.123862 0.544532 0.200000
v 0.137558 0.556559 0.200000
v 0.152067 0.568097 0.200000
v 0.167389 0.579147 0.200000
v 0.183523 0.589709 0.200000
v 0.200469 0.599783 0.200000
v 0.218228 0.609369 0.200000
v 0.236800 0.618467 0.200000
v 0.256184 0.627076 0.200000
v 0.276380 0.635198 0.200000
v 0.297389 0.642831 0.200000
v 0.600385 0.534425 0.200000
v 0.589342 0.534273 0.200000
v 0.578358 0.533816 0.200000
v 0.567435 0.533055 0.200000
v 0.556572 0.531991 0.200000
v 0.545769 0.530621 0.200000
v 0.535026 0.528948 0.200000
v 0.524344 0.526970 0.200000
v 0.513722 0.524688 0.200000
v 0.503160 0.522102 0.200000
v 0.492658 0.519212 0.200000
v 0.482216 0.516017 0.200000
v 0.471834 0.512518 0.200000
v 0.461670 0.508745 0.200000
v 0.451880 0.504728 0.200000
v 0.442465 0.500466 0.200000
v 0.433424 0.495961 0.200000
v 0.424758 0.491212 0.200000
v 0.416466 0.486218 0.200000
v 0.408549 0.480980 0.200000
v 0.401006 0.475499 0.200000
v 0.393837 0.469773 0.200000
v 0.387043 0.463803 0.200000
v 0.380624 0.457589 0.200000
v 0.374579 0.451131 0.200000
v 0.368965 0.444521 0.200000
v 0.363839 0.437851 0.200000
v 0.359202 0.431121 0.200000
v 0.355053 0.424330 0.200000
v 0.351392 0.417479 0.200000
v 0.348219 0.410568 0.200000
v 0.345534 0.403597 0.200000
v 0.343337 0.396566 0.200000
v 0.341629 0.389474 0.200000
v 0.340408 0.382322 0.200000
v 0.339676 0.375110 0.200000
v 0.339432 0.367838 0.200000
v 0.339671 0.360645 0.200000
v 0.340388 0.353508 0.200000
v 0.341583 0.346428 0.200000
v 0.343257 0.339405 0.200000
v 0.345408 0.332439 0.200000
v 0.348038 0.325530 0.200000
v 0.351146 0.318677 0.200000
v 0.354732 0.311881 0.200000
v 0.358796 0.305143 0.200000
v 0.363338 0.298461 0.200000
v 0.368358 0.291836 0.200000
v 0.373857 0.285267 0.200000
v 0.379790 0.278846 0.200000
v 0.386114 0.272662 0.200000
v 0.392829 0.266716 0.200000
v 0.399936 0.261007 0.200000
v 0.407434 0.255535 0.200000
v 0.415323 0.250301 0.200000
v 0.423603 0.245304 0.200000
v 0.432274 0.240545 0.200000
v 0.441337 0.236023 0.200000
v 0.450790 0.231738 0.200000
v 0.460635 0.227691 0.200000
v 0.470871 0.223881 0.200000
v 0.481333 0.220343 0.200000
v 0.491855 0.217113 0.200000
v 0.502437 0.214191 0.200000
v 0.513080 0.211576 0.200000
v 0.523782 0.209269 0.200000
v 0.534545 0.207270 0.200000
v 0.545368 0.205578 0.200000
v 0.556251 0.204194 0.200000
v 0.567194 0.203117 0.200000
v 0.578198 0.202348 0.200000
v 0.589261 0.201887 0.200000
v 0.600385 0.201733 0.200000
v 0.611509 0.201887 0.200000
v 0.622573 0.202348 0.200000
v 0.633576 0.203117 0.200000
v 0.644519 0.204194 0.200000
v 0.655402 0.205578 0.200000
v 0.666225 0.207270 0.200000
v 0.676988 0.209269 0.200000
v 0.687691 0.211577 0.200000
v 0.698333 0.214191 0.200000
v 0.708915 0.217113 0.200000
v 0.719437 0.220343 0.200000
v 0.729899 0.223881 0.200000
v 0.740133 0.227691 0.200000
v 0.749973 0.231738 0.200000
v 0.759419 0.236023 0.200000
v 0.768469 0.240545 0.200000
v 0.777126 0.245304 0.200000
v 0.785388 0.250301 0.200000
v 0.793255 0.255535 0.200000
v 0.800728 0.261007 0.200000
v 0.807806 0.266716 0.200000
v 0.814489 0.272662 0.200000
v 0.820778 0.278846 0.200000
v 0.826673 0.285267 0.200000
v 0.832133 0.291836 0.200000
v 0.837118 0.298461 0.200000
v 0.841629 0.305143 0.200000
v 0.845664 0.311881 0.200000
v 0.849225 0.318677 0.200000
v 0.852311 0.325530 0.200000
v 0.854922 0.332439 0.200000
v 0.857059 0.339405 0.200000
v 0.858720 0.346428 0.200000
v 0.859907 0.353508 0.200000
v 0.860620 0.360645 0.200000
v 0.860857 0.367838 0.200000
v 0.860611 0.375110 0.200000
v 0.859874 0.382322 0.200000
v 0.858645 0.389474 0.200000
v 0.856925 0.396566 0.200000
v 0.854713 0.403597 0.200000
v 0.852010 0.410568 0.200000
v 0.848815 0.417479 0.200000
v 0.845129 0.424330 0.200000
v 0.840952 0.431121 0.200000
v 0.836282 0.437851 0.200000
v 0.831122 0.444521 0.200000
v 0.825469 0.451131 0.200000
v 0.819386 0.457589 0.200000
v 0.812931 0.463803 0.200000
v 0.806106 0.469773 0.200000
v 0.798909 0.475499 0.200000
v 0.791341 0.480981 0.200000
v 0.783401 0.486218 0.200000
v 0.775091 0.491212 0.200000
v 0.766410 0.495961 0.200000
v 0.757357 0.500466 0.200000
v 0.747934 0.504728 0.200000
v 0.738139 0.508745 0.200000
v 0.727973 0.512518 0.200000
v 0.717598 0.516017 0.200000
v 0.707176 0.519212 0.200000
v 0.696708 0.522102 0.200000
v 0.686193 0.524688 0.200000
v 0.675631 0.526970 0.200000
v 0.665022 0.528948 0.200000
v 0.654366 0.530621 0.200000
v 0.643663 0.531991 0.200000
v 0.632914 0.533055 0.200000
v 0.622118 0.533816 0.200000
v 0.611275 0.534273 0.200000
v 5.134769 0.561494 -0.200000
v 5.130958 0.563901 -0.200000
v 5.126986 0.566201 -0.200000
v 5.122853 0.568395 -0.200000
v 5.118560 0.570481 -0.200000
v 5.114106 0.572460 -0.200000
v 5.109492 0.574333 -0.200000
v 5.104718 0.576098 -0.200000
v 5.099783 0.577756 -0.200000
v 5.094687 0.579308 -0.200000
v 5.089432 0.580752 -0.200000
v 5.084015 0.582090 -0.200000
v 5.078263 0.583350 -0.200000
v 5.071999 0.584564 -0.200000
v 5.065223 0.585731 -0.200000
v 5.057936 0.586851 -0.200000
v 5.050138 0.587924 -0.200000
v 5.041827 0.588950 -0.200000
v 5.033005 0.589930 -0.200000
v 5.023672 0.590863 -0.200000
v 5.013827 0.591749 -0.200000
v 5.003470 0.592588 -0.200000
v 4.992602 0.593381 -0.200000
v 4.981223 0.594126 -0.200000
v 4.970425 0.593459 -0.200000
v 4.960179 0.592742 -0.200000
v 4.950484 0.591975 -0.200000
v 4.941341 0.591157 -0.200000
v 4.932750 0.590290 -0.200000
v 4.924711 0.589372 -0.200000
v 4.917223 0.588404 -0.200000
v 4.910287 0.587386 -0.200000
v 4.903903 0.586317 -0.200000
v 4.898070 0.585199 -0.200000
v 4.892789 0.584031 -0.200000
v 4.888060 0.582812 -0.200000
v 4.883690 0.581518 -0.200000
v 4.879487 0.580124 -0.200000
v 4.875452 0.578629 -0.200000
v 4.871583 0.577034 -0.200000
v 4.867882 0.575339 -0.200000
v 4.864347 0.573544 -0.200000
v 4.860981 0.571648 -0.200000
v 4.857781 0.569652 -0.200000
v 4.854748 0.567555 -0.200000
v 4.851883 0.565359 -0.200000
v 4.849185 0.563062 -0.200000
v 4.846653 0.560664 -0.200000
v 4.844305 0.558212 -0.200000
v 4.842154 0.555749 -0.200000
v 4.840199 0.553277 -0.200000
v 4.838442 0.550794 -0.200000
v 4.836883 0.548302 -0.200000
v 4.835520 0.545799 -0.200000
v 4.834355 0.543287 -0.200000
v 4.833387 0.540764 -0.200000
v 4.832616 0.538231 -0.200000
v 4.832043 0.535688 -0.200000
v 4.831666 0.533136 -0.200000
v 4.831488 0.530573 -0.200000
v 4.831663 0.528014 -0.200000
v 4.832029 0.525471 -0.200000
v 4.832586 0.522945 -0.200000
v 4.833333 0.520436 -0.200000
v 4.834271 0.517943 -0.200000
v 4.835399 0.515467 -0.200000
v 4.836718 0.513008 -0.200000
v 4.838228 0.510565 -0.200000
v 4.839928 0.508140 -0.200000
v 4.841819 0.505731 -0.200000
v 4.843900 0.503338 -0.200000
v 4.846172 0.500963 -0.200000
v 4.848625 0.498639 -0.200000
v 4.851248 0.496402 -0.200000
v 4.854041 0.494253 -0.200000
v 4.857005 0.492190 -0.200000
v 4.860140 0.490214 -0.200000
v 4.863445 0.488324 -0.200000
v 4.866920 0.486522 -0.200000
v 4.870566 0.484807 -0.200000
v 4.874383 0.483179 -0.200000
v 4.878370 0.481637 -0.200000
v 4.882528 0.480183 -0.200000
v 4.886856 0.478816 -0.200000
v 4.891293 0.477548 -0.200000
v 4.895777 0.476395 -0.200000
v 4.900307 0.475355 -0.200000
v 4.904884 0.474429 -0.200000
v 4.909508 0.473616 -0.200000
v 4.914179 0.472918 -0.200000
v 4.918897 0.472333 -0.200000
v 4.923661 0.471861 -0.200000
v 4.928473 0.471503 -0.200000
v 4.933331 0.471259 -0.200000
v 4.938235 0.471129 -0.200000
v 4.943187 0.471112 -0.200000
v 4.948336 0.471151 -0.200000
v 4.953833 0.471186 -0.200000
v 4.959677 0.471218 -0.200000
v 4.965869 0.471246 -0.200000
v 4.972409 0.471271 -0.200000
v 4.979297 0.471293 -0.200000
v 4.986532 0.471311 -0.200000
v 4.994115 0.471326 -0.200000
v 5.002046 0.471338 -0.200000
v 5.010324 0.471346 -0.200000
v 5.018950 0.471351 -0.200000
v 5.027925 0.471353 -0.200000
v 5.046134 0.470786 -0.200000
v 5.063527 0.470209 -0.200000
v 5.080104 0.469623 -0.200000
v 5.095865 0.469026 -0.200000
v 5.110811 0.468419 -0.200000
v 5.124940 0.467802 -0.200000
v 5.138254 0.467175 -0.200000
v 5.150752 0.466538 -0.200000
v 5.162434 0.465891 -0.200000
v 5.173300 0.465234 -0.200000
v 5.183351 0.464567 -0.200000
v 5.192585 0.463890 -0.200000
v 5.201245 0.463208 -0.200000
v 5.209570 0.462526 -0.200000
v 5.217561 0.461844 -0.200000
v 5.225217 0.461162 -0.200000
v 5.232540 0.460480 -0.200000
v 5.239528 0.459798 -0.200000
v 5.246181 0.459116 -0.200000
v 5.252501 0.458434 -0.200000
v 5.258485 0.457752 -0.200000
v 5.264136 0.457070 -0.200000
v 5.269452 0.456387 -0.200000
v 5.274434 0.455705 -0.200000
v 5.279373 0.454916 -0.200000
v 5.284558 0.453913 -0.200000
v 5.289991 0.452696 -0.200000
v 5.295672 0.451265 -0.200000
v 5.301600 0.449620 -0.200000
v 5.307775 0.447761 -0.200000
v 5.314198 0.445688 -0.200000
v 5.320869 0.443401 -0.200000
v 5.327786 0.440900 -0.200000
v 5.334951 0.438185 -0.200000
v 5.342364 0.435257 -0.200000
v 5.350024 0.432114 -0.200000
v 5.357659 0.428844 -0.200000
v 5.365002 0.425534 -0.200000
v 5.372050 0.422183 -0.200000
v 5.378804 0.418793 -0.200000
v 5.385263 0.415363 -0.200000
v 5.391429 0.411892 -0.200000
v 5.397300 0.408381 -0.200000
v 5.402877 0.404831 -0.200000
v 5.408160 0.401240 -0.200000
v 5.413149 0.397609 -0.200000
v 5.417843 0.393938 -0.200000
v 5.422244 0.390226 -0.200000
v 5.426424 0.386408 -0.200000
v 5.430461 0.382416 -0.200000
v 5.434355 0.378250 -0.200000
v 5.438105 0.373910 -0.200000
v 5.441710 0.369396 -0.200000
v 5.445173 0.364709 -0.200000
v 5.448491 0.359847 -0.200000
v 5.451666 0.354812 -0.200000
v 5.454697 0.349603 -0.200000
v 5.457584 0.344220 -0.200000
v 5.460327 0.338663 -0.200000
v 5.462927 0.332932 -0.200000
v 5.465298 0.327111 -0.200000
v 5.467354 0.321283 -0.200000
v 5.469096 0.315449 -0.200000
v 5.470523 0.309608 -0.200000
v 5.471637 0.303760 -0.200000
v 5.472436 0.297906 -0.200000
v 5.472921 0.292044 -0.200000
v 5.473092 0.286177 -0.200000
v 5.472948 0.280302 -0.200000
v 5.472490 0.274421 -0.200000
v 5.471717 0.268533 -0.200000
v 5.470631 0.262638 -0.200000
v 5.469246 0.256742 -0.200000
v 5.467587 0.250849 -0.200000
v 5.465649 0.244960 -0.200000
v 5.463434 0.239073 -0.200000
v 5.460942 0.233191 -0.200000
v 5.458172 0.227311 -0.200000
v 5.455124 0.221435 -0.200000
v 5.451799 0.215562 -0.200000
v 5.448197 0.209692 -0.200000
v 5.444317 0.203826 -0.200000
v 5.440159 0.197963 -0.200000
v 5.435724 0.192104 -0.200000
v 5.430870 0.186245 -0.200000
v 5.425448 0.180382 -0.200000
v 5.419461 0.174516 -0.200000
v 5.412910 0.168646 -0.200000
v 5.405793 0.162773 -0.200000
v 5.398111 0.156897 -0.200000
v 5.389864 0.151017 -0.200000
v 5.381052 0.145135 -0.200000
v 5.371675 0.139248 -0.200000
v 5.361733 0.133359 -0.200000
v 5.351226 0.127466 -0.200000
v 5.340154 0.121570 -0.200000
v 5.328908 0.115835 -0.200000
v 5.317880 0.110429 -0.200000
v 5.307068 0.105350 -0.200000
v 5.296474 0.100599 -0.200000
v 5.286098 0.096176 -0.200000
v 5.275939 0.092080 -0.200000
v 5.265997 0.088312 -0.200000
v 5.256272 0.084871 -0.200000
v 5.246765 0.081759 -0.200000
v 5.237475 0.078973 -0.200000
v 5.228403 0.076516 -0.200000
v 5.219547 0.074386 -0.200000
v 5.210801 0.072475 -0.200000
v 5.202059 0.070675 -0.200000
v 5.193321 0.068985 -0.200000
v 5.184587 0.067405 -0.200000
v 5.175855 0.065935 -0.200000
v 5.167127 0.064576 -0.200000
v 5.158402 0.063328 -0.200000
v 5.149681 0.062189 -0.200000
v 5.140963 0.061161 -0.200000
v 5.132248 0.060243 -0.200000
v 5.123537 0.059436 -0.200000
v 5.114829 0.058739 -0.200000
v 5.105730 0.058123 -0.200000
v 5.095845 0.057562 -0.200000
v 5.085174 0.057053 -0.200000
v 5.073718 0.056599 -0.200000
v 5.061475 0.056198 -0.200000
v 5.048447 0.055850 -0.200000
v 5.034634 0.055556 -0.200000
v 5.020034 0.055315 -0.200000
v 5.004649 0.055128 -0.200000
v 4.988478 0.054994 -0.200000
v 4.971521 0.054914 -0.200000
v 4.953779 0.054887 -0.200000
v 4.934046 0.056184 -0.200000
v 4.915128 0.057508 -0.200000
v 4.897027 0.058859 -0.200000
v 4.879741 0.060236 -0.200000
v 4.863271 0.061641 -0.200000
v 4.847617 0.063072 -0.200000
v 4.832778 0.064530 -0.200000
v 4.818756 0.066014 -0.200000
v 4.805549 0.067525 -0.200000
v 4.793158 0.069063 -0.200000
v 4.781582 0.070628 -0.200000
v 4.770823 0.072220 -0.200000
v 4.760592 0.073866 -0.200000
v 4.750602 0.075596 -0.200000
v 4.740852 0.077410 -0.200000
v 4.731343 0.079308 -0.200000
v 4.722075 0.081289 -0.200000
v 4.713048 0.083353 -0.200000
v 4.704261 0.085502 -0.200000
v 4.695715 0.087733 -0.200000
v 4.687410 0.090049 -0.200000
v 4.679345 0.092448 -0.200000
v 4.671521 0.094930 -0.200000
v 4.663938 0.097496 -0.200000
v 4.656504 0.100201 -0.200000
v 4.649127 0.103100 -0.200000
v 4.641806 0.106193 -0.200000
v 4.634542 0.109479 -0.200000
v 4.627336 0.112960 -0.200000
v 4.620185 0.116635 -0.200000
v 4.613092 0.120503 -0.200000
v 4.606056 0.124565 -0.200000
v 4.599076 0.128822 -0.200000
v 4.592154 0.133272 -0.200000
v 4.585288 0.137916 -0.200000
v 4.578478 0.142754 -0.200000
v 4.571832 0.147662 -0.200000
v 4.565453 0.152517 -0.200000
v 4.559340 0.157318 -0.200000
v 4.553496 0.162066 -0.200000
v 4.547919 0.166760 -0.200000
v 4.542609 0.171401 -0.200000
v 4.537567 0.175988 -0.200000
v 4.532793 0.180522 -0.200000
v 4.528286 0.185002 -0.200000
v 4.524046 0.189429 -0.200000
v 4.520074 0.193803 -0.200000
v 4.516369 0.198122 -0.200000
v 4.512946 0.202471 -0.200000
v 4.509822 0.206929 -0.200000
v 4.506995 0.211498 -0.200000
v 4.504466 0.216177 -0.200000
v 4.502234 0.220967 -0.200000
v 4.500300 0.225867 -0.200000
v 4.498664 0.230877 -0.200000
v 4.497325 0.235997 -0.200000
v 4.496284 0.241228 -0.200000
v 4.495540 0.246570 -0.200000
v 4.495093 0.252021 -0.200000
v 4.494945 0.257583 -0.200000
v 4.809340 0.257583 -0.200000
v 4.810080 0.254525 -0.200000
v 4.811012 0.251451 -0.200000
v 4.812139 0.248360 -0.200000
v 4.813460 0.245252 -0.200000
v 4.814974 0.242128 -0.200000
v 4.816683 0.238987 -0.200000
v 4.818585 0.235829 -0.200000
v 4.820682 0.232654 -0.200000
v 4.822972 0.229463 -0.200000
v 4.825456 0.226254 -0.200000
v 4.828134 0.223030 -0.200000
v 4.831006 0.219788 -0.200000
v 4.833999 0.216604 -0.200000
v 4.837038 0.213549 -0.200000
v 4.840124 0.210625 -0.200000
v 4.843257 0.207832 -0.200000
v 4.846437 0.205169 -0.200000
v 4.849663 0.202636 -0.200000
v 4.852936 0.200234 -0.200000
v 4.856256 0.197962 -0.200000
v 4.859623 0.195820 -0.200000
v 4.863037 0.193809 -0.200000
v 4.866498 0.191928 -0.200000
v 4.870005 0.190178 -0.200000
v 4.873586 0.188543 -0.200000
v 4.877267 0.187009 -0.200000
v 4.881048 0.185574 -0.200000
v 4.884930 0.184240 -0.200000
v 4.888912 0.183006 -0.200000
v 4.892994 0.181873 -0.200000
v 4.897177 0.180840 -0.200000
v 4.901460 0.179907 -0.200000
v 4.905843 0.179074 -0.200000
v 4.910327 0.178342 -0.200000
v 4.914911 0.177710 -0.200000
v 4.919595 0.177179 -0.200000
v 4.924419 0.176711 -0.200000
v 4.929425 0.176269 -0.200000
v 4.934610 0.175855 -0.200000
v 4.939977 0.175467 -0.200000
v 4.945524 0.175106 -0.200000
v 4.951251 0.174771 -0.200000
v 4.957159 0.174464 -0.200000
v 4.963248 0.174183 -0.200000
v 4.969517 0.173929 -0.200000
v 4.975966 0.173701 -0.200000
v 4.982597 0.173501 -0.200000
v 4.989408 0.173327 -0.200000
v 4.998359 0.174686 -0.200000
v 5.006915 0.176035 -0.200000
v 5.015076 0.177374 -0.200000
v 5.022843 0.178703 -0.200000
v 5.030215 0.180022 -0.200000
v 5.037193 0.181331 -0.200000
v 5.043777 0.182630 -0.200000
v 5.049965 0.183919 -0.200000
v 5.055759 0.185198 -0.200000
v 5.061159 0.186467 -0.200000
v 5.066164 0.187726 -0.200000
v 5.070775 0.188974 -0.200000
v 5.075107 0.190268 -0.200000
v 5.079274 0.191663 -0.200000
v 5.083278 0.193157 -0.200000
v 5.087118 0.194752 -0.200000
v 5.090794 0.196447 -0.200000
v 5.094306 0.198243 -0.200000
v 5.097655 0.200138 -0.200000
v 5.100840 0.202135 -0.200000
v 5.103860 0.204231 -0.200000
v 5.106718 0.206428 -0.200000
v 5.109411 0.208725 -0.200000
v 5.111940 0.211122 -0.200000
v 5.114285 0.213571 -0.200000
v 5.116427 0.216023 -0.200000
v 5.118364 0.218479 -0.200000
v 5.120098 0.220938 -0.200000
v 5.121628 0.223401 -0.200000
v 5.122953 0.225867 -0.200000
v 5.124075 0.228336 -0.200000
v 5.124993 0.230808 -0.200000
v 5.125707 0.233284 -0.200000
v 5.126216 0.235763 -0.200000
v 5.126523 0.238246 -0.200000
v 5.126625 0.240732 -0.200000
v 5.126522 0.243295 -0.200000
v 5.126211 0.245847 -0.200000
v 5.125692 0.248390 -0.200000
v 5.124967 0.250923 -0.200000
v 5.124034 0.253445 -0.200000
v 5.122894 0.255958 -0.200000
v 5.121546 0.258461 -0.200000
v 5.119991 0.260953 -0.200000
v 5.118229 0.263436 -0.200000
v 5.116260 0.265908 -0.200000
v 5.114083 0.268371 -0.200000
v 5.111699 0.270823 -0.200000
v 5.109133 0.273224 -0.200000
v 5.106410 0.275531 -0.200000
v 5.103529 0.277744 -0.200000
v 5.100492 0.279864 -0.200000
v 5.097297 0.281890 -0.200000
v 5.093946 0.283823 -0.200000
v 5.090436 0.285662 -0.200000
v 5.086771 0.287407 -0.200000
v 5.082947 0.289059 -0.200000
v 5.078967 0.290617 -0.200000
v 5.074829 0.292081 -0.200000
v 5.070534 0.293452 -0.200000
v 5.066146 0.294714 -0.200000
v 5.061728 0.295853 -0.200000
v 5.057279 0.296868 -0.200000
v 5.052801 0.297759 -0.200000
v 5.048292 0.298526 -0.200000
v 5.043753 0.299170 -0.200000
v 5.039184 0.299689 -0.200000
v 5.034585 0.300086 -0.200000
v 5.029956 0.300358 -0.200000
v 5.025297 0.300507 -0.200000
v 5.020607 0.300532 -0.200000
v 5.015888 0.300433 -0.200000
v 4.977341 0.301553 -0.200000
v 4.940820 0.302827 -0.200000
v 4.906325 0.304255 -0.200000
v 4.873857 0.305836 -0.200000
v 4.843414 0.307572 -0.200000
v 4.814998 0.309461 -0.200000
v 4.788608 0.311504 -0.200000
v 4.764244 0.313700 -0.200000
v 4.741906 0.316051 -0.200000
v 4.721594 0.318555 -0.200000
v 4.703308 0.321213 -0.200000
v 4.687048 0.324025 -0.200000
v 4.672087 0.327081 -0.200000
v 4.657698 0.330471 -0.200000
v 4.643881 0.334196 -0.200000
v 4.630636 0.338255 -0.200000
v 4.617963 0.342648 -0.200000
v 4.605861 0.347376 -0.200000
v 4.594331 0.352438 -0.200000
v 4.583373 0.357834 -0.200000
v 4.572987 0.363565 -0.200000
v 4.563172 0.369630 -0.200000
v 4.553929 0.376030 -0.200000
v 4.545258 0.382764 -0.200000
v 4.537222 0.389705 -0.200000
v 4.529885 0.396726 -0.200000
v 4.523246 0.403828 -0.200000
v 4.517306 0.411009 -0.200000
v 4.512065 0.418272 -0.200000
v 4.507523 0.425614 -0.200000
v 4.503680 0.433036 -0.200000
v 4.500535 0.440539 -0.200000
v 4.498089 0.448122 -0.200000
v 4.496342 0.455786 -0.200000
v 4.495294 0.463529 -0.200000
v 4.494945 0.471353 -0.200000
v 4.495131 0.479165 -0.200000
v 4.495693 0.486873 -0.200000
v 4.496629 0.494478 -0.200000
v 4.497940 0.501979 -0.200000
v 4.499625 0.509377 -0.200000
v 4.501685 0.516671 -0.200000
v 4.504119 0.523861 -0.200000
v 4.506927 0.530947 -0.200000
v 4.510110 0.537930 -0.200000
v 4.513668 0.544810 -0.200000
v 4.517600 0.551585 -0.200000
v 4.521906 0.558257 -0.200000
v 4.526723 0.564845 -0.200000
v 4.532185 0.571370 -0.200000
v 4.538291 0.577832 -0.200000
v 4.545043 0.584229 -0.200000
v 4.552441 0.590564 -0.200000
v 4.560484 0.596834 -0.200000
v 4.569172 0.603042 -0.200000
v 4.578505 0.609185 -0.200000
v 4.588484 0.615265 -0.200000
v 4.599108 0.621282 -0.200000
v 4.610377 0.627235 -0.200000
v 4.622292 0.633125 -0.200000
v 4.634818 0.638849 -0.200000
v 4.647923 0.644305 -0.200000
v 4.661606 0.649494 -0.200000
v 4.675868 0.654416 -0.200000
v 4.690708 0.659070 -0.200000
v 4.706127 0.663457 -0.200000
v 4.722124 0.667576 -0.200000
v 4.738699 0.671428 -0.200000
v 4.755853 0.675012 -0.200000
v 4.773585 0.678329 -0.200000
v 4.791895 0.681378 -0.200000
v 4.810784 0.684160 -0.200000
v 4.829625 0.686671 -0.200000
v 4.847790 0.688908 -0.200000
v 4.865280 0.690870 -0.200000
v 4.882095 0.692559 -0.200000
v 4.898234 0.693973 -0.200000
v 4.913698 0.695113 -0.200000
v 4.928486 0.695979 -0.200000
v 4.942599 0.696571 -0.200000
v 4.956036 0.696889 -0.200000
v 4.968798 0.696932 -0.200000
v 4.980885 0.696701 -0.200000
v 4.992296 0.696196 -0.200000
v 5.001183 0.696100 -0.200000
v 5.010993 0.695809 -0.200000
v 5.021726 0.695324 -0.200000
v 5.033381 0.694645 -0.200000
v 5.045959 0.693772 -0.200000
v 5.059461 0.692706 -0.200000
v 5.073884 0.691445 -0.200000
v 5.089231 0.689991 -0.200000
v 5.105501 0.688343 -0.200000
v 5.122693 0.686500 -0.200000
v 5.140808 0.684464 -0.200000
v 5.159846 0.682234 -0.200000
v 5.178907 0.679842 -0.200000
v 5.197093 0.677319 -0.200000
v 5.214402 0.674666 -0.200000
v 5.230835 0.671883 -0.200000
v 5.246392 0.668969 -0.200000
v 5.261074 0.665924 -0.200000
v 5.274879 0.662750 -0.200000
v 5.287808 0.659445 -0.200000
v 5.299862 0.656009 -0.200000
v 5.311039 0.652443 -0.200000
v 5.321340 0.648747 -0.200000
v 5.330765 0.644921 -0.200000
v 5.339680 0.640943 -0.200000
v 5.348446 0.636796 -0.200000
v 5.357066 0.632478 -0.200000
v 5.365538 0.627989 -0.200000
v 5.373863 0.623330 -0.200000
v 5.382041 0.618500 -0.200000
v 5.390072 0.613500 -0.200000
v 5.397956 0.608329 -0.200000
v 5.405693 0.602988 -0.200000
v 5.413283 0.597476 -0.200000
v 5.420725 0.591794 -0.200000
v 5.428021 0.585941 -0.200000
v 5.435019 0.579923 -0.200000
v 5.441568 0.573744 -0.200000
v 5.447670 0.567405 -0.200000
v 5.453324 0.560905 -0.200000
v 5.458530 0.554245 -0.200000
v 5.463288 0.547424 -0.200000
v 5.467597 0.540443 -0.200000
v 5.471459 0.533301 -0.200000
v 5.474873 0.525999 -0.200000
v 5.477839 0.518536 -0.200000
v 5.480357 0.510913 -0.200000
v 5.482427 0.503130 -0.200000
v 5.186326 0.503130 -0.200000
v 5.181948 0.509696 -0.200000
v 5.177639 0.515915 -0.200000
v 5.173402 0.521786 -0.200000
v 5.169234 0.527310 -0.200000
v 5.165137 0.532485 -0.200000
v 5.161109 0.537313 -0.200000
v 5.157153 0.541794 -0.200000
v 5.153266 0.545926 -0.200000
v 5.149449 0.549711 -0.200000
v 5.145703 0.553148 -0.200000
v 5.142026 0.556238 -0.200000
v 5.138421 0.558979 -0.200000
v 3.970149 0.678864 -0.200000
v 3.970149 0.244102 -0.200000
v 4.422725 0.244102 -0.200000
v 4.422725 0.065961 -0.200000
v 3.669234 0.065961 -0.200000
v 3.669234 0.678864 -0.200000
v 3.597015 0.065961 -0.200000
v 3.311025 0.065961 -0.200000
v 3.311025 0.678864 -0.200000
v 3.597015 0.678864 -0.200000
v 2.272990 0.496389 -0.200000
v 2.272990 0.678864 -0.200000
v 3.238806 0.678864 -0.200000
v 3.238806 0.496389 -0.200000
v 2.896485 0.496389 -0.200000
v 2.896485 0.065961 -0.200000
v 2.606163 0.065961 -0.200000
v 2.606163 0.496389 -0.200000
v 1.223399 0.311507 -0.200000
v 1.223399 0.678864 -0.200000
v 1.488686 0.678864 -0.200000
v 1.488686 0.328840 -0.200000
v 1.490087 0.311303 -0.200000
v 1.494289 0.295284 -0.200000
v 1.501294 0.280784 -0.200000
v 1.511100 0.267801 -0.200000
v 1.523709 0.256336 -0.200000
v 1.539119 0.246389 -0.200000
v 1.557331 0.237960 -0.200000
v 1.578345 0.231049 -0.200000
v 1.602161 0.225656 -0.200000
v 1.628778 0.221781 -0.200000
v 1.658198 0.219424 -0.200000
v 1.690419 0.218585 -0.200000
v 1.716998 0.218859 -0.200000
v 1.741849 0.219521 -0.200000
v 1.764971 0.220571 -0.200000
v 1.786364 0.222008 -0.200000
v 1.806029 0.223834 -0.200000
v 1.823965 0.226047 -0.200000
v 1.840173 0.228648 -0.200000
v 1.854652 0.231638 -0.200000
v 1.867402 0.235014 -0.200000
v 1.878424 0.238779 -0.200000
v 1.887717 0.242932 -0.200000
v 1.895282 0.247472 -0.200000
v 1.901703 0.252377 -0.200000
v 1.907566 0.257623 -0.200000
v 1.912870 0.263210 -0.200000
v 1.917616 0.269138 -0.200000
v 1.921804 0.275407 -0.200000
v 1.925433 0.282017 -0.200000
v 1.928504 0.288968 -0.200000
v 1.931017 0.296261 -0.200000
v 1.932971 0.303894 -0.200000
v 1.934367 0.311868 -0.200000
v 1.935205 0.320183 -0.200000
v 1.935484 0.328840 -0.200000
v 1.935484 0.678864 -0.200000
v 2.200770 0.678864 -0.200000
v 2.200770 0.330766 -0.200000
v 2.200553 0.319571 -0.200000
v 2.199901 0.308618 -0.200000
v 2.198814 0.297906 -0.200000
v 2.197293 0.287434 -0.200000
v 2.195337 0.277203 -0.200000
v 2.192946 0.267212 -0.200000
v 2.190121 0.257463 -0.200000
v 2.186861 0.247954 -0.200000
v 2.183167 0.238686 -0.200000
v 2.179037 0.229658 -0.200000
v 2.174474 0.220871 -0.200000
v 2.169475 0.212325 -0.200000
v 2.164055 0.204025 -0.200000
v 2.158228 0.195976 -0.200000
v 2.151992 0.188177 -0.200000
v 2.145349 0.180629 -0.200000
v 2.138297 0.173332 -0.200000
v 2.130838 0.166286 -0.200000
v 2.122970 0.159490 -0.200000
v 2.114695 0.152945 -0.200000
v 2.106012 0.146651 -0.200000
v 2.096921 0.140607 -0.200000
v 2.087422 0.134815 -0.200000
v 2.077516 0.129273 -0.200000
v 2.067216 0.123972 -0.200000
v 2.056539 0.118901 -0.200000
v 2.045483 0.114062 -0.200000
v 2.034050 0.109453 -0.200000
v 2.022239 0.105074 -0.200000
v 2.010051 0.100927 -0.200000
v 1.997484 0.097010 -0.200000
v 1.984540 0.093324 -0.200000
v 1.971218 0.089868 -0.200000
v 1.957518 0.086643 -0.200000
v 1.943440 0.083649 -0.200000
v 1.928984 0.080886 -0.200000
v 1.914157 0.078348 -0.200000
v 1.898966 0.076031 -0.200000
v 1.883411 0.073935 -0.200000
v 1.867491 0.072059 -0.200000
v 1.851206 0.070404 -0.200000
v 1.834557 0.068970 -0.200000
v 1.817544 0.067756 -0.200000
v 1.800166 0.066763 -0.200000
v 1.782423 0.065991 -0.200000
v 1.764317 0.065439 -0.200000
v 1.745846 0.065108 -0.200000
v 1.727010 0.064998 -0.200000
v 1.707519 0.065103 -0.200000
v 1.688366 0.065419 -0.200000
v 1.669550 0.065945 -0.200000
v 1.651073 0.066683 -0.200000
v 1.632932 0.067631 -0.200000
v 1.615130 0.068789 -0.200000
v 1.597665 0.070158 -0.200000
v 1.580538 0.071738 -0.200000
v 1.563749 0.073529 -0.200000
v 1.547297 0.075530 -0.200000
v 1.531183 0.077741 -0.200000
v 1.515407 0.080164 -0.200000
v 1.499998 0.082797 -0.200000
v 1.484988 0.085640 -0.200000
v 1.470375 0.088695 -0.200000
v 1.456160 0.091960 -0.200000
v 1.442343 0.095435 -0.200000
v 1.428924 0.099121 -0.200000
v 1.415903 0.103018 -0.200000
v 1.403279 0.107126 -0.200000
v 1.391054 0.111444 -0.200000
v 1.379226 0.115973 -0.200000
v 1.367796 0.120712 -0.200000
v 1.356765 0.125662 -0.200000
v 1.346146 0.130828 -0.200000
v 1.335955 0.136214 -0.200000
v 1.326192 0.141821 -0.200000
v 1.316857 0.147649 -0.200000
v 1.307950 0.153697 -0.200000
v 1.299470 0.159966 -0.200000
v 1.291419 0.166456 -0.200000
v 1.283796 0.173166 -0.200000
v 1.276601 0.180097 -0.200000
v 1.269834 0.187249 -0.200000
v 1.263494 0.194622 -0.200000
v 1.257583 0.202215 -0.200000
v 1.252123 0.210035 -0.200000
v 1.247138 0.218090 -0.200000
v 1.242628 0.226378 -0.200000
v 1.238592 0.234901 -0.200000
v 1.235031 0.243657 -0.200000
v 1.231945 0.252648 -0.200000
v 1.229334 0.261873 -0.200000
v 1.227197 0.271332 -0.200000
v 1.225536 0.281024 -0.200000
v 1.224349 0.290951 -0.200000
v 1.223637 0.301112 -0.200000
v 0.319210 0.649976 -0.200000
v 0.341488 0.656589 -0.200000
v 0.363866 0.662628 -0.200000
v 0.386345 0.668091 -0.200000
v 0.408923 0.672979 -0.200000
v 0.431602 0.677292 -0.200000
v 0.454381 0.681030 -0.200000
v 0.477261 0.684193 -0.200000
v 0.500241 0.686781 -0.200000
v 0.523321 0.688794 -0.200000
v 0.546501 0.690232 -0.200000
v 0.569782 0.691094 -0.200000
v 0.593163 0.691382 -0.200000
v 0.616618 0.691094 -0.200000
v 0.639959 0.690232 -0.200000
v 0.663186 0.688794 -0.200000
v 0.686300 0.686781 -0.200000
v 0.709300 0.684193 -0.200000
v 0.732186 0.681030 -0.200000
v 0.754958 0.677292 -0.200000
v 0.777617 0.672979 -0.200000
v 0.800162 0.668091 -0.200000
v 0.822594 0.662628 -0.200000
v 0.844912 0.656589 -0.200000
v 0.867116 0.649976 -0.200000
v 0.888865 0.642831 -0.200000
v 0.909819 0.635198 -0.200000
v 0.929977 0.627076 -0.200000
v 0.949339 0.618467 -0.200000
v 0.967906 0.609369 -0.200000
v 0.985676 0.599783 -0.200000
v 1.002651 0.589709 -0.200000
v 1.018831 0.579147 -0.200000
v 1.034214 0.568097 -0.200000
v 1.048802 0.556559 -0.200000
v 1.062594 0.544532 -0.200000
v 1.075590 0.532017 -0.200000
v 1.087663 0.519208 -0.200000
v 1.098687 0.506299 -0.200000
v 1.108660 0.493290 -0.200000
v 1.117584 0.480180 -0.200000
v 1.125458 0.466970 -0.200000
v 1.132282 0.453659 -0.200000
v 1.138056 0.440248 -0.200000
v 1.142781 0.426737 -0.200000
v 1.146455 0.413126 -0.200000
v 1.149080 0.399414 -0.200000
v 1.150655 0.385602 -0.200000
v 1.151180 0.371690 -0.200000
v 1.150670 0.357860 -0.200000
v 1.149140 0.344133 -0.200000
v 1.146591 0.330510 -0.200000
v 1.143021 0.316990 -0.200000
v 1.138433 0.303575 -0.200000
v 1.132824 0.290262 -0.200000
v 1.126195 0.277054 -0.200000
v 1.118547 0.263949 -0.200000
v 1.109879 0.250948 -0.200000
v 1.100191 0.238050 -0.200000
v 1.089484 0.225256 -0.200000
v 1.077756 0.212566 -0.200000
v 1.065105 0.200160 -0.200000
v 1.051624 0.188219 -0.200000
v 1.037313 0.176742 -0.200000
v 1.022174 0.165730 -0.200000
v 1.006206 0.155183 -0.200000
v 0.989408 0.145101 -0.200000
v 0.971781 0.135484 -0.200000
v 0.953325 0.126331 -0.200000
v 0.934040 0.117643 -0.200000
v 0.913925 0.109419 -0.200000
v 0.892981 0.101661 -0.200000
v 0.871208 0.094367 -0.200000
v 0.848939 0.087600 -0.200000
v 0.826506 0.081421 -0.200000
v 0.803909 0.075831 -0.200000
v 0.781148 0.070829 -0.200000
v 0.758223 0.066415 -0.200000
v 0.735135 0.062590 -0.200000
v 0.711882 0.059354 -0.200000
v 0.688466 0.056706 -0.200000
v 0.664886 0.054646 -0.200000
v 0.641142 0.053175 -0.200000
v 0.617235 0.052292 -0.200000
v 0.593163 0.051998 -0.200000
v 0.569247 0.052292 -0.200000
v 0.545485 0.053175 -0.200000
v 0.521877 0.054646 -0.200000
v 0.498422 0.056706 -0.200000
v 0.475121 0.059354 -0.200000
v 0.451974 0.062590 -0.200000
v 0.428981 0.066415 -0.200000
v 0.406141 0.070829 -0.200000
v 0.383456 0.075831 -0.200000
v 0.360924 0.081421 -0.200000
v 0.338546 0.087600 -0.200000
v 0.316322 0.094367 -0.200000
v 0.294586 0.101661 -0.200000
v 0.273672 0.109419 -0.200000
v 0.253581 0.117643 -0.200000
v 0.234312 0.126331 -0.200000
v 0.215866 0.135484 -0.200000
v 0.198243 0.145101 -0.200000
v 0.181442 0.155183 -0.200000
v 0.165463 0.165731 -0.200000
v 0.150307 0.176742 -0.200000
v 0.135973 0.188219 -0.200000
v 0.122462 0.200160 -0.200000
v 0.109774 0.212566 -0.200000
v 0.098008 0.225256 -0.200000
v 0.087265 0.238050 -0.200000
v 0.077546 0.250948 -0.200000
v 0.068849 0.263949 -0.200000
v 0.061176 0.277054 -0.200000
v 0.054526 0.290262 -0.200000
v 0.048899 0.303575 -0.200000
v 0.044295 0.316990 -0.200000
v 0.040714 0.330510 -0.200000
v 0.038156 0.344133 -0.200000
v 0.036621 0.357860 -0.200000
v 0.036110 0.371690 -0.200000
v 0.036630 0.385602 -0.200000
v 0.038189 0.399414 -0.200000
v 0.040789 0.413126 -0.200000
v 0.044428 0.426737 -0.200000
v 0.049108 0.440248 -0.200000
v 0.054827 0.453659 -0.200000
v 0.061586 0.466970 -0.200000
v 0.069384 0.480180 -0.200000
v 0.078223 0.493290 -0.200000
v 0.088101 0.506299 -0.200000
v 0.099019 0.519208 -0.200000
v 0.110977 0.532017 -0.200000
v 0.123862 0.544532 -0.200000
v 0.137558 0.556559 -0.200000
v 0.152067 0.568097 -0.200000
v 0.167389 0.579147 -0.200000
v 0.183523 0.589709 -0.200000
v 0.200469 0.599783 -0.200000
v 0.218228 0.609369 -0.200000
v 0.236800 0.618467 -0.200000
v 0.256184 0.627076 -0.200000
v 0.276380 0.635198 -0.200000
v 0.297389 0.642831 -0.200000
v 0.600385 0.534425 -0.200000
v 0.589342 0.534273 -0.200000
v 0.578358 0.533816 -0.200000
v 0.567435 0.533055 -0.200000
v 0.556572 0.531991 -0.200000
v 0.545769 0.530621 -0.200000
v 0.535026 0.528948 -0.200000
v 0.524344 0.526970 -0.200000
v 0.513722 0.524688 -0.200000
v 0.503160 0.522102 -0.200000
v 0.492658 0.519212 -0.200000
v 0.482216 0.516017 -0.200000
v 0.471834 0.512518 -0.200000
v 0.461670 0.508745 -0.200000
v 0.451880 0.504728 -0.200000
v 0.442465 0.500466 -0.200000
v 0.433424 0.495961 -0.200000
v 0.424758 0.491212 -0.200000
v 0.416466 0.486218 -0.200000
v 0.408549 0.480980 -0.200000
v 0.401006 0.475499 -0.200000
v 0.393837 0.469773 -0.200000
v 0.387043 0.463803 -0.200000
v 0.380624 0.457589 -0.200000
v 0.374579 0.451131 -0.200000
v 0.368965 0.444521 -0.200000
v 0.363839 0.437851 -0.200000
v 0.359202 0.431121 -0.200000
v 0.355053 0.424330 -0.200000
v 0.351392 0.417479 -0.200000
v 0.348219 0.410568 -0.200000
v 0.345534 0.403597 -0.200000
v 0.343337 0.396566 -0.200000
v 0.341629 0.389474 -0.200000
v 0.340408 0.382322 -0.200000
v 0.339676 0.375110 -0.200000
v 0.339432 0.367838 -0.200000
v 0.339671 0.360645 -0.200000
v 0.340388 0.353508 -0.200000
v 0.341583 0.346428 -0.200000
v 0.343257 0.339405 -0.200000
v 0.345408 0.332439 -0.200000
v 0.348038 0.325530 -0.200000
v 0.351146 0.318677 -0.200000
v 0.354732 0.311881 -0.200000
v 0.358796 0.305143 -0.200000
v 0.363338 0.298461 -0.200000
v 0.368358 0.291836 -0.200000
v 0.373857 0.285267 -0.200000
v 0.379790 0.278846 -0.200000
v 0.386114 0.272662 -0.200000
v 0.392829 0.266716 -0.200000
v 0.399936 0.261007 -0.200000
v 0.407434 0.255535 -0.200000
v 0.415323 0.250301 -0.200000
v 0.423603 0.245304 -0.200000
v 0.432274 0.240545 -0.200000
v 0.441337 0.236023 -0.200000
v 0.450790 0.231738 -0.200000
v 0.460635 0.227691 -0.200000
v 0.470871 0.223881 -0.200000
v 0.481333 0.220343 -0.200000
v 0.491855 0.217113 -0.200000
v 0.502437 0.214191 -0.200000
v 0.513080 0.211577 -0.200000
v 0.523782 0.209270 -0.200000
v 0.534545 0.207270 -0.200000
v 0.545368 0.205578 -0.200000
v 0.556251 0.204194 -0.200000
v 0.567194 0.203117 -0.200000
v 0.578198 0.202348 -0.200000
v 0.589261 0.201887 -0.200000
v 0.600385 0.201733 -0.200000
v 0.611509 0.201887 -0.200000
v 0.622573 0.202348 -0.200000
v 0.633576 0.203117 -0.200000
v 0.644519 0.204194 -0.200000
v 0.655402 0.205578 -0.200000
v 0.666225 0.207270 -0.200000
v 0.676988 0.209270 -0.200000
v 0.687691 0.211577 -0.200000
v 0.698333 0.214191 -0.200000
v 0.708915 0.217113 -0.200000
v 0.719437 0.220343 -0.200000
v 0.729899 0.223881 -0.200000
v 0.740133 0.227691 -0.200000
v 0.749973 0.231738 -0.200000
v 0.759419 0.236023 -0.200000
v 0.768469 0.240545 -0.200000
v 0.777126 0.245304 -0.200000
v 0.785388 0.250301 -0.200000
v 0.793255 0.255535 -0.200000
v 0.800728 0.261007 -0.200000
v 0.807806 0.266716 -0.200000
v 0.814489 0.272662 -0.200000
v 0.820778 0.278846 -0.200000
v 0.826673 0.285267 -0.200000
v 0.832133 0.291836 -0.200000
v 0.837118 0.298461 -0.200000
v 0.841629 0.305143 -0.200000
v 0.845664 0.311881 -0.200000
v 0.849225 0.318677 -0.200000
v 0.852311 0.325530 -0.200000
v 0.854922 0.332439 -0.200000
v 0.857059 0.339405 -0.200000
v 0.858720 0.346428 -0.200000
v 0.859907 0.353508 -0.200000
v 0.860620 0.360645 -0.200000
v 0.860857 0.367838 -0.200000
v 0.860611 0.375110 -0.200000
v 0.859874 0.382322 -0.200000
v 0.858645 0.389474 -0.200000
v 0.856925 0.396566 -0.200000
v 0.854713 0.403597 -0.200000
v 0.852010 0.410568 -0.200000
v 0.848815 0.417479 -0.200000
v 0.845129 0.424330 -0.200000
v 0.840952 0.431121 -0.200000
v 0.836282 0.437851 -0.200000
v 0.831122 0.444521 -0.200000
v 0.825469 0.451131 -0.200000
v 0.819386 0.457589 -0.200000
v 0.812931 0.463803 -0.200000
v 0.806106 0.469773 -0.200000
v 0.798909 0.475499 -0.200000
v 0.791341 0.480981 -0.200000
v 0.783401 0.486218 -0.200000
v 0.775091 0.491212 -0.200000
v 0.766410 0.495961 -0.200000
v 0.757357 0.500466 -0.200000
v 0.747934 0.504728 -0.200000
v 0.738139 0.508745 -0.200000
v 0.727973 0.512518 -0.200000
v 0.717598 0.516017 -0.200000
v 0.707176 0.519212 -0.200000
v 0.696708 0.522102 -0.200000
v 0.686193 0.524688 -0.200000
v 0.675631 0.526970 -0.200000
v 0.665022 0.528948 -0.200000
v 0.654366 0.530621 -0.200000
v 0.643663 0.531991 -0.200000
v 0.632914 0.533055 -0.200000
v 0.622118 0.533816 -0.200000
v 0.611275 0.534273 -0.200000
v 0.319210 0.649976 -0.200000
v 0.319210 0.649976 0.200000
v 0.341488 0.656589 -0.200000
v 0.341488 0.656589 0.200000
v 0.363866 0.662628 -0.200000
v 0.363866 0.662628 0.200000
v 0.386345 0.668091 -0.200000
v 0.386345 0.668091 0.200000
v 0.408923 0.672979 -0.200000
v 0.408923 0.672979 0.200000
v 0.431602 0.677292 -0.200000
v 0.431602 0.677292 0.200000
v 0.454381 0.681030 -0.200000
v 0.454381 0.681030 0.200000
v 0.477261 0.684193 -0.200000
v 0.477261 0.684193 0.200000
v 0.500241 0.686781 -0.200000
v 0.500241 0.686781 0.200000
v 0.523321 0.688794 -0.200000
v 0.523321 0.688794 0.200000
v 0.546501 0.690232 -0.200000
v 0.546501 0.690232 0.200000
v 0.569782 0.691094 -0.200000
v 0.569782 0.691094 0.200000
v 0.593163 0.691382 -0.200000
v 0.593163 0.691382 0.200000
v 0.616618 0.691094 -0.200000
v 0.616618 0.691094 0.200000
v 0.639959 0.690232 -0.200000
v 0.639959 0.690232 0.200000
v 0.663186 0.688794 -0.200000
v 0.663186 0.688794 0.200000
v 0.686300 0.686781 -0.200000
v 0.686300 0.686781 0.200000
v 0.709300 0.684193 -0.200000
v 0.709300 0.684193 0.200000
v 0.732186 0.681030 -0.200000
v 0.732186 0.681030 0.200000
v 0.754958 0.677292 -0.200000
v 0.754958 0.677292 0.200000
v 0.777617 0.672979 -0.200000
v 0.777617 0.672979 0.200000
v 0.800162 0.668091 -0.200000
v 0.800162 0.668091 0.200000
v 0.822594 0.662628 -0.200000
v 0.822594 0.662628 0.200000
v 0.844912 0.656589 -0.200000
v 0.844912 0.656589 0.200000
v 0.867116 0.649976 -0.200000
v 0.867116 0.649976 0.200000
v 0.888865 0.642831 -0.200000
v 0.888865 0.642831 0.200000
v 0.909819 0.635198 -0.200000
v 0.909819 0.635198 0.200000
v 0.929977 0.627076 -0.200000
v 0.929977 0.627076 0.200000
v 0.949339 0.618467 -0.200000
v 0.949339 0.618467 0.200000
v 0.967906 0.609369 -0.200000
v 0.967906 0.609369 0.200000
v 0.985676 0.599783 -0.200000
v 0.985676 0.599783 0.200000
v 1.002651 0.589709 -0.200000
v 1.002651 0.589709 0.200000
v 1.018831 0.579147 -0.200000
v 1.018831 0.579147 0.200000
v 1.034214 0.568097 -0.200000
v 1.034214 0.568097 0.200000
v 1.048802 0.556559 -0.200000
v 1.048802 0.556559 0.200000
v 1.062594 0.544532 -0.200000
v 1.062594 0.544532 0.200000
v 1.075590 0.532017 -0.200000
v 1.075590 0.532017 0.200000
v 1.087663 0.519208 -0.200000
v 1.087663 0.519208 0.200000
v 1.098687 0.506299 -0.200000
v 1.098687 0.506299 0.200000
v 1.108660 0.493290 -0.200000
v 1.108660 0.493290 0.200000
v 1.117584 0.480180 -0.200000
v 1.117584 0.480180 0.200000
v 1.125458 0.466970 -0.200000
v 1.125458 0.466970 0.200000
v 1.132282 0.453659 -0.200000
v 1.132282 0.453659 0.200000
v 1.138056 0.440248 -0.200000
v 1.138056 0.440248 0.200000
v 1.142781 0.426737 -0.200000
v 1.142781 0.426737 0.200000
v 1.146455 0.413126 -0.200000
v 1.146455 0.413126 0.200000
v 1.149080 0.399414 -0.200000
v 1.149080 0.399414 0.200000
v 1.150655 0.385602 -0.200000
v 1.150655 0.385602 0.200000
v 1.151180 0.371690 -0.200000
v 1.151180 0.371690 0.200000
v 1.150670 0.357860 -0.200000
v 1.150670 0.357860 0.200000
v 1.149140 0.344133 -0.200000
v 1.149140 0.344133 0.200000
v 1.146591 0.330510 -0.200000
v 1.146591 0.330510 0.200000
v 1.143021 0.316990 -0.200000
v 1.143021 0.316990 0.200000
v 1.138433 0.303575 -0.200000
v 1.138433 0.303575 0.200000
v 1.132824 0.290262 -0.200000
v 1.132824 0.290262 0.200000
v 1.126195 0.277054 -0.200000
v 1.126195 0.277054 0.200000
v 1.118547 0.263949 -0.200000
v 1.118547 0.263949 0.200000
v 1.109879 0.250948 -0.200000
v 1.109879 0.250948 0.200000
v 1.100191 0.238050 -0.200000
v 1.100191 0.238050 0.200000
v 1.089484 0.225256 -0.200000
v 1.089484 0.225256 0.200000
v 1.077756 0.212566 -0.200000
v 1.077756 0.212566 0.200000
v 1.065105 0.200160 -0.200000
v 1.065105 0.200160 0.200000
v 1.051624 0.188219 -0.200000
v 1.051624 0.188219 0.200000
v 1.037313 0.176742 -0.200000
v 1.037313 0.176742 0.200000
v 1.022174 0.165730 -0.200000
v 1.022174 0.165730 0.200000
v 1.006206 0.155183 -0.200000
v 1.006206 0.155183 0.200000
v 0.989408 0.145101 -0.200000
v 0.989408 0.145101 0.200000
v 0.971781 0.135484 -0.200000
v 0.971781 0.135484 0.200000
v 0.953325 0.126331 -0.200000
v 0.953325 0.126331 0.200000
v 0.934040 0.117643 -0.200000
v 0.934040 0.117643 0.200000
v 0.913925 0.109419 -0.200000
v 0.913925 0.109419 0.200000
v 0.892981 0.101661 -0.200000
v 0.892981 0.101661 0.200000
v 0.871208 0.094367 -0.200000
v 0.871208 0.094367 0.200000
v 0.848939 0.087600 -0.200000
v 0.848939 0.087600 0.200000
v 0.826506 0.081421 -0.200000
v 0.826506 0.081421 0.200000
v 0.803909 0.075831 -0.200000
v 0.803909 0.075831 0.200000
v 0.781148 0.070829 -0.200000
v 0.781148 0.070829 0.200000
v 0.758223 0.066415 -0.200000
v 0.758223 0.066415 0.200000
v 0.735135 0.062590 -0.200000
v 0.735135 0.062590 0.200000
v 0.711882 0.059354 -0.200000
v 0.711882 0.059354 0.200000
v 0.688466 0.056706 -0.200000
v 0.688466 0.056706 0.200000
v 0.664886 0.054646 -0.200000
v 0.664886 0.054646 0.200000
v 0.641142 0.053175 -0.200000
v 0.641142 0.053175 0.200000
v 0.617235 0.052292 -0.200000
v 0.617235 0.052292 0.200000
v 0.593163 0.051998 -0.200000
v 0.593163 0.051998 0.200000
v 0.569247 0.052292 -0.200000
v 0.569247 0.052292 0.200000
v 0.545485 0.053175 -0.200000
v 0.545485 0.053175 0.200000
v 0.521877 0.054646 -0.200000
v 0.521877 0.054646 0.200000
v 0.498422 0.056706 -0.200000
v 0.498422 0.056706 0.200000
v 0.475121 0.059354 -0.200000
v 0.475121 0.059354 0.200000
v 0.451974 0.062590 -0.200000
v 0.451974 0.062590 0.200000
v 0.428981 0.066415 -0.200000
v 0.428981 0.066415 0.200000
v 0.406141 0.070829 -0.200000
v 0.406141 0.070829 0.200000
v 0.383456 0.075831 -0.200000
v 0.383456 0.075831 0.200000
v 0.360924 0.081421 -0.200000
v 0.360924 0.081421 0.200000
v 0.338546 0.087600 -0.200000
v 0.338546 0.087600 0.200000
v 0.316322 0.094367 -0.200000
v 0.316322 0.094367 0.200000
v 0.294586 0.101661 -0.200000
v 0.294586 0.101661 0.200000
v 0.273672 0.109419 -0.200000
v 0.273672 0.109419 0.200000
v 0.253581 0.117643 -0.200000
v 0.253581 0.117643 0.200000
v 0.234312 0.126331 -0.200000
v 0.234312 0.126331 0.200000
v 0.215866 0.135484 -0.200000
v 0.215866 0.135484 0.200000
v 0.198243 0.145101 -0.200000
v 0.198243 0.145101 0.200000
v 0.181442 0.155183 -0.200000
v 0.181442 0.155183 0.200000
v 0.165463 0.165731 -0.200000
v 0.165463 0.165730 0.200000
v 0.150307 0.176742 -0.200000
v 0.150307 0.176742 0.200000
v 0.135973 0.188219 -0.200000
v 0.135973 0.188219 0.200000
v 0.122462 0.200160 -0.200000
v 0.122462 0.200160 0.200000
v 0.109774 0.212566 -0.200000
v 0.109774 0.212566 0.200000
v 0.098008 0.225256 -0.200000
v 0.098008 0.225256 0.200000
v 0.087265 0.238050 -0.200000
v 0.087265 0.238050 0.200000
v 0.077546 0.250948 -0.200000
v 0.077546 0.250948 0.200000
v 0.068849 0.263949 -0.200000
v 0.068849 0.263949 0.200000
v 0.061176 0.277054 -0.200000
v 0.061176 0.277054 0.200000
v 0.054526 0.290262 -0.200000
v 0.054526 0.290262 0.200000
v 0.048899 0.303575 -0.200000
v 0.048899 0.303575 0.200000
v 0.044295 0.316990 -0.200000
v 0.044295 0.316990 0.200000
v 0.040714 0.330510 -0.200000
v 0.040714 0.330510 0.200000
v 0.038156 0.344133 -0.200000
v 0.038156 0.344133 0.200000
v 0.036621 0.357860 -0.200000
v 0.036621 0.357860 0.200000
v 0.036110 0.371690 -0.200000
v 0.036110 0.371690 0.200000
v 0.036630 0.385602 -0.200000
v 0.036630 0.385602 0.200000
v 0.038189 0.399414 -0.200000
v 0.038189 0.399414 0.200000
v 0.040789 0.413126 -0.200000
v 0.040789 0.413126 0.200000
v 0.044428 0.426737 -0.200000
v 0.044428 0.426737 0.200000
v 0.049108 0.440248 -0.200000
v 0.049108 0.440248 0.200000
v 0.054827 0.453659 -0.200000
v 0.054827 0.453659 0.200000
v 0.061586 0.466970 -0.200000
v 0.061586 0.466970 0.200000
v 0.069384 0.480180 -0.200000
v 0.069384 0.480180 0.200000
v 0.078223 0.493290 -0.200000
v 0.078223 0.493290 0.200000
v 0.088101 0.506299 -0.200000
v 0.088101 0.506299 0.200000
v 0.099019 0.519208 -0.200000
v 0.099019 0.519208 0.200000
v 0.110977 0.532017 -0.200000
v 0.110977 0.532017 0.200000
v 0.123862 0.544532 -0.200000
v 0.123862 0.544532 0.200000
v 0.137558 0.556559 -0.200000
v 0.137558 0.556559 0.200000
v 0.152067 0.568097 -0.200000
v 0.152067 0.568097 0.200000
v 0.167389 0.579147 -0.200000
v 0.167389 0.579147 0.200000
v 0.183523 0.589709 -0.200000
v 0.183523 0.589709 0.200000
v 0.200469 0.599783 -0.200000
v 0.200469 0.599783 0.200000
v 0.218228 0.609369 -0.200000
v 0.218228 0.609369 0.200000
v 0.236800 0.618467 -0.200000
v 0.236800 0.618467 0.200000
v 0.256184 0.627076 -0.200000
v 0.256184 0.627076 0.200000
v 0.276380 0.635198 -0.200000
v 0.276380 0.635198 0.200000
v 0.297389 0.642831 -0.200000
v 0.297389 0.642831 0.200000
v 0.600385 0.534425 -0.200000
v 0.600385 0.534425 0.200000
v 0.589342 0.534273 -0.200000
v 0.589342 0.534273 0.200000
v 0.578358 0.533816 -0.200000
v 0.578358 0.533816 0.200000
v 0.567435 0.533055 -0.200000
v 0.567435 0.533055 0.200000
v 0.556572 0.531991 -0.200000
v 0.556572 0.531991 0.200000
v 0.545769 0.530621 -0.200000
v 0.545769 0.530621 0.200000
v 0.535026 0.528948 -0.200000
v 0.535026 0.528948 0.200000
v 0.524344 0.526970 -0.200000
v 0.524344 0.526970 0.200000
v 0.513722 0.524688 -0.200000
v 0.513722 0.524688 0.200000
v 0.503160 0.522102 -0.200000
v 0.503160 0.522102 0.200000
v 0.492658 0.519212 -0.200000
v 0.492658 0.519212 0.200000
v 0.482216 0.516017 -0.200000
v 0.482216 0.516017 0.200000
v 0.471834 0.512518 -0.200000
v 0.471834 0.512518 0.200000
v 0.461670 0.508745 -0.200000
v 0.461670 0.508745 0.200000
v 0.451880 0.504728 -0.200000
v 0.451880 0.504728 0.200000
v 0.442465 0.500466 -0.200000
v 0.442465 0.500466 0.200000
v 0.433424 0.495961 -0.200000
v 0.433424 0.495961 0.200000
v 0.424758 0.491212 -0.200000
v 0.424758 0.491212 0.200000
v 0.416466 0.486218 -0.200000
v 0.416466 0.486218 0.200000
v 0.408549 0.480980 -0.200000
v 0.408549 0.480980 0.200000
v 0.401006 0.475499 -0.200000
v 0.401006 0.475499 0.200000
v 0.393837 0.469773 -0.200000
v 0.393837 0.469773 0.200000
v 0.387043 0.463803 -0.200000
v 0.387043 0.463803 0.200000
v 0.380624 0.457589 -0.200000
v 0.380624 0.457589 0.200000
v 0.374579 0.451131 -0.200000
v 0.374579 0.451131 0.200000
v 0.368965 0.444521 -0.200000
v 0.368965 0.444521 0.200000
v 0.363839 0.437851 -0.200000
v 0.363839 0.437851 0.200000
v 0.359202 0.431121 -0.200000
v 0.359202 0.431121 0.200000
v 0.355053 0.424330 -0.200000
v 0.355053 0.424330 0.200000
v 0.351392 0.417479 -0.200000
v 0.351392 0.417479 0.200000
v 0.348219 0.410568 -0.200000
v 0.348219 0.410568 0.200000
v 0.345534 0.403597 -0.200000
v 0.345534 0.403597 0.200000
v 0.343337 0.396566 -0.200000
v 0.343337 0.396566 0.200000
v 0.341629 0.389474 -0.200000
v 0.341629 0.389474 0.200000
v 0.340408 0.382322 -0.200000
v 0.340408 0.382322 0.200000
v 0.339676 0.375110 -0.200000
v 0.339676 0.375110 0.200000
v 0.339432 0.367838 -0.200000
v 0.339432 0.367838 0.200000
v 0.339671 0.360645 -0.200000
v 0.339671 0.360645 0.200000
v 0.340388 0.353508 -0.200000
v 0.340388 0.353508 0.200000
v 0.341583 0.346428 -0.200000
v 0.341583 0.346428 0.200000
v 0.343257 0.339405 -0.200000
v 0.343257 0.339405 0.200000
v 0.345408 0.332439 -0.200000
v 0.345408 0.332439 0.200000
v 0.348038 0.325530 -0.200000
v 0.348038 0.325530 0.200000
v 0.351146 0.318677 -0.200000
v 0.351146 0.318677 0.200000
v 0.354732 0.311881 -0.200000
v 0.354732 0.311881 0.200000
v 0.358796 0.305143 -0.200000
v 0.358796 0.305143 0.200000
v 0.363338 0.298461 -0.200000
v 0.363338 0.298461 0.200000
v 0.368358 0.291836 -0.200000
v 0.368358 0.291836 0.200000
v 0.373857 0.285267 -0.200000
v 0.373857 0.285267 0.200000
v 0.379790 0.278846 -0.200000
v 0.379790 0.278846 0.200000
v 0.386114 0.272662 -0.200000
v 0.386114 0.272662 0.200000
v 0.392829 0.266716 -0.200000
v 0.392829 0.266716 0.200000
v 0.399936 0.261007 -0.200000
v 0.399936 0.261007 0.200000
v 0.407434 0.255535 -0.200000
v 0.407434 0.255535 0.200000
v 0.415323 0.250301 -0.200000
v 0.415323 0.250301 0.200000
v 0.423603 0.245304 -0.200000
v 0.423603 0.245304 0.200000
v 0.432274 0.240545 -0.200000
v 0.432274 0.240545 0.200000
v 0.441337 0.236023 -0.200000
v 0.441337 0.236023 0.200000
v 0.450790 0.231738 -0.200000
v 0.450790 0.231738 0.200000
v 0.460635 0.227691 -0.200000
v 0.460635 0.227691 0.200000
v 0.470871 0.223881 -0.200000
v 0.470871 0.223881 0.200000
v 0.481333 0.220343 -0.200000
v 0.481333 0.220343 0.200000
v 0.491855 0.217113 -0.200000
v 0.491855 0.217113 0.200000
v 0.502437 0.214191 -0.200000
v 0.502437 0.214191 0.200000
v 0.513080 0.211577 -0.200000
v 0.513080 0.211576 0.200000
v 0.523782 0.209270 -0.200000
v 0.523782 0.209269 0.200000
v 0.534545 0.207270 -0.200000
v 0.534545 0.207270 0.200000
v 0.545368 0.205578 -0.200000
v 0.545368 0.205578 0.200000
v 0.556251 0.204194 -0.200000
v 0.556251 0.204194 0.200000
v 0.567194 0.203117 -0.200000
v 0.567194 0.203117 0.200000
v 0.578198 0.202348 -0.200000
v 0.578198 0.202348 0.200000
v 0.589261 0.201887 -0.200000
v 0.589261 0.201887 0.200000
v 0.600385 0.201733 -0.200000
v 0.600385 0.201733 0.200000
v 0.611509 0.201887 -0.200000
v 0.611509 0.201887 0.200000
v 0.622573 0.202348 -0.200000
v 0.622573 0.202348 0.200000
v 0.633576 0.203117 -0.200000
v 0.633576 0.203117 0.200000
v 0.644519 0.204194 -0.200000
v 0.644519 0.204194 0.200000
v 0.655402 0.205578 -0.200000
v 0.655402 0.205578 0.200000
v 0.666225 0.207270 -0.200000
v 0.666225 0.207270 0.200000
v 0.676988 0.209270 -0.200000
v 0.676988 0.209269 0.200000
v 0.687691 0.211577 -0.200000
v 0.687691 0.211577 0.200000
v 0.698333 0.214191 -0.200000
v 0.698333 0.214191 0.200000
v 0.708915 0.217113 -0.200000
v 0.708915 0.217113 0.200000
v 0.719437 0.220343 -0.200000
v 0.719437 0.220343 0.200000
v 0.729899 0.223881 -0.200000
v 0.729899 0.223881 0.200000
v 0.740133 0.227691 -0.200000
v 0.740133 0.227691 0.200000
v 0.749973 0.231738 -0.200000
v 0.749973 0.231738 0.200000
v 0.759419 0.236023 -0.200000
v 0.759419 0.236023 0.200000
v 0.768469 0.240545 -0.200000
v 0.768469 0.240545 0.200000
v 0.777126 0.245304 -0.200000
v 0.777126 0.245304 0.200000
v 0.785388 0.250301 -0.200000
v 0.785388 0.250301 0.200000
v 0.793255 0.255535 -0.200000
v 0.793255 0.255535 0.200000
v 0.800728 0.261007 -0.200000
v 0.800728 0.261007 0.200000
v 0.807806 0.266716 -0.200000
v 0.807806 0.266716 0.200000
v 0.814489 0.272662 -0.200000
v 0.814489 0.272662 0.200000
v 0.820778 0.278846 -0.200000
v 0.820778 0.278846 0.200000
v 0.826673 0.285267 -0.200000
v 0.826673 0.285267 0.200000
v 0.832133 0.291836 -0.200000
v 0.832133 0.291836 0.200000
v 0.837118 0.298461 -0.200000
v 0.837118 0.298461 0.200000
v 0.841629 0.305143 -0.200000
v 0.841629 0.305143 0.200000
v 0.845664 0.311881 -0.200000
v 0.845664 0.311881 0.200000
v 0.849225 0.318677 -0.200000
v 0.849225 0.318677 0.200000
v 0.852311 0.325530 -0.200000
v 0.852311 0.325530 0.200000
v 0.854922 0.332439 -0.200000
v 0.854922 0.332439 0.200000
v 0.857059 0.339405 -0.200000
v 0.857059 0.339405 0.200000
v 0.858720 0.346428 -0.200000
v 0.858720 0.346428 0.200000
v 0.859907 0.353508 -0.200000
v 0.859907 0.353508 0.200000
v 0.860620 0.360645 -0.200000
v 0.860620 0.360645 0.200000
v 0.860857 0.367838 -0.200000
v 0.860857 0.367838 0.200000
v 0.860611 0.375110 -0.200000
v 0.860611 0.375110 0.200000
v 0.859874 0.382322 -0.200000
v 0.859874 0.382322 0.200000
v 0.858645 0.389474 -0.200000
v 0.858645 0.389474 0.200000
v 0.856925 0.396566 -0.200000
v 0.856925 0.396566 0.200000
v 0.854713 0.403597 -0.200000
v 0.854713 0.403597 0.200000
v 0.852010 0.410568 -0.200000
v 0.852010 0.410568 0.200000
v 0.848815 0.417479 -0.200000
v 0.848815 0.417479 0.200000
v 0.845129 0.424330 -0.200000
v 0.845129 0.424330 0.200000
v 0.840952 0.431121 -0.200000
v 0.840952 0.431121 0.200000
v 0.836282 0.437851 -0.200000
v 0.836282 0.437851 0.200000
v 0.831122 0.444521 -0.200000
v 0.831122 0.444521 0.200000
v 0.825469 0.451131 -0.200000
v 0.825469 0.451131 0.200000
v 0.819386 0.457589 -0.200000
v 0.819386 0.457589 0.200000
v 0.812931 0.463803 -0.200000
v 0.812931 0.463803 0.200000
v 0.806106 0.469773 -0.200000
v 0.806106 0.469773 0.200000
v 0.798909 0.475499 -0.200000
v 0.798909 0.475499 0.200000
v 0.791341 0.480981 -0.200000
v 0.791341 0.480981 0.200000
v 0.783401 0.486218 -0.200000
v 0.783401 0.486218 0.200000
v 0.775091 0.491212 -0.200000
v 0.775091 0.491212 0.200000
v 0.766410 0.495961 -0.200000
v 0.766410 0.495961 0.200000
v 0.757357 0.500466 -0.200000
v 0.757357 0.500466 0.200000
v 0.747934 0.504728 -0.200000
v 0.747934 0.504728 0.200000
v 0.738139 0.508745 -0.200000
v 0.738139 0.508745 0.200000
v 0.727973 0.512518 -0.200000
v 0.727973 0.512518 0.200000
v 0.717598 0.516017 -0.200000
v 0.717598 0.516017 0.200000
v 0.707176 0.519212 -0.200000
v 0.707176 0.519212 0.200000
v 0.696708 0.522102 -0.200000
v 0.696708 0.522102 0.200000
v 0.686193 0.524688 -0.200000
v 0.686193 0.524688 0.200000
v 0.675631 0.526970 -0.200000
v 0.675631 0.526970 0.200000
v 0.665022 0.528948 -0.200000
v 0.665022 0.528948 0.200000
v 0.654366 0.530621 -0.200000
v 0.654366 0.530621 0.200000
v 0.643663 0.531991 -0.200000
v 0.643663 0.531991 0.200000
v 0.632914 0.533055 -0.200000
v 0.632914 0.533055 0.200000
v 0.622118 0.533816 -0.200000
v 0.622118 0.533816 0.200000
v 0.611275 0.534273 -0.200000
v 0.611275 0.534273 0.200000
v 1.223399 0.311507 -0.200000
v 1.223399 0.311507 0.200000
v 1.223399 0.678864 -0.200000
v 1.223399 0.678864 0.200000
v 1.488686 0.678864 -0.200000
v 1.488686 0.678864 0.200000
v 1.488686 0.328840 -0.200000
v 1.488686 0.328840 0.200000
v 1.490087 0.311303 -0.200000
v 1.490087 0.311303 0.200000
v 1.494289 0.295284 -0.200000
v 1.494289 0.295284 0.200000
v 1.501294 0.280784 -0.200000
v 1.501294 0.280784 0.200000
v 1.511100 0.267801 -0.200000
v 1.511100 0.267801 0.200000
v 1.523709 0.256336 -0.200000
v 1.523709 0.256336 0.200000
v 1.539119 0.246389 -0.200000
v 1.539119 0.246389 0.200000
v 1.557331 0.237960 -0.200000
v 1.557331 0.237960 0.200000
v 1.578345 0.231049 -0.200000
v 1.578345 0.231049 0.200000
v 1.602161 0.225656 -0.200000
v 1.602161 0.225656 0.200000
v 1.628778 0.221781 -0.200000
v 1.628778 0.221781 0.200000
v 1.658198 0.219424 -0.200000
v 1.658198 0.219424 0.200000
v 1.690419 0.218585 -0.200000
v 1.690419 0.218584 0.200000
v 1.716998 0.218859 -0.200000
v 1.716998 0.218859 0.200000
v 1.741849 0.219521 -0.200000
v 1.741849 0.219521 0.200000
v 1.764971 0.220571 -0.200000
v 1.764971 0.220571 0.200000
v 1.786364 0.222008 -0.200000
v 1.786364 0.222008 0.200000
v 1.806029 0.223834 -0.200000
v 1.806029 0.223834 0.200000
v 1.823965 0.226047 -0.200000
v 1.823965 0.226047 0.200000
v 1.840173 0.228648 -0.200000
v 1.840173 0.228648 0.200000
v 1.854652 0.231638 -0.200000
v 1.854652 0.231637 0.200000
v 1.867402 0.235014 -0.200000
v 1.867402 0.235014 0.200000
v 1.878424 0.238779 -0.200000
v 1.878424 0.238779 0.200000
v 1.887717 0.242932 -0.200000
v 1.887717 0.242932 0.200000
v 1.895282 0.247472 -0.200000
v 1.895282 0.247472 0.200000
v 1.901703 0.252377 -0.200000
v 1.901703 0.252377 0.200000
v 1.907566 0.257623 -0.200000
v 1.907566 0.257623 0.200000
v 1.912870 0.263210 -0.200000
v 1.912870 0.263210 0.200000
v 1.917616 0.269138 -0.200000
v 1.917616 0.269138 0.200000
v 1.921804 0.275407 -0.200000
v 1.921804 0.275407 0.200000
v 1.925433 0.282017 -0.200000
v 1.925433 0.282017 0.200000
v 1.928504 0.288968 -0.200000
v 1.928504 0.288968 0.200000
v 1.931017 0.296261 -0.200000
v 1.931017 0.296261 0.200000
v 1.932971 0.303894 -0.200000
v 1.932971 0.303894 0.200000
v 1.934367 0.311868 -0.200000
v 1.934367 0.311868 0.200000
v 1.935205 0.320183 -0.200000
v 1.935205 0.320183 0.200000
v 1.935484 0.328840 -0.200000
v 1.935484 0.328840 0.200000
v 1.935484 0.678864 -0.200000
v 1.935484 0.678864 0.200000
v 2.200770 0.678864 -0.200000
v 2.200770 0.678864 0.200000
v 2.200770 0.330766 -0.200000
v 2.200770 0.330766 0.200000
v 2.200553 0.319571 -0.200000
v 2.200553 0.319571 0.200000
v 2.199901 0.308618 -0.200000
v 2.199901 0.308618 0.200000
v 2.198814 0.297906 -0.200000
v 2.198814 0.297906 0.200000
v 2.197293 0.287434 -0.200000
v 2.197293 0.287434 0.200000
v 2.195337 0.277203 -0.200000
v 2.195337 0.277203 0.200000
v 2.192946 0.267212 -0.200000
v 2.192946 0.267212 0.200000
v 2.190121 0.257463 -0.200000
v 2.190121 0.257463 0.200000
v 2.186861 0.247954 -0.200000
v 2.186861 0.247954 0.200000
v 2.183167 0.238686 -0.200000
v 2.183167 0.238686 0.200000
v 2.179037 0.229658 -0.200000
v 2.179037 0.229658 0.200000
v 2.174474 0.220871 -0.200000
v 2.174474 0.220871 0.200000
v 2.169475 0.212325 -0.200000
v 2.169475 0.212325 0.200000
v 2.164055 0.204025 -0.200000
v 2.164055 0.204025 0.200000
v 2.158228 0.195976 -0.200000
v 2.158228 0.195976 0.200000
v 2.151992 0.188177 -0.200000
v 2.151992 0.188177 0.200000
v 2.145349 0.180629 -0.200000
v 2.145349 0.180629 0.200000
v 2.138297 0.173332 -0.200000
v 2.138297 0.173332 0.200000
v 2.130838 0.166286 -0.200000
v 2.130838 0.166285 0.200000
v 2.122970 0.159490 -0.200000
v 2.122970 0.159490 0.200000
v 2.114695 0.152945 -0.200000
v 2.114695 0.152945 0.200000
v 2.106012 0.146651 -0.200000
v 2.106012 0.146651 0.200000
v 2.096921 0.140607 -0.200000
v 2.096921 0.140607 0.200000
v 2.087422 0.134815 -0.200000
v 2.087422 0.134815 0.200000
v 2.077516 0.129273 -0.200000
v 2.077516 0.129273 0.200000
v 2.067216 0.123972 -0.200000
v 2.067216 0.123972 0.200000
v 2.056539 0.118901 -0.200000
v 2.056539 0.118901 0.200000
v 2.045483 0.114062 -0.200000
v 2.045483 0.114062 0.200000
v 2.034050 0.109453 -0.200000
v 2.034050 0.109453 0.200000
v 2.022239 0.105074 -0.200000
v 2.022239 0.105074 0.200000
v 2.010051 0.100927 -0.200000
v 2.010051 0.100927 0.200000
v 1.997484 0.097010 -0.200000
v 1.997484 0.097010 0.200000
v 1.984540 0.093324 -0.200000
v 1.984540 0.093324 0.200000
v 1.971218 0.089868 -0.200000
v 1.971218 0.089868 0.200000
v 1.957518 0.086643 -0.200000
v 1.957518 0.086643 0.200000
v 1.943440 0.083649 -0.200000
v 1.943440 0.083649 0.200000
v 1.928984 0.080886 -0.200000
v 1.928984 0.080886 0.200000
v 1.914157 0.078348 -0.200000
v 1.914157 0.078348 0.200000
v 1.898966 0.076031 -0.200000
v 1.898966 0.076031 0.200000
v 1.883411 0.073935 -0.200000
v 1.883411 0.073935 0.200000
v 1.867491 0.072059 -0.200000
v 1.867491 0.072059 0.200000
v 1.851206 0.070404 -0.200000
v 1.851206 0.070404 0.200000
v 1.834557 0.068970 -0.200000
v 1.834557 0.068970 0.200000
v 1.817544 0.067756 -0.200000
v 1.817544 0.067756 0.200000
v 1.800166 0.066763 -0.200000
v 1.800166 0.066763 0.200000
v 1.782423 0.065991 -0.200000
v 1.782423 0.065991 0.200000
v 1.764317 0.065439 -0.200000
v 1.764317 0.065439 0.200000
v 1.745846 0.065108 -0.200000
v 1.745846 0.065108 0.200000
v 1.727010 0.064998 -0.200000
v 1.727010 0.064998 0.200000
v 1.707519 0.065103 -0.200000
v 1.707519 0.065103 0.200000
v 1.688366 0.065419 -0.200000
v 1.688366 0.065419 0.200000
v 1.669550 0.065945 -0.200000
v 1.669550 0.065945 0.200000
v 1.651073 0.066683 -0.200000
v 1.651073 0.066683 0.200000
v 1.632932 0.067631 -0.200000
v 1.632932 0.067631 0.200000
v 1.615130 0.068789 -0.200000
v 1.615130 0.068789 0.200000
v 1.597665 0.070158 -0.200000
v 1.597665 0.070158 0.200000
v 1.580538 0.071738 -0.200000
v 1.580538 0.071738 0.200000
v 1.563749 0.073529 -0.200000
v 1.563749 0.073529 0.200000
v 1.547297 0.075530 -0.200000
v 1.547297 0.075530 0.200000
v 1.531183 0.077741 -0.200000
v 1.531183 0.077741 0.200000
v 1.515407 0.080164 -0.200000
v 1.515407 0.080164 0.200000
v 1.499998 0.082797 -0.200000
v 1.499998 0.082797 0.200000
v 1.484988 0.085640 -0.200000
v 1.484988 0.085640 0.200000
v 1.470375 0.088695 -0.200000
v 1.470375 0.088695 0.200000
v 1.456160 0.091960 -0.200000
v 1.456160 0.091960 0.200000
v 1.442343 0.095435 -0.200000
v 1.442343 0.095435 0.200000
v 1.428924 0.099121 -0.200000
v 1.428924 0.099121 0.200000
v 1.415903 0.103018 -0.200000
v 1.415903 0.103018 0.200000
v 1.403279 0.107126 -0.200000
v 1.403279 0.107126 0.200000
v 1.391054 0.111444 -0.200000
v 1.391054 0.111444 0.200000
v 1.379226 0.115973 -0.200000
v 1.379226 0.115973 0.200000
v 1.367796 0.120712 -0.200000
v 1.367796 0.120712 0.200000
v 1.356765 0.125662 -0.200000
v 1.356765 0.125662 0.200000
v 1.346146 0.130828 -0.200000
v 1.346146 0.130828 0.200000
v 1.335955 0.136214 -0.200000
v 1.335955 0.136214 0.200000
v 1.326192 0.141821 -0.200000
v 1.326192 0.141821 0.200000
v 1.316857 0.147649 -0.200000
v 1.316857 0.147649 0.200000
v 1.307950 0.153697 -0.200000
v 1.307950 0.153697 0.200000
v 1.299470 0.159966 -0.200000
v 1.299470 0.159966 0.200000
v 1.291419 0.166456 -0.200000
v 1.291419 0.166456 0.200000
v 1.283796 0.173166 -0.200000
v 1.283796 0.173166 0.200000
v 1.276601 0.180097 -0.200000
v 1.276601 0.180097 0.200000
v 1.269834 0.187249 -0.200000
v 1.269834 0.187249 0.200000
v 1.263494 0.194622 -0.200000
v 1.263494 0.194622 0.200000
v 1.257583 0.202215 -0.200000
v 1.257583 0.202215 0.200000
v 1.252123 0.210035 -0.200000
v 1.252123 0.210035 0.200000
v 1.247138 0.218090 -0.200000
v 1.247138 0.218090 0.200000
v 1.242628 0.226378 -0.200000
v 1.242628 0.226378 0.200000
v 1.238592 0.234901 -0.200000
v 1.238592 0.234901 0.200000
v 1.235031 0.243657 -0.200000
v 1.235031 0.243657 0.200000
v 1.231945 0.252648 -0.200000
v 1.231945 0.252648 0.200000
v 1.229334 0.261873 -0.200000
v 1.229334 0.261873 0.200000
v 1.227197 0.271332 -0.200000
v 1.227197 0.271332 0.200000
v 1.225536 0.281024 -0.200000
v 1.225536 0.281024 0.200000
v 1.224349 0.290951 -0.200000
v 1.224349 0.290951 0.200000
v 1.223637 0.301112 -0.200000
v 1.223637 0.301112 0.200000
v 2.272990 0.496389 -0.200000
v 2.272990 0.496389 0.200000
v 2.272990 0.678864 -0.200000
v 2.272990 0.678864 0.200000
v 3.238806 0.678864 -0.200000
v 3.238806 0.678864 0.200000
v 3.238806 0.496389 -0.200000
v 3.238806 0.496389 0.200000
v 2.896485 0.496389 -0.200000
v 2.896485 0.496389 0.200000
v 2.896485 0.065961 -0.200000
v 2.896485 0.065961 0.200000
v 2.606163 0.065961 -0.200000
v 2.606163 0.065961 0.200000
v 2.606163 0.496389 -0.200000
v 2.606163 0.496389 0.200000
v 3.597015 0.065961 -0.200000
v 3.597015 0.065961 0.200000
v 3.311025 0.065961 -0.200000
v 3.311025 0.065961 0.200000
v 3.311025 0.678864 -0.200000
v 3.311025 0.678864 0.200000
v 3.597015 0.678864 -0.200000
v 3.597015 0.678864 0.200000
v 3.970149 0.678864 -0.200000
v 3.970149 0.678864 0.200000
v 3.970149 0.244102 -0.200000
v 3.970149 0.244102 0.200000
v 4.422725 0.244102 -0.200000
v 4.422725 0.244102 0.200000
v 4.422725 0.065961 -0.200000
v 4.422725 0.065961 0.200000
v 3.669234 0.065961 -0.200000
v 3.669234 0.065961 0.200000
v 3.669234 0.678864 -0.200000
v 3.669234 0.678864 0.200000
v 5.134769 0.561494 -0.200000
v 5.134769 0.561494 0.200000
v 5.130958 0.563901 -0.200000
v 5.130958 0.563901 0.200000
v 5.126986 0.566201 -0.200000
v 5.126986 0.566201 0.200000
v 5.122853 0.568395 -0.200000
v 5.122853 0.568395 0.200000
v 5.118560 0.570481 -0.200000
v 5.118560 0.570481 0.200000
v 5.114106 0.572460 -0.200000
v 5.114106 0.572460 0.200000
v 5.109492 0.574333 -0.200000
v 5.109492 0.574333 0.200000
v 5.104718 0.576098 -0.200000
v 5.104718 0.576098 0.200000
v 5.099783 0.577756 -0.200000
v 5.099783 0.577756 0.200000
v 5.094687 0.579308 -0.200000
v 5.094687 0.579308 0.200000
v 5.089432 0.580752 -0.200000
v 5.089432 0.580752 0.200000
v 5.084015 0.582090 -0.200000
v 5.084015 0.582090 0.200000
v 5.078263 0.583350 -0.200000
v 5.078263 0.583350 0.200000
v 5.071999 0.584564 -0.200000
v 5.071999 0.584564 0.200000
v 5.065223 0.585731 -0.200000
v 5.065223 0.585731 0.200000
v 5.057936 0.586851 -0.200000
v 5.057936 0.586851 0.200000
v 5.050138 0.587924 -0.200000
v 5.050138 0.587924 0.200000
v 5.041827 0.588950 -0.200000
v 5.041827 0.588950 0.200000
v 5.033005 0.589930 -0.200000
v 5.033005 0.589930 0.200000
v 5.023672 0.590863 -0.200000
v 5.023672 0.590863 0.200000
v 5.013827 0.591749 -0.200000
v 5.013827 0.591749 0.200000
v 5.003470 0.592588 -0.200000
v 5.003470 0.592588 0.200000
v 4.992602 0.593381 -0.200000
v 4.992602 0.593381 0.200000
v 4.981223 0.594126 -0.200000
v 4.981223 0.594126 0.200000
v 4.970425 0.593459 -0.200000
v 4.970425 0.593459 0.200000
v 4.960179 0.592742 -0.200000
v 4.960179 0.592742 0.200000
v 4.950484 0.591975 -0.200000
v 4.950484 0.591975 0.200000
v 4.941341 0.591157 -0.200000
v 4.941341 0.591157 0.200000
v 4.932750 0.590290 -0.200000
v 4.932750 0.590290 0.200000
v 4.924711 0.589372 -0.200000
v 4.924711 0.589372 0.200000
v 4.917223 0.588404 -0.200000
v 4.917223 0.588404 0.200000
v 4.910287 0.587386 -0.200000
v 4.910287 0.587386 0.200000
v 4.903903 0.586317 -0.200000
v 4.903903 0.586317 0.200000
v 4.898070 0.585199 -0.200000
v 4.898070 0.585199 0.200000
v 4.892789 0.584031 -0.200000
v 4.892789 0.584031 0.200000
v 4.888060 0.582812 -0.200000
v 4.888060 0.582812 0.200000
v 4.883690 0.581518 -0.200000
v 4.883690 0.581518 0.200000
v 4.879487 0.580124 -0.200000
v 4.879487 0.580124 0.200000
v 4.875452 0.578629 -0.200000
v 4.875452 0.578629 0.200000
v 4.871583 0.577034 -0.200000
v 4.871583 0.577034 0.200000
v 4.867882 0.575339 -0.200000
v 4.867882 0.575339 0.200000
v 4.864347 0.573544 -0.200000
v 4.864347 0.573544 0.200000
v 4.860981 0.571648 -0.200000
v 4.860981 0.571648 0.200000
v 4.857781 0.569652 -0.200000
v 4.857781 0.569652 0.200000
v 4.854748 0.567555 -0.200000
v 4.854748 0.567555 0.200000
v 4.851883 0.565359 -0.200000
v 4.851883 0.565359 0.200000
v 4.849185 0.563062 -0.200000
v 4.849185 0.563062 0.200000
v 4.846653 0.560664 -0.200000
v 4.846653 0.560664 0.200000
v 4.844305 0.558212 -0.200000
v 4.844305 0.558212 0.200000
v 4.842154 0.555749 -0.200000
v 4.842154 0.555749 0.200000
v 4.840199 0.553277 -0.200000
v 4.840199 0.553277 0.200000
v 4.838442 0.550794 -0.200000
v 4.838442 0.550794 0.200000
v 4.836883 0.548302 -0.200000
v 4.836883 0.548302 0.200000
v 4.835520 0.545799 -0.200000
v 4.835520 0.545799 0.200000
v 4.834355 0.543287 -0.200000
v 4.834355 0.543287 0.200000
v 4.833387 0.540764 -0.200000
v 4.833387 0.540764 0.200000
v 4.832616 0.538231 -0.200000
v 4.832616 0.538231 0.200000
v 4.832043 0.535688 -0.200000
v 4.832043 0.535688 0.200000
v 4.831666 0.533136 -0.200000
v 4.831666 0.533136 0.200000
v 4.831488 0.530573 -0.200000
v 4.831488 0.530573 0.200000
v 4.831663 0.528014 -0.200000
v 4.831663 0.528014 0.200000
v 4.832029 0.525471 -0.200000
v 4.832029 0.525471 0.200000
v 4.832586 0.522945 -0.200000
v 4.832586 0.522945 0.200000
v 4.833333 0.520436 -0.200000
v 4.833333 0.520436 0.200000
v 4.834271 0.517943 -0.200000
v 4.834271 0.517943 0.200000
v 4.835399 0.515467 -0.200000
v 4.835399 0.515467 0.200000
v 4.836718 0.513008 -0.200000
v 4.836718 0.513008 0.200000
v 4.838228 0.510565 -0.200000
v 4.838228 0.510565 0.200000
v 4.839928 0.508140 -0.200000
v 4.839928 0.508140 0.200000
v 4.841819 0.505731 -0.200000
v 4.841819 0.505731 0.200000
v 4.843900 0.503338 -0.200000
v 4.843900 0.503338 0.200000
v 4.846172 0.500963 -0.200000
v 4.846172 0.500963 0.200000
v 4.848625 0.498639 -0.200000
v 4.848625 0.498639 0.200000
v 4.851248 0.496402 -0.200000
v 4.851248 0.496402 0.200000
v 4.854041 0.494253 -0.200000
v 4.854041 0.494253 0.200000
v 4.857005 0.492190 -0.200000
v 4.857005 0.492190 0.200000
v 4.860140 0.490214 -0.200000
v 4.860140 0.490214 0.200000
v 4.863445 0.488324 -0.200000
v 4.863445 0.488324 0.200000
v 4.866920 0.486522 -0.200000
v 4.866920 0.486522 0.200000
v 4.870566 0.484807 -0.200000
v 4.870566 0.484807 0.200000
v 4.874383 0.483179 -0.200000
v 4.874383 0.483179 0.200000
v 4.878370 0.481637 -0.200000
v 4.878370 0.481637 0.200000
v 4.882528 0.480183 -0.200000
v 4.882528 0.480183 0.200000
v 4.886856 0.478816 -0.200000
v 4.886856 0.478816 0.200000
v 4.891293 0.477548 -0.200000
v 4.891293 0.477548 0.200000
v 4.895777 0.476395 -0.200000
v 4.895777 0.476395 0.200000
v 4.900307 0.475355 -0.200000
v 4.900307 0.475355 0.200000
v 4.904884 0.474429 -0.200000
v 4.904884 0.474429 0.200000
v 4.909508 0.473616 -0.200000
v 4.909508 0.473616 0.200000
v 4.914179 0.472918 -0.200000
v 4.914179 0.472918 0.200000
v 4.918897 0.472333 -0.200000
v 4.918897 0.472333 0.200000
v 4.923661 0.471861 -0.200000
v 4.923661 0.471861 0.200000
v 4.928473 0.471503 -0.200000
v 4.928473 0.471503 0.200000
v 4.933331 0.471259 -0.200000
v 4.933331 0.471259 0.200000
v 4.938235 0.471129 -0.200000
v 4.938235 0.471129 0.200000
v 4.943187 0.471112 -0.200000
v 4.943187 0.471112 0.200000
v 4.948336 0.471151 -0.200000
v 4.948336 0.471151 0.200000
v 4.953833 0.471186 -0.200000
v 4.953833 0.471186 0.200000
v 4.959677 0.471218 -0.200000
v 4.959677 0.471218 0.200000
v 4.965869 0.471246 -0.200000
v 4.965869 0.471246 0.200000
v 4.972409 0.471271 -0.200000
v 4.972409 0.471271 0.200000
v 4.979297 0.471293 -0.200000
v 4.979297 0.471293 0.200000
v 4.986532 0.471311 -0.200000
v 4.986532 0.471311 0.200000
v 4.994115 0.471326 -0.200000
v 4.994115 0.471326 0.200000
v 5.002046 0.471338 -0.200000
v 5.002046 0.471338 0.200000
v 5.010324 0.471346 -0.200000
v 5.010324 0.471346 0.200000
v 5.018950 0.471351 -0.200000
v 5.018950 0.471351 0.200000
v 5.027925 0.471353 -0.200000
v 5.027925 0.471353 0.200000
v 5.046134 0.470786 -0.200000
v 5.046134 0.470786 0.200000
v 5.063527 0.470209 -0.200000
v 5.063527 0.470209 0.200000
v 5.080104 0.469623 -0.200000
v 5.080104 0.469623 0.200000
v 5.095865 0.469026 -0.200000
v 5.095865 0.469026 0.200000
v 5.110811 0.468419 -0.200000
v 5.110811 0.468419 0.200000
v 5.124940 0.467802 -0.200000
v 5.124940 0.467802 0.200000
v 5.138254 0.467175 -0.200000
v 5.138254 0.467175 0.200000
v 5.150752 0.466538 -0.200000
v 5.150752 0.466538 0.200000
v 5.162434 0.465891 -0.200000
v 5.162434 0.465891 0.200000
v 5.173300 0.465234 -0.200000
v 5.173300 0.465234 0.200000
v 5.183351 0.464567 -0.200000
v 5.183351 0.464567 0.200000
v 5.192585 0.463890 -0.200000
v 5.192585 0.463890 0.200000
v 5.201245 0.463208 -0.200000
v 5.201245 0.463208 0.200000
v 5.209570 0.462526 -0.200000
v 5.209570 0.462526 0.200000
v 5.217561 0.461844 -0.200000
v 5.217561 0.461844 0.200000
v 5.225217 0.461162 -0.200000
v 5.225217 0.461162 0.200000
v 5.232540 0.460480 -0.200000
v 5.232540 0.460480 0.200000
v 5.239528 0.459798 -0.200000
v 5.239528 0.459798 0.200000
v 5.246181 0.459116 -0.200000
v 5.246181 0.459116 0.200000
v 5.252501 0.458434 -0.200000
v 5.252501 0.458434 0.200000
v 5.258485 0.457752 -0.200000
v 5.258485 0.457752 0.200000
v 5.264136 0.457070 -0.200000
v 5.264136 0.457070 0.200000
v 5.269452 0.456387 -0.200000
v 5.269452 0.456387 0.200000
v 5.274434 0.455705 -0.200000
v 5.274434 0.455705 0.200000
v 5.279373 0.454916 -0.200000
v 5.279373 0.454916 0.200000
v 5.284558 0.453913 -0.200000
v 5.284558 0.453913 0.200000
v 5.289991 0.452696 -0.200000
v 5.289991 0.452696 0.200000
v 5.295672 0.451265 -0.200000
v 5.295672 0.451265 0.200000
v 5.301600 0.449620 -0.200000
v 5.301600 0.449620 0.200000
v 5.307775 0.447761 -0.200000
v 5.307775 0.447761 0.200000
v 5.314198 0.445688 -0.200000
v 5.314198 0.445688 0.200000
v 5.320869 0.443401 -0.200000
v 5.320869 0.443401 0.200000
v 5.327786 0.440900 -0.200000
v 5.327786 0.440900 0.200000
v 5.334951 0.438185 -0.200000
v 5.334951 0.438185 0.200000
v 5.342364 0.435257 -0.200000
v 5.342364 0.435257 0.200000
v 5.350024 0.432114 -0.200000
v 5.350024 0.432114 0.200000
v 5.357659 0.428844 -0.200000
v 5.357659 0.428844 0.200000
v 5.365002 0.425534 -0.200000
v 5.365002 0.425534 0.200000
v 5.372050 0.422183 -0.200000
v 5.372050 0.422183 0.200000
v 5.378804 0.418793 -0.200000
v 5.378804 0.418793 0.200000
v 5.385263 0.415363 -0.200000
v 5.385263 0.415363 0.200000
v 5.391429 0.411892 -0.200000
v 5.391429 0.411892 0.200000
v 5.397300 0.408381 -0.200000
v 5.397300 0.408381 0.200000
v 5.402877 0.404831 -0.200000
v 5.402877 0.404831 0.200000
v 5.408160 0.401240 -0.200000
v 5.408160 0.401240 0.200000
v 5.413149 0.397609 -0.200000
v 5.413149 0.397609 0.200000
v 5.417843 0.393938 -0.200000
v 5.417843 0.393938 0.200000
v 5.422244 0.390226 -0.200000
v 5.422244 0.390226 0.200000
v 5.426424 0.386408 -0.200000
v 5.426424 0.386408 0.200000
v 5.430461 0.382416 -0.200000
v 5.430461 0.382416 0.200000
v 5.434355 0.378250 -0.200000
v 5.434355 0.378250 0.200000
v 5.438105 0.373910 -0.200000
v 5.438105 0.373910 0.200000
v 5.441710 0.369396 -0.200000
v 5.441710 0.369396 0.200000
v 5.445173 0.364709 -0.200000
v 5.445173 0.364709 0.200000
v 5.448491 0.359847 -0.200000
v 5.448491 0.359847 0.200000
v 5.451666 0.354812 -0.200000
v 5.451666 0.354812 0.200000
v 5.454697 0.349603 -0.200000
v 5.454697 0.349603 0.200000
v 5.457584 0.344220 -0.200000
v 5.457584 0.344220 0.200000
v 5.460327 0.338663 -0.200000
v 5.460327 0.338663 0.200000
v 5.462927 0.332932 -0.200000
v 5.462927 0.332932 0.200000
v 5.465298 0.327111 -0.200000
v 5.465298 0.327111 0.200000
v 5.467354 0.321283 -0.200000
v 5.467354 0.321283 0.200000
v 5.469096 0.315449 -0.200000
v 5.469096 0.315449 0.200000
v 5.470523 0.309608 -0.200000
v 5.470523 0.309608 0.200000
v 5.471637 0.303760 -0.200000
v 5.471637 0.303760 0.200000
v 5.472436 0.297906 -0.200000
v 5.472436 0.297906 0.200000
v 5.472921 0.292044 -0.200000
v 5.472921 0.292044 0.200000
v 5.473092 0.286177 -0.200000
v 5.473092 0.286177 0.200000
v 5.472948 0.280302 -0.200000
v 5.472948 0.280302 0.200000
v 5.472490 0.274421 -0.200000
v 5.472490 0.274421 0.200000
v 5.471717 0.268533 -0.200000
v 5.471717 0.268533 0.200000
v 5.470631 0.262638 -0.200000
v 5.470631 0.262638 0.200000
v 5.469246 0.256742 -0.200000
v 5.469246 0.256742 0.200000
v 5.467587 0.250849 -0.200000
v 5.467587 0.250849 0.200000
v 5.465649 0.244960 -0.200000
v 5.465649 0.244960 0.200000
v 5.463434 0.239073 -0.200000
v 5.463434 0.239073 0.200000
v 5.460942 0.233191 -0.200000
v 5.460942 0.233191 0.200000
v 5.458172 0.227311 -0.200000
v 5.458172 0.227311 0.200000
v 5.455124 0.221435 -0.200000
v 5.455124 0.221435 0.200000
v 5.451799 0.215562 -0.200000
v 5.451799 0.215562 0.200000
v 5.448197 0.209692 -0.200000
v 5.448197 0.209692 0.200000
v 5.444317 0.203826 -0.200000
v 5.444317 0.203826 0.200000
v 5.440159 0.197963 -0.200000
v 5.440159 0.197963 0.200000
v 5.435724 0.192104 -0.200000
v 5.435724 0.192104 0.200000
v 5.430870 0.186245 -0.200000
v 5.430870 0.186245 0.200000
v 5.425448 0.180382 -0.200000
v 5.425448 0.180382 0.200000
v 5.419461 0.174516 -0.200000
v 5.419461 0.174516 0.200000
v 5.412910 0.168646 -0.200000
v 5.412910 0.168646 0.200000
v 5.405793 0.162773 -0.200000
v 5.405793 0.162773 0.200000
v 5.398111 0.156897 -0.200000
v 5.398111 0.156897 0.200000
v 5.389864 0.151017 -0.200000
v 5.389864 0.151017 0.200000
v 5.381052 0.145135 -0.200000
v 5.381052 0.145135 0.200000
v 5.371675 0.139248 -0.200000
v 5.371675 0.139248 0.200000
v 5.361733 0.133359 -0.200000
v 5.361733 0.133359 0.200000
v 5.351226 0.127466 -0.200000
v 5.351226 0.127466 0.200000
v 5.340154 0.121570 -0.200000
v 5.340154 0.121570 0.200000
v 5.328908 0.115835 -0.200000
v 5.328908 0.115835 0.200000
v 5.317880 0.110429 -0.200000
v 5.317880 0.110429 0.200000
v 5.307068 0.105350 -0.200000
v 5.307068 0.105350 0.200000
v 5.296474 0.100599 -0.200000
v 5.296474 0.100599 0.200000
v 5.286098 0.096176 -0.200000
v 5.286098 0.096176 0.200000
v 5.275939 0.092080 -0.200000
v 5.275939 0.092080 0.200000
v 5.265997 0.088312 -0.200000
v 5.265997 0.088312 0.200000
v 5.256272 0.084871 -0.200000
v 5.256272 0.084871 0.200000
v 5.246765 0.081759 -0.200000
v 5.246765 0.081759 0.200000
v 5.237475 0.078973 -0.200000
v 5.237475 0.078973 0.200000
v 5.228403 0.076516 -0.200000
v 5.228403 0.076516 0.200000
v 5.219547 0.074386 -0.200000
v 5.219547 0.074386 0.200000
v 5.210801 0.072475 -0.200000
v 5.210801 0.072475 0.200000
v 5.202059 0.070675 -0.200000
v 5.202059 0.070675 0.200000
v 5.193321 0.068985 -0.200000
v 5.193321 0.068985 0.200000
v 5.184587 0.067405 -0.200000
v 5.184587 0.067405 0.200000
v 5.175855 0.065935 -0.200000
v 5.175855 0.065935 0.200000
v 5.167127 0.064576 -0.200000
v 5.167127 0.064576 0.200000
v 5.158402 0.063328 -0.200000
v 5.158402 0.063328 0.200000
v 5.149681 0.062189 -0.200000
v 5.149681 0.062189 0.200000
v 5.140963 0.061161 -0.200000
v 5.140963 0.061161 0.200000
v 5.132248 0.060243 -0.200000
v 5.132248 0.060243 0.200000
v 5.123537 0.059436 -0.200000
v 5.123537 0.059436 0.200000
v 5.114829 0.058739 -0.200000
v 5.114829 0.058739 0.200000
v 5.105730 0.058123 -0.200000
v 5.105730 0.058123 0.200000
v 5.095845 0.057562 -0.200000
v 5.095845 0.057562 0.200000
v 5.085174 0.057053 -0.200000
v 5.085174 0.057053 0.200000
v 5.073718 0.056599 -0.200000
v 5.073718 0.056599 0.200000
v 5.061475 0.056198 -0.200000
v 5.061475 0.056198 0.200000
v 5.048447 0.055850 -0.200000
v 5.048447 0.055850 0.200000
v 5.034634 0.055556 -0.200000
v 5.034634 0.055556 0.200000
v 5.020034 0.055315 -0.200000
v 5.020034 0.055315 0.200000
v 5.004649 0.055128 -0.200000
v 5.004649 0.055128 0.200000
v 4.988478 0.054994 -0.200000
v 4.988478 0.054994 0.200000
v 4.971521 0.054914 -0.200000
v 4.971521 0.054914 0.200000
v 4.953779 0.054887 -0.200000
v 4.953779 0.054887 0.200000
v 4.934046 0.056184 -0.200000
v 4.934046 0.056184 0.200000
v 4.915128 0.057508 -0.200000
v 4.915128 0.057508 0.200000
v 4.897027 0.058859 -0.200000
v 4.897027 0.058859 0.200000
v 4.879741 0.060236 -0.200000
v 4.879741 0.060236 0.200000
v 4.863271 0.061641 -0.200000
v 4.863271 0.061641 0.200000
v 4.847617 0.063072 -0.200000
v 4.847617 0.063072 0.200000
v 4.832778 0.064530 -0.200000
v 4.832778 0.064530 0.200000
v 4.818756 0.066014 -0.200000
v 4.818756 0.066014 0.200000
v 4.805549 0.067525 -0.200000
v 4.805549 0.067525 0.200000
v 4.793158 0.069063 -0.200000
v 4.793158 0.069063 0.200000
v 4.781582 0.070628 -0.200000
v 4.781582 0.070628 0.200000
v 4.770823 0.072220 -0.200000
v 4.770823 0.072220 0.200000
v 4.760592 0.073866 -0.200000
v 4.760592 0.073866 0.200000
v 4.750602 0.075596 -0.200000
v 4.750602 0.075596 0.200000
v 4.740852 0.077410 -0.200000
v 4.740852 0.077410 0.200000
v 4.731343 0.079308 -0.200000
v 4.731343 0.079308 0.200000
v 4.722075 0.081289 -0.200000
v 4.722075 0.081289 0.200000
v 4.713048 0.083353 -0.200000
v 4.713048 0.083353 0.200000
v 4.704261 0.085502 -0.200000
v 4.704261 0.085502 0.200000
v 4.695715 0.087733 -0.200000
v 4.695715 0.087733 0.200000
v 4.687410 0.090049 -0.200000
v 4.687410 0.090049 0.200000
v 4.679345 0.092448 -0.200000
v 4.679345 0.092448 0.200000
v 4.671521 0.094930 -0.200000
v 4.671521 0.094930 0.200000
v 4.663938 0.097496 -0.200000
v 4.663938 0.097496 0.200000
v 4.656504 0.100201 -0.200000
v 4.656504 0.100201 0.200000
v 4.649127 0.103100 -0.200000
v 4.649127 0.103100 0.200000
v 4.641806 0.106193 -0.200000
v 4.641806 0.106193 0.200000
v 4.634542 0.109479 -0.200000
v 4.634542 0.109479 0.200000
v 4.627336 0.112960 -0.200000
v 4.627336 0.112960 0.200000
v 4.620185 0.116635 -0.200000
v 4.620185 0.116635 0.200000
v 4.613092 0.120503 -0.200000
v 4.613092 0.120503 0.200000
v 4.606056 0.124565 -0.200000
v 4.606056 0.124565 0.200000
v 4.599076 0.128822 -0.200000
v 4.599076 0.128822 0.200000
v 4.592154 0.133272 -0.200000
v 4.592154 0.133272 0.200000
v 4.585288 0.137916 -0.200000
v 4.585288 0.137916 0.200000
v 4.578478 0.142754 -0.200000
v 4.578478 0.142754 0.200000
v 4.571832 0.147662 -0.200000
v 4.571832 0.147662 0.200000
v 4.565453 0.152517 -0.200000
v 4.565453 0.152517 0.200000
v 4.559340 0.157318 -0.200000
v 4.559340 0.157318 0.200000
v 4.553496 0.162066 -0.200000
v 4.553496 0.162066 0.200000
v 4.547919 0.166760 -0.200000
v 4.547919 0.166760 0.200000
v 4.542609 0.171401 -0.200000
v 4.542609 0.171401 0.200000
v 4.537567 0.175988 -0.200000
v 4.537567 0.175988 0.200000
v 4.532793 0.180522 -0.200000
v 4.532793 0.180522 0.200000
v 4.528286 0.185002 -0.200000
v 4.528286 0.185002 0.200000
v 4.524046 0.189429 -0.200000
v 4.524046 0.189429 0.200000
v 4.520074 0.193803 -0.200000
v 4.520074 0.193802 0.200000
v 4.516369 0.198122 -0.200000
v 4.516369 0.198122 0.200000
v 4.512946 0.202471 -0.200000
v 4.512946 0.202470 0.200000
v 4.509822 0.206929 -0.200000
v 4.509822 0.206929 0.200000
v 4.506995 0.211498 -0.200000
v 4.506995 0.211498 0.200000
v 4.504466 0.216177 -0.200000
v 4.504466 0.216177 0.200000
v 4.502234 0.220967 -0.200000
v 4.502234 0.220967 0.200000
v 4.500300 0.225867 -0.200000
v 4.500300 0.225867 0.200000
v 4.498664 0.230877 -0.200000
v 4.498664 0.230877 0.200000
v 4.497325 0.235997 -0.200000
v 4.497325 0.235997 0.200000
v 4.496284 0.241228 -0.200000
v 4.496284 0.241228 0.200000
v 4.495540 0.246570 -0.200000
v 4.495540 0.246570 0.200000
v 4.495093 0.252021 -0.200000
v 4.495093 0.252021 0.200000
v 4.494945 0.257583 -0.200000
v 4.494945 0.257583 0.200000
v 4.809340 0.257583 -0.200000
v 4.809340 0.257583 0.200000
v 4.810080 0.254525 -0.200000
v 4.810080 0.254525 0.200000
v 4.811012 0.251451 -0.200000
v 4.811012 0.251451 0.200000
v 4.812139 0.248360 -0.200000
v 4.812139 0.248360 0.200000
v 4.813460 0.245252 -0.200000
v 4.813460 0.245252 0.200000
v 4.814974 0.242128 -0.200000
v 4.814974 0.242128 0.200000
v 4.816683 0.238987 -0.200000
v 4.816683 0.238986 0.200000
v 4.818585 0.235829 -0.200000
v 4.818585 0.235829 0.200000
v 4.820682 0.232654 -0.200000
v 4.820682 0.232654 0.200000
v 4.822972 0.229463 -0.200000
v 4.822972 0.229463 0.200000
v 4.825456 0.226254 -0.200000
v 4.825456 0.226254 0.200000
v 4.828134 0.223030 -0.200000
v 4.828134 0.223030 0.200000
v 4.831006 0.219788 -0.200000
v 4.831006 0.219788 0.200000
v 4.833999 0.216604 -0.200000
v 4.833999 0.216603 0.200000
v 4.837038 0.213549 -0.200000
v 4.837038 0.213549 0.200000
v 4.840124 0.210625 -0.200000
v 4.840124 0.210625 0.200000
v 4.843257 0.207832 -0.200000
v 4.843257 0.207832 0.200000
v 4.846437 0.205169 -0.200000
v 4.846437 0.205169 0.200000
v 4.849663 0.202636 -0.200000
v 4.849663 0.202636 0.200000
v 4.852936 0.200234 -0.200000
v 4.852936 0.200234 0.200000
v 4.856256 0.197962 -0.200000
v 4.856256 0.197962 0.200000
v 4.859623 0.195820 -0.200000
v 4.859623 0.195820 0.200000
v 4.863037 0.193809 -0.200000
v 4.863037 0.193809 0.200000
v 4.866498 0.191928 -0.200000
v 4.866498 0.191928 0.200000
v 4.870005 0.190178 -0.200000
v 4.870005 0.190178 0.200000
v 4.873586 0.188543 -0.200000
v 4.873586 0.188543 0.200000
v 4.877267 0.187009 -0.200000
v 4.877267 0.187009 0.200000
v 4.881048 0.185574 -0.200000
v 4.881048 0.185574 0.200000
v 4.884930 0.184240 -0.200000
v 4.884930 0.184240 0.200000
v 4.888912 0.183006 -0.200000
v 4.888912 0.183006 0.200000
v 4.892994 0.181873 -0.200000
v 4.892994 0.181873 0.200000
v 4.897177 0.180840 -0.200000
v 4.897177 0.180840 0.200000
v 4.901460 0.179907 -0.200000
v 4.901460 0.179907 0.200000
v 4.905843 0.179074 -0.200000
v 4.905843 0.179074 0.200000
v 4.910327 0.178342 -0.200000
v 4.910327 0.178342 0.200000
v 4.914911 0.177710 -0.200000
v 4.914911 0.177710 0.200000
v 4.919595 0.177179 -0.200000
v 4.919595 0.177179 0.200000
v 4.924419 0.176711 -0.200000
v 4.924419 0.176711 0.200000
v 4.929425 0.176269 -0.200000
v 4.929425 0.176269 0.200000
v 4.934610 0.175855 -0.200000
v 4.934610 0.175855 0.200000
v 4.939977 0.175467 -0.200000
v 4.939977 0.175467 0.200000
v 4.945524 0.175106 -0.200000
v 4.945524 0.175106 0.200000
v 4.951251 0.174771 -0.200000
v 4.951251 0.174771 0.200000
v 4.957159 0.174464 -0.200000
v 4.957159 0.174464 0.200000
v 4.963248 0.174183 -0.200000
v 4.963248 0.174183 0.200000
v 4.969517 0.173929 -0.200000
v 4.969517 0.173929 0.200000
v 4.975966 0.173701 -0.200000
v 4.975966 0.173701 0.200000
v 4.982597 0.173501 -0.200000
v 4.982597 0.173501 0.200000
v 4.989408 0.173327 -0.200000
v 4.989408 0.173327 0.200000
v 4.998359 0.174686 -0.200000
v 4.998359 0.174686 0.200000
v 5.006915 0.176035 -0.200000
v 5.006915 0.176035 0.200000
v 5.015076 0.177374 -0.200000
v 5.015076 0.177374 0.200000
v 5.022843 0.178703 -0.200000
v 5.022843 0.178703 0.200000
v 5.030215 0.180022 -0.200000
v 5.030215 0.180022 0.200000
v 5.037193 0.181331 -0.200000
v 5.037193 0.181331 0.200000
v 5.043777 0.182630 -0.200000
v 5.043777 0.182630 0.200000
v 5.049965 0.183919 -0.200000
v 5.049965 0.183919 0.200000
v 5.055759 0.185198 -0.200000
v 5.055759 0.185198 0.200000
v 5.061159 0.186467 -0.200000
v 5.061159 0.186467 0.200000
v 5.066164 0.187726 -0.200000
v 5.066164 0.187726 0.200000
v 5.070775 0.188974 -0.200000
v 5.070775 0.188974 0.200000
v 5.075107 0.190268 -0.200000
v 5.075107 0.190268 0.200000
v 5.079274 0.191663 -0.200000
v 5.079274 0.191663 0.200000
v 5.083278 0.193157 -0.200000
v 5.083278 0.193157 0.200000
v 5.087118 0.194752 -0.200000
v 5.087118 0.194752 0.200000
v 5.090794 0.196447 -0.200000
v 5.090794 0.196447 0.200000
v 5.094306 0.198243 -0.200000
v 5.094306 0.198243 0.200000
v 5.097655 0.200138 -0.200000
v 5.097655 0.200138 0.200000
v 5.100840 0.202135 -0.200000
v 5.100840 0.202134 0.200000
v 5.103860 0.204231 -0.200000
v 5.103860 0.204231 0.200000
v 5.106718 0.206428 -0.200000
v 5.106718 0.206428 0.200000
v 5.109411 0.208725 -0.200000
v 5.109411 0.208725 0.200000
v 5.111940 0.211122 -0.200000
v 5.111940 0.211122 0.200000
v 5.114285 0.213571 -0.200000
v 5.114285 0.213571 0.200000
v 5.116427 0.216023 -0.200000
v 5.116427 0.216023 0.200000
v 5.118364 0.218479 -0.200000
v 5.118364 0.218479 0.200000
v 5.120098 0.220938 -0.200000
v 5.120098 0.220938 0.200000
v 5.121628 0.223401 -0.200000
v 5.121628 0.223401 0.200000
v 5.122953 0.225867 -0.200000
v 5.122953 0.225867 0.200000
v 5.124075 0.228336 -0.200000
v 5.124075 0.228336 0.200000
v 5.124993 0.230808 -0.200000
v 5.124993 0.230808 0.200000
v 5.125707 0.233284 -0.200000
v 5.125707 0.233284 0.200000
v 5.126216 0.235763 -0.200000
v 5.126216 0.235763 0.200000
v 5.126523 0.238246 -0.200000
v 5.126523 0.238246 0.200000
v 5.126625 0.240732 -0.200000
v 5.126625 0.240732 0.200000
v 5.126522 0.243295 -0.200000
v 5.126522 0.243295 0.200000
v 5.126211 0.245847 -0.200000
v 5.126211 0.245847 0.200000
v 5.125692 0.248390 -0.200000
v 5.125692 0.248390 0.200000
v 5.124967 0.250923 -0.200000
v 5.124967 0.250923 0.200000
v 5.124034 0.253445 -0.200000
v 5.124034 0.253445 0.200000
v 5.122894 0.255958 -0.200000
v 5.122894 0.255958 0.200000
v 5.121546 0.258461 -0.200000
v 5.121546 0.258461 0.200000
v 5.119991 0.260953 -0.200000
v 5.119991 0.260953 0.200000
v 5.118229 0.263436 -0.200000
v 5.118229 0.263436 0.200000
v 5.116260 0.265908 -0.200000
v 5.116260 0.265908 0.200000
v 5.114083 0.268371 -0.200000
v 5.114083 0.268371 0.200000
v 5.111699 0.270823 -0.200000
v 5.111699 0.270823 0.200000
v 5.109133 0.273224 -0.200000
v 5.109133 0.273224 0.200000
v 5.106410 0.275531 -0.200000
v 5.106410 0.275531 0.200000
v 5.103529 0.277744 -0.200000
v 5.103529 0.277744 0.200000
v 5.100492 0.279864 -0.200000
v 5.100492 0.279864 0.200000
v 5.097297 0.281890 -0.200000
v 5.097297 0.281890 0.200000
v 5.093946 0.283823 -0.200000
v 5.093946 0.283823 0.200000
v 5.090436 0.285662 -0.200000
v 5.090436 0.285662 0.200000
v 5.086771 0.287407 -0.200000
v 5.086771 0.287407 0.200000
v 5.082947 0.289059 -0.200000
v 5.082947 0.289059 0.200000
v 5.078967 0.290617 -0.200000
v 5.078967 0.290617 0.200000
v 5.074829 0.292081 -0.200000
v 5.074829 0.292081 0.200000
v 5.070534 0.293452 -0.200000
v 5.070534 0.293452 0.200000
v 5.066146 0.294714 -0.200000
v 5.066146 0.294714 0.200000
v 5.061728 0.295853 -0.200000
v 5.061728 0.295853 0.200000
v 5.057279 0.296868 -0.200000
v 5.057279 0.296868 0.200000
v 5.052801 0.297759 -0.200000
v 5.052801 0.297759 0.200000
v 5.048292 0.298526 -0.200000
v 5.048292 0.298526 0.200000
v 5.043753 0.299170 -0.200000
v 5.043753 0.299170 0.200000
v 5.039184 0.299689 -0.200000
v 5.039184 0.299689 0.200000
v 5.034585 0.300086 -0.200000
v 5.034585 0.300086 0.200000
v 5.029956 0.300358 -0.200000
v 5.029956 0.300358 0.200000
v 5.025297 0.300507 -0.200000
v 5.025297 0.300507 0.200000
v 5.020607 0.300532 -0.200000
v 5.020607 0.300532 0.200000
v 5.015888 0.300433 -0.200000
v 5.015888 0.300433 0.200000
v 4.977341 0.301553 -0.200000
v 4.977341 0.301553 0.200000
v 4.940820 0.302827 -0.200000
v 4.940820 0.302827 0.200000
v 4.906325 0.304255 -0.200000
v 4.906325 0.304255 0.200000
v 4.873857 0.305836 -0.200000
v 4.873857 0.305836 0.200000
v 4.843414 0.307572 -0.200000
v 4.843414 0.307572 0.200000
v 4.814998 0.309461 -0.200000
v 4.814998 0.309461 0.200000
v 4.788608 0.311504 -0.200000
v 4.788608 0.311504 0.200000
v 4.764244 0.313700 -0.200000
v 4.764244 0.313700 0.200000
v 4.741906 0.316051 -0.200000
v 4.741906 0.316051 0.200000
v 4.721594 0.318555 -0.200000
v 4.721594 0.318555 0.200000
v 4.703308 0.321213 -0.200000
v 4.703308 0.321213 0.200000
v 4.687048 0.324025 -0.200000
v 4.687048 0.324025 0.200000
v 4.672087 0.327081 -0.200000
v 4.672087 0.327081 0.200000
v 4.657698 0.330471 -0.200000
v 4.657698 0.330471 0.200000
v 4.643881 0.334196 -0.200000
v 4.643881 0.334196 0.200000
v 4.630636 0.338255 -0.200000
v 4.630636 0.338255 0.200000
v 4.617963 0.342648 -0.200000
v 4.617963 0.342648 0.200000
v 4.605861 0.347376 -0.200000
v 4.605861 0.347376 0.200000
v 4.594331 0.352438 -0.200000
v 4.594331 0.352438 0.200000
v 4.583373 0.357834 -0.200000
v 4.583373 0.357834 0.200000
v 4.572987 0.363565 -0.200000
v 4.572987 0.363565 0.200000
v 4.563172 0.369630 -0.200000
v 4.563172 0.369630 0.200000
v 4.553929 0.376030 -0.200000
v 4.553929 0.376030 0.200000
v 4.545258 0.382764 -0.200000
v 4.545258 0.382764 0.200000
v 4.537222 0.389705 -0.200000
v 4.537222 0.389705 0.200000
v 4.529885 0.396726 -0.200000
v 4.529885 0.396726 0.200000
v 4.523246 0.403828 -0.200000
v 4.523246 0.403828 0.200000
v 4.517306 0.411009 -0.200000
v 4.517306 0.411009 0.200000
v 4.512065 0.418272 -0.200000
v 4.512065 0.418272 0.200000
v 4.507523 0.425614 -0.200000
v 4.507523 0.425614 0.200000
v 4.503680 0.433036 -0.200000
v 4.503680 0.433036 0.200000
v 4.500535 0.440539 -0.200000
v 4.500535 0.440539 0.200000
v 4.498089 0.448122 -0.200000
v 4.498089 0.448122 0.200000
v 4.496342 0.455786 -0.200000
v 4.496342 0.455786 0.200000
v 4.495294 0.463529 -0.200000
v 4.495294 0.463529 0.200000
v 4.494945 0.471353 -0.200000
v 4.494945 0.471353 0.200000
v 4.495131 0.479165 -0.200000
v 4.495131 0.479165 0.200000
v 4.495693 0.486873 -0.200000
v 4.495693 0.486873 0.200000
v 4.496629 0.494478 -0.200000
v 4.496629 0.494478 0.200000
v 4.497940 0.501979 -0.200000
v 4.497940 0.501979 0.200000
v 4.499625 0.509377 -0.200000
v 4.499625 0.509377 0.200000
v 4.501685 0.516671 -0.200000
v 4.501685 0.516671 0.200000
v 4.504119 0.523861 -0.200000
v 4.504119 0.523861 0.200000
v 4.506927 0.530947 -0.200000
v 4.506927 0.530947 0.200000
v 4.510110 0.537930 -0.200000
v 4.510110 0.537930 0.200000
v 4.513668 0.544810 -0.200000
v 4.513668 0.544810 0.200000
v 4.517600 0.551585 -0.200000
v 4.517600 0.551585 0.200000
v 4.521906 0.558257 -0.200000
v 4.521906 0.558257 0.200000
v 4.526723 0.564845 -0.200000
v 4.526723 0.564845 0.200000
v 4.532185 0.571370 -0.200000
v 4.532185 0.571370 0.200000
v 4.538291 0.577832 -0.200000
v 4.538291 0.577832 0.200000
v 4.545043 0.584229 -0.200000
v 4.545043 0.584229 0.200000
v 4.552441 0.590564 -0.200000
v 4.552441 0.590564 0.200000
v 4.560484 0.596834 -0.200000
v 4.560484 0.596834 0.200000
v 4.569172 0.603042 -0.200000
v 4.569172 0.603042 0.200000
v 4.578505 0.609185 -0.200000
v 4.578505 0.609185 0.200000
v 4.588484 0.615265 -0.200000
v 4.588484 0.615265 0.200000
v 4.599108 0.621282 -0.200000
v 4.599108 0.621282 0.200000
v 4.610377 0.627235 -0.200000
v 4.610377 0.627235 0.200000
v 4.622292 0.633125 -0.200000
v 4.622292 0.633125 0.200000
v 4.634818 0.638849 -0.200000
v 4.634818 0.638849 0.200000
v 4.647923 0.644305 -0.200000
v 4.647923 0.644305 0.200000
v 4.661606 0.649494 -0.200000
v 4.661606 0.649494 0.200000
v 4.675868 0.654416 -0.200000
v 4.675868 0.654416 0.200000
v 4.690708 0.659070 -0.200000
v 4.690708 0.659070 0.200000
v 4.706127 0.663457 -0.200000
v 4.706127 0.663457 0.200000
v 4.722124 0.667576 -0.200000
v 4.722124 0.667576 0.200000
v 4.738699 0.671428 -0.200000
v 4.738699 0.671428 0.200000
v 4.755853 0.675012 -0.200000
v 4.755853 0.675012 0.200000
v 4.773585 0.678329 -0.200000
v 4.773585 0.678329 0.200000
v 4.791895 0.681378 -0.200000
v 4.791895 0.681378 0.200000
v 4.810784 0.684160 -0.200000
v 4.810784 0.684160 0.200000
v 4.829625 0.686671 -0.200000
v 4.829625 0.686671 0.200000
v 4.847790 0.688908 -0.200000
v 4.847790 0.688908 0.200000
v 4.865280 0.690870 -0.200000
v 4.865280 0.690870 0.200000
v 4.882095 0.692559 -0.200000
v 4.882095 0.692559 0.200000
v 4.898234 0.693973 -0.200000
v 4.898234 0.693973 0.200000
v 4.913698 0.695113 -0.200000
v 4.913698 0.695113 0.200000
v 4.928486 0.695979 -0.200000
v 4.928486 0.695979 0.200000
v 4.942599 0.696571 -0.200000
v 4.942599 0.696571 0.200000
v 4.956036 0.696889 -0.200000
v 4.956036 0.696889 0.200000
v 4.968798 0.696932 -0.200000
v 4.968798 0.696932 0.200000
v 4.980885 0.696701 -0.200000
v 4.980885 0.696701 0.200000
v 4.992296 0.696196 -0.200000
v 4.992296 0.696196 0.200000
v 5.001183 0.696100 -0.200000
v 5.001183 0.696100 0.200000
v 5.010993 0.695809 -0.200000
v 5.010993 0.695809 0.200000
v 5.021726 0.695324 -0.200000
v 5.021726 0.695324 0.200000
v 5.033381 0.694645 -0.200000
v 5.033381 0.694645 0.200000
v 5.045959 0.693772 -0.200000
v 5.045959 0.693772 0.200000
v 5.059461 0.692706 -0.200000
v 5.059461 0.692706 0.200000
v 5.073884 0.691445 -0.200000
v 5.073884 0.691445 0.200000
v 5.089231 0.689991 -0.200000
v 5.089231 0.689991 0.200000
v 5.105501 0.688343 -0.200000
v 5.105501 0.688343 0.200000
v 5.122693 0.686500 -0.200000
v 5.122693 0.686500 0.200000
v 5.140808 0.684464 -0.200000
v 5.140808 0.684464 0.200000
v 5.159846 0.682234 -0.200000
v 5.159846 0.682234 0.200000
v 5.178907 0.679842 -0.200000
v 5.178907 0.679842 0.200000
v 5.197093 0.677319 -0.200000
v 5.197093 0.677319 0.200000
v 5.214402 0.674666 -0.200000
v 5.214402 0.674666 0.200000
v 5.230835 0.671883 -0.200000
v 5.230835 0.671883 0.200000
v 5.246392 0.668969 -0.200000
v 5.246392 0.668969 0.200000
v 5.261074 0.665924 -0.200000
v 5.261074 0.665924 0.200000
v 5.274879 0.662750 -0.200000
v 5.274879 0.662750 0.200000
v 5.287808 0.659445 -0.200000
v 5.287808 0.659445 0.200000
v 5.299862 0.656009 -0.200000
v 5.299862 0.656009 0.200000
v 5.311039 0.652443 -0.200000
v 5.311039 0.652443 0.200000
v 5.321340 0.648747 -0.200000
v 5.321340 0.648747 0.200000
v 5.330765 0.644921 -0.200000
v 5.330765 0.644921 0.200000
v 5.339680 0.640943 -0.200000
v 5.339680 0.640943 0.200000
v 5.348446 0.636796 -0.200000
v 5.348446 0.636796 0.200000
v 5.357066 0.632478 -0.200000
v 5.357066 0.632478 0.200000
v 5.365538 0.627989 -0.200000
v 5.365538 0.627989 0.200000
v 5.373863 0.623330 -0.200000
v 5.373863 0.623330 0.200000
v 5.382041 0.618500 -0.200000
v 5.382041 0.618500 0.200000
v 5.390072 0.613500 -0.200000
v 5.390072 0.613500 0.200000
v 5.397956 0.608329 -0.200000
v 5.397956 0.608329 0.200000
v 5.405693 0.602988 -0.200000
v 5.405693 0.602988 0.200000
v 5.413283 0.597476 -0.200000
v 5.413283 0.597476 0.200000
v 5.420725 0.591794 -0.200000
v 5.420725 0.591794 0.200000
v 5.428021 0.585941 -0.200000
v 5.428021 0.585941 0.200000
v 5.435019 0.579923 -0.200000
v 5.435019 0.579923 0.200000
v 5.441568 0.573744 -0.200000
v 5.441568 0.573744 0.200000
v 5.447670 0.567405 -0.200000
v 5.447670 0.567405 0.200000
v 5.453324 0.560905 -0.200000
v 5.453324 0.560905 0.200000
v 5.458530 0.554245 -0.200000
v 5.458530 0.554245 0.200000
v 5.463288 0.547424 -0.200000
v 5.463288 0.547424 0.200000
v 5.467597 0.540443 -0.200000
v 5.467597 0.540443 0.200000
v 5.471459 0.533301 -0.200000
v 5.471459 0.533301 0.200000
v 5.474873 0.525999 -0.200000
v 5.474873 0.525999 0.200000
v 5.477839 0.518536 -0.200000
v 5.477839 0.518536 0.200000
v 5.480357 0.510913 -0.200000
v 5.480357 0.510913 0.200000
v 5.482427 0.503130 -0.200000
v 5.482427 0.503130 0.200000
v 5.186326 0.503130 -0.200000
v 5.186326 0.503130 0.200000
v 5.181948 0.509696 -0.200000
v 5.181948 0.509696 0.200000
v 5.177639 0.515915 -0.200000
v 5.177639 0.515915 0.200000
v 5.173402 0.521786 -0.200000
v 5.173402 0.521786 0.200000
v 5.169234 0.527310 -0.200000
v 5.169234 0.527310 0.200000
v 5.165137 0.532485 -0.200000
v 5.165137 0.532485 0.200000
v 5.161109 0.537313 -0.200000
v 5.161109 0.537313 0.200000
v 5.157153 0.541794 -0.200000
v 5.157153 0.541794 0.200000
v 5.153266 0.545926 -0.200000
v 5.153266 0.545926 0.200000
v 5.149449 0.549711 -0.200000
v 5.149449 0.549711 0.200000
v 5.145703 0.553148 -0.200000
v 5.145703 0.553148 0.200000
v 5.142026 0.556238 -0.200000
v 5.142026 0.556238 0.200000
v 5.138421 0.558979 -0.200000
v 5.138421 0.558979 0.200000
vn -0.0000 -0.0000 1.0000
vn -0.0000 -0.0000 -1.0000
vn -0.2979 0.9546 -0.0000
vn -0.2726 0.9621 -0.0000
vn -0.2484 0.9687 -0.0000
vn -0.2239 0.9746 -0.0000
vn -0.1992 0.9800 -0.0000
vn -0.1744 0.9847 -0.0000
vn -0.1494 0.9888 -0.0000
vn -0.1244 0.9922 -0.0000
vn -0.0994 0.9950 -0.0000
vn -0.0744 0.9972 -0.0000
vn -0.0495 0.9988 -0.0000
vn -0.0247 0.9997 -0.0000
vn -0.0000 1.0000 -0.0000
vn 0.0246 0.9997 -0.0000
vn 0.0494 0.9988 -0.0000
vn 0.0743 0.9972 -0.0000
vn 0.0993 0.9951 -0.0000
vn 0.1244 0.9922 -0.0000
vn 0.1495 0.9888 -0.0000
vn 0.1745 0.9847 -0.0000
vn 0.1995 0.9799 -0.0000
vn 0.2243 0.9745 -0.0000
vn 0.2489 0.9685 -0.0000
vn 0.2733 0.9619 -0.0000
vn 0.2988 0.9543 -0.0000
vn 0.3272 0.9449 -0.0000
vn 0.3580 0.9337 -0.0000
vn 0.3901 0.9208 -0.0000
vn 0.4232 0.9060 -0.0000
vn 0.4575 0.8892 -0.0000
vn 0.4927 0.8702 -0.0000
vn 0.5286 0.8489 -0.0000
vn 0.5652 0.8250 -0.0000
vn 0.6020 0.7985 -0.0000
vn 0.6390 0.7692 -0.0000
vn 0.6756 0.7372 -0.0000
vn 0.7109 0.7033 -0.0000
vn 0.7443 0.6678 -0.0000
vn 0.7773 0.6291 -0.0000
vn 0.8105 0.5858 -0.0000
vn 0.8432 0.5376 -0.0000
vn 0.8749 0.4844 -0.0000
vn 0.9047 0.4261 -0.0000
vn 0.9318 0.3630 -0.0000
vn 0.9553 0.2955 -0.0000
vn 0.9745 0.2245 -0.0000
vn 0.9886 0.1507 -0.0000
vn 0.9971 0.0755 -0.0000
vn 1.0000 0.0004 -0.0000
vn 0.9973 -0.0738 -0.0000
vn 0.9891 -0.1474 -0.0000
vn 0.9756 -0.2197 -0.0000
vn 0.9571 -0.2896 -0.0000
vn 0.9344 -0.3562 -0.0000
vn 0.9082 -0.4186 -0.0000
vn 0.8792 -0.4765 -0.0000
vn 0.8482 -0.5296 -0.0000
vn 0.8161 -0.5779 -0.0000
vn 0.7835 -0.6214 -0.0000
vn 0.7509 -0.6605 -0.0000
vn 0.7175 -0.6966 -0.0000
vn 0.6818 -0.7315 -0.0000
vn 0.6445 -0.7646 -0.0000
vn 0.6071 -0.7946 -0.0000
vn 0.5698 -0.8218 -0.0000
vn 0.5330 -0.8461 -0.0000
vn 0.4969 -0.8678 -0.0000
vn 0.4617 -0.8870 -0.0000
vn 0.4276 -0.9040 -0.0000
vn 0.3946 -0.9188 -0.0000
vn 0.3630 -0.9318 -0.0000
vn 0.3326 -0.9431 -0.0000
vn 0.3042 -0.9526 -0.0000
vn 0.2782 -0.9605 -0.0000
vn 0.2529 -0.9675 -0.0000
vn 0.2274 -0.9738 -0.0000
vn 0.2019 -0.9794 -0.0000
vn 0.1763 -0.9843 -0.0000
vn 0.1507 -0.9886 -0.0000
vn 0.1251 -0.9921 -0.0000
vn 0.0997 -0.9950 -0.0000
vn 0.0744 -0.9972 -0.0000
vn 0.0494 -0.9988 -0.0000
vn 0.0246 -0.9997 -0.0000
vn -0.0000 -1.0000 -0.0000
vn -0.0247 -0.9997 -0.0000
vn -0.0497 -0.9988 -0.0000
vn -0.0748 -0.9972 -0.0000
vn -0.1002 -0.9950 -0.0000
vn -0.1257 -0.9921 -0.0000
vn -0.1513 -0.9885 -0.0000
vn -0.1769 -0.9842 -0.0000
vn -0.2025 -0.9793 -0.0000
vn -0.2281 -0.9736 -0.0000
vn -0.2535 -0.9673 -0.0000
vn -0.2787 -0.9604 -0.0000
vn -0.3047 -0.9524 -0.0000
vn -0.3330 -0.9429 -0.0000
vn -0.3634 -0.9316 -0.0000
vn -0.3950 -0.9187 -0.0000
vn -0.4278 -0.9039 -0.0000
vn -0.4618 -0.8870 -0.0000
vn -0.4969 -0.8678 -0.0000
vn -0.5328 -0.8462 -0.0000
vn -0.5695 -0.8220 -0.0000
vn -0.6066 -0.7950 -0.0000
vn -0.6438 -0.7652 -0.0000
vn -0.6809 -0.7324 -0.0000
vn -0.7164 -0.6977 -0.0000
vn -0.7498 -0.6617 -0.0000
vn -0.7825 -0.6227 -0.0000
vn -0.8152 -0.5791 -0.0000
vn -0.8475 -0.5309 -0.0000
vn -0.8785 -0.4777 -0.0000
vn -0.9076 -0.4198 -0.0000
vn -0.9340 -0.3572 -0.0000
vn -0.9569 -0.2905 -0.0000
vn -0.9754 -0.2204 -0.0000
vn -0.9890 -0.1479 -0.0000
vn -0.9973 -0.0741 -0.0000
vn -1.0000 0.0002 -0.0000
vn -0.9972 0.0748 -0.0000
vn -0.9888 0.1493 -0.0000
vn -0.9749 0.2224 -0.0000
vn -0.9561 0.2930 -0.0000
vn -0.9330 0.3600 -0.0000
vn -0.9062 0.4228 -0.0000
vn -0.8768 0.4808 -0.0000
vn -0.8455 0.5339 -0.0000
vn -0.8131 0.5821 -0.0000
vn -0.7802 0.6255 -0.0000
vn -0.7475 0.6643 -0.0000
vn -0.7141 0.7001 -0.0000
vn -0.6785 0.7346 -0.0000
vn -0.6413 0.7673 -0.0000
vn -0.6039 0.7971 -0.0000
vn -0.5665 0.8241 -0.0000
vn -0.5295 0.8483 -0.0000
vn -0.4931 0.8700 -0.0000
vn -0.4575 0.8892 -0.0000
vn -0.4230 0.9061 -0.0000
vn -0.3896 0.9210 -0.0000
vn -0.3573 0.9340 -0.0000
vn -0.3264 0.9452 -0.0000
vn -0.0001 -1.0000 -0.0000
vn 0.0276 -0.9996 -0.0000
vn 0.0555 -0.9985 -0.0000
vn 0.0835 -0.9965 -0.0000
vn 0.1117 -0.9937 -0.0000
vn 0.1398 -0.9902 -0.0000
vn 0.1680 -0.9858 -0.0000
vn 0.1961 -0.9806 -0.0000
vn 0.2240 -0.9746 -0.0000
vn 0.2516 -0.9678 -0.0000
vn 0.2790 -0.9603 -0.0000
vn 0.3060 -0.9520 -0.0000
vn 0.3337 -0.9427 -0.0000
vn 0.3639 -0.9314 -0.0000
vn 0.3960 -0.9182 -0.0000
vn 0.4293 -0.9032 -0.0000
vn 0.4634 -0.8862 -0.0000
vn 0.4983 -0.8670 -0.0000
vn 0.5339 -0.8455 -0.0000
vn 0.5699 -0.8217 -0.0000
vn 0.6061 -0.7954 -0.0000
vn 0.6423 -0.7665 -0.0000
vn 0.6780 -0.7351 -0.0000
vn 0.7130 -0.7012 -0.0000
vn 0.7464 -0.6655 -0.0000
vn 0.7778 -0.6285 -0.0000
vn 0.8085 -0.5885 -0.0000
vn 0.8387 -0.5446 -0.0000
vn 0.8680 -0.4966 -0.0000
vn 0.8958 -0.4445 -0.0000
vn 0.9214 -0.3885 -0.0000
vn 0.9443 -0.3290 -0.0000
vn 0.9639 -0.2664 -0.0000
vn 0.9795 -0.2013 -0.0000
vn 0.9909 -0.1347 -0.0000
vn 0.9977 -0.0673 -0.0000
vn 1.0000 -0.0002 -0.0000
vn 0.9978 0.0666 -0.0000
vn 0.9911 0.1333 -0.0000
vn 0.9800 0.1992 -0.0000
vn 0.9646 0.2636 -0.0000
vn 0.9455 0.3256 -0.0000
vn 0.9231 0.3846 -0.0000
vn 0.8980 0.4401 -0.0000
vn 0.8707 0.4918 -0.0000
vn 0.8420 0.5395 -0.0000
vn 0.8123 0.5833 -0.0000
vn 0.7821 0.6231 -0.0000
vn 0.7509 0.6605 -0.0000
vn 0.7170 0.6970 -0.0000
vn 0.6812 0.7321 -0.0000
vn 0.6448 0.7644 -0.0000
vn 0.6080 0.7939 -0.0000
vn 0.5713 0.8207 -0.0000
vn 0.5349 0.8449 -0.0000
vn 0.4990 0.8666 -0.0000
vn 0.4639 0.8859 -0.0000
vn 0.4297 0.9030 -0.0000
vn 0.3966 0.9180 -0.0000
vn 0.3646 0.9312 -0.0000
vn 0.3346 0.9424 -0.0000
vn 0.3069 0.9517 -0.0000
vn 0.2798 0.9600 -0.0000
vn 0.2524 0.9676 -0.0000
vn 0.2247 0.9744 -0.0000
vn 0.1967 0.9805 -0.0000
vn 0.1686 0.9857 -0.0000
vn 0.1403 0.9901 -0.0000
vn 0.1121 0.9937 -0.0000
vn 0.0838 0.9965 -0.0000
vn 0.0557 0.9984 -0.0000
vn 0.0277 0.9996 -0.0000
vn -0.0277 0.9996 -0.0000
vn -0.0557 0.9984 -0.0000
vn -0.0838 0.9965 -0.0000
vn -0.1121 0.9937 -0.0000
vn -0.1403 0.9901 -0.0000
vn -0.1686 0.9857 -0.0000
vn -0.1967 0.9805 -0.0000
vn -0.2247 0.9744 -0.0000
vn -0.2524 0.9676 -0.0000
vn -0.2798 0.9600 -0.0000
vn -0.3069 0.9517 -0.0000
vn -0.3346 0.9423 -0.0000
vn -0.3647 0.9311 -0.0000
vn -0.3968 0.9179 -0.0000
vn -0.4301 0.9028 -0.0000
vn -0.4645 0.8856 -0.0000
vn -0.4998 0.8662 -0.0000
vn -0.5358 0.8443 -0.0000
vn -0.5725 0.8199 -0.0000
vn -0.6095 0.7928 -0.0000
vn -0.6464 0.7630 -0.0000
vn -0.6831 0.7303 -0.0000
vn -0.7191 0.6949 -0.0000
vn -0.7531 0.6579 -0.0000
vn -0.7843 0.6204 -0.0000
vn -0.8142 0.5806 -0.0000
vn -0.8437 0.5368 -0.0000
vn -0.8722 0.4892 -0.0000
vn -0.8992 0.4376 -0.0000
vn -0.9241 0.3823 -0.0000
vn -0.9462 0.3235 -0.0000
vn -0.9651 0.2619 -0.0000
vn -0.9802 0.1979 -0.0000
vn -0.9912 0.1324 -0.0000
vn -0.9978 0.0662 -0.0000
vn -1.0000 -0.0004 -0.0000
vn -0.9977 -0.0678 -0.0000
vn -0.9908 -0.1356 -0.0000
vn -0.9793 -0.2027 -0.0000
vn -0.9634 -0.2681 -0.0000
vn -0.9436 -0.3310 -0.0000
vn -0.9205 -0.3908 -0.0000
vn -0.8946 -0.4469 -0.0000
vn -0.8665 -0.4991 -0.0000
vn -0.8370 -0.5472 -0.0000
vn -0.8066 -0.5912 -0.0000
vn -0.7757 -0.6311 -0.0000
vn -0.7442 -0.6680 -0.0000
vn -0.7109 -0.7033 -0.0000
vn -0.6761 -0.7368 -0.0000
vn -0.6406 -0.7678 -0.0000
vn -0.6048 -0.7964 -0.0000
vn -0.5688 -0.8225 -0.0000
vn -0.5330 -0.8461 -0.0000
vn -0.4976 -0.8674 -0.0000
vn -0.4628 -0.8864 -0.0000
vn -0.4289 -0.9034 -0.0000
vn -0.3958 -0.9183 -0.0000
vn -0.3638 -0.9315 -0.0000
vn -0.3338 -0.9426 -0.0000
vn -0.3064 -0.9519 -0.0000
vn -0.2796 -0.9601 -0.0000
vn -0.2525 -0.9676 -0.0000
vn -0.2250 -0.9744 -0.0000
vn -0.1972 -0.9804 -0.0000
vn -0.1692 -0.9856 -0.0000
vn -0.1410 -0.9900 -0.0000
vn -0.1128 -0.9936 -0.0000
vn -0.0844 -0.9964 -0.0000
vn -0.0562 -0.9984 -0.0000
vn -0.0280 -0.9996 -0.0000
vn -0.9999 -0.0114 -0.0000
vn -0.7071 0.7071 -0.0000
vn 0.7071 0.7071 -0.0000
vn 0.9992 0.0398 -0.0000
vn 0.9859 0.1674 -0.0000
vn 0.9382 0.3460 -0.0000
vn 0.8533 0.5214 -0.0000
vn 0.7385 0.6742 -0.0000
vn 0.6096 0.7927 -0.0000
vn 0.4823 0.8760 -0.0000
vn 0.3668 0.9303 -0.0000
vn 0.2669 0.9637 -0.0000
vn 0.1826 0.9832 -0.0000
vn 0.1120 0.9937 -0.0000
vn 0.0530 0.9986 -0.0000
vn 0.0079 1.0000 -0.0000
vn -0.0185 0.9998 -0.0000
vn -0.0360 0.9994 -0.0000
vn -0.0562 0.9984 -0.0000
vn -0.0798 0.9968 -0.0000
vn -0.1075 0.9942 -0.0000
vn -0.1405 0.9901 -0.0000
vn -0.1804 0.9836 -0.0000
vn -0.2292 0.9734 -0.0000
vn -0.2898 0.9571 -0.0000
vn -0.3660 0.9306 -0.0000
vn -0.4621 0.8868 -0.0000
vn -0.5617 0.8273 -0.0000
vn -0.6374 0.7705 -0.0000
vn -0.6966 0.7175 -0.0000
vn -0.7536 0.6573 -0.0000
vn -0.8068 0.5908 -0.0000
vn -0.8549 0.5189 -0.0000
vn -0.8965 0.4431 -0.0000
vn -0.9309 0.3653 -0.0000
vn -0.9579 0.2871 -0.0000
vn -0.9776 0.2104 -0.0000
vn -0.9907 0.1364 -0.0000
vn -0.9978 0.0663 -0.0000
vn -0.9999 0.0161 -0.0000
vn 1.0000 -0.0097 -0.0000
vn 0.9992 -0.0394 -0.0000
vn 0.9968 -0.0802 -0.0000
vn 0.9925 -0.1224 -0.0000
vn 0.9862 -0.1658 -0.0000
vn 0.9776 -0.2103 -0.0000
vn 0.9668 -0.2556 -0.0000
vn 0.9535 -0.3014 -0.0000
vn 0.9377 -0.3474 -0.0000
vn 0.9194 -0.3932 -0.0000
vn 0.8987 -0.4386 -0.0000
vn 0.8756 -0.4831 -0.0000
vn 0.8505 -0.5260 -0.0000
vn 0.8239 -0.5667 -0.0000
vn 0.7957 -0.6056 -0.0000
vn 0.7661 -0.6428 -0.0000
vn 0.7351 -0.6780 -0.0000
vn 0.7031 -0.7111 -0.0000
vn 0.6704 -0.7420 -0.0000
vn 0.6372 -0.7707 -0.0000
vn 0.6038 -0.7972 -0.0000
vn 0.5704 -0.8214 -0.0000
vn 0.5372 -0.8434 -0.0000
vn 0.5045 -0.8634 -0.0000
vn 0.4730 -0.8811 -0.0000
vn 0.4434 -0.8963 -0.0000
vn 0.4150 -0.9098 -0.0000
vn 0.3875 -0.9219 -0.0000
vn 0.3608 -0.9327 -0.0000
vn 0.3349 -0.9423 -0.0000
vn 0.3099 -0.9508 -0.0000
vn 0.2858 -0.9583 -0.0000
vn 0.2625 -0.9649 -0.0000
vn 0.2401 -0.9707 -0.0000
vn 0.2186 -0.9758 -0.0000
vn 0.1979 -0.9802 -0.0000
vn 0.1782 -0.9840 -0.0000
vn 0.1597 -0.9872 -0.0000
vn 0.1422 -0.9898 -0.0000
vn 0.1253 -0.9921 -0.0000
vn 0.1091 -0.9940 -0.0000
vn 0.0935 -0.9956 -0.0000
vn 0.0785 -0.9969 -0.0000
vn 0.0641 -0.9979 -0.0000
vn 0.0503 -0.9987 -0.0000
vn 0.0370 -0.9993 -0.0000
vn 0.0242 -0.9997 -0.0000
vn 0.0119 -0.9999 -0.0000
vn 0.0002 -1.0000 -0.0000
vn -0.0109 -0.9999 -0.0000
vn -0.0222 -0.9998 -0.0000
vn -0.0339 -0.9994 -0.0000
vn -0.0460 -0.9989 -0.0000
vn -0.0586 -0.9983 -0.0000
vn -0.0715 -0.9974 -0.0000
vn -0.0850 -0.9964 -0.0000
vn -0.0989 -0.9951 -0.0000
vn -0.1134 -0.9936 -0.0000
vn -0.1284 -0.9917 -0.0000
vn -0.1439 -0.9896 -0.0000
vn -0.1601 -0.9871 -0.0000
vn -0.1773 -0.9842 -0.0000
vn -0.1954 -0.9807 -0.0000
vn -0.2142 -0.9768 -0.0000
vn -0.2339 -0.9723 -0.0000
vn -0.2544 -0.9671 -0.0000
vn -0.2758 -0.9612 -0.0000
vn -0.2981 -0.9545 -0.0000
vn -0.3213 -0.9470 -0.0000
vn -0.3453 -0.9385 -0.0000
vn -0.3703 -0.9289 -0.0000
vn -0.3962 -0.9181 -0.0000
vn -0.4235 -0.9059 -0.0000
vn -0.4524 -0.8918 -0.0000
vn -0.4827 -0.8758 -0.0000
vn -0.5139 -0.8579 -0.0000
vn -0.5458 -0.8379 -0.0000
vn -0.5783 -0.8159 -0.0000
vn -0.6112 -0.7915 -0.0000
vn -0.6443 -0.7648 -0.0000
vn -0.6774 -0.7356 -0.0000
vn -0.7103 -0.7039 -0.0000
vn -0.7425 -0.6698 -0.0000
vn -0.7739 -0.6333 -0.0000
vn -0.8048 -0.5936 -0.0000
vn -0.8354 -0.5496 -0.0000
vn -0.8647 -0.5023 -0.0000
vn -0.8914 -0.4532 -0.0000
vn -0.9154 -0.4025 -0.0000
vn -0.9364 -0.3508 -0.0000
vn -0.9544 -0.2986 -0.0000
vn -0.9692 -0.2464 -0.0000
vn -0.9809 -0.1947 -0.0000
vn -0.9896 -0.1439 -0.0000
vn -0.9955 -0.0944 -0.0000
vn -0.9989 -0.0464 -0.0000
vn -0.7071 -0.7071 -0.0000
vn 0.7071 -0.7071 -0.0000
vn -0.5507 -0.8347 -0.0000
vn -0.5177 -0.8556 -0.0000
vn -0.4850 -0.8745 -0.0000
vn -0.4530 -0.8915 -0.0000
vn -0.4217 -0.9067 -0.0000
vn -0.3911 -0.9203 -0.0000
vn -0.3614 -0.9324 -0.0000
vn -0.3327 -0.9430 -0.0000
vn -0.3049 -0.9524 -0.0000
vn -0.2782 -0.9605 -0.0000
vn -0.2524 -0.9676 -0.0000
vn -0.2269 -0.9739 -0.0000
vn -0.2021 -0.9794 -0.0000
vn -0.1800 -0.9837 -0.0000
vn -0.1608 -0.9870 -0.0000
vn -0.1441 -0.9896 -0.0000
vn -0.1295 -0.9916 -0.0000
vn -0.1165 -0.9932 -0.0000
vn -0.1049 -0.9945 -0.0000
vn -0.0945 -0.9955 -0.0000
vn -0.0852 -0.9964 -0.0000
vn -0.0767 -0.9971 -0.0000
vn -0.0690 -0.9976 -0.0000
vn -0.0019 -1.0000 -0.0000
vn 0.0657 -0.9978 -0.0000
vn 0.0840 -0.9965 -0.0000
vn 0.0948 -0.9955 -0.0000
vn 0.1070 -0.9943 -0.0000
vn 0.1208 -0.9927 -0.0000
vn 0.1367 -0.9906 -0.0000
vn 0.1551 -0.9879 -0.0000
vn 0.1767 -0.9843 -0.0000
vn 0.2022 -0.9793 -0.0000
vn 0.2328 -0.9725 -0.0000
vn 0.2668 -0.9638 -0.0000
vn 0.2994 -0.9541 -0.0000
vn 0.3311 -0.9436 -0.0000
vn 0.3643 -0.9313 -0.0000
vn 0.3988 -0.9170 -0.0000
vn 0.4348 -0.9005 -0.0000
vn 0.4719 -0.8817 -0.0000
vn 0.5101 -0.8601 -0.0000
vn 0.5491 -0.8357 -0.0000
vn 0.5887 -0.8083 -0.0000
vn 0.6285 -0.7778 -0.0000
vn 0.6682 -0.7440 -0.0000
vn 0.7052 -0.7090 -0.0000
vn 0.7378 -0.6750 -0.0000
vn 0.7690 -0.6392 -0.0000
vn 0.8007 -0.5991 -0.0000
vn 0.8323 -0.5543 -0.0000
vn 0.8634 -0.5045 -0.0000
vn 0.8932 -0.4497 -0.0000
vn 0.9209 -0.3898 -0.0000
vn 0.9458 -0.3248 -0.0000
vn 0.9668 -0.2557 -0.0000
vn 0.9831 -0.1831 -0.0000
vn 0.9942 -0.1078 -0.0000
vn 1.0000 -0.0006 -0.0000
vn 0.9944 0.1055 -0.0000
vn 0.9839 0.1790 -0.0000
vn 0.9681 0.2505 -0.0000
vn 0.9477 0.3190 -0.0000
vn 0.9235 0.3836 -0.0000
vn 0.8961 0.4439 -0.0000
vn 0.8663 0.4995 -0.0000
vn 0.8351 0.5501 -0.0000
vn 0.8031 0.5959 -0.0000
vn 0.7708 0.6371 -0.0000
vn 0.7387 0.6740 -0.0000
vn 0.7054 0.7088 -0.0000
vn 0.6686 0.7437 -0.0000
vn 0.6296 0.7769 -0.0000
vn 0.5908 0.8068 -0.0000
vn 0.5524 0.8336 -0.0000
vn 0.5149 0.8573 -0.0000
vn 0.4784 0.8782 -0.0000
vn 0.4431 0.8965 -0.0000
vn 0.4091 0.9125 -0.0000
vn 0.3765 0.9264 -0.0000
vn 0.3454 0.9384 -0.0000
vn 0.3158 0.9488 -0.0000
vn 0.2880 0.9576 -0.0000
vn 0.2619 0.9651 -0.0000
vn 0.2364 0.9716 -0.0000
vn 0.2110 0.9775 -0.0000
vn 0.1857 0.9826 -0.0000
vn 0.1605 0.9870 -0.0000
vn 0.1355 0.9908 -0.0000
vn 0.1108 0.9938 -0.0000
vn 0.0863 0.9963 -0.0000
vn 0.0622 0.9981 -0.0000
vn 0.0384 0.9993 -0.0000
vn 0.0150 0.9999 -0.0000
vn -0.0020 1.0000 -0.0000
vn -0.0069 1.0000 -0.0000
vn -0.0059 1.0000 -0.0000
vn -0.0050 1.0000 -0.0000
vn -0.0042 1.0000 -0.0000
vn -0.0035 1.0000 -0.0000
vn -0.0028 1.0000 -0.0000
vn -0.0023 1.0000 -0.0000
vn -0.0017 1.0000 -0.0000
vn -0.0012 1.0000 -0.0000
vn -0.0008 1.0000 -0.0000
vn -0.0004 1.0000 -0.0000
vn 0.0155 0.9999 -0.0000
vn 0.0321 0.9995 -0.0000
vn 0.0343 0.9994 -0.0000
vn 0.0366 0.9993 -0.0000
vn 0.0392 0.9992 -0.0000
vn 0.0421 0.9991 -0.0000
vn 0.0453 0.9990 -0.0000
vn 0.0490 0.9988 -0.0000
vn 0.0531 0.9986 -0.0000
vn 0.0578 0.9983 -0.0000
vn 0.0633 0.9980 -0.0000
vn 0.0697 0.9976 -0.0000
vn 0.0758 0.9971 -0.0000
vn 0.0801 0.9968 -0.0000
vn 0.0834 0.9965 -0.0000
vn 0.0869 0.9962 -0.0000
vn 0.0907 0.9959 -0.0000
vn 0.0949 0.9955 -0.0000
vn 0.0996 0.9950 -0.0000
vn 0.1046 0.9945 -0.0000
vn 0.1103 0.9939 -0.0000
vn 0.1165 0.9932 -0.0000
vn 0.1236 0.9923 -0.0000
vn 0.1315 0.9913 -0.0000
vn 0.1467 0.9892 -0.0000
vn 0.1739 0.9848 -0.0000
vn 0.2043 0.9789 -0.0000
vn 0.2315 0.9728 -0.0000
vn 0.2559 0.9667 -0.0000
vn 0.2778 0.9606 -0.0000
vn 0.2977 0.9547 -0.0000
vn 0.3157 0.9488 -0.0000
vn 0.3322 0.9432 -0.0000
vn 0.3472 0.9378 -0.0000
vn 0.3609 0.9326 -0.0000
vn 0.3735 0.9276 -0.0000
vn 0.3866 0.9222 -0.0000
vn 0.4024 0.9155 -0.0000
vn 0.4202 0.9074 -0.0000
vn 0.4390 0.8985 -0.0000
vn 0.4588 0.8885 -0.0000
vn 0.4798 0.8774 -0.0000
vn 0.5019 0.8649 -0.0000
vn 0.5252 0.8510 -0.0000
vn 0.5497 0.8354 -0.0000
vn 0.5754 0.8179 -0.0000
vn 0.6023 0.7982 -0.0000
vn 0.6305 0.7762 -0.0000
vn 0.6597 0.7515 -0.0000
vn 0.6889 0.7249 -0.0000
vn 0.7170 0.6971 -0.0000
vn 0.7438 0.6684 -0.0000
vn 0.7691 0.6391 -0.0000
vn 0.7930 0.6092 -0.0000
vn 0.8153 0.5790 -0.0000
vn 0.8360 0.5487 -0.0000
vn 0.8552 0.5182 -0.0000
vn 0.8729 0.4879 -0.0000
vn 0.8891 0.4577 -0.0000
vn 0.9038 0.4280 -0.0000
vn 0.9186 0.3952 -0.0000
vn 0.9348 0.3551 -0.0000
vn 0.9509 0.3095 -0.0000
vn 0.9651 0.2618 -0.0000
vn 0.9772 0.2123 -0.0000
vn 0.9869 0.1612 -0.0000
vn 0.9941 0.1089 -0.0000
vn 0.9984 0.0558 -0.0000
vn 1.0000 0.0023 -0.0000
vn 0.9987 -0.0510 -0.0000
vn 0.9946 -0.1039 -0.0000
vn 0.9878 -0.1558 -0.0000
vn 0.9788 -0.2050 -0.0000
vn 0.9683 -0.2499 -0.0000
vn 0.9565 -0.2919 -0.0000
vn 0.9431 -0.3324 -0.0000
vn 0.9285 -0.3712 -0.0000
vn 0.9129 -0.4082 -0.0000
vn 0.8963 -0.4434 -0.0000
vn 0.8791 -0.4766 -0.0000
vn 0.8614 -0.5080 -0.0000
vn 0.8433 -0.5375 -0.0000
vn 0.8250 -0.5651 -0.0000
vn 0.8066 -0.5911 -0.0000
vn 0.7839 -0.6209 -0.0000
vn 0.7524 -0.6587 -0.0000
vn 0.7173 -0.6968 -0.0000
vn 0.6837 -0.7297 -0.0000
vn 0.6520 -0.7582 -0.0000
vn 0.6221 -0.7829 -0.0000
vn 0.5941 -0.8044 -0.0000
vn 0.5679 -0.8231 -0.0000
vn 0.5435 -0.8394 -0.0000
vn 0.5207 -0.8537 -0.0000
vn 0.4995 -0.8663 -0.0000
vn 0.4796 -0.8775 -0.0000
vn 0.4622 -0.8868 -0.0000
vn 0.4472 -0.8944 -0.0000
vn 0.4327 -0.9015 -0.0000
vn 0.4172 -0.9088 -0.0000
vn 0.4007 -0.9162 -0.0000
vn 0.3831 -0.9237 -0.0000
vn 0.3642 -0.9313 -0.0000
vn 0.3440 -0.9390 -0.0000
vn 0.3224 -0.9466 -0.0000
vn 0.2992 -0.9542 -0.0000
vn 0.2743 -0.9616 -0.0000
vn 0.2477 -0.9688 -0.0000
vn 0.2236 -0.9747 -0.0000
vn 0.2076 -0.9782 -0.0000
vn 0.1958 -0.9806 -0.0000
vn 0.1839 -0.9829 -0.0000
vn 0.1720 -0.9851 -0.0000
vn 0.1599 -0.9871 -0.0000
vn 0.1478 -0.9890 -0.0000
vn 0.1356 -0.9908 -0.0000
vn 0.1233 -0.9924 -0.0000
vn 0.1109 -0.9938 -0.0000
vn 0.0985 -0.9951 -0.0000
vn 0.0860 -0.9963 -0.0000
vn 0.0736 -0.9973 -0.0000
vn 0.0621 -0.9981 -0.0000
vn 0.0522 -0.9986 -0.0000
vn 0.0436 -0.9990 -0.0000
vn 0.0362 -0.9993 -0.0000
vn 0.0297 -0.9996 -0.0000
vn 0.0240 -0.9997 -0.0000
vn 0.0189 -0.9998 -0.0000
vn 0.0143 -0.9999 -0.0000
vn 0.0102 -0.9999 -0.0000
vn 0.0065 -1.0000 -0.0000
vn 0.0031 -1.0000 -0.0000
vn -0.0321 -0.9995 -0.0000
vn -0.0677 -0.9977 -0.0000
vn -0.0721 -0.9974 -0.0000
vn -0.0769 -0.9970 -0.0000
vn -0.0822 -0.9966 -0.0000
vn -0.0880 -0.9961 -0.0000
vn -0.0944 -0.9955 -0.0000
vn -0.1015 -0.9948 -0.0000
vn -0.1095 -0.9940 -0.0000
vn -0.1184 -0.9930 -0.0000
vn -0.1286 -0.9917 -0.0000
vn -0.1401 -0.9901 -0.0000
vn -0.1526 -0.9883 -0.0000
vn -0.1648 -0.9863 -0.0000
vn -0.1768 -0.9842 -0.0000
vn -0.1893 -0.9819 -0.0000
vn -0.2024 -0.9793 -0.0000
vn -0.2160 -0.9764 -0.0000
vn -0.2302 -0.9731 -0.0000
vn -0.2451 -0.9695 -0.0000
vn -0.2606 -0.9654 -0.0000
vn -0.2768 -0.9609 -0.0000
vn -0.2938 -0.9559 -0.0000
vn -0.3115 -0.9502 -0.0000
vn -0.3312 -0.9435 -0.0000
vn -0.3538 -0.9353 -0.0000
vn -0.3775 -0.9260 -0.0000
vn -0.4007 -0.9162 -0.0000
vn -0.4236 -0.9058 -0.0000
vn -0.4460 -0.8950 -0.0000
vn -0.4680 -0.8837 -0.0000
vn -0.4894 -0.8720 -0.0000
vn -0.5104 -0.8600 -0.0000
vn -0.5307 -0.8475 -0.0000
vn -0.5505 -0.8348 -0.0000
vn -0.5698 -0.8218 -0.0000
vn -0.5867 -0.8098 -0.0000
vn -0.5998 -0.8001 -0.0000
vn -0.6117 -0.7911 -0.0000
vn -0.6241 -0.7813 -0.0000
vn -0.6373 -0.7707 -0.0000
vn -0.6510 -0.7590 -0.0000
vn -0.6656 -0.7463 -0.0000
vn -0.6808 -0.7325 -0.0000
vn -0.6968 -0.7172 -0.0000
vn -0.7137 -0.7005 -0.0000
vn -0.7313 -0.6821 -0.0000
vn -0.7726 -0.6349 -0.0000
vn -0.8026 -0.5965 -0.0000
vn -0.8350 -0.5502 -0.0000
vn -0.8654 -0.5010 -0.0000
vn -0.8935 -0.4491 -0.0000
vn -0.9187 -0.3949 -0.0000
vn -0.9408 -0.3390 -0.0000
vn -0.9595 -0.2819 -0.0000
vn -0.9745 -0.2242 -0.0000
vn -0.9860 -0.1667 -0.0000
vn -0.9940 -0.1098 -0.0000
vn -0.9985 -0.0542 -0.0000
vn -0.7165 0.6976 -0.0000
vn 0.6184 0.7859 -0.0000
vn 0.9648 0.2628 -0.0000
vn 0.9486 0.3165 -0.0000
vn 0.9303 0.3669 -0.0000
vn 0.9104 0.4138 -0.0000
vn 0.8894 0.4571 -0.0000
vn 0.8677 0.4971 -0.0000
vn 0.8457 0.5336 -0.0000
vn 0.8236 0.5671 -0.0000
vn 0.8017 0.5978 -0.0000
vn 0.7801 0.6257 -0.0000
vn 0.7590 0.6511 -0.0000
vn 0.7189 0.6952 -0.0000
vn 0.6984 0.7157 -0.0000
vn 0.6767 0.7362 -0.0000
vn 0.6539 0.7566 -0.0000
vn 0.6299 0.7767 -0.0000
vn 0.6047 0.7965 -0.0000
vn 0.5783 0.8159 -0.0000
vn 0.5508 0.8347 -0.0000
vn 0.5222 0.8528 -0.0000
vn 0.4926 0.8702 -0.0000
vn 0.4621 0.8868 -0.0000
vn 0.4310 0.9024 -0.0000
vn 0.4001 0.9165 -0.0000
vn 0.3698 0.9291 -0.0000
vn 0.3399 0.9405 -0.0000
vn 0.3105 0.9506 -0.0000
vn 0.2818 0.9595 -0.0000
vn 0.2537 0.9673 -0.0000
vn 0.2263 0.9741 -0.0000
vn 0.1997 0.9799 -0.0000
vn 0.1489 0.9889 -0.0000
vn 0.1247 0.9922 -0.0000
vn 0.1047 0.9945 -0.0000
vn 0.0922 0.9957 -0.0000
vn 0.0759 0.9971 -0.0000
vn 0.0685 0.9976 -0.0000
vn 0.0616 0.9981 -0.0000
vn 0.0551 0.9985 -0.0000
vn 0.0433 0.9991 -0.0000
vn 0.0379 0.9993 -0.0000
vn 0.0327 0.9995 -0.0000
vn 0.0279 0.9996 -0.0000
vn -0.0625 0.9980 -0.0000
vn -0.1529 0.9882 -0.0000
vn -0.1588 0.9873 -0.0000
vn -0.1653 0.9862 -0.0000
vn -0.1724 0.9850 -0.0000
vn -0.1802 0.9836 -0.0000
vn -0.1890 0.9820 -0.0000
vn -0.1987 0.9801 -0.0000
vn -0.2097 0.9778 -0.0000
vn -0.2222 0.9750 -0.0000
vn -0.2363 0.9717 -0.0000
vn -0.2527 0.9676 -0.0000
vn -0.2739 0.9618 -0.0000
vn -0.3018 0.9534 -0.0000
vn -0.3335 0.9427 -0.0000
vn -0.3667 0.9303 -0.0000
vn -0.4013 0.9160 -0.0000
vn -0.4371 0.8994 -0.0000
vn -0.4740 0.8805 -0.0000
vn -0.5120 0.8590 -0.0000
vn -0.5508 0.8347 -0.0000
vn -0.5900 0.8074 -0.0000
vn -0.6294 0.7771 -0.0000
vn -0.6687 0.7435 -0.0000
vn -0.7053 0.7089 -0.0000
vn -0.7379 0.6749 -0.0000
vn -0.7694 0.6388 -0.0000
vn -0.8015 0.5980 -0.0000
vn -0.8337 0.5522 -0.0000
vn -0.8655 0.5009 -0.0000
vn -0.8962 0.4437 -0.0000
vn -0.9246 0.3810 -0.0000
vn -0.9498 0.3128 -0.0000
vn -0.9709 0.2394 -0.0000
vn -0.9868 0.1620 -0.0000
vn -0.9966 0.0818 -0.0000
vn -1.0000 0.0004 -0.0000
vn -0.9968 -0.0805 -0.0000
vn -0.9870 -0.1604 -0.0000
vn -0.9713 -0.2379 -0.0000
vn -0.9503 -0.3113 -0.0000
vn -0.9249 -0.3802 -0.0000
vn -0.8961 -0.4439 -0.0000
vn -0.8649 -0.5020 -0.0000
vn -0.8323 -0.5543 -0.0000
vn -0.7992 -0.6011 -0.0000
vn -0.7660 -0.6429 -0.0000
vn -0.7333 -0.6799 -0.0000
vn -0.7003 -0.7138 -0.0000
vn -0.6650 -0.7468 -0.0000
vn -0.6280 -0.7782 -0.0000
vn -0.5909 -0.8067 -0.0000
vn -0.5541 -0.8325 -0.0000
vn -0.4819 -0.8762 -0.0000
vn -0.4471 -0.8945 -0.0000
vn -0.4133 -0.9106 -0.0000
vn -0.3806 -0.9247 -0.0000
vn -0.3491 -0.9371 -0.0000
vn -0.3189 -0.9478 -0.0000
vn -0.2903 -0.9569 -0.0000
vn -0.2630 -0.9648 -0.0000
vn -0.2360 -0.9718 -0.0000
vn -0.2088 -0.9780 -0.0000
vn -0.1815 -0.9834 -0.0000
vn -0.1541 -0.9881 -0.0000
vn -0.1267 -0.9919 -0.0000
vn -0.0994 -0.9950 -0.0000
vn -0.0723 -0.9974 -0.0000
vn -0.0453 -0.9990 -0.0000
vn -0.0186 -0.9998 -0.0000
vn 0.0078 -1.0000 -0.0000
vn -0.0041 -1.0000 -0.0000
vn -0.0320 -0.9995 -0.0000
vn -0.0381 -0.9993 -0.0000
vn -0.0450 -0.9990 -0.0000
vn -0.0528 -0.9986 -0.0000
vn -0.0616 -0.9981 -0.0000
vn -0.0718 -0.9974 -0.0000
vn -0.0835 -0.9965 -0.0000
vn -0.0972 -0.9953 -0.0000
vn -0.1135 -0.9935 -0.0000
vn -0.1331 -0.9911 -0.0000
vn -0.1571 -0.9876 -0.0000
vn -0.1853 -0.9827 -0.0000
vn -0.2148 -0.9767 -0.0000
vn -0.2448 -0.9696 -0.0000
vn -0.2767 -0.9610 -0.0000
vn -0.3103 -0.9506 -0.0000
vn -0.3458 -0.9383 -0.0000
vn -0.3830 -0.9237 -0.0000
vn -0.4220 -0.9066 -0.0000
vn -0.4626 -0.8866 -0.0000
vn -0.5045 -0.8634 -0.0000
vn -0.5476 -0.8367 -0.0000
vn -0.5915 -0.8063 -0.0000
vn -0.6337 -0.7735 -0.0000
vn -0.6728 -0.7399 -0.0000
vn -0.7112 -0.7030 -0.0000
vn -0.7509 -0.6604 -0.0000
vn -0.7912 -0.6116 -0.0000
vn -0.8312 -0.5560 -0.0000
vn -0.8699 -0.4933 -0.0000
vn -0.9059 -0.4235 -0.0000
vn -0.9378 -0.3471 -0.0000
vn -0.9643 -0.2649 -0.0000
vn -0.9840 -0.1784 -0.0000
vn -0.9960 -0.0895 -0.0000
vn -0.9999 -0.0103 -0.0000
vn -0.9988 0.0483 -0.0000
vn -0.9952 0.0974 -0.0000
vn -0.9891 0.1472 -0.0000
vn -0.9804 0.1972 -0.0000
vn -0.9690 0.2470 -0.0000
vn -0.9551 0.2963 -0.0000
vn -0.9387 0.3447 -0.0000
vn -0.9201 0.3917 -0.0000
vn -0.8994 0.4372 -0.0000
vn -0.8528 0.5222 -0.0000
vn -0.8241 0.5665 -0.0000
vn -0.7875 0.6164 -0.0000
vn -0.7471 0.6647 -0.0000
vn -0.7076 0.7067 -0.0000
vn -0.6693 0.7430 -0.0000
vn -0.6328 0.7743 -0.0000
vn -0.5982 0.8013 -0.0000
vn -0.5657 0.8246 -0.0000
vn -0.5352 0.8447 -0.0000
vn -0.5066 0.8622 -0.0000
vn -0.4800 0.8773 -0.0000
vn -0.4552 0.8904 -0.0000
vn -0.4294 0.9031 -0.0000
vn -0.4001 0.9165 -0.0000
vn -0.3695 0.9292 -0.0000
vn -0.3404 0.9403 -0.0000
vn -0.3128 0.9498 -0.0000
vn -0.2865 0.9581 -0.0000
vn -0.2615 0.9652 -0.0000
vn -0.2379 0.9713 -0.0000
vn -0.2155 0.9765 -0.0000
vn -0.1942 0.9810 -0.0000
vn -0.1741 0.9847 -0.0000
vn -0.1550 0.9879 -0.0000
vn -0.1389 0.9903 -0.0000
vn -0.1272 0.9919 -0.0000
vn -0.1169 0.9931 -0.0000
vn -0.1057 0.9944 -0.0000
vn -0.0936 0.9956 -0.0000
vn -0.0804 0.9968 -0.0000
vn -0.0660 0.9978 -0.0000
vn -0.0502 0.9987 -0.0000
vn -0.0328 0.9995 -0.0000
vn -0.0135 0.9999 -0.0000
vn 0.0078 1.0000 -0.0000
vn 0.0316 0.9995 -0.0000
vn 0.0276 0.9996 -0.0000
vn 0.0203 0.9998 -0.0000
vn 0.0374 0.9993 -0.0000
vn 0.0516 0.9987 -0.0000
vn 0.0637 0.9980 -0.0000
vn 0.0740 0.9973 -0.0000
vn 0.0829 0.9966 -0.0000
vn 0.0976 0.9952 -0.0000
vn 0.1037 0.9946 -0.0000
vn 0.1091 0.9940 -0.0000
vn 0.1140 0.9935 -0.0000
vn 0.1204 0.9927 -0.0000
vn 0.1310 0.9914 -0.0000
vn 0.1445 0.9895 -0.0000
vn 0.1593 0.9872 -0.0000
vn 0.1756 0.9845 -0.0000
vn 0.1936 0.9811 -0.0000
vn 0.2136 0.9769 -0.0000
vn 0.2359 0.9718 -0.0000
vn 0.2609 0.9654 -0.0000
vn 0.2891 0.9573 -0.0000
vn 0.3209 0.9471 -0.0000
vn 0.3570 0.9341 -0.0000
vn 0.3919 0.9200 -0.0000
vn 0.4176 0.9086 -0.0000
vn 0.4378 0.8991 -0.0000
vn 0.4581 0.8889 -0.0000
vn 0.4783 0.8782 -0.0000
vn 0.4985 0.8669 -0.0000
vn 0.5186 0.8550 -0.0000
vn 0.5385 0.8426 -0.0000
vn 0.5583 0.8296 -0.0000
vn 0.5779 0.8161 -0.0000
vn 0.5973 0.8020 -0.0000
vn 0.6164 0.7875 -0.0000
vn 0.6693 0.7430 -0.0000
vn 0.7035 0.7107 -0.0000
vn 0.7377 0.6751 -0.0000
vn 0.7715 0.6363 -0.0000
vn 0.8043 0.5942 -0.0000
vn 0.8359 0.5489 -0.0000
vn 0.8656 0.5007 -0.0000
vn 0.8931 0.4498 -0.0000
vn 0.9180 0.3966 -0.0000
vn 0.9398 0.3416 -0.0000
vn 0.9584 0.2854 -0.0000
vn 0.7928 -0.6095 -0.0000
vn -0.4718 -0.8817 -0.0000
vn -0.8271 -0.5621 -0.0000
vn -0.8165 -0.5774 -0.0000
vn -0.8046 -0.5938 -0.0000
vn -0.7912 -0.6115 -0.0000
vn -0.7760 -0.6307 -0.0000
vn -0.7588 -0.6513 -0.0000
vn -0.7391 -0.6736 -0.0000
vn -0.6902 -0.7236 -0.0000
vn -0.6598 -0.7514 -0.0000
vn -0.6245 -0.7811 -0.0000
vn -0.5864 -0.8100 -0.0000
vt 0.886726 0.000000
vt 0.890265 0.000000
vt 0.888496 0.000000
vt 0.884956 0.000000
vt 0.892035 0.000000
vt 0.883186 0.000000
vt 0.893805 0.000000
vt 0.895575 0.000000
vt 0.881416 0.000000
vt 0.897345 0.000000
vt 0.899115 0.000000
vt 0.879646 0.000000
vt 0.900885 0.000000
vt 0.877876 0.000000
vt 0.902655 0.000000
vt 0.904425 0.000000
vt 0.876106 0.000000
vt 0.906195 0.000000
vt 0.874336 0.000000
vt 0.907965 0.000000
vt 0.872566 0.000000
vt 0.909734 0.000000
vt 0.870796 0.000000
vt 0.911504 0.000000
vt 0.913274 0.000000
vt 0.869027 0.000000
vt 0.915044 0.000000
vt 0.867257 0.000000
vt 0.916814 0.000000
vt 0.865487 0.000000
vt 0.918584 0.000000
vt 0.863717 0.000000
vt 0.920354 0.000000
vt 0.922124 0.000000
vt 0.861947 0.000000
vt 0.923894 0.000000
vt 0.860177 0.000000
vt 0.925664 0.000000
vt 0.858407 0.000000
vt 0.927434 0.000000
vt 0.929204 0.000000
vt 0.856637 0.000000
vt 0.930973 0.000000
vt 0.854867 0.000000
vt 0.932743 0.000000
vt 0.853097 0.000000
vt 0.934513 0.000000
vt 0.936283 0.000000
vt 0.851327 0.000000
vt 0.938053 0.000000
vt 0.849558 0.000000
vt 0.939823 0.000000
vt 0.847788 0.000000
vt 0.941593 0.000000
vt 0.943363 0.000000
vt 0.846018 0.000000
vt 0.945133 0.000000
vt 0.844248 0.000000
vt 0.946903 0.000000
vt 0.842478 0.000000
vt 0.948673 0.000000
vt 0.840708 0.000000
vt 0.950442 0.000000
vt 0.838938 0.000000
vt 0.952212 0.000000
vt 0.953982 0.000000
vt 0.837168 0.000000
vt 0.040708 0.000000
vt 0.042478 0.000000
vt 0.038938 0.000000
vt 0.044248 0.000000
vt 0.037168 0.000000
vt 0.046018 0.000000
vt 0.035398 0.000000
vt 0.047788 0.000000
vt 0.955752 0.000000
vt 0.033628 0.000000
vt 0.049558 0.000000
vt 0.031858 0.000000
vt 0.835398 0.000000
vt 0.051327 0.000000
vt 0.030088 0.000000
vt 0.053097 0.000000
vt 0.028319 0.000000
vt 0.054867 0.000000
vt 0.026549 0.000000
vt 0.056637 0.000000
vt 0.024779 0.000000
vt 0.058407 0.000000
vt 0.957522 0.000000
vt 0.023009 0.000000
vt 0.060177 0.000000
vt 0.021239 0.000000
vt 0.833628 0.000000
vt 0.061947 0.000000
vt 0.019469 0.000000
vt 0.063717 0.000000
vt 0.017699 0.000000
vt 0.065487 0.000000
vt 0.015929 0.000000
vt 0.067257 0.000000
vt 0.959292 0.000000
vt 0.014159 0.000000
vt 0.069027 0.000000
vt 0.831858 0.000000
vt 0.012389 0.000000
vt 0.070796 0.000000
vt 0.010619 0.000000
vt 0.072566 0.000000
vt 0.008850 0.000000
vt 0.961062 0.000000
vt 0.074336 0.000000
vt 0.007080 0.000000
vt 0.076106 0.000000
vt 0.830088 0.000000
vt 0.005310 0.000000
vt 0.077876 0.000000
vt 0.003540 0.000000
vt 0.079646 0.000000
vt 0.962832 0.000000
vt 0.001770 0.000000
vt 0.081416 0.000000
vt 0.828319 0.000000
vt 0.000000 0.000000
vt 0.083186 0.000000
vt 1.000000 0.000000
vt 0.964602 0.000000
vt 0.084956 0.000000
vt 0.998230 0.000000
vt 0.826549 0.000000
vt 0.086726 0.000000
vt 0.996460 0.000000
vt 0.088496 0.000000
vt 0.966372 0.000000
vt 0.090265 0.000000
vt 0.994690 0.000000
vt 0.824779 0.000000
vt 0.092035 0.000000
vt 0.992920 0.000000
vt 0.093805 0.000000
vt 0.968142 0.000000
vt 0.991150 0.000000
vt 0.095575 0.000000
vt 0.823009 0.000000
vt 0.097345 0.000000
vt 0.989381 0.000000
vt 0.099115 0.000000
vt 0.969912 0.000000
vt 0.100885 0.000000
vt 0.821239 0.000000
vt 0.987611 0.000000
vt 0.102655 0.000000
vt 0.971681 0.000000
vt 0.104425 0.000000
vt 0.985841 0.000000
vt 0.819469 0.000000
vt 0.106195 0.000000
vt 0.107965 0.000000
vt 0.984071 0.000000
vt 0.973451 0.000000
vt 0.109735 0.000000
vt 0.817699 0.000000
vt 0.111504 0.000000
vt 0.982301 0.000000
vt 0.113274 0.000000
vt 0.975221 0.000000
vt 0.115044 0.000000
vt 0.815929 0.000000
vt 0.980531 0.000000
vt 0.116814 0.000000
vt 0.118584 0.000000
vt 0.976991 0.000000
vt 0.120354 0.000000
vt 0.978761 0.000000
vt 0.814159 0.000000
vt 0.122124 0.000000
vt 0.123894 0.000000
vt 0.125664 0.000000
vt 0.812389 0.000000
vt 0.127434 0.000000
vt 0.129204 0.000000
vt 0.130973 0.000000
vt 0.810619 0.000000
vt 0.132743 0.000000
vt 0.134513 0.000000
vt 0.136283 0.000000
vt 0.138053 0.000000
vt 0.808850 0.000000
vt 0.139823 0.000000
vt 0.141593 0.000000
vt 0.143363 0.000000
vt 0.145133 0.000000
vt 0.146903 0.000000
vt 0.807080 0.000000
vt 0.148673 0.000000
vt 0.150442 0.000000
vt 0.152212 0.000000
vt 0.153982 0.000000
vt 0.155752 0.000000
vt 0.157522 0.000000
vt 0.159292 0.000000
vt 0.161062 0.000000
vt 0.162832 0.000000
vt 0.164602 0.000000
vt 0.805310 0.000000
vt 0.187611 0.000000
vt 0.191150 0.000000
vt 0.189381 0.000000
vt 0.185841 0.000000
vt 0.184071 0.000000
vt 0.182301 0.000000
vt 0.180531 0.000000
vt 0.178761 0.000000
vt 0.176991 0.000000
vt 0.175221 0.000000
vt 0.166372 0.000000
vt 0.173451 0.000000
vt 0.171681 0.000000
vt 0.169912 0.000000
vt 0.168142 0.000000
vt 0.192920 0.000000
vt 0.194690 0.000000
vt 0.196460 0.000000
vt 0.198230 0.000000
vt 0.200000 0.000000
vt 0.201770 0.000000
vt 0.203540 0.000000
vt 0.205310 0.000000
vt 0.207080 0.000000
vt 0.208850 0.000000
vt 0.210619 0.000000
vt 0.212389 0.000000
vt 0.803540 0.000000
vt 0.214159 0.000000
vt 0.215929 0.000000
vt 0.217699 0.000000
vt 0.219469 0.000000
vt 0.221239 0.000000
vt 0.223009 0.000000
vt 0.224779 0.000000
vt 0.226549 0.000000
vt 0.228319 0.000000
vt 0.230089 0.000000
vt 0.231858 0.000000
vt 0.801770 0.000000
vt 0.233628 0.000000
vt 0.235398 0.000000
vt 0.237168 0.000000
vt 0.238938 0.000000
vt 0.240708 0.000000
vt 0.242478 0.000000
vt 0.800000 0.000000
vt 0.244248 0.000000
vt 0.246018 0.000000
vt 0.247788 0.000000
vt 0.249558 0.000000
vt 0.798230 0.000000
vt 0.251327 0.000000
vt 0.253097 0.000000
vt 0.796460 0.000000
vt 0.254867 0.000000
vt 0.256637 0.000000
vt 0.794690 0.000000
vt 0.258407 0.000000
vt 0.260177 0.000000
vt 0.261947 0.000000
vt 0.792920 0.000000
vt 0.263717 0.000000
vt 0.265487 0.000000
vt 0.791150 0.000000
vt 0.267257 0.000000
vt 0.269027 0.000000
vt 0.789381 0.000000
vt 0.270796 0.000000
vt 0.272566 0.000000
vt 0.787611 0.000000
vt 0.274336 0.000000
vt 0.276106 0.000000
vt 0.785841 0.000000
vt 0.277876 0.000000
vt 0.784071 0.000000
vt 0.279646 0.000000
vt 0.281416 0.000000
vt 0.782301 0.000000
vt 0.283186 0.000000
vt 0.780531 0.000000
vt 0.284956 0.000000
vt 0.286726 0.000000
vt 0.778761 0.000000
vt 0.288496 0.000000
vt 0.776991 0.000000
vt 0.290266 0.000000
vt 0.775221 0.000000
vt 0.292035 0.000000
vt 0.773451 0.000000
vt 0.293805 0.000000
vt 0.771681 0.000000
vt 0.295575 0.000000
vt 0.769912 0.000000
vt 0.768142 0.000000
vt 0.297345 0.000000
vt 0.766372 0.000000
vt 0.299115 0.000000
vt 0.764602 0.000000
vt 0.762832 0.000000
vt 0.300885 0.000000
vt 0.761062 0.000000
vt 0.759292 0.000000
vt 0.757522 0.000000
vt 0.302655 0.000000
vt 0.755752 0.000000
vt 0.753982 0.000000
vt 0.304425 0.000000
vt 0.752212 0.000000
vt 0.750443 0.000000
vt 0.748673 0.000000
vt 0.746903 0.000000
vt 0.306195 0.000000
vt 0.745133 0.000000
vt 0.743363 0.000000
vt 0.741593 0.000000
vt 0.739823 0.000000
vt 0.738053 0.000000
vt 0.736283 0.000000
vt 0.734513 0.000000
vt 0.732743 0.000000
vt 0.730973 0.000000
vt 0.729204 0.000000
vt 0.307965 0.000000
vt 0.727434 0.000000
vt 0.725664 0.000000
vt 0.723894 0.000000
vt 0.722124 0.000000
vt 0.720354 0.000000
vt 0.718584 0.000000
vt 0.309735 0.000000
vt 0.716814 0.000000
vt 0.715044 0.000000
vt 0.713274 0.000000
vt 0.311504 0.000000
vt 0.711504 0.000000
vt 0.709734 0.000000
vt 0.707965 0.000000
vt 0.313274 0.000000
vt 0.706195 0.000000
vt 0.704425 0.000000
vt 0.702655 0.000000
vt 0.315044 0.000000
vt 0.700885 0.000000
vt 0.699115 0.000000
vt 0.316814 0.000000
vt 0.697345 0.000000
vt 0.695575 0.000000
vt 0.693805 0.000000
vt 0.318584 0.000000
vt 0.692035 0.000000
vt 0.690265 0.000000
vt 0.527434 0.000000
vt 0.530973 0.000000
vt 0.529204 0.000000
vt 0.532743 0.000000
vt 0.320354 0.000000
vt 0.688496 0.000000
vt 0.534513 0.000000
vt 0.686726 0.000000
vt 0.525664 0.000000
vt 0.536283 0.000000
vt 0.684956 0.000000
vt 0.322124 0.000000
vt 0.683186 0.000000
vt 0.538053 0.000000
vt 0.523894 0.000000
vt 0.681416 0.000000
vt 0.539823 0.000000
vt 0.323894 0.000000
vt 0.679646 0.000000
vt 0.541593 0.000000
vt 0.522124 0.000000
vt 0.677876 0.000000
vt 0.325664 0.000000
vt 0.543363 0.000000
vt 0.676106 0.000000
vt 0.520354 0.000000
vt 0.545133 0.000000
vt 0.674336 0.000000
vt 0.672566 0.000000
vt 0.327434 0.000000
vt 0.546903 0.000000
vt 0.518584 0.000000
vt 0.670796 0.000000
vt 0.548673 0.000000
vt 0.669027 0.000000
vt 0.329204 0.000000
vt 0.550442 0.000000
vt 0.516814 0.000000
vt 0.667257 0.000000
vt 0.665487 0.000000
vt 0.552212 0.000000
vt 0.330973 0.000000
vt 0.515044 0.000000
vt 0.663717 0.000000
vt 0.553982 0.000000
vt 0.661947 0.000000
vt 0.555752 0.000000
vt 0.513274 0.000000
vt 0.660177 0.000000
vt 0.332743 0.000000
vt 0.658407 0.000000
vt 0.557522 0.000000
vt 0.511504 0.000000
vt 0.656637 0.000000
vt 0.559292 0.000000
vt 0.334513 0.000000
vt 0.654867 0.000000
vt 0.561062 0.000000
vt 0.509735 0.000000
vt 0.653097 0.000000
vt 0.562832 0.000000
vt 0.651327 0.000000
vt 0.336283 0.000000
vt 0.564602 0.000000
vt 0.507965 0.000000
vt 0.649558 0.000000
vt 0.566372 0.000000
vt 0.647788 0.000000
vt 0.646018 0.000000
vt 0.506195 0.000000
vt 0.338053 0.000000
vt 0.568142 0.000000
vt 0.644248 0.000000
vt 0.569911 0.000000
vt 0.642478 0.000000
vt 0.571681 0.000000
vt 0.504425 0.000000
vt 0.640708 0.000000
vt 0.339823 0.000000
vt 0.573451 0.000000
vt 0.638938 0.000000
vt 0.637168 0.000000
vt 0.575221 0.000000
vt 0.502655 0.000000
vt 0.635398 0.000000
vt 0.576991 0.000000
vt 0.633628 0.000000
vt 0.578761 0.000000
vt 0.631858 0.000000
vt 0.341593 0.000000
vt 0.580531 0.000000
vt 0.630089 0.000000
vt 0.500885 0.000000
vt 0.582301 0.000000
vt 0.628319 0.000000
vt 0.584071 0.000000
vt 0.626549 0.000000
vt 0.585841 0.000000
vt 0.624779 0.000000
vt 0.587611 0.000000
vt 0.499115 0.000000
vt 0.343363 0.000000
vt 0.623009 0.000000
vt 0.589381 0.000000
vt 0.591150 0.000000
vt 0.621239 0.000000
vt 0.592920 0.000000
vt 0.594690 0.000000
vt 0.619469 0.000000
vt 0.596460 0.000000
vt 0.598230 0.000000
vt 0.600000 0.000000
vt 0.617699 0.000000
vt 0.497345 0.000000
vt 0.601770 0.000000
vt 0.603540 0.000000
vt 0.605310 0.000000
vt 0.607080 0.000000
vt 0.615929 0.000000
vt 0.345133 0.000000
vt 0.608850 0.000000
vt 0.610619 0.000000
vt 0.612389 0.000000
vt 0.614159 0.000000
vt 0.495575 0.000000
vt 0.346903 0.000000
vt 0.493805 0.000000
vt 0.348673 0.000000
vt 0.492035 0.000000
vt 0.490265 0.000000
vt 0.350442 0.000000
vt 0.488496 0.000000
vt 0.352212 0.000000
vt 0.486726 0.000000
vt 0.353982 0.000000
vt 0.484956 0.000000
vt 0.355752 0.000000
vt 0.483186 0.000000
vt 0.357522 0.000000
vt 0.481416 0.000000
vt 0.479646 0.000000
vt 0.359292 0.000000
vt 0.477876 0.000000
vt 0.361062 0.000000
vt 0.476106 0.000000
vt 0.474336 0.000000
vt 0.362832 0.000000
vt 0.472566 0.000000
vt 0.364602 0.000000
vt 0.470796 0.000000
vt 0.469027 0.000000
vt 0.366372 0.000000
vt 0.467257 0.000000
vt 0.368142 0.000000
vt 0.465487 0.000000
vt 0.463717 0.000000
vt 0.369911 0.000000
vt 0.461947 0.000000
vt 0.460177 0.000000
vt 0.371681 0.000000
vt 0.458407 0.000000
vt 0.373451 0.000000
vt 0.456637 0.000000
vt 0.454867 0.000000
vt 0.375221 0.000000
vt 0.453097 0.000000
vt 0.376991 0.000000
vt 0.451327 0.000000
vt 0.449558 0.000000
vt 0.378761 0.000000
vt 0.447788 0.000000
vt 0.380531 0.000000
vt 0.446018 0.000000
vt 0.382301 0.000000
vt 0.444248 0.000000
vt 0.384071 0.000000
vt 0.442478 0.000000
vt 0.385841 0.000000
vt 0.440708 0.000000
vt 0.438938 0.000000
vt 0.387611 0.000000
vt 0.437168 0.000000
vt 0.389381 0.000000
vt 0.435398 0.000000
vt 0.391150 0.000000
vt 0.392920 0.000000
vt 0.433628 0.000000
vt 0.394690 0.000000
vt 0.431858 0.000000
vt 0.396460 0.000000
vt 0.430088 0.000000
vt 0.398230 0.000000
vt 0.400000 0.000000
vt 0.428319 0.000000
vt 0.401770 0.000000
vt 0.426549 0.000000
vt 0.403540 0.000000
vt 0.405310 0.000000
vt 0.407080 0.000000
vt 0.424779 0.000000
vt 0.408850 0.000000
vt 0.410619 0.000000
vt 0.412389 0.000000
vt 0.423009 0.000000
vt 0.414159 0.000000
vt 0.415929 0.000000
vt 0.417699 0.000000
vt 0.419469 0.000000
vt 0.421239 0.000000
vt 0.333333 0.000000
vt 0.666667 0.000000
vt 0.285714 0.000000
vt 0.142857 0.000000
vt 0.428571 0.000000
vt 0.857143 0.000000
vt 0.571429 0.000000
vt 0.714286 0.000000
vt 0.014599 0.000000
vt 0.007299 0.000000
vt 0.021898 0.000000
vt 0.284672 0.000000
vt 0.299270 0.000000
vt 0.291971 0.000000
vt 0.306569 0.000000
vt 0.313869 0.000000
vt 0.029197 0.000000
vt 0.277372 0.000000
vt 0.270073 0.000000
vt 0.321168 0.000000
vt 0.262774 0.000000
vt 0.036496 0.000000
vt 0.328467 0.000000
vt 0.255474 0.000000
vt 0.992701 0.000000
vt 0.335766 0.000000
vt 0.248175 0.000000
vt 0.043796 0.000000
vt 0.985401 0.000000
vt 0.240876 0.000000
vt 0.343066 0.000000
vt 0.233577 0.000000
vt 0.978102 0.000000
vt 0.051095 0.000000
vt 0.350365 0.000000
vt 0.226277 0.000000
vt 0.970803 0.000000
vt 0.218978 0.000000
vt 0.058394 0.000000
vt 0.357664 0.000000
vt 0.211679 0.000000
vt 0.963504 0.000000
vt 0.204380 0.000000
vt 0.364964 0.000000
vt 0.065693 0.000000
vt 0.956204 0.000000
vt 0.197080 0.000000
vt 0.372263 0.000000
vt 0.189781 0.000000
vt 0.072993 0.000000
vt 0.948905 0.000000
vt 0.182482 0.000000
vt 0.175182 0.000000
vt 0.379562 0.000000
vt 0.080292 0.000000
vt 0.167883 0.000000
vt 0.941606 0.000000
vt 0.160584 0.000000
vt 0.087591 0.000000
vt 0.386861 0.000000
vt 0.153285 0.000000
vt 0.934307 0.000000
vt 0.145985 0.000000
vt 0.094891 0.000000
vt 0.138686 0.000000
vt 0.131387 0.000000
vt 0.102190 0.000000
vt 0.394161 0.000000
vt 0.124088 0.000000
vt 0.116788 0.000000
vt 0.109489 0.000000
vt 0.927007 0.000000
vt 0.401460 0.000000
vt 0.919708 0.000000
vt 0.408759 0.000000
vt 0.912409 0.000000
vt 0.416058 0.000000
vt 0.905109 0.000000
vt 0.423358 0.000000
vt 0.897810 0.000000
vt 0.430657 0.000000
vt 0.890511 0.000000
vt 0.437956 0.000000
vt 0.883212 0.000000
vt 0.875912 0.000000
vt 0.445255 0.000000
vt 0.868613 0.000000
vt 0.452555 0.000000
vt 0.861314 0.000000
vt 0.459854 0.000000
vt 0.854015 0.000000
vt 0.467153 0.000000
vt 0.846715 0.000000
vt 0.474453 0.000000
vt 0.839416 0.000000
vt 0.481752 0.000000
vt 0.832117 0.000000
vt 0.489051 0.000000
vt 0.824818 0.000000
vt 0.496350 0.000000
vt 0.817518 0.000000
vt 0.503650 0.000000
vt 0.810219 0.000000
vt 0.510949 0.000000
vt 0.802920 0.000000
vt 0.518248 0.000000
vt 0.795620 0.000000
vt 0.525547 0.000000
vt 0.788321 0.000000
vt 0.532847 0.000000
vt 0.781022 0.000000
vt 0.540146 0.000000
vt 0.773723 0.000000
vt 0.547445 0.000000
vt 0.766423 0.000000
vt 0.554745 0.000000
vt 0.759124 0.000000
vt 0.562044 0.000000
vt 0.751825 0.000000
vt 0.569343 0.000000
vt 0.744526 0.000000
vt 0.576642 0.000000
vt 0.737226 0.000000
vt 0.583942 0.000000
vt 0.729927 0.000000
vt 0.591241 0.000000
vt 0.722628 0.000000
vt 0.598540 0.000000
vt 0.715328 0.000000
vt 0.605839 0.000000
vt 0.708029 0.000000
vt 0.613139 0.000000
vt 0.700730 0.000000
vt 0.620438 0.000000
vt 0.693431 0.000000
vt 0.627737 0.000000
vt 0.686131 0.000000
vt 0.635036 0.000000
vt 0.678832 0.000000
vt 0.642336 0.000000
vt 0.671533 0.000000
vt 0.649635 0.000000
vt 0.664234 0.000000
vt 0.656934 0.000000
vt 0.038328 0.000000
vt 0.045296 0.000000
vt 0.041812 0.000000
vt 0.034843 0.000000
vt 0.048780 0.000000
vt 0.031359 0.000000
vt 0.052265 0.000000
vt 0.027875 0.000000
vt 0.055749 0.000000
vt 0.024390 0.000000
vt 0.059233 0.000000
vt 0.020906 0.000000
vt 0.062718 0.000000
vt 0.017422 0.000000
vt 0.066202 0.000000
vt 0.013937 0.000000
vt 0.069686 0.000000
vt 0.010453 0.000000
vt 0.073171 0.000000
vt 0.006969 0.000000
vt 0.076655 0.000000
vt 0.003484 0.000000
vt 0.080139 0.000000
vt 0.083624 0.000000
vt 0.498258 0.000000
vt 0.087108 0.000000
vt 0.090592 0.000000
vt 0.494774 0.000000
vt 0.094077 0.000000
vt 0.491289 0.000000
vt 0.097561 0.000000
vt 0.487805 0.000000
vt 0.484321 0.000000
vt 0.101045 0.000000
vt 0.480836 0.000000
vt 0.104530 0.000000
vt 0.477352 0.000000
vt 0.108014 0.000000
vt 0.473868 0.000000
vt 0.111498 0.000000
vt 0.470383 0.000000
vt 0.114983 0.000000
vt 0.466899 0.000000
vt 0.118467 0.000000
vt 0.463415 0.000000
vt 0.121951 0.000000
vt 0.459930 0.000000
vt 0.501742 0.000000
vt 0.125436 0.000000
vt 0.505226 0.000000
vt 0.508711 0.000000
vt 0.996516 0.000000
vt 0.512195 0.000000
vt 0.993031 0.000000
vt 0.515679 0.000000
vt 0.989547 0.000000
vt 0.456446 0.000000
vt 0.128920 0.000000
vt 0.519164 0.000000
vt 0.986063 0.000000
vt 0.522648 0.000000
vt 0.982578 0.000000
vt 0.526132 0.000000
vt 0.979094 0.000000
vt 0.529617 0.000000
vt 0.975610 0.000000
vt 0.533101 0.000000
vt 0.972125 0.000000
vt 0.536585 0.000000
vt 0.968641 0.000000
vt 0.540070 0.000000
vt 0.965157 0.000000
vt 0.132404 0.000000
vt 0.452962 0.000000
vt 0.543554 0.000000
vt 0.961672 0.000000
vt 0.547038 0.000000
vt 0.958188 0.000000
vt 0.954704 0.000000
vt 0.550523 0.000000
vt 0.135889 0.000000
vt 0.449477 0.000000
vt 0.951219 0.000000
vt 0.554007 0.000000
vt 0.947735 0.000000
vt 0.557491 0.000000
vt 0.944251 0.000000
vt 0.560976 0.000000
vt 0.139373 0.000000
vt 0.445993 0.000000
vt 0.940767 0.000000
vt 0.564460 0.000000
vt 0.937282 0.000000
vt 0.567944 0.000000
vt 0.933798 0.000000
vt 0.442509 0.000000
vt 0.930314 0.000000
vt 0.574913 0.000000
vt 0.926829 0.000000
vt 0.578397 0.000000
vt 0.146341 0.000000
vt 0.439024 0.000000
vt 0.923345 0.000000
vt 0.581882 0.000000
vt 0.919861 0.000000
vt 0.585366 0.000000
vt 0.149826 0.000000
vt 0.435540 0.000000
vt 0.588850 0.000000
vt 0.916376 0.000000
vt 0.592335 0.000000
vt 0.912892 0.000000
vt 0.153310 0.000000
vt 0.432056 0.000000
vt 0.595819 0.000000
vt 0.909408 0.000000
vt 0.599303 0.000000
vt 0.905923 0.000000
vt 0.156794 0.000000
vt 0.602787 0.000000
vt 0.902439 0.000000
vt 0.606272 0.000000
vt 0.898955 0.000000
vt 0.160279 0.000000
vt 0.425087 0.000000
vt 0.609756 0.000000
vt 0.895470 0.000000
vt 0.613240 0.000000
vt 0.891986 0.000000
vt 0.163763 0.000000
vt 0.421603 0.000000
vt 0.616725 0.000000
vt 0.888502 0.000000
vt 0.620209 0.000000
vt 0.885017 0.000000
vt 0.167247 0.000000
vt 0.418118 0.000000
vt 0.623693 0.000000
vt 0.881533 0.000000
vt 0.627178 0.000000
vt 0.878049 0.000000
vt 0.414634 0.000000
vt 0.170732 0.000000
vt 0.630662 0.000000
vt 0.874564 0.000000
vt 0.634146 0.000000
vt 0.871080 0.000000
vt 0.411150 0.000000
vt 0.174216 0.000000
vt 0.637631 0.000000
vt 0.867596 0.000000
vt 0.641115 0.000000
vt 0.864111 0.000000
vt 0.407665 0.000000
vt 0.177700 0.000000
vt 0.644599 0.000000
vt 0.860627 0.000000
vt 0.648084 0.000000
vt 0.404181 0.000000
vt 0.181185 0.000000
vt 0.651568 0.000000
vt 0.853659 0.000000
vt 0.655052 0.000000
vt 0.850174 0.000000
vt 0.400697 0.000000
vt 0.184669 0.000000
vt 0.658537 0.000000
vt 0.846690 0.000000
vt 0.662021 0.000000
vt 0.843206 0.000000
vt 0.397213 0.000000
vt 0.188153 0.000000
vt 0.665505 0.000000
vt 0.839721 0.000000
vt 0.668990 0.000000
vt 0.836237 0.000000
vt 0.393728 0.000000
vt 0.191638 0.000000
vt 0.672474 0.000000
vt 0.832753 0.000000
vt 0.675958 0.000000
vt 0.829268 0.000000
vt 0.390244 0.000000
vt 0.195122 0.000000
vt 0.679443 0.000000
vt 0.825784 0.000000
vt 0.682927 0.000000
vt 0.822300 0.000000
vt 0.386760 0.000000
vt 0.198606 0.000000
vt 0.686411 0.000000
vt 0.818815 0.000000
vt 0.689895 0.000000
vt 0.815331 0.000000
vt 0.383275 0.000000
vt 0.202091 0.000000
vt 0.693380 0.000000
vt 0.811847 0.000000
vt 0.696864 0.000000
vt 0.808362 0.000000
vt 0.700348 0.000000
vt 0.804878 0.000000
vt 0.379791 0.000000
vt 0.205575 0.000000
vt 0.703833 0.000000
vt 0.801394 0.000000
vt 0.707317 0.000000
vt 0.797909 0.000000
vt 0.710801 0.000000
vt 0.794425 0.000000
vt 0.376307 0.000000
vt 0.209059 0.000000
vt 0.790941 0.000000
vt 0.787456 0.000000
vt 0.717770 0.000000
vt 0.783972 0.000000
vt 0.721254 0.000000
vt 0.780488 0.000000
vt 0.724739 0.000000
vt 0.372822 0.000000
vt 0.212544 0.000000
vt 0.777003 0.000000
vt 0.728223 0.000000
vt 0.773519 0.000000
vt 0.731707 0.000000
vt 0.770035 0.000000
vt 0.735192 0.000000
vt 0.766551 0.000000
vt 0.738676 0.000000
vt 0.763066 0.000000
vt 0.742160 0.000000
vt 0.759582 0.000000
vt 0.745645 0.000000
vt 0.756098 0.000000
vt 0.749129 0.000000
vt 0.752613 0.000000
vt 0.369338 0.000000
vt 0.216028 0.000000
vt 0.365854 0.000000
vt 0.219512 0.000000
vt 0.362369 0.000000
vt 0.222997 0.000000
vt 0.358885 0.000000
vt 0.226481 0.000000
vt 0.355401 0.000000
vt 0.229965 0.000000
vt 0.351916 0.000000
vt 0.233449 0.000000
vt 0.348432 0.000000
vt 0.236934 0.000000
vt 0.344948 0.000000
vt 0.240418 0.000000
vt 0.341463 0.000000
vt 0.243902 0.000000
vt 0.337979 0.000000
vt 0.247387 0.000000
vt 0.334495 0.000000
vt 0.250871 0.000000
vt 0.331010 0.000000
vt 0.254355 0.000000
vt 0.327526 0.000000
vt 0.257840 0.000000
vt 0.324042 0.000000
vt 0.261324 0.000000
vt 0.320558 0.000000
vt 0.264808 0.000000
vt 0.317073 0.000000
vt 0.268293 0.000000
vt 0.313589 0.000000
vt 0.271777 0.000000
vt 0.310105 0.000000
vt 0.275261 0.000000
vt 0.306620 0.000000
vt 0.278746 0.000000
vt 0.303136 0.000000
vt 0.282230 0.000000
vt 0.299652 0.000000
vt 0.296167 0.000000
vt 0.289199 0.000000
vt 0.292683 0.000000
vt 0.000000 1.000000
vt 0.006944 1.000000
vt 0.006944 0.000000
vt 0.013889 1.000000
vt 0.013889 0.000000
vt 0.020833 1.000000
vt 0.020833 0.000000
vt 0.027778 1.000000
vt 0.027778 0.000000
vt 0.034722 1.000000
vt 0.034722 0.000000
vt 0.041667 1.000000
vt 0.041667 0.000000
vt 0.048611 1.000000
vt 0.048611 0.000000
vt 0.055556 1.000000
vt 0.055556 0.000000
vt 0.062500 1.000000
vt 0.062500 0.000000
vt 0.069444 1.000000
vt 0.069444 0.000000
vt 0.076389 1.000000
vt 0.076389 0.000000
vt 0.083333 1.000000
vt 0.083333 0.000000
vt 0.090278 1.000000
vt 0.090278 0.000000
vt 0.097222 1.000000
vt 0.097222 0.000000
vt 0.104167 1.000000
vt 0.104167 0.000000
vt 0.111111 1.000000
vt 0.111111 0.000000
vt 0.118056 1.000000
vt 0.118056 0.000000
vt 0.125000 1.000000
vt 0.125000 0.000000
vt 0.131944 1.000000
vt 0.131944 0.000000
vt 0.138889 1.000000
vt 0.138889 0.000000
vt 0.145833 1.000000
vt 0.145833 0.000000
vt 0.152778 1.000000
vt 0.152778 0.000000
vt 0.159722 1.000000
vt 0.159722 0.000000
vt 0.166667 1.000000
vt 0.166667 0.000000
vt 0.173611 1.000000
vt 0.173611 0.000000
vt 0.180556 1.000000
vt 0.180556 0.000000
vt 0.187500 1.000000
vt 0.187500 0.000000
vt 0.194444 1.000000
vt 0.194444 0.000000
vt 0.201389 1.000000
vt 0.201389 0.000000
vt 0.208333 1.000000
vt 0.208333 0.000000
vt 0.215278 1.000000
vt 0.215278 0.000000
vt 0.222222 1.000000
vt 0.222222 0.000000
vt 0.229167 1.000000
vt 0.229167 0.000000
vt 0.236111 1.000000
vt 0.236111 0.000000
vt 0.243056 1.000000
vt 0.243056 0.000000
vt 0.250000 1.000000
vt 0.250000 0.000000
vt 0.256944 1.000000
vt 0.256944 0.000000
vt 0.263889 1.000000
vt 0.263889 0.000000
vt 0.270833 1.000000
vt 0.270833 0.000000
vt 0.277778 1.000000
vt 0.277778 0.000000
vt 0.284722 1.000000
vt 0.284722 0.000000
vt 0.291667 1.000000
vt 0.291667 0.000000
vt 0.298611 1.000000
vt 0.298611 0.000000
vt 0.305556 1.000000
vt 0.305556 0.000000
vt 0.312500 1.000000
vt 0.312500 0.000000
vt 0.319444 1.000000
vt 0.319444 0.000000
vt 0.326389 1.000000
vt 0.326389 0.000000
vt 0.333333 1.000000
vt 0.340278 1.000000
vt 0.340278 0.000000
vt 0.347222 1.000000
vt 0.347222 0.000000
vt 0.354167 1.000000
vt 0.354167 0.000000
vt 0.361111 1.000000
vt 0.361111 0.000000
vt 0.368056 1.000000
vt 0.368056 0.000000
vt 0.375000 1.000000
vt 0.375000 0.000000
vt 0.381944 1.000000
vt 0.381944 0.000000
vt 0.388889 1.000000
vt 0.388889 0.000000
vt 0.395833 1.000000
vt 0.395833 0.000000
vt 0.402778 1.000000
vt 0.402778 0.000000
vt 0.409722 1.000000
vt 0.409722 0.000000
vt 0.416667 1.000000
vt 0.416667 0.000000
vt 0.423611 1.000000
vt 0.423611 0.000000
vt 0.430556 1.000000
vt 0.430556 0.000000
vt 0.437500 1.000000
vt 0.437500 0.000000
vt 0.444444 1.000000
vt 0.444444 0.000000
vt 0.451389 1.000000
vt 0.451389 0.000000
vt 0.458333 1.000000
vt 0.458333 0.000000
vt 0.465278 1.000000
vt 0.465278 0.000000
vt 0.472222 1.000000
vt 0.472222 0.000000
vt 0.479167 1.000000
vt 0.479167 0.000000
vt 0.486111 1.000000
vt 0.486111 0.000000
vt 0.493056 1.000000
vt 0.493056 0.000000
vt 0.500000 1.000000
vt 0.500000 0.000000
vt 0.506944 1.000000
vt 0.506944 0.000000
vt 0.513889 1.000000
vt 0.513889 0.000000
vt 0.520833 1.000000
vt 0.520833 0.000000
vt 0.527778 1.000000
vt 0.527778 0.000000
vt 0.534722 1.000000
vt 0.534722 0.000000
vt 0.541667 1.000000
vt 0.541667 0.000000
vt 0.548611 1.000000
vt 0.548611 0.000000
vt 0.555556 1.000000
vt 0.555556 0.000000
vt 0.562500 1.000000
vt 0.562500 0.000000
vt 0.569444 1.000000
vt 0.569444 0.000000
vt 0.576389 1.000000
vt 0.576389 0.000000
vt 0.583333 1.000000
vt 0.583333 0.000000
vt 0.590278 1.000000
vt 0.590278 0.000000
vt 0.597222 1.000000
vt 0.597222 0.000000
vt 0.604167 1.000000
vt 0.604167 0.000000
vt 0.611111 1.000000
vt 0.611111 0.000000
vt 0.618056 1.000000
vt 0.618056 0.000000
vt 0.625000 1.000000
vt 0.625000 0.000000
vt 0.631944 1.000000
vt 0.631944 0.000000
vt 0.638889 1.000000
vt 0.638889 0.000000
vt 0.645833 1.000000
vt 0.645833 0.000000
vt 0.652778 1.000000
vt 0.652778 0.000000
vt 0.659722 1.000000
vt 0.659722 0.000000
vt 0.666667 1.000000
vt 0.673611 1.000000
vt 0.673611 0.000000
vt 0.680556 1.000000
vt 0.680556 0.000000
vt 0.687500 1.000000
vt 0.687500 0.000000
vt 0.694444 1.000000
vt 0.694444 0.000000
vt 0.701389 1.000000
vt 0.701389 0.000000
vt 0.708333 1.000000
vt 0.708333 0.000000
vt 0.715278 1.000000
vt 0.715278 0.000000
vt 0.722222 1.000000
vt 0.722222 0.000000
vt 0.729167 1.000000
vt 0.729167 0.000000
vt 0.736111 1.000000
vt 0.736111 0.000000
vt 0.743056 1.000000
vt 0.743056 0.000000
vt 0.750000 1.000000
vt 0.750000 0.000000
vt 0.756944 1.000000
vt 0.756944 0.000000
vt 0.763889 1.000000
vt 0.763889 0.000000
vt 0.770833 1.000000
vt 0.770833 0.000000
vt 0.777778 1.000000
vt 0.777778 0.000000
vt 0.784722 1.000000
vt 0.784722 0.000000
vt 0.791667 1.000000
vt 0.791667 0.000000
vt 0.798611 1.000000
vt 0.798611 0.000000
vt 0.805556 1.000000
vt 0.805556 0.000000
vt 0.812500 1.000000
vt 0.812500 0.000000
vt 0.819444 1.000000
vt 0.819444 0.000000
vt 0.826389 1.000000
vt 0.826389 0.000000
vt 0.833333 1.000000
vt 0.833333 0.000000
vt 0.840278 1.000000
vt 0.840278 0.000000
vt 0.847222 1.000000
vt 0.847222 0.000000
vt 0.854167 1.000000
vt 0.854167 0.000000
vt 0.861111 1.000000
vt 0.861111 0.000000
vt 0.868056 1.000000
vt 0.868056 0.000000
vt 0.875000 1.000000
vt 0.875000 0.000000
vt 0.881944 1.000000
vt 0.881944 0.000000
vt 0.888889 1.000000
vt 0.888889 0.000000
vt 0.895833 1.000000
vt 0.895833 0.000000
vt 0.902778 1.000000
vt 0.902778 0.000000
vt 0.909722 1.000000
vt 0.909722 0.000000
vt 0.916667 1.000000
vt 0.916667 0.000000
vt 0.923611 1.000000
vt 0.923611 0.000000
vt 0.930556 1.000000
vt 0.930556 0.000000
vt 0.937500 1.000000
vt 0.937500 0.000000
vt 0.944444 1.000000
vt 0.944444 0.000000
vt 0.951389 1.000000
vt 0.951389 0.000000
vt 0.958333 1.000000
vt 0.958333 0.000000
vt 0.965278 1.000000
vt 0.965278 0.000000
vt 0.972222 1.000000
vt 0.972222 0.000000
vt 0.979167 1.000000
vt 0.979167 0.000000
vt 0.986111 1.000000
vt 0.986111 0.000000
vt 0.993056 1.000000
vt 0.993056 0.000000
vt 1.000000 1.000000
vt 0.007246 1.000000
vt 0.007246 0.000000
vt 0.014493 1.000000
vt 0.014493 0.000000
vt 0.021739 1.000000
vt 0.021739 0.000000
vt 0.028986 1.000000
vt 0.028986 0.000000
vt 0.036232 1.000000
vt 0.036232 0.000000
vt 0.043478 1.000000
vt 0.043478 0.000000
vt 0.050725 1.000000
vt 0.050725 0.000000
vt 0.057971 1.000000
vt 0.057971 0.000000
vt 0.065217 1.000000
vt 0.065217 0.000000
vt 0.072464 1.000000
vt 0.072464 0.000000
vt 0.079710 1.000000
vt 0.079710 0.000000
vt 0.086957 1.000000
vt 0.086957 0.000000
vt 0.094203 1.000000
vt 0.094203 0.000000
vt 0.101449 1.000000
vt 0.101449 0.000000
vt 0.108696 1.000000
vt 0.108696 0.000000
vt 0.115942 1.000000
vt 0.115942 0.000000
vt 0.123188 1.000000
vt 0.123188 0.000000
vt 0.130435 1.000000
vt 0.130435 0.000000
vt 0.137681 1.000000
vt 0.137681 0.000000
vt 0.144928 1.000000
vt 0.144928 0.000000
vt 0.152174 1.000000
vt 0.152174 0.000000
vt 0.159420 1.000000
vt 0.159420 0.000000
vt 0.173913 1.000000
vt 0.173913 0.000000
vt 0.181159 1.000000
vt 0.181159 0.000000
vt 0.188406 1.000000
vt 0.188406 0.000000
vt 0.195652 1.000000
vt 0.195652 0.000000
vt 0.202899 1.000000
vt 0.202899 0.000000
vt 0.210145 1.000000
vt 0.210145 0.000000
vt 0.217391 1.000000
vt 0.217391 0.000000
vt 0.224638 1.000000
vt 0.224638 0.000000
vt 0.231884 1.000000
vt 0.231884 0.000000
vt 0.239130 1.000000
vt 0.239130 0.000000
vt 0.246377 1.000000
vt 0.246377 0.000000
vt 0.253623 1.000000
vt 0.253623 0.000000
vt 0.260870 1.000000
vt 0.260870 0.000000
vt 0.268116 1.000000
vt 0.268116 0.000000
vt 0.275362 1.000000
vt 0.275362 0.000000
vt 0.282609 1.000000
vt 0.282609 0.000000
vt 0.289855 1.000000
vt 0.289855 0.000000
vt 0.297101 1.000000
vt 0.297101 0.000000
vt 0.304348 1.000000
vt 0.304348 0.000000
vt 0.311594 1.000000
vt 0.311594 0.000000
vt 0.318841 1.000000
vt 0.318841 0.000000
vt 0.326087 1.000000
vt 0.326087 0.000000
vt 0.340580 1.000000
vt 0.340580 0.000000
vt 0.347826 1.000000
vt 0.347826 0.000000
vt 0.355072 1.000000
vt 0.355072 0.000000
vt 0.362319 1.000000
vt 0.362319 0.000000
vt 0.369565 1.000000
vt 0.369565 0.000000
vt 0.376812 1.000000
vt 0.376812 0.000000
vt 0.384058 1.000000
vt 0.384058 0.000000
vt 0.391304 1.000000
vt 0.391304 0.000000
vt 0.398551 1.000000
vt 0.398551 0.000000
vt 0.405797 1.000000
vt 0.405797 0.000000
vt 0.413043 1.000000
vt 0.413043 0.000000
vt 0.420290 1.000000
vt 0.420290 0.000000
vt 0.427536 1.000000
vt 0.427536 0.000000
vt 0.434783 1.000000
vt 0.434783 0.000000
vt 0.442029 1.000000
vt 0.442029 0.000000
vt 0.449275 1.000000
vt 0.449275 0.000000
vt 0.456522 1.000000
vt 0.456522 0.000000
vt 0.463768 1.000000
vt 0.463768 0.000000
vt 0.471014 1.000000
vt 0.471014 0.000000
vt 0.478261 1.000000
vt 0.478261 0.000000
vt 0.485507 1.000000
vt 0.485507 0.000000
vt 0.492754 1.000000
vt 0.492754 0.000000
vt 0.507246 1.000000
vt 0.507246 0.000000
vt 0.514493 1.000000
vt 0.514493 0.000000
vt 0.521739 1.000000
vt 0.521739 0.000000
vt 0.528986 1.000000
vt 0.528986 0.000000
vt 0.536232 1.000000
vt 0.536232 0.000000
vt 0.543478 1.000000
vt 0.543478 0.000000
vt 0.550725 1.000000
vt 0.550725 0.000000
vt 0.557971 1.000000
vt 0.557971 0.000000
vt 0.565217 1.000000
vt 0.565217 0.000000
vt 0.572464 1.000000
vt 0.572464 0.000000
vt 0.579710 1.000000
vt 0.579710 0.000000
vt 0.586957 1.000000
vt 0.586957 0.000000
vt 0.594203 1.000000
vt 0.594203 0.000000
vt 0.601449 1.000000
vt 0.601449 0.000000
vt 0.608696 1.000000
vt 0.608696 0.000000
vt 0.615942 1.000000
vt 0.615942 0.000000
vt 0.623188 1.000000
vt 0.623188 0.000000
vt 0.630435 1.000000
vt 0.630435 0.000000
vt 0.637681 1.000000
vt 0.637681 0.000000
vt 0.644928 1.000000
vt 0.644928 0.000000
vt 0.652174 1.000000
vt 0.652174 0.000000
vt 0.659420 1.000000
vt 0.659420 0.000000
vt 0.673913 1.000000
vt 0.673913 0.000000
vt 0.681159 1.000000
vt 0.681159 0.000000
vt 0.688406 1.000000
vt 0.688406 0.000000
vt 0.695652 1.000000
vt 0.695652 0.000000
vt 0.702899 1.000000
vt 0.702899 0.000000
vt 0.710145 1.000000
vt 0.710145 0.000000
vt 0.717391 1.000000
vt 0.717391 0.000000
vt 0.724638 1.000000
vt 0.724638 0.000000
vt 0.731884 1.000000
vt 0.731884 0.000000
vt 0.739130 1.000000
vt 0.739130 0.000000
vt 0.746377 1.000000
vt 0.746377 0.000000
vt 0.753623 1.000000
vt 0.753623 0.000000
vt 0.760870 1.000000
vt 0.760870 0.000000
vt 0.768116 1.000000
vt 0.768116 0.000000
vt 0.775362 1.000000
vt 0.775362 0.000000
vt 0.782609 1.000000
vt 0.782609 0.000000
vt 0.789855 1.000000
vt 0.789855 0.000000
vt 0.797101 1.000000
vt 0.797101 0.000000
vt 0.804348 1.000000
vt 0.804348 0.000000
vt 0.811594 1.000000
vt 0.811594 0.000000
vt 0.818841 1.000000
vt 0.818841 0.000000
vt 0.826087 1.000000
vt 0.826087 0.000000
vt 0.840580 1.000000
vt 0.840580 0.000000
vt 0.847826 1.000000
vt 0.847826 0.000000
vt 0.855072 1.000000
vt 0.855072 0.000000
vt 0.862319 1.000000
vt 0.862319 0.000000
vt 0.869565 1.000000
vt 0.869565 0.000000
vt 0.876812 1.000000
vt 0.876812 0.000000
vt 0.884058 1.000000
vt 0.884058 0.000000
vt 0.891304 1.000000
vt 0.891304 0.000000
vt 0.898551 1.000000
vt 0.898551 0.000000
vt 0.905797 1.000000
vt 0.905797 0.000000
vt 0.913043 1.000000
vt 0.913043 0.000000
vt 0.920290 1.000000
vt 0.920290 0.000000
vt 0.927536 1.000000
vt 0.927536 0.000000
vt 0.934783 1.000000
vt 0.934783 0.000000
vt 0.942029 1.000000
vt 0.942029 0.000000
vt 0.949275 1.000000
vt 0.949275 0.000000
vt 0.956522 1.000000
vt 0.956522 0.000000
vt 0.963768 1.000000
vt 0.963768 0.000000
vt 0.971014 1.000000
vt 0.971014 0.000000
vt 0.978261 1.000000
vt 0.978261 0.000000
vt 0.985507 1.000000
vt 0.985507 0.000000
vt 0.992754 1.000000
vt 0.992754 0.000000
vt 0.001767 1.000000
vt 0.001767 0.000000
vt 0.003534 1.000000
vt 0.003534 0.000000
vt 0.005300 1.000000
vt 0.005300 0.000000
vt 0.007067 1.000000
vt 0.007067 0.000000
vt 0.008834 1.000000
vt 0.008834 0.000000
vt 0.010601 1.000000
vt 0.010601 0.000000
vt 0.012367 1.000000
vt 0.012367 0.000000
vt 0.014134 1.000000
vt 0.014134 0.000000
vt 0.015901 1.000000
vt 0.015901 0.000000
vt 0.017668 1.000000
vt 0.017668 0.000000
vt 0.019435 1.000000
vt 0.019435 0.000000
vt 0.021201 1.000000
vt 0.021201 0.000000
vt 0.022968 1.000000
vt 0.022968 0.000000
vt 0.024735 1.000000
vt 0.024735 0.000000
vt 0.026502 1.000000
vt 0.026502 0.000000
vt 0.028269 1.000000
vt 0.028269 0.000000
vt 0.030035 1.000000
vt 0.030035 0.000000
vt 0.031802 1.000000
vt 0.031802 0.000000
vt 0.033569 1.000000
vt 0.033569 0.000000
vt 0.035336 1.000000
vt 0.035336 0.000000
vt 0.037102 1.000000
vt 0.037102 0.000000
vt 0.038869 1.000000
vt 0.038869 0.000000
vt 0.040636 1.000000
vt 0.040636 0.000000
vt 0.042403 1.000000
vt 0.042403 0.000000
vt 0.044170 1.000000
vt 0.044170 0.000000
vt 0.045936 1.000000
vt 0.045936 0.000000
vt 0.047703 1.000000
vt 0.047703 0.000000
vt 0.049470 1.000000
vt 0.049470 0.000000
vt 0.051237 1.000000
vt 0.051237 0.000000
vt 0.053004 1.000000
vt 0.053004 0.000000
vt 0.054770 1.000000
vt 0.054770 0.000000
vt 0.056537 1.000000
vt 0.056537 0.000000
vt 0.058304 1.000000
vt 0.058304 0.000000
vt 0.060071 1.000000
vt 0.060071 0.000000
vt 0.061837 1.000000
vt 0.061837 0.000000
vt 0.063604 1.000000
vt 0.063604 0.000000
vt 0.065371 1.000000
vt 0.065371 0.000000
vt 0.067138 1.000000
vt 0.067138 0.000000
vt 0.068905 1.000000
vt 0.068905 0.000000
vt 0.070671 1.000000
vt 0.070671 0.000000
vt 0.072438 1.000000
vt 0.072438 0.000000
vt 0.074205 1.000000
vt 0.074205 0.000000
vt 0.075972 1.000000
vt 0.075972 0.000000
vt 0.077739 1.000000
vt 0.077739 0.000000
vt 0.079505 1.000000
vt 0.079505 0.000000
vt 0.081272 1.000000
vt 0.081272 0.000000
vt 0.083039 1.000000
vt 0.083039 0.000000
vt 0.084806 1.000000
vt 0.084806 0.000000
vt 0.086572 1.000000
vt 0.086572 0.000000
vt 0.088339 1.000000
vt 0.088339 0.000000
vt 0.090106 1.000000
vt 0.090106 0.000000
vt 0.091873 1.000000
vt 0.091873 0.000000
vt 0.093640 1.000000
vt 0.093640 0.000000
vt 0.095406 1.000000
vt 0.095406 0.000000
vt 0.097173 1.000000
vt 0.097173 0.000000
vt 0.098940 1.000000
vt 0.098940 0.000000
vt 0.100707 1.000000
vt 0.100707 0.000000
vt 0.102473 1.000000
vt 0.102473 0.000000
vt 0.104240 1.000000
vt 0.104240 0.000000
vt 0.106007 1.000000
vt 0.106007 0.000000
vt 0.107774 1.000000
vt 0.107774 0.000000
vt 0.109541 1.000000
vt 0.109541 0.000000
vt 0.111307 1.000000
vt 0.111307 0.000000
vt 0.113074 1.000000
vt 0.113074 0.000000
vt 0.114841 1.000000
vt 0.114841 0.000000
vt 0.116608 1.000000
vt 0.116608 0.000000
vt 0.118375 1.000000
vt 0.118375 0.000000
vt 0.120141 1.000000
vt 0.120141 0.000000
vt 0.121908 1.000000
vt 0.121908 0.000000
vt 0.123675 1.000000
vt 0.123675 0.000000
vt 0.125442 1.000000
vt 0.125442 0.000000
vt 0.127208 1.000000
vt 0.127208 0.000000
vt 0.128975 1.000000
vt 0.128975 0.000000
vt 0.130742 1.000000
vt 0.130742 0.000000
vt 0.132509 1.000000
vt 0.132509 0.000000
vt 0.134276 1.000000
vt 0.134276 0.000000
vt 0.136042 1.000000
vt 0.136042 0.000000
vt 0.137809 1.000000
vt 0.137809 0.000000
vt 0.139576 1.000000
vt 0.139576 0.000000
vt 0.141343 1.000000
vt 0.141343 0.000000
vt 0.143110 1.000000
vt 0.143110 0.000000
vt 0.144876 1.000000
vt 0.144876 0.000000
vt 0.146643 1.000000
vt 0.146643 0.000000
vt 0.148410 1.000000
vt 0.148410 0.000000
vt 0.150177 1.000000
vt 0.150177 0.000000
vt 0.151943 1.000000
vt 0.151943 0.000000
vt 0.153710 1.000000
vt 0.153710 0.000000
vt 0.155477 1.000000
vt 0.155477 0.000000
vt 0.157244 1.000000
vt 0.157244 0.000000
vt 0.159011 1.000000
vt 0.159011 0.000000
vt 0.160777 1.000000
vt 0.160777 0.000000
vt 0.162544 1.000000
vt 0.162544 0.000000
vt 0.164311 1.000000
vt 0.164311 0.000000
vt 0.166078 1.000000
vt 0.166078 0.000000
vt 0.167845 1.000000
vt 0.167845 0.000000
vt 0.169611 1.000000
vt 0.169611 0.000000
vt 0.171378 1.000000
vt 0.171378 0.000000
vt 0.173145 1.000000
vt 0.173145 0.000000
vt 0.174912 1.000000
vt 0.174912 0.000000
vt 0.176678 1.000000
vt 0.176678 0.000000
vt 0.178445 1.000000
vt 0.178445 0.000000
vt 0.180212 1.000000
vt 0.180212 0.000000
vt 0.181979 1.000000
vt 0.181979 0.000000
vt 0.183746 1.000000
vt 0.183746 0.000000
vt 0.185512 1.000000
vt 0.185512 0.000000
vt 0.187279 1.000000
vt 0.187279 0.000000
vt 0.189046 1.000000
vt 0.189046 0.000000
vt 0.190813 1.000000
vt 0.190813 0.000000
vt 0.192580 1.000000
vt 0.192580 0.000000
vt 0.194346 1.000000
vt 0.194346 0.000000
vt 0.196113 1.000000
vt 0.196113 0.000000
vt 0.197880 1.000000
vt 0.197880 0.000000
vt 0.199647 1.000000
vt 0.199647 0.000000
vt 0.201413 1.000000
vt 0.201413 0.000000
vt 0.203180 1.000000
vt 0.203180 0.000000
vt 0.204947 1.000000
vt 0.204947 0.000000
vt 0.206714 1.000000
vt 0.206714 0.000000
vt 0.208481 1.000000
vt 0.208481 0.000000
vt 0.210247 1.000000
vt 0.210247 0.000000
vt 0.212014 1.000000
vt 0.212014 0.000000
vt 0.213781 1.000000
vt 0.213781 0.000000
vt 0.215548 1.000000
vt 0.215548 0.000000
vt 0.217314 1.000000
vt 0.217314 0.000000
vt 0.219081 1.000000
vt 0.219081 0.000000
vt 0.220848 1.000000
vt 0.220848 0.000000
vt 0.222615 1.000000
vt 0.222615 0.000000
vt 0.224382 1.000000
vt 0.224382 0.000000
vt 0.226148 1.000000
vt 0.226148 0.000000
vt 0.227915 1.000000
vt 0.227915 0.000000
vt 0.229682 1.000000
vt 0.229682 0.000000
vt 0.231449 1.000000
vt 0.231449 0.000000
vt 0.233216 1.000000
vt 0.233216 0.000000
vt 0.234982 1.000000
vt 0.234982 0.000000
vt 0.236749 1.000000
vt 0.236749 0.000000
vt 0.238516 1.000000
vt 0.238516 0.000000
vt 0.240283 1.000000
vt 0.240283 0.000000
vt 0.242049 1.000000
vt 0.242049 0.000000
vt 0.243816 1.000000
vt 0.243816 0.000000
vt 0.245583 1.000000
vt 0.245583 0.000000
vt 0.247350 1.000000
vt 0.247350 0.000000
vt 0.249117 1.000000
vt 0.249117 0.000000
vt 0.250883 1.000000
vt 0.250883 0.000000
vt 0.252650 1.000000
vt 0.252650 0.000000
vt 0.254417 1.000000
vt 0.254417 0.000000
vt 0.256184 1.000000
vt 0.256184 0.000000
vt 0.257951 1.000000
vt 0.257951 0.000000
vt 0.259717 1.000000
vt 0.259717 0.000000
vt 0.261484 1.000000
vt 0.261484 0.000000
vt 0.263251 1.000000
vt 0.263251 0.000000
vt 0.265018 1.000000
vt 0.265018 0.000000
vt 0.266784 1.000000
vt 0.266784 0.000000
vt 0.268551 1.000000
vt 0.268551 0.000000
vt 0.270318 1.000000
vt 0.270318 0.000000
vt 0.272085 1.000000
vt 0.272085 0.000000
vt 0.273852 1.000000
vt 0.273852 0.000000
vt 0.275618 1.000000
vt 0.275618 0.000000
vt 0.277385 1.000000
vt 0.277385 0.000000
vt 0.279152 1.000000
vt 0.279152 0.000000
vt 0.280919 1.000000
vt 0.280919 0.000000
vt 0.282686 1.000000
vt 0.282686 0.000000
vt 0.284452 1.000000
vt 0.284452 0.000000
vt 0.286219 1.000000
vt 0.286219 0.000000
vt 0.287986 1.000000
vt 0.287986 0.000000
vt 0.289753 1.000000
vt 0.289753 0.000000
vt 0.291519 1.000000
vt 0.291519 0.000000
vt 0.293286 1.000000
vt 0.293286 0.000000
vt 0.295053 1.000000
vt 0.295053 0.000000
vt 0.296820 1.000000
vt 0.296820 0.000000
vt 0.298587 1.000000
vt 0.298587 0.000000
vt 0.300353 1.000000
vt 0.300353 0.000000
vt 0.302120 1.000000
vt 0.302120 0.000000
vt 0.303887 1.000000
vt 0.303887 0.000000
vt 0.305654 1.000000
vt 0.305654 0.000000
vt 0.307420 1.000000
vt 0.307420 0.000000
vt 0.309187 1.000000
vt 0.309187 0.000000
vt 0.310954 1.000000
vt 0.310954 0.000000
vt 0.312721 1.000000
vt 0.312721 0.000000
vt 0.314488 1.000000
vt 0.314488 0.000000
vt 0.316254 1.000000
vt 0.316254 0.000000
vt 0.318021 1.000000
vt 0.318021 0.000000
vt 0.319788 1.000000
vt 0.319788 0.000000
vt 0.321555 1.000000
vt 0.321555 0.000000
vt 0.323322 1.000000
vt 0.323322 0.000000
vt 0.325088 1.000000
vt 0.325088 0.000000
vt 0.326855 1.000000
vt 0.326855 0.000000
vt 0.328622 1.000000
vt 0.328622 0.000000
vt 0.330389 1.000000
vt 0.330389 0.000000
vt 0.332155 1.000000
vt 0.332155 0.000000
vt 0.333922 1.000000
vt 0.333922 0.000000
vt 0.335689 1.000000
vt 0.335689 0.000000
vt 0.337456 1.000000
vt 0.337456 0.000000
vt 0.339223 1.000000
vt 0.339223 0.000000
vt 0.340989 1.000000
vt 0.340989 0.000000
vt 0.342756 1.000000
vt 0.342756 0.000000
vt 0.344523 1.000000
vt 0.344523 0.000000
vt 0.346290 1.000000
vt 0.346290 0.000000
vt 0.348057 1.000000
vt 0.348057 0.000000
vt 0.349823 1.000000
vt 0.349823 0.000000
vt 0.351590 1.000000
vt 0.351590 0.000000
vt 0.353357 1.000000
vt 0.353357 0.000000
vt 0.355124 1.000000
vt 0.355124 0.000000
vt 0.356890 1.000000
vt 0.356890 0.000000
vt 0.358657 1.000000
vt 0.358657 0.000000
vt 0.360424 1.000000
vt 0.360424 0.000000
vt 0.362191 1.000000
vt 0.362191 0.000000
vt 0.363958 1.000000
vt 0.363958 0.000000
vt 0.365724 1.000000
vt 0.365724 0.000000
vt 0.367491 1.000000
vt 0.367491 0.000000
vt 0.369258 1.000000
vt 0.369258 0.000000
vt 0.371025 1.000000
vt 0.371025 0.000000
vt 0.372792 1.000000
vt 0.372792 0.000000
vt 0.374558 1.000000
vt 0.374558 0.000000
vt 0.376325 1.000000
vt 0.376325 0.000000
vt 0.378092 1.000000
vt 0.378092 0.000000
vt 0.379859 1.000000
vt 0.379859 0.000000
vt 0.381625 1.000000
vt 0.381625 0.000000
vt 0.383392 1.000000
vt 0.383392 0.000000
vt 0.385159 1.000000
vt 0.385159 0.000000
vt 0.386926 1.000000
vt 0.386926 0.000000
vt 0.388693 1.000000
vt 0.388693 0.000000
vt 0.390459 1.000000
vt 0.390459 0.000000
vt 0.392226 1.000000
vt 0.392226 0.000000
vt 0.393993 1.000000
vt 0.393993 0.000000
vt 0.395760 1.000000
vt 0.395760 0.000000
vt 0.397527 1.000000
vt 0.397527 0.000000
vt 0.399293 1.000000
vt 0.399293 0.000000
vt 0.401060 1.000000
vt 0.401060 0.000000
vt 0.402827 1.000000
vt 0.402827 0.000000
vt 0.404594 1.000000
vt 0.404594 0.000000
vt 0.406360 1.000000
vt 0.406360 0.000000
vt 0.408127 1.000000
vt 0.408127 0.000000
vt 0.409894 1.000000
vt 0.409894 0.000000
vt 0.411661 1.000000
vt 0.411661 0.000000
vt 0.413428 1.000000
vt 0.413428 0.000000
vt 0.415194 1.000000
vt 0.415194 0.000000
vt 0.416961 1.000000
vt 0.416961 0.000000
vt 0.418728 1.000000
vt 0.418728 0.000000
vt 0.420495 1.000000
vt 0.420495 0.000000
vt 0.422261 1.000000
vt 0.422261 0.000000
vt 0.424028 1.000000
vt 0.424028 0.000000
vt 0.425795 1.000000
vt 0.425795 0.000000
vt 0.427562 1.000000
vt 0.427562 0.000000
vt 0.429329 1.000000
vt 0.429329 0.000000
vt 0.431095 1.000000
vt 0.431095 0.000000
vt 0.432862 1.000000
vt 0.432862 0.000000
vt 0.434629 1.000000
vt 0.434629 0.000000
vt 0.436396 1.000000
vt 0.436396 0.000000
vt 0.438163 1.000000
vt 0.438163 0.000000
vt 0.439929 1.000000
vt 0.439929 0.000000
vt 0.441696 1.000000
vt 0.441696 0.000000
vt 0.443463 1.000000
vt 0.443463 0.000000
vt 0.445230 1.000000
vt 0.445230 0.000000
vt 0.446996 1.000000
vt 0.446996 0.000000
vt 0.448763 1.000000
vt 0.448763 0.000000
vt 0.450530 1.000000
vt 0.450530 0.000000
vt 0.452297 1.000000
vt 0.452297 0.000000
vt 0.454064 1.000000
vt 0.454064 0.000000
vt 0.455830 1.000000
vt 0.455830 0.000000
vt 0.457597 1.000000
vt 0.457597 0.000000
vt 0.459364 1.000000
vt 0.459364 0.000000
vt 0.461131 1.000000
vt 0.461131 0.000000
vt 0.462898 1.000000
vt 0.462898 0.000000
vt 0.464664 1.000000
vt 0.464664 0.000000
vt 0.466431 1.000000
vt 0.466431 0.000000
vt 0.468198 1.000000
vt 0.468198 0.000000
vt 0.469965 1.000000
vt 0.469965 0.000000
vt 0.471731 1.000000
vt 0.471731 0.000000
vt 0.473498 1.000000
vt 0.473498 0.000000
vt 0.475265 1.000000
vt 0.475265 0.000000
vt 0.477032 1.000000
vt 0.477032 0.000000
vt 0.478799 1.000000
vt 0.478799 0.000000
vt 0.480565 1.000000
vt 0.480565 0.000000
vt 0.482332 1.000000
vt 0.482332 0.000000
vt 0.484099 1.000000
vt 0.484099 0.000000
vt 0.485866 1.000000
vt 0.485866 0.000000
vt 0.487633 1.000000
vt 0.487633 0.000000
vt 0.489399 1.000000
vt 0.489399 0.000000
vt 0.491166 1.000000
vt 0.491166 0.000000
vt 0.492933 1.000000
vt 0.492933 0.000000
vt 0.494700 1.000000
vt 0.494700 0.000000
vt 0.496466 1.000000
vt 0.496466 0.000000
vt 0.498233 1.000000
vt 0.498233 0.000000
vt 0.501767 1.000000
vt 0.501767 0.000000
vt 0.503534 1.000000
vt 0.503534 0.000000
vt 0.505300 1.000000
vt 0.505300 0.000000
vt 0.507067 1.000000
vt 0.507067 0.000000
vt 0.508834 1.000000
vt 0.508834 0.000000
vt 0.510601 1.000000
vt 0.510601 0.000000
vt 0.512367 1.000000
vt 0.512367 0.000000
vt 0.514134 1.000000
vt 0.514134 0.000000
vt 0.515901 1.000000
vt 0.515901 0.000000
vt 0.517668 1.000000
vt 0.517668 0.000000
vt 0.519435 1.000000
vt 0.519435 0.000000
vt 0.521201 1.000000
vt 0.521201 0.000000
vt 0.522968 1.000000
vt 0.522968 0.000000
vt 0.524735 1.000000
vt 0.524735 0.000000
vt 0.526502 1.000000
vt 0.526502 0.000000
vt 0.528269 1.000000
vt 0.528269 0.000000
vt 0.530035 1.000000
vt 0.530035 0.000000
vt 0.531802 1.000000
vt 0.531802 0.000000
vt 0.533569 1.000000
vt 0.533569 0.000000
vt 0.535336 1.000000
vt 0.535336 0.000000
vt 0.537102 1.000000
vt 0.537102 0.000000
vt 0.538869 1.000000
vt 0.538869 0.000000
vt 0.540636 1.000000
vt 0.540636 0.000000
vt 0.542403 1.000000
vt 0.542403 0.000000
vt 0.544170 1.000000
vt 0.544170 0.000000
vt 0.545936 1.000000
vt 0.545936 0.000000
vt 0.547703 1.000000
vt 0.547703 0.000000
vt 0.549470 1.000000
vt 0.549470 0.000000
vt 0.551237 1.000000
vt 0.551237 0.000000
vt 0.553004 1.000000
vt 0.553004 0.000000
vt 0.554770 1.000000
vt 0.554770 0.000000
vt 0.556537 1.000000
vt 0.556537 0.000000
vt 0.558304 1.000000
vt 0.558304 0.000000
vt 0.560071 1.000000
vt 0.560071 0.000000
vt 0.561837 1.000000
vt 0.561837 0.000000
vt 0.563604 1.000000
vt 0.563604 0.000000
vt 0.565371 1.000000
vt 0.565371 0.000000
vt 0.567138 1.000000
vt 0.567138 0.000000
vt 0.568905 1.000000
vt 0.568905 0.000000
vt 0.570671 1.000000
vt 0.570671 0.000000
vt 0.572438 1.000000
vt 0.572438 0.000000
vt 0.574205 1.000000
vt 0.574205 0.000000
vt 0.575972 1.000000
vt 0.575972 0.000000
vt 0.577739 1.000000
vt 0.577739 0.000000
vt 0.579505 1.000000
vt 0.579505 0.000000
vt 0.581272 1.000000
vt 0.581272 0.000000
vt 0.583039 1.000000
vt 0.583039 0.000000
vt 0.584806 1.000000
vt 0.584806 0.000000
vt 0.586572 1.000000
vt 0.586572 0.000000
vt 0.588339 1.000000
vt 0.588339 0.000000
vt 0.590106 1.000000
vt 0.590106 0.000000
vt 0.591873 1.000000
vt 0.591873 0.000000
vt 0.593640 1.000000
vt 0.593640 0.000000
vt 0.595406 1.000000
vt 0.595406 0.000000
vt 0.597173 1.000000
vt 0.597173 0.000000
vt 0.598940 1.000000
vt 0.598940 0.000000
vt 0.600707 1.000000
vt 0.600707 0.000000
vt 0.602473 1.000000
vt 0.602473 0.000000
vt 0.604240 1.000000
vt 0.604240 0.000000
vt 0.606007 1.000000
vt 0.606007 0.000000
vt 0.607774 1.000000
vt 0.607774 0.000000
vt 0.609541 1.000000
vt 0.609541 0.000000
vt 0.611307 1.000000
vt 0.611307 0.000000
vt 0.613074 1.000000
vt 0.613074 0.000000
vt 0.614841 1.000000
vt 0.614841 0.000000
vt 0.616608 1.000000
vt 0.616608 0.000000
vt 0.618375 1.000000
vt 0.618375 0.000000
vt 0.620141 1.000000
vt 0.620141 0.000000
vt 0.621908 1.000000
vt 0.621908 0.000000
vt 0.623675 1.000000
vt 0.623675 0.000000
vt 0.625442 1.000000
vt 0.625442 0.000000
vt 0.627208 1.000000
vt 0.627208 0.000000
vt 0.628975 1.000000
vt 0.628975 0.000000
vt 0.630742 1.000000
vt 0.630742 0.000000
vt 0.632509 1.000000
vt 0.632509 0.000000
vt 0.634276 1.000000
vt 0.634276 0.000000
vt 0.636042 1.000000
vt 0.636042 0.000000
vt 0.637809 1.000000
vt 0.637809 0.000000
vt 0.639576 1.000000
vt 0.639576 0.000000
vt 0.641343 1.000000
vt 0.641343 0.000000
vt 0.643110 1.000000
vt 0.643110 0.000000
vt 0.644876 1.000000
vt 0.644876 0.000000
vt 0.646643 1.000000
vt 0.646643 0.000000
vt 0.648410 1.000000
vt 0.648410 0.000000
vt 0.650177 1.000000
vt 0.650177 0.000000
vt 0.651943 1.000000
vt 0.651943 0.000000
vt 0.653710 1.000000
vt 0.653710 0.000000
vt 0.655477 1.000000
vt 0.655477 0.000000
vt 0.657244 1.000000
vt 0.657244 0.000000
vt 0.659011 1.000000
vt 0.659011 0.000000
vt 0.660777 1.000000
vt 0.660777 0.000000
vt 0.662544 1.000000
vt 0.662544 0.000000
vt 0.664311 1.000000
vt 0.664311 0.000000
vt 0.666078 1.000000
vt 0.666078 0.000000
vt 0.667845 1.000000
vt 0.667845 0.000000
vt 0.669611 1.000000
vt 0.669611 0.000000
vt 0.671378 1.000000
vt 0.671378 0.000000
vt 0.673145 1.000000
vt 0.673145 0.000000
vt 0.674912 1.000000
vt 0.674912 0.000000
vt 0.676678 1.000000
vt 0.676678 0.000000
vt 0.678445 1.000000
vt 0.678445 0.000000
vt 0.680212 1.000000
vt 0.680212 0.000000
vt 0.681979 1.000000
vt 0.681979 0.000000
vt 0.683746 1.000000
vt 0.683746 0.000000
vt 0.685512 1.000000
vt 0.685512 0.000000
vt 0.687279 1.000000
vt 0.687279 0.000000
vt 0.689046 1.000000
vt 0.689046 0.000000
vt 0.690813 1.000000
vt 0.690813 0.000000
vt 0.692580 1.000000
vt 0.692580 0.000000
vt 0.694346 1.000000
vt 0.694346 0.000000
vt 0.696113 1.000000
vt 0.696113 0.000000
vt 0.697880 1.000000
vt 0.697880 0.000000
vt 0.699647 1.000000
vt 0.699647 0.000000
vt 0.701413 1.000000
vt 0.701413 0.000000
vt 0.703180 1.000000
vt 0.703180 0.000000
vt 0.704947 1.000000
vt 0.704947 0.000000
vt 0.706714 1.000000
vt 0.706714 0.000000
vt 0.708481 1.000000
vt 0.708481 0.000000
vt 0.710247 1.000000
vt 0.710247 0.000000
vt 0.712014 1.000000
vt 0.712014 0.000000
vt 0.713781 1.000000
vt 0.713781 0.000000
vt 0.715548 1.000000
vt 0.715548 0.000000
vt 0.717314 1.000000
vt 0.717314 0.000000
vt 0.719081 1.000000
vt 0.719081 0.000000
vt 0.720848 1.000000
vt 0.720848 0.000000
vt 0.722615 1.000000
vt 0.722615 0.000000
vt 0.724382 1.000000
vt 0.724382 0.000000
vt 0.726148 1.000000
vt 0.726148 0.000000
vt 0.727915 1.000000
vt 0.727915 0.000000
vt 0.729682 1.000000
vt 0.729682 0.000000
vt 0.731449 1.000000
vt 0.731449 0.000000
vt 0.733216 1.000000
vt 0.733216 0.000000
vt 0.734982 1.000000
vt 0.734982 0.000000
vt 0.736749 1.000000
vt 0.736749 0.000000
vt 0.738516 1.000000
vt 0.738516 0.000000
vt 0.740283 1.000000
vt 0.740283 0.000000
vt 0.742049 1.000000
vt 0.742049 0.000000
vt 0.743816 1.000000
vt 0.743816 0.000000
vt 0.745583 1.000000
vt 0.745583 0.000000
vt 0.747350 1.000000
vt 0.747350 0.000000
vt 0.749117 1.000000
vt 0.749117 0.000000
vt 0.750883 1.000000
vt 0.750883 0.000000
vt 0.752650 1.000000
vt 0.752650 0.000000
vt 0.754417 1.000000
vt 0.754417 0.000000
vt 0.756184 1.000000
vt 0.756184 0.000000
vt 0.757951 1.000000
vt 0.757951 0.000000
vt 0.759717 1.000000
vt 0.759717 0.000000
vt 0.761484 1.000000
vt 0.761484 0.000000
vt 0.763251 1.000000
vt 0.763251 0.000000
vt 0.765018 1.000000
vt 0.765018 0.000000
vt 0.766784 1.000000
vt 0.766784 0.000000
vt 0.768551 1.000000
vt 0.768551 0.000000
vt 0.770318 1.000000
vt 0.770318 0.000000
vt 0.772085 1.000000
vt 0.772085 0.000000
vt 0.773852 1.000000
vt 0.773852 0.000000
vt 0.775618 1.000000
vt 0.775618 0.000000
vt 0.777385 1.000000
vt 0.777385 0.000000
vt 0.779152 1.000000
vt 0.779152 0.000000
vt 0.780919 1.000000
vt 0.780919 0.000000
vt 0.782686 1.000000
vt 0.782686 0.000000
vt 0.784452 1.000000
vt 0.784452 0.000000
vt 0.786219 1.000000
vt 0.786219 0.000000
vt 0.787986 1.000000
vt 0.787986 0.000000
vt 0.789753 1.000000
vt 0.789753 0.000000
vt 0.791519 1.000000
vt 0.791519 0.000000
vt 0.793286 1.000000
vt 0.793286 0.000000
vt 0.795053 1.000000
vt 0.795053 0.000000
vt 0.796820 1.000000
vt 0.796820 0.000000
vt 0.798587 1.000000
vt 0.798587 0.000000
vt 0.800353 1.000000
vt 0.800353 0.000000
vt 0.802120 1.000000
vt 0.802120 0.000000
vt 0.803887 1.000000
vt 0.803887 0.000000
vt 0.805654 1.000000
vt 0.805654 0.000000
vt 0.807420 1.000000
vt 0.807420 0.000000
vt 0.809187 1.000000
vt 0.809187 0.000000
vt 0.810954 1.000000
vt 0.810954 0.000000
vt 0.812721 1.000000
vt 0.812721 0.000000
vt 0.814488 1.000000
vt 0.814488 0.000000
vt 0.816254 1.000000
vt 0.816254 0.000000
vt 0.818021 1.000000
vt 0.818021 0.000000
vt 0.819788 1.000000
vt 0.819788 0.000000
vt 0.821555 1.000000
vt 0.821555 0.000000
vt 0.823322 1.000000
vt 0.823322 0.000000
vt 0.825088 1.000000
vt 0.825088 0.000000
vt 0.826855 1.000000
vt 0.826855 0.000000
vt 0.828622 1.000000
vt 0.828622 0.000000
vt 0.830389 1.000000
vt 0.830389 0.000000
vt 0.832155 1.000000
vt 0.832155 0.000000
vt 0.833922 1.000000
vt 0.833922 0.000000
vt 0.835689 1.000000
vt 0.835689 0.000000
vt 0.837456 1.000000
vt 0.837456 0.000000
vt 0.839223 1.000000
vt 0.839223 0.000000
vt 0.840989 1.000000
vt 0.840989 0.000000
vt 0.842756 1.000000
vt 0.842756 0.000000
vt 0.844523 1.000000
vt 0.844523 0.000000
vt 0.846290 1.000000
vt 0.846290 0.000000
vt 0.848057 1.000000
vt 0.848057 0.000000
vt 0.849823 1.000000
vt 0.849823 0.000000
vt 0.851590 1.000000
vt 0.851590 0.000000
vt 0.853357 1.000000
vt 0.853357 0.000000
vt 0.855124 1.000000
vt 0.855124 0.000000
vt 0.856890 1.000000
vt 0.856890 0.000000
vt 0.858657 1.000000
vt 0.858657 0.000000
vt 0.860424 1.000000
vt 0.860424 0.000000
vt 0.862191 1.000000
vt 0.862191 0.000000
vt 0.863958 1.000000
vt 0.863958 0.000000
vt 0.865724 1.000000
vt 0.865724 0.000000
vt 0.867491 1.000000
vt 0.867491 0.000000
vt 0.869258 1.000000
vt 0.869258 0.000000
vt 0.871025 1.000000
vt 0.871025 0.000000
vt 0.872792 1.000000
vt 0.872792 0.000000
vt 0.874558 1.000000
vt 0.874558 0.000000
vt 0.876325 1.000000
vt 0.876325 0.000000
vt 0.878092 1.000000
vt 0.878092 0.000000
vt 0.879859 1.000000
vt 0.879859 0.000000
vt 0.881625 1.000000
vt 0.881625 0.000000
vt 0.883392 1.000000
vt 0.883392 0.000000
vt 0.885159 1.000000
vt 0.885159 0.000000
vt 0.886926 1.000000
vt 0.886926 0.000000
vt 0.888693 1.000000
vt 0.888693 0.000000
vt 0.890459 1.000000
vt 0.890459 0.000000
vt 0.892226 1.000000
vt 0.892226 0.000000
vt 0.893993 1.000000
vt 0.893993 0.000000
vt 0.895760 1.000000
vt 0.895760 0.000000
vt 0.897527 1.000000
vt 0.897527 0.000000
vt 0.899293 1.000000
vt 0.899293 0.000000
vt 0.901060 1.000000
vt 0.901060 0.000000
vt 0.902827 1.000000
vt 0.902827 0.000000
vt 0.904594 1.000000
vt 0.904594 0.000000
vt 0.906360 1.000000
vt 0.906360 0.000000
vt 0.908127 1.000000
vt 0.908127 0.000000
vt 0.909894 1.000000
vt 0.909894 0.000000
vt 0.911661 1.000000
vt 0.911661 0.000000
vt 0.913428 1.000000
vt 0.913428 0.000000
vt 0.915194 1.000000
vt 0.915194 0.000000
vt 0.916961 1.000000
vt 0.916961 0.000000
vt 0.918728 1.000000
vt 0.918728 0.000000
vt 0.920495 1.000000
vt 0.920495 0.000000
vt 0.922261 1.000000
vt 0.922261 0.000000
vt 0.924028 1.000000
vt 0.924028 0.000000
vt 0.925795 1.000000
vt 0.925795 0.000000
vt 0.927562 1.000000
vt 0.927562 0.000000
vt 0.929329 1.000000
vt 0.929329 0.000000
vt 0.931095 1.000000
vt 0.931095 0.000000
vt 0.932862 1.000000
vt 0.932862 0.000000
vt 0.934629 1.000000
vt 0.934629 0.000000
vt 0.936396 1.000000
vt 0.936396 0.000000
vt 0.938163 1.000000
vt 0.938163 0.000000
vt 0.939929 1.000000
vt 0.939929 0.000000
vt 0.941696 1.000000
vt 0.941696 0.000000
vt 0.943463 1.000000
vt 0.943463 0.000000
vt 0.945230 1.000000
vt 0.945230 0.000000
vt 0.946996 1.000000
vt 0.946996 0.000000
vt 0.948763 1.000000
vt 0.948763 0.000000
vt 0.950530 1.000000
vt 0.950530 0.000000
vt 0.952297 1.000000
vt 0.952297 0.000000
vt 0.954064 1.000000
vt 0.954064 0.000000
vt 0.955830 1.000000
vt 0.955830 0.000000
vt 0.957597 1.000000
vt 0.957597 0.000000
vt 0.959364 1.000000
vt 0.959364 0.000000
vt 0.961131 1.000000
vt 0.961131 0.000000
vt 0.962898 1.000000
vt 0.962898 0.000000
vt 0.964664 1.000000
vt 0.964664 0.000000
vt 0.966431 1.000000
vt 0.966431 0.000000
vt 0.968198 1.000000
vt 0.968198 0.000000
vt 0.969965 1.000000
vt 0.969965 0.000000
vt 0.971731 1.000000
vt 0.971731 0.000000
vt 0.973498 1.000000
vt 0.973498 0.000000
vt 0.975265 1.000000
vt 0.975265 0.000000
vt 0.977032 1.000000
vt 0.977032 0.000000
vt 0.978799 1.000000
vt 0.978799 0.000000
vt 0.980565 1.000000
vt 0.980565 0.000000
vt 0.982332 1.000000
vt 0.982332 0.000000
vt 0.984099 1.000000
vt 0.984099 0.000000
vt 0.985866 1.000000
vt 0.985866 0.000000
vt 0.987633 1.000000
vt 0.987633 0.000000
vt 0.989399 1.000000
vt 0.989399 0.000000
vt 0.991166 1.000000
vt 0.991166 0.000000
vt 0.992933 1.000000
vt 0.992933 0.000000
vt 0.994700 1.000000
vt 0.994700 0.000000
vt 0.996466 1.000000
vt 0.996466 0.000000
vt 0.998233 1.000000
vt 0.998233 0.000000
s 0
usemtl Material.001
f 502/1/1 504/2/1 503/3/1
f 501/4/1 504/2/1 502/1/1
f 501/4/1 505/5/1 504/2/1
f 500/6/1 505/5/1 501/4/1
f 500/6/1 506/7/1 505/5/1
f 500/6/1 507/8/1 506/7/1
f 499/9/1 507/8/1 500/6/1
f 499/9/1 508/10/1 507/8/1
f 499/9/1 509/11/1 508/10/1
f 498/12/1 509/11/1 499/9/1
f 498/12/1 510/13/1 509/11/1
f 497/14/1 510/13/1 498/12/1
f 497/14/1 511/15/1 510/13/1
f 497/14/1 512/16/1 511/15/1
f 496/17/1 512/16/1 497/14/1
f 496/17/1 513/18/1 512/16/1
f 495/19/1 513/18/1 496/17/1
f 495/19/1 514/20/1 513/18/1
f 494/21/1 514/20/1 495/19/1
f 494/21/1 515/22/1 514/20/1
f 493/23/1 515/22/1 494/21/1
f 493/23/1 516/24/1 515/22/1
f 493/23/1 517/25/1 516/24/1
f 492/26/1 517/25/1 493/23/1
f 492/26/1 518/27/1 517/25/1
f 491/28/1 518/27/1 492/26/1
f 491/28/1 519/29/1 518/27/1
f 490/30/1 519/29/1 491/28/1
f 490/30/1 520/31/1 519/29/1
f 489/32/1 520/31/1 490/30/1
f 489/32/1 521/33/1 520/31/1
f 489/32/1 522/34/1 521/33/1
f 488/35/1 522/34/1 489/32/1
f 488/35/1 523/36/1 522/34/1
f 487/37/1 523/36/1 488/35/1
f 487/37/1 524/38/1 523/36/1
f 486/39/1 524/38/1 487/37/1
f 486/39/1 525/40/1 524/38/1
f 486/39/1 526/41/1 525/40/1
f 485/42/1 526/41/1 486/39/1
f 485/42/1 527/43/1 526/41/1
f 484/44/1 527/43/1 485/42/1
f 484/44/1 528/45/1 527/43/1
f 483/46/1 528/45/1 484/44/1
f 483/46/1 529/47/1 528/45/1
f 483/46/1 530/48/1 529/47/1
f 482/49/1 530/48/1 483/46/1
f 482/49/1 531/50/1 530/48/1
f 481/51/1 531/50/1 482/49/1
f 481/51/1 532/52/1 531/50/1
f 480/53/1 532/52/1 481/51/1
f 480/53/1 533/54/1 532/52/1
f 480/53/1 534/55/1 533/54/1
f 479/56/1 534/55/1 480/53/1
f 479/56/1 535/57/1 534/55/1
f 478/58/1 535/57/1 479/56/1
f 478/58/1 536/59/1 535/57/1
f 477/60/1 536/59/1 478/58/1
f 477/60/1 537/61/1 536/59/1
f 476/62/1 537/61/1 477/60/1
f 476/62/1 538/63/1 537/61/1
f 475/64/1 538/63/1 476/62/1
f 475/64/1 539/65/1 538/63/1
f 475/64/1 540/66/1 539/65/1
f 474/67/1 24/68/1 475/64/1
f 24/68/1 540/66/1 475/64/1
f 474/67/1 25/69/1 24/68/1
f 23/70/1 540/66/1 24/68/1
f 474/67/1 26/71/1 25/69/1
f 22/72/1 540/66/1 23/70/1
f 474/67/1 27/73/1 26/71/1
f 21/74/1 540/66/1 22/72/1
f 474/67/1 28/75/1 27/73/1
f 21/74/1 541/76/1 540/66/1
f 20/77/1 541/76/1 21/74/1
f 474/67/1 29/78/1 28/75/1
f 19/79/1 541/76/1 20/77/1
f 473/80/1 29/78/1 474/67/1
f 473/80/1 30/81/1 29/78/1
f 18/82/1 541/76/1 19/79/1
f 473/80/1 31/83/1 30/81/1
f 17/84/1 541/76/1 18/82/1
f 473/80/1 32/85/1 31/83/1
f 16/86/1 541/76/1 17/84/1
f 473/80/1 33/87/1 32/85/1
f 15/88/1 541/76/1 16/86/1
f 473/80/1 34/89/1 33/87/1
f 15/88/1 542/90/1 541/76/1
f 14/91/1 542/90/1 15/88/1
f 473/80/1 35/92/1 34/89/1
f 13/93/1 542/90/1 14/91/1
f 472/94/1 35/92/1 473/80/1
f 472/94/1 36/95/1 35/92/1
f 12/96/1 542/90/1 13/93/1
f 472/94/1 37/97/1 36/95/1
f 11/98/1 542/90/1 12/96/1
f 472/94/1 38/99/1 37/97/1
f 10/100/1 542/90/1 11/98/1
f 472/94/1 39/101/1 38/99/1
f 10/100/1 543/102/1 542/90/1
f 9/103/1 543/102/1 10/100/1
f 472/94/1 40/104/1 39/101/1
f 471/105/1 40/104/1 472/94/1
f 8/106/1 543/102/1 9/103/1
f 471/105/1 41/107/1 40/104/1
f 7/108/1 543/102/1 8/106/1
f 471/105/1 42/109/1 41/107/1
f 6/110/1 543/102/1 7/108/1
f 6/110/1 544/111/1 543/102/1
f 471/105/1 43/112/1 42/109/1
f 5/113/1 544/111/1 6/110/1
f 471/105/1 44/114/1 43/112/1
f 470/115/1 44/114/1 471/105/1
f 4/116/1 544/111/1 5/113/1
f 470/115/1 45/117/1 44/114/1
f 3/118/1 544/111/1 4/116/1
f 470/115/1 46/119/1 45/117/1
f 3/118/1 545/120/1 544/111/1
f 2/121/1 545/120/1 3/118/1
f 470/115/1 47/122/1 46/119/1
f 469/123/1 47/122/1 470/115/1
f 1/124/1 545/120/1 2/121/1
f 469/123/1 48/125/1 47/122/1
f 566/126/1 545/120/1 1/124/1
f 566/126/1 546/127/1 545/120/1
f 469/123/1 49/128/1 48/125/1
f 565/129/1 546/127/1 566/126/1
f 468/130/1 49/128/1 469/123/1
f 468/130/1 50/131/1 49/128/1
f 564/132/1 546/127/1 565/129/1
f 468/130/1 51/133/1 50/131/1
f 564/132/1 547/134/1 546/127/1
f 468/130/1 52/135/1 51/133/1
f 563/136/1 547/134/1 564/132/1
f 467/137/1 52/135/1 468/130/1
f 467/137/1 53/138/1 52/135/1
f 562/139/1 547/134/1 563/136/1
f 467/137/1 54/140/1 53/138/1
f 562/139/1 548/141/1 547/134/1
f 561/142/1 548/141/1 562/139/1
f 467/137/1 55/143/1 54/140/1
f 466/144/1 55/143/1 467/137/1
f 466/144/1 56/145/1 55/143/1
f 560/146/1 548/141/1 561/142/1
f 466/144/1 57/147/1 56/145/1
f 560/146/1 549/148/1 548/141/1
f 466/144/1 58/149/1 57/147/1
f 465/150/1 58/149/1 466/144/1
f 559/151/1 549/148/1 560/146/1
f 465/150/1 59/152/1 58/149/1
f 559/151/1 550/153/1 549/148/1
f 465/150/1 60/154/1 59/152/1
f 558/155/1 550/153/1 559/151/1
f 464/156/1 60/154/1 465/150/1
f 464/156/1 61/157/1 60/154/1
f 464/156/1 62/158/1 61/157/1
f 557/159/1 550/153/1 558/155/1
f 557/159/1 551/160/1 550/153/1
f 464/156/1 63/161/1 62/158/1
f 463/162/1 63/161/1 464/156/1
f 463/162/1 64/163/1 63/161/1
f 556/164/1 551/160/1 557/159/1
f 463/162/1 65/165/1 64/163/1
f 556/164/1 552/166/1 551/160/1
f 463/162/1 66/167/1 65/165/1
f 462/168/1 66/167/1 463/162/1
f 555/169/1 552/166/1 556/164/1
f 462/168/1 67/170/1 66/167/1
f 462/168/1 68/171/1 67/170/1
f 555/169/1 553/172/1 552/166/1
f 462/168/1 69/173/1 68/171/1
f 554/174/1 553/172/1 555/169/1
f 461/175/1 69/173/1 462/168/1
f 461/175/1 70/176/1 69/173/1
f 461/175/1 71/177/1 70/176/1
f 461/175/1 72/178/1 71/177/1
f 460/179/1 72/178/1 461/175/1
f 460/179/1 73/180/1 72/178/1
f 460/179/1 74/181/1 73/180/1
f 460/179/1 75/182/1 74/181/1
f 459/183/1 75/182/1 460/179/1
f 459/183/1 76/184/1 75/182/1
f 459/183/1 77/185/1 76/184/1
f 459/183/1 78/186/1 77/185/1
f 459/183/1 79/187/1 78/186/1
f 458/188/1 79/187/1 459/183/1
f 458/188/1 80/189/1 79/187/1
f 458/188/1 81/190/1 80/189/1
f 458/188/1 82/191/1 81/190/1
f 458/188/1 83/192/1 82/191/1
f 458/188/1 84/193/1 83/192/1
f 457/194/1 84/193/1 458/188/1
f 457/194/1 85/195/1 84/193/1
f 457/194/1 86/196/1 85/195/1
f 457/194/1 87/197/1 86/196/1
f 457/194/1 88/198/1 87/197/1
f 457/194/1 89/199/1 88/198/1
f 457/194/1 90/200/1 89/199/1
f 457/194/1 91/201/1 90/200/1
f 457/194/1 92/202/1 91/201/1
f 457/194/1 93/203/1 92/202/1
f 457/194/1 94/204/1 93/203/1
f 456/205/1 94/204/1 457/194/1
f 107/206/1 109/207/1 108/208/1
f 106/209/1 109/207/1 107/206/1
f 105/210/1 109/207/1 106/209/1
f 104/211/1 109/207/1 105/210/1
f 103/212/1 109/207/1 104/211/1
f 102/213/1 109/207/1 103/212/1
f 101/214/1 109/207/1 102/213/1
f 100/215/1 109/207/1 101/214/1
f 456/205/1 95/216/1 94/204/1
f 99/217/1 109/207/1 100/215/1
f 98/218/1 109/207/1 99/217/1
f 97/219/1 109/207/1 98/218/1
f 96/220/1 109/207/1 97/219/1
f 456/205/1 96/220/1 95/216/1
f 456/205/1 109/207/1 96/220/1
f 456/205/1 110/221/1 109/207/1
f 456/205/1 111/222/1 110/221/1
f 456/205/1 112/223/1 111/222/1
f 456/205/1 113/224/1 112/223/1
f 456/205/1 114/225/1 113/224/1
f 456/205/1 115/226/1 114/225/1
f 456/205/1 116/227/1 115/226/1
f 456/205/1 117/228/1 116/227/1
f 456/205/1 118/229/1 117/228/1
f 456/205/1 119/230/1 118/229/1
f 456/205/1 120/231/1 119/230/1
f 456/205/1 121/232/1 120/231/1
f 455/233/1 121/232/1 456/205/1
f 455/233/1 122/234/1 121/232/1
f 455/233/1 123/235/1 122/234/1
f 455/233/1 124/236/1 123/235/1
f 455/233/1 125/237/1 124/236/1
f 455/233/1 126/238/1 125/237/1
f 455/233/1 127/239/1 126/238/1
f 455/233/1 128/240/1 127/239/1
f 455/233/1 129/241/1 128/240/1
f 455/233/1 130/242/1 129/241/1
f 455/233/1 131/243/1 130/242/1
f 455/233/1 132/244/1 131/243/1
f 454/245/1 132/244/1 455/233/1
f 454/245/1 133/246/1 132/244/1
f 454/245/1 134/247/1 133/246/1
f 454/245/1 135/248/1 134/247/1
f 454/245/1 136/249/1 135/248/1
f 454/245/1 137/250/1 136/249/1
f 454/245/1 138/251/1 137/250/1
f 453/252/1 138/251/1 454/245/1
f 453/252/1 139/253/1 138/251/1
f 453/252/1 140/254/1 139/253/1
f 453/252/1 141/255/1 140/254/1
f 453/252/1 142/256/1 141/255/1
f 452/257/1 142/256/1 453/252/1
f 452/257/1 143/258/1 142/256/1
f 452/257/1 144/259/1 143/258/1
f 451/260/1 144/259/1 452/257/1
f 451/260/1 145/261/1 144/259/1
f 451/260/1 146/262/1 145/261/1
f 450/263/1 146/262/1 451/260/1
f 450/263/1 147/264/1 146/262/1
f 450/263/1 148/265/1 147/264/1
f 450/263/1 149/266/1 148/265/1
f 449/267/1 149/266/1 450/263/1
f 449/267/1 150/268/1 149/266/1
f 449/267/1 151/269/1 150/268/1
f 448/270/1 151/269/1 449/267/1
f 448/270/1 152/271/1 151/269/1
f 448/270/1 153/272/1 152/271/1
f 447/273/1 153/272/1 448/270/1
f 447/273/1 154/274/1 153/272/1
f 447/273/1 155/275/1 154/274/1
f 446/276/1 155/275/1 447/273/1
f 446/276/1 156/277/1 155/275/1
f 446/276/1 157/278/1 156/277/1
f 445/279/1 157/278/1 446/276/1
f 445/279/1 158/280/1 157/278/1
f 444/281/1 158/280/1 445/279/1
f 444/281/1 159/282/1 158/280/1
f 444/281/1 160/283/1 159/282/1
f 443/284/1 160/283/1 444/281/1
f 443/284/1 161/285/1 160/283/1
f 442/286/1 161/285/1 443/284/1
f 442/286/1 162/287/1 161/285/1
f 442/286/1 163/288/1 162/287/1
f 441/289/1 163/288/1 442/286/1
f 441/289/1 164/290/1 163/288/1
f 440/291/1 164/290/1 441/289/1
f 440/291/1 165/292/1 164/290/1
f 439/293/1 165/292/1 440/291/1
f 439/293/1 166/294/1 165/292/1
f 438/295/1 166/294/1 439/293/1
f 438/295/1 167/296/1 166/294/1
f 437/297/1 167/296/1 438/295/1
f 437/297/1 168/298/1 167/296/1
f 436/299/1 168/298/1 437/297/1
f 435/300/1 168/298/1 436/299/1
f 435/300/1 169/301/1 168/298/1
f 434/302/1 169/301/1 435/300/1
f 434/302/1 170/303/1 169/301/1
f 433/304/1 170/303/1 434/302/1
f 432/305/1 170/303/1 433/304/1
f 432/305/1 171/306/1 170/303/1
f 431/307/1 171/306/1 432/305/1
f 430/308/1 171/306/1 431/307/1
f 429/309/1 171/306/1 430/308/1
f 429/309/1 172/310/1 171/306/1
f 428/311/1 172/310/1 429/309/1
f 427/312/1 172/310/1 428/311/1
f 427/312/1 173/313/1 172/310/1
f 426/314/1 173/313/1 427/312/1
f 425/315/1 173/313/1 426/314/1
f 424/316/1 173/313/1 425/315/1
f 423/317/1 173/313/1 424/316/1
f 423/317/1 174/318/1 173/313/1
f 422/319/1 174/318/1 423/317/1
f 421/320/1 420/321/1 422/319/1
f 420/321/1 419/322/1 422/319/1
f 419/322/1 174/318/1 422/319/1
f 418/323/1 174/318/1 419/322/1
f 417/324/1 174/318/1 418/323/1
f 416/325/1 174/318/1 417/324/1
f 415/326/1 174/318/1 416/325/1
f 414/327/1 174/318/1 415/326/1
f 413/328/1 174/318/1 414/327/1
f 413/328/1 175/329/1 174/318/1
f 412/330/1 175/329/1 413/328/1
f 411/331/1 175/329/1 412/330/1
f 410/332/1 175/329/1 411/331/1
f 409/333/1 175/329/1 410/332/1
f 408/334/1 175/329/1 409/333/1
f 407/335/1 175/329/1 408/334/1
f 407/335/1 176/336/1 175/329/1
f 406/337/1 176/336/1 407/335/1
f 405/338/1 176/336/1 406/337/1
f 404/339/1 176/336/1 405/338/1
f 404/339/1 177/340/1 176/336/1
f 403/341/1 177/340/1 404/339/1
f 402/342/1 177/340/1 403/341/1
f 401/343/1 177/340/1 402/342/1
f 401/343/1 178/344/1 177/340/1
f 400/345/1 178/344/1 401/343/1
f 399/346/1 178/344/1 400/345/1
f 398/347/1 178/344/1 399/346/1
f 398/347/1 179/348/1 178/344/1
f 397/349/1 179/348/1 398/347/1
f 396/350/1 179/348/1 397/349/1
f 396/350/1 180/351/1 179/348/1
f 395/352/1 180/351/1 396/350/1
f 394/353/1 180/351/1 395/352/1
f 393/354/1 180/351/1 394/353/1
f 393/354/1 181/355/1 180/351/1
f 392/356/1 181/355/1 393/354/1
f 391/357/1 181/355/1 392/356/1
f 299/358/1 301/359/1 300/360/1
f 299/358/1 302/361/1 301/359/1
f 391/357/1 182/362/1 181/355/1
f 390/363/1 182/362/1 391/357/1
f 299/358/1 303/364/1 302/361/1
f 389/365/1 182/362/1 390/363/1
f 298/366/1 303/364/1 299/358/1
f 298/366/1 304/367/1 303/364/1
f 388/368/1 182/362/1 389/365/1
f 388/368/1 183/369/1 182/362/1
f 387/370/1 183/369/1 388/368/1
f 298/366/1 305/371/1 304/367/1
f 297/372/1 305/371/1 298/366/1
f 386/373/1 183/369/1 387/370/1
f 297/372/1 306/374/1 305/371/1
f 386/373/1 184/375/1 183/369/1
f 385/376/1 184/375/1 386/373/1
f 297/372/1 307/377/1 306/374/1
f 296/378/1 307/377/1 297/372/1
f 384/379/1 184/375/1 385/376/1
f 384/379/1 185/380/1 184/375/1
f 296/378/1 308/381/1 307/377/1
f 383/382/1 185/380/1 384/379/1
f 295/383/1 308/381/1 296/378/1
f 295/383/1 309/384/1 308/381/1
f 382/385/1 185/380/1 383/382/1
f 381/386/1 185/380/1 382/385/1
f 381/386/1 186/387/1 185/380/1
f 295/383/1 310/388/1 309/384/1
f 294/389/1 310/388/1 295/383/1
f 380/390/1 186/387/1 381/386/1
f 294/389/1 311/391/1 310/388/1
f 379/392/1 186/387/1 380/390/1
f 379/392/1 187/393/1 186/387/1
f 294/389/1 312/394/1 311/391/1
f 293/395/1 312/394/1 294/389/1
f 378/396/1 187/393/1 379/392/1
f 377/397/1 187/393/1 378/396/1
f 293/395/1 313/398/1 312/394/1
f 377/397/1 188/399/1 187/393/1
f 292/400/1 313/398/1 293/395/1
f 376/401/1 188/399/1 377/397/1
f 292/400/1 314/402/1 313/398/1
f 375/403/1 188/399/1 376/401/1
f 292/400/1 315/404/1 314/402/1
f 291/405/1 315/404/1 292/400/1
f 374/406/1 188/399/1 375/403/1
f 374/406/1 189/407/1 188/399/1
f 373/408/1 189/407/1 374/406/1
f 291/405/1 316/409/1 315/404/1
f 290/410/1 316/409/1 291/405/1
f 372/411/1 189/407/1 373/408/1
f 290/410/1 317/412/1 316/409/1
f 372/411/1 190/413/1 189/407/1
f 371/414/1 190/413/1 372/411/1
f 290/410/1 318/415/1 317/412/1
f 289/416/1 318/415/1 290/410/1
f 370/417/1 190/413/1 371/414/1
f 289/416/1 319/418/1 318/415/1
f 369/419/1 190/413/1 370/417/1
f 369/419/1 191/420/1 190/413/1
f 289/416/1 320/421/1 319/418/1
f 288/422/1 320/421/1 289/416/1
f 368/423/1 191/420/1 369/419/1
f 288/422/1 321/424/1 320/421/1
f 367/425/1 191/420/1 368/423/1
f 366/426/1 191/420/1 367/425/1
f 287/427/1 321/424/1 288/422/1
f 366/426/1 192/428/1 191/420/1
f 287/427/1 322/429/1 321/424/1
f 365/430/1 192/428/1 366/426/1
f 287/427/1 323/431/1 322/429/1
f 364/432/1 192/428/1 365/430/1
f 287/427/1 324/433/1 323/431/1
f 286/434/1 324/433/1 287/427/1
f 363/435/1 192/428/1 364/432/1
f 363/435/1 193/436/1 192/428/1
f 286/434/1 325/437/1 324/433/1
f 362/438/1 193/436/1 363/435/1
f 361/439/1 193/436/1 362/438/1
f 286/434/1 326/440/1 325/437/1
f 285/441/1 326/440/1 286/434/1
f 360/442/1 193/436/1 361/439/1
f 285/441/1 327/443/1 326/440/1
f 359/444/1 193/436/1 360/442/1
f 285/441/1 328/445/1 327/443/1
f 358/446/1 193/436/1 359/444/1
f 358/446/1 194/447/1 193/436/1
f 285/441/1 329/448/1 328/445/1
f 357/449/1 194/447/1 358/446/1
f 284/450/1 329/448/1 285/441/1
f 284/450/1 330/451/1 329/448/1
f 356/452/1 194/447/1 357/449/1
f 284/450/1 331/453/1 330/451/1
f 355/454/1 194/447/1 356/452/1
f 284/450/1 332/455/1 331/453/1
f 354/456/1 194/447/1 355/454/1
f 284/450/1 333/457/1 332/455/1
f 283/458/1 333/457/1 284/450/1
f 354/456/1 195/459/1 194/447/1
f 353/460/1 195/459/1 354/456/1
f 283/458/1 334/461/1 333/457/1
f 283/458/1 335/462/1 334/461/1
f 352/463/1 195/459/1 353/460/1
f 283/458/1 336/464/1 335/462/1
f 283/458/1 337/465/1 336/464/1
f 351/466/1 195/459/1 352/463/1
f 283/458/1 338/467/1 337/465/1
f 283/458/1 339/468/1 338/467/1
f 283/458/1 340/469/1 339/468/1
f 350/470/1 195/459/1 351/466/1
f 282/471/1 340/469/1 283/458/1
f 282/471/1 341/472/1 340/469/1
f 282/471/1 342/473/1 341/472/1
f 282/471/1 343/474/1 342/473/1
f 282/471/1 344/475/1 343/474/1
f 349/476/1 195/459/1 350/470/1
f 349/476/1 196/477/1 195/459/1
f 282/471/1 345/478/1 344/475/1
f 282/471/1 346/479/1 345/478/1
f 282/471/1 347/480/1 346/479/1
f 282/471/1 348/481/1 347/480/1
f 282/471/1 349/476/1 348/481/1
f 282/471/1 196/477/1 349/476/1
f 281/482/1 196/477/1 282/471/1
f 281/482/1 197/483/1 196/477/1
f 280/484/1 197/483/1 281/482/1
f 280/484/1 198/485/1 197/483/1
f 279/486/1 198/485/1 280/484/1
f 278/487/1 198/485/1 279/486/1
f 278/487/1 199/488/1 198/485/1
f 277/489/1 199/488/1 278/487/1
f 277/489/1 200/490/1 199/488/1
f 276/491/1 200/490/1 277/489/1
f 276/491/1 201/492/1 200/490/1
f 275/493/1 201/492/1 276/491/1
f 275/493/1 202/494/1 201/492/1
f 274/495/1 202/494/1 275/493/1
f 274/495/1 203/496/1 202/494/1
f 273/497/1 203/496/1 274/495/1
f 272/498/1 203/496/1 273/497/1
f 272/498/1 204/499/1 203/496/1
f 271/500/1 204/499/1 272/498/1
f 271/500/1 205/501/1 204/499/1
f 270/502/1 205/501/1 271/500/1
f 269/503/1 205/501/1 270/502/1
f 269/503/1 206/504/1 205/501/1
f 268/505/1 206/504/1 269/503/1
f 268/505/1 207/506/1 206/504/1
f 267/507/1 207/506/1 268/505/1
f 266/508/1 207/506/1 267/507/1
f 266/508/1 208/509/1 207/506/1
f 265/510/1 208/509/1 266/508/1
f 265/510/1 209/511/1 208/509/1
f 264/512/1 209/511/1 265/510/1
f 263/513/1 209/511/1 264/512/1
f 263/513/1 210/514/1 209/511/1
f 262/515/1 210/514/1 263/513/1
f 261/516/1 210/514/1 262/515/1
f 261/516/1 211/517/1 210/514/1
f 260/518/1 211/517/1 261/516/1
f 260/518/1 212/519/1 211/517/1
f 259/520/1 212/519/1 260/518/1
f 258/521/1 212/519/1 259/520/1
f 258/521/1 213/522/1 212/519/1
f 257/523/1 213/522/1 258/521/1
f 257/523/1 214/524/1 213/522/1
f 256/525/1 214/524/1 257/523/1
f 255/526/1 214/524/1 256/525/1
f 255/526/1 215/527/1 214/524/1
f 254/528/1 215/527/1 255/526/1
f 254/528/1 216/529/1 215/527/1
f 253/530/1 216/529/1 254/528/1
f 253/530/1 217/531/1 216/529/1
f 252/532/1 217/531/1 253/530/1
f 252/532/1 218/533/1 217/531/1
f 251/534/1 218/533/1 252/532/1
f 251/534/1 219/535/1 218/533/1
f 250/536/1 219/535/1 251/534/1
f 249/537/1 219/535/1 250/536/1
f 249/537/1 220/538/1 219/535/1
f 248/539/1 220/538/1 249/537/1
f 248/539/1 221/540/1 220/538/1
f 247/541/1 221/540/1 248/539/1
f 247/541/1 222/542/1 221/540/1
f 247/541/1 223/543/1 222/542/1
f 246/544/1 223/543/1 247/541/1
f 246/544/1 224/545/1 223/543/1
f 245/546/1 224/545/1 246/544/1
f 245/546/1 225/547/1 224/545/1
f 244/548/1 225/547/1 245/546/1
f 244/548/1 226/549/1 225/547/1
f 244/548/1 227/550/1 226/549/1
f 243/551/1 227/550/1 244/548/1
f 243/551/1 228/552/1 227/550/1
f 242/553/1 228/552/1 243/551/1
f 242/553/1 229/554/1 228/552/1
f 242/553/1 230/555/1 229/554/1
f 242/553/1 231/556/1 230/555/1
f 241/557/1 231/556/1 242/553/1
f 241/557/1 232/558/1 231/556/1
f 241/557/1 233/559/1 232/558/1
f 241/557/1 234/560/1 233/559/1
f 240/561/1 234/560/1 241/557/1
f 240/561/1 235/562/1 234/560/1
f 240/561/1 236/563/1 235/562/1
f 240/561/1 237/564/1 236/563/1
f 240/561/1 238/565/1 237/564/1
f 240/561/1 239/566/1 238/565/1
f 571/252/1 567/124/1 572/126/1
f 571/252/1 568/225/1 567/124/1
f 571/252/1 569/550/1 568/225/1
f 571/252/1 570/469/1 569/550/1
f 574/567/1 576/126/1 575/568/1
f 574/567/1 573/124/1 576/126/1
f 577/124/1 579/569/1 578/570/1
f 577/124/1 580/571/1 579/569/1
f 584/126/1 580/571/1 577/124/1
f 583/572/1 581/573/1 584/126/1
f 581/573/1 580/571/1 584/126/1
f 583/572/1 582/574/1 581/573/1
f 585/124/1 587/575/1 586/576/1
f 585/124/1 588/577/1 587/575/1
f 624/578/1 626/579/1 625/580/1
f 624/578/1 627/581/1 626/579/1
f 624/578/1 628/582/1 627/581/1
f 585/124/1 589/583/1 588/577/1
f 623/584/1 628/582/1 624/578/1
f 622/585/1 628/582/1 623/584/1
f 622/585/1 629/586/1 628/582/1
f 621/587/1 629/586/1 622/585/1
f 722/126/1 589/583/1 585/124/1
f 722/126/1 590/588/1 589/583/1
f 621/587/1 630/589/1 629/586/1
f 620/590/1 630/589/1 621/587/1
f 721/591/1 590/588/1 722/126/1
f 620/590/1 631/592/1 630/589/1
f 619/593/1 631/592/1 620/590/1
f 721/591/1 591/594/1 590/588/1
f 720/595/1 591/594/1 721/591/1
f 618/596/1 631/592/1 619/593/1
f 618/596/1 632/597/1 631/592/1
f 617/598/1 632/597/1 618/596/1
f 719/599/1 591/594/1 720/595/1
f 719/599/1 592/600/1 591/594/1
f 617/598/1 633/601/1 632/597/1
f 616/602/1 633/601/1 617/598/1
f 718/603/1 592/600/1 719/599/1
f 615/604/1 633/601/1 616/602/1
f 718/603/1 593/605/1 592/600/1
f 615/604/1 634/606/1 633/601/1
f 614/607/1 634/606/1 615/604/1
f 717/608/1 593/605/1 718/603/1
f 613/609/1 634/606/1 614/607/1
f 613/609/1 635/610/1 634/606/1
f 717/608/1 594/611/1 593/605/1
f 716/612/1 594/611/1 717/608/1
f 612/613/1 635/610/1 613/609/1
f 612/613/1 636/614/1 635/610/1
f 611/615/1 636/614/1 612/613/1
f 716/612/1 595/616/1 594/611/1
f 715/617/1 595/616/1 716/612/1
f 610/618/1 636/614/1 611/615/1
f 609/619/1 636/614/1 610/618/1
f 609/619/1 637/620/1 636/614/1
f 715/617/1 596/621/1 595/616/1
f 608/622/1 637/620/1 609/619/1
f 714/623/1 596/621/1 715/617/1
f 607/624/1 637/620/1 608/622/1
f 714/623/1 597/625/1 596/621/1
f 607/624/1 638/626/1 637/620/1
f 606/627/1 638/626/1 607/624/1
f 713/628/1 597/625/1 714/623/1
f 605/629/1 638/626/1 606/627/1
f 713/628/1 598/630/1 597/625/1
f 604/631/1 638/626/1 605/629/1
f 603/632/1 638/626/1 604/631/1
f 713/628/1 599/633/1 598/630/1
f 603/632/1 639/634/1 638/626/1
f 602/635/1 639/634/1 603/632/1
f 601/636/1 639/634/1 602/635/1
f 713/628/1 600/637/1 599/633/1
f 600/637/1 639/634/1 601/636/1
f 713/628/1 639/634/1 600/637/1
f 712/638/1 639/634/1 713/628/1
f 712/638/1 640/639/1 639/634/1
f 711/640/1 640/639/1 712/638/1
f 711/640/1 641/641/1 640/639/1
f 710/642/1 641/641/1 711/640/1
f 710/642/1 642/643/1 641/641/1
f 709/644/1 642/643/1 710/642/1
f 709/644/1 643/645/1 642/643/1
f 708/646/1 643/645/1 709/644/1
f 708/646/1 644/647/1 643/645/1
f 707/648/1 644/647/1 708/646/1
f 707/648/1 645/649/1 644/647/1
f 706/650/1 645/649/1 707/648/1
f 705/651/1 645/649/1 706/650/1
f 705/651/1 646/652/1 645/649/1
f 704/653/1 646/652/1 705/651/1
f 704/653/1 647/654/1 646/652/1
f 703/655/1 647/654/1 704/653/1
f 703/655/1 648/656/1 647/654/1
f 702/657/1 648/656/1 703/655/1
f 702/657/1 649/658/1 648/656/1
f 701/659/1 649/658/1 702/657/1
f 701/659/1 650/660/1 649/658/1
f 700/661/1 650/660/1 701/659/1
f 700/661/1 651/662/1 650/660/1
f 699/663/1 651/662/1 700/661/1
f 699/663/1 652/664/1 651/662/1
f 698/665/1 652/664/1 699/663/1
f 698/665/1 653/666/1 652/664/1
f 697/667/1 653/666/1 698/665/1
f 697/667/1 654/668/1 653/666/1
f 696/669/1 654/668/1 697/667/1
f 696/669/1 655/670/1 654/668/1
f 695/671/1 655/670/1 696/669/1
f 695/671/1 656/672/1 655/670/1
f 694/673/1 656/672/1 695/671/1
f 694/673/1 657/674/1 656/672/1
f 693/675/1 657/674/1 694/673/1
f 693/675/1 658/676/1 657/674/1
f 692/677/1 658/676/1 693/675/1
f 692/677/1 659/678/1 658/676/1
f 691/679/1 659/678/1 692/677/1
f 691/679/1 660/680/1 659/678/1
f 690/681/1 660/680/1 691/679/1
f 690/681/1 661/682/1 660/680/1
f 689/683/1 661/682/1 690/681/1
f 689/683/1 662/684/1 661/682/1
f 688/685/1 662/684/1 689/683/1
f 688/685/1 663/686/1 662/684/1
f 687/687/1 663/686/1 688/685/1
f 687/687/1 664/688/1 663/686/1
f 686/689/1 664/688/1 687/687/1
f 686/689/1 665/690/1 664/688/1
f 685/691/1 665/690/1 686/689/1
f 685/691/1 666/692/1 665/690/1
f 684/693/1 666/692/1 685/691/1
f 684/693/1 667/694/1 666/692/1
f 683/695/1 667/694/1 684/693/1
f 683/695/1 668/696/1 667/694/1
f 682/697/1 668/696/1 683/695/1
f 682/697/1 669/698/1 668/696/1
f 681/699/1 669/698/1 682/697/1
f 681/699/1 670/700/1 669/698/1
f 680/701/1 670/700/1 681/699/1
f 680/701/1 671/702/1 670/700/1
f 679/703/1 671/702/1 680/701/1
f 679/703/1 672/704/1 671/702/1
f 678/705/1 672/704/1 679/703/1
f 678/705/1 673/706/1 672/704/1
f 677/707/1 673/706/1 678/705/1
f 677/707/1 674/708/1 673/706/1
f 676/709/1 674/708/1 677/707/1
f 676/709/1 675/710/1 674/708/1
f 734/711/1 736/712/1 735/713/1
f 733/714/1 736/712/1 734/711/1
f 733/714/1 737/715/1 736/712/1
f 732/716/1 737/715/1 733/714/1
f 732/716/1 738/717/1 737/715/1
f 731/718/1 738/717/1 732/716/1
f 731/718/1 739/719/1 738/717/1
f 730/720/1 739/719/1 731/718/1
f 730/720/1 740/721/1 739/719/1
f 729/722/1 740/721/1 730/720/1
f 729/722/1 741/723/1 740/721/1
f 728/724/1 741/723/1 729/722/1
f 728/724/1 742/725/1 741/723/1
f 727/726/1 742/725/1 728/724/1
f 727/726/1 743/727/1 742/725/1
f 726/728/1 743/727/1 727/726/1
f 726/728/1 744/729/1 743/727/1
f 725/730/1 744/729/1 726/728/1
f 725/730/1 745/731/1 744/729/1
f 724/732/1 745/731/1 725/730/1
f 724/732/1 746/733/1 745/731/1
f 723/124/1 746/733/1 724/732/1
f 723/124/1 747/734/1 746/733/1
f 866/735/1 747/734/1 723/124/1
f 866/735/1 748/736/1 747/734/1
f 866/735/1 749/737/1 748/736/1
f 865/738/1 749/737/1 866/735/1
f 865/738/1 750/739/1 749/737/1
f 864/740/1 750/739/1 865/738/1
f 864/740/1 751/741/1 750/739/1
f 863/742/1 751/741/1 864/740/1
f 862/743/1 751/741/1 863/742/1
f 862/743/1 752/744/1 751/741/1
f 861/745/1 752/744/1 862/743/1
f 861/745/1 753/746/1 752/744/1
f 860/747/1 753/746/1 861/745/1
f 860/747/1 754/748/1 753/746/1
f 859/749/1 754/748/1 860/747/1
f 859/749/1 755/750/1 754/748/1
f 858/751/1 755/750/1 859/749/1
f 858/751/1 756/752/1 755/750/1
f 857/753/1 756/752/1 858/751/1
f 857/753/1 757/754/1 756/752/1
f 856/755/1 757/754/1 857/753/1
f 856/755/1 758/756/1 757/754/1
f 855/757/1 758/756/1 856/755/1
f 855/757/1 867/758/1 758/756/1
f 867/758/1 759/759/1 758/756/1
f 855/757/1 868/760/1 867/758/1
f 1010/126/1 759/759/1 867/758/1
f 855/757/1 869/761/1 868/760/1
f 1009/762/1 759/759/1 1010/126/1
f 855/757/1 870/763/1 869/761/1
f 1008/764/1 759/759/1 1009/762/1
f 855/757/1 871/765/1 870/763/1
f 1007/766/1 759/759/1 1008/764/1
f 854/767/1 871/765/1 855/757/1
f 1007/766/1 760/768/1 759/759/1
f 854/767/1 872/769/1 871/765/1
f 1006/770/1 760/768/1 1007/766/1
f 854/767/1 873/771/1 872/769/1
f 1005/772/1 760/768/1 1006/770/1
f 854/767/1 874/773/1 873/771/1
f 1004/774/1 760/768/1 1005/772/1
f 854/767/1 875/775/1 874/773/1
f 1003/776/1 760/768/1 1004/774/1
f 854/767/1 876/777/1 875/775/1
f 1002/778/1 760/768/1 1003/776/1
f 854/767/1 877/779/1 876/777/1
f 1001/780/1 760/768/1 1002/778/1
f 854/767/1 878/781/1 877/779/1
f 1000/782/1 760/768/1 1001/780/1
f 1000/782/1 761/783/1 760/768/1
f 853/784/1 878/781/1 854/767/1
f 853/784/1 879/785/1 878/781/1
f 999/786/1 761/783/1 1000/782/1
f 853/784/1 880/787/1 879/785/1
f 998/788/1 761/783/1 999/786/1
f 997/789/1 761/783/1 998/788/1
f 853/784/1 881/790/1 880/787/1
f 997/789/1 762/791/1 761/783/1
f 852/792/1 881/790/1 853/784/1
f 996/793/1 762/791/1 997/789/1
f 852/792/1 882/794/1 881/790/1
f 995/795/1 762/791/1 996/793/1
f 852/792/1 883/796/1 882/794/1
f 994/797/1 762/791/1 995/795/1
f 852/792/1 884/798/1 883/796/1
f 994/797/1 763/799/1 762/791/1
f 851/800/1 884/798/1 852/792/1
f 993/801/1 763/799/1 994/797/1
f 851/800/1 885/802/1 884/798/1
f 992/803/1 763/799/1 993/801/1
f 851/800/1 886/804/1 885/802/1
f 991/805/1 763/799/1 992/803/1
f 851/800/1 887/573/1 886/804/1
f 991/805/1 764/570/1 763/799/1
f 850/806/1 887/573/1 851/800/1
f 990/807/1 764/570/1 991/805/1
f 850/806/1 888/808/1 887/573/1
f 989/809/1 764/570/1 990/807/1
f 850/806/1 889/810/1 888/808/1
f 989/809/1 765/811/1 764/570/1
f 849/812/1 889/810/1 850/806/1
f 988/813/1 765/811/1 989/809/1
f 849/812/1 890/814/1 889/810/1
f 987/815/1 765/811/1 988/813/1
f 849/812/1 891/816/1 890/814/1
f 987/815/1 766/817/1 765/811/1
f 848/818/1 891/816/1 849/812/1
f 848/818/1 892/819/1 891/816/1
f 986/820/1 766/817/1 987/815/1
f 848/818/1 893/821/1 892/819/1
f 985/822/1 766/817/1 986/820/1
f 985/822/1 767/823/1 766/817/1
f 847/824/1 893/821/1 848/818/1
f 847/824/1 894/825/1 893/821/1
f 984/826/1 767/823/1 985/822/1
f 847/824/1 895/827/1 894/825/1
f 983/828/1 767/823/1 984/826/1
f 983/828/1 768/829/1 767/823/1
f 846/571/1 895/827/1 847/824/1
f 846/571/1 896/830/1 895/827/1
f 982/831/1 768/829/1 983/828/1
f 846/571/1 897/832/1 896/830/1
f 981/833/1 768/829/1 982/831/1
f 981/833/1 769/834/1 768/829/1
f 845/835/1 897/832/1 846/571/1
f 845/835/1 898/836/1 897/832/1
f 980/837/1 769/834/1 981/833/1
f 845/835/1 899/838/1 898/836/1
f 979/839/1 769/834/1 980/837/1
f 979/839/1 770/840/1 769/834/1
f 844/841/1 899/838/1 845/835/1
f 844/841/1 900/842/1 899/838/1
f 978/843/1 770/840/1 979/839/1
f 844/841/1 901/844/1 900/842/1
f 977/845/1 770/840/1 978/843/1
f 977/845/1 771/846/1 770/840/1
f 843/847/1 901/844/1 844/841/1
f 843/847/1 902/848/1 901/844/1
f 976/849/1 771/846/1 977/845/1
f 843/847/1 903/850/1 902/848/1
f 975/851/1 771/846/1 976/849/1
f 842/852/1 903/850/1 843/847/1
f 975/851/1 772/853/1 771/846/1
f 842/852/1 904/854/1 903/850/1
f 974/855/1 772/853/1 975/851/1
f 842/852/1 905/856/1 904/854/1
f 973/857/1 772/853/1 974/855/1
f 841/858/1 905/856/1 842/852/1
f 973/857/1 773/859/1 772/853/1
f 841/858/1 906/860/1 905/856/1
f 972/861/1 773/859/1 973/857/1
f 841/858/1 907/862/1 906/860/1
f 971/863/1 773/859/1 972/861/1
f 840/864/1 907/862/1 841/858/1
f 971/863/1 774/865/1 773/859/1
f 840/864/1 908/866/1 907/862/1
f 970/867/1 774/865/1 971/863/1
f 840/864/1 909/868/1 908/866/1
f 969/572/1 774/865/1 970/867/1
f 839/869/1 909/868/1 840/864/1
f 969/572/1 775/870/1 774/865/1
f 839/869/1 910/871/1 909/868/1
f 968/872/1 775/870/1 969/572/1
f 839/869/1 911/873/1 910/871/1
f 967/874/1 775/870/1 968/872/1
f 838/875/1 911/873/1 839/869/1
f 967/874/1 776/876/1 775/870/1
f 838/875/1 912/877/1 911/873/1
f 966/878/1 776/876/1 967/874/1
f 838/875/1 913/879/1 912/877/1
f 965/880/1 776/876/1 966/878/1
f 837/881/1 913/879/1 838/875/1
f 965/880/1 777/882/1 776/876/1
f 837/881/1 914/883/1 913/879/1
f 964/884/1 777/882/1 965/880/1
f 837/881/1 915/885/1 914/883/1
f 963/886/1 777/882/1 964/884/1
f 836/887/1 915/885/1 837/881/1
f 963/886/1 778/888/1 777/882/1
f 836/887/1 916/889/1 915/885/1
f 962/890/1 778/888/1 963/886/1
f 836/887/1 917/891/1 916/889/1
f 961/892/1 778/888/1 962/890/1
f 835/893/1 917/891/1 836/887/1
f 961/892/1 779/894/1 778/888/1
f 835/893/1 918/895/1 917/891/1
f 960/896/1 779/894/1 961/892/1
f 835/893/1 919/897/1 918/895/1
f 959/898/1 779/894/1 960/896/1
f 834/899/1 919/897/1 835/893/1
f 959/898/1 780/900/1 779/894/1
f 834/899/1 920/901/1 919/897/1
f 958/902/1 780/900/1 959/898/1
f 834/899/1 921/903/1 920/901/1
f 957/904/1 780/900/1 958/902/1
f 833/905/1 921/903/1 834/899/1
f 957/904/1 781/906/1 780/900/1
f 833/905/1 922/907/1 921/903/1
f 956/908/1 781/906/1 957/904/1
f 833/905/1 923/909/1 922/907/1
f 955/910/1 781/906/1 956/908/1
f 833/905/1 924/911/1 923/909/1
f 954/912/1 781/906/1 955/910/1
f 832/913/1 924/911/1 833/905/1
f 954/912/1 782/914/1 781/906/1
f 832/913/1 925/915/1 924/911/1
f 953/916/1 782/914/1 954/912/1
f 832/913/1 926/917/1 925/915/1
f 952/918/1 782/914/1 953/916/1
f 832/913/1 927/919/1 926/917/1
f 951/920/1 782/914/1 952/918/1
f 831/921/1 927/919/1 832/913/1
f 951/920/1 783/922/1 782/914/1
f 831/921/1 928/574/1 927/919/1
f 950/923/1 783/922/1 951/920/1
f 949/924/1 783/922/1 950/923/1
f 831/921/1 929/925/1 928/574/1
f 948/926/1 783/922/1 949/924/1
f 831/921/1 930/927/1 929/925/1
f 947/928/1 783/922/1 948/926/1
f 831/921/1 931/929/1 930/927/1
f 830/930/1 931/929/1 831/921/1
f 947/928/1 784/931/1 783/922/1
f 946/932/1 784/931/1 947/928/1
f 830/930/1 932/933/1 931/929/1
f 945/934/1 784/931/1 946/932/1
f 830/930/1 933/935/1 932/933/1
f 944/936/1 784/931/1 945/934/1
f 830/930/1 934/937/1 933/935/1
f 943/938/1 784/931/1 944/936/1
f 830/930/1 935/939/1 934/937/1
f 942/940/1 784/931/1 943/938/1
f 830/930/1 936/941/1 935/939/1
f 941/942/1 784/931/1 942/940/1
f 830/930/1 937/943/1 936/941/1
f 940/944/1 784/931/1 941/942/1
f 830/930/1 938/945/1 937/943/1
f 939/946/1 784/931/1 940/944/1
f 830/930/1 939/946/1 938/945/1
f 830/930/1 784/931/1 939/946/1
f 829/947/1 784/931/1 830/930/1
f 829/947/1 785/948/1 784/931/1
f 828/949/1 785/948/1 829/947/1
f 828/949/1 786/950/1 785/948/1
f 827/951/1 786/950/1 828/949/1
f 827/951/1 787/952/1 786/950/1
f 826/953/1 787/952/1 827/951/1
f 826/953/1 788/954/1 787/952/1
f 825/955/1 788/954/1 826/953/1
f 825/955/1 789/956/1 788/954/1
f 824/957/1 789/956/1 825/955/1
f 824/957/1 790/958/1 789/956/1
f 823/959/1 790/958/1 824/957/1
f 823/959/1 791/960/1 790/958/1
f 822/961/1 791/960/1 823/959/1
f 822/961/1 792/962/1 791/960/1
f 821/963/1 792/962/1 822/961/1
f 821/963/1 793/964/1 792/962/1
f 820/965/1 793/964/1 821/963/1
f 820/965/1 794/966/1 793/964/1
f 819/967/1 794/966/1 820/965/1
f 819/967/1 795/968/1 794/966/1
f 818/969/1 795/968/1 819/967/1
f 818/969/1 796/970/1 795/968/1
f 817/971/1 796/970/1 818/969/1
f 817/971/1 797/972/1 796/970/1
f 816/973/1 797/972/1 817/971/1
f 816/973/1 798/974/1 797/972/1
f 815/975/1 798/974/1 816/973/1
f 815/975/1 799/976/1 798/974/1
f 814/977/1 799/976/1 815/975/1
f 814/977/1 800/978/1 799/976/1
f 813/979/1 800/978/1 814/977/1
f 813/979/1 801/980/1 800/978/1
f 812/981/1 801/980/1 813/979/1
f 812/981/1 802/982/1 801/980/1
f 811/983/1 802/982/1 812/981/1
f 811/983/1 803/984/1 802/982/1
f 810/985/1 803/984/1 811/983/1
f 810/985/1 804/986/1 803/984/1
f 809/987/1 804/986/1 810/985/1
f 809/987/1 805/569/1 804/986/1
f 808/988/1 805/569/1 809/987/1
f 808/988/1 806/989/1 805/569/1
f 807/990/1 806/989/1 808/988/1
f 1512/1/2 1513/3/2 1514/2/2
f 1511/4/2 1512/1/2 1514/2/2
f 1511/4/2 1514/2/2 1515/5/2
f 1510/6/2 1511/4/2 1515/5/2
f 1510/6/2 1515/5/2 1516/7/2
f 1510/6/2 1516/7/2 1517/8/2
f 1509/9/2 1510/6/2 1517/8/2
f 1509/9/2 1517/8/2 1518/10/2
f 1509/9/2 1518/10/2 1519/11/2
f 1508/12/2 1509/9/2 1519/11/2
f 1508/12/2 1519/11/2 1520/13/2
f 1507/14/2 1508/12/2 1520/13/2
f 1507/14/2 1520/13/2 1521/15/2
f 1507/14/2 1521/15/2 1522/16/2
f 1506/17/2 1507/14/2 1522/16/2
f 1506/17/2 1522/16/2 1523/18/2
f 1505/19/2 1506/17/2 1523/18/2
f 1505/19/2 1523/18/2 1524/20/2
f 1504/21/2 1505/19/2 1524/20/2
f 1504/21/2 1524/20/2 1525/22/2
f 1503/23/2 1504/21/2 1525/22/2
f 1503/23/2 1525/22/2 1526/24/2
f 1503/23/2 1526/24/2 1527/25/2
f 1502/26/2 1503/23/2 1527/25/2
f 1502/26/2 1527/25/2 1528/27/2
f 1501/28/2 1502/26/2 1528/27/2
f 1501/28/2 1528/27/2 1529/29/2
f 1500/30/2 1501/28/2 1529/29/2
f 1500/30/2 1529/29/2 1530/31/2
f 1499/32/2 1500/30/2 1530/31/2
f 1499/32/2 1530/31/2 1531/33/2
f 1499/32/2 1531/33/2 1532/34/2
f 1498/35/2 1499/32/2 1532/34/2
f 1498/35/2 1532/34/2 1533/36/2
f 1497/37/2 1498/35/2 1533/36/2
f 1497/37/2 1533/36/2 1534/38/2
f 1496/39/2 1497/37/2 1534/38/2
f 1496/39/2 1534/38/2 1535/40/2
f 1496/39/2 1535/40/2 1536/41/2
f 1495/42/2 1496/39/2 1536/41/2
f 1495/42/2 1536/41/2 1537/43/2
f 1494/44/2 1495/42/2 1537/43/2
f 1494/44/2 1537/43/2 1538/45/2
f 1493/46/2 1494/44/2 1538/45/2
f 1493/46/2 1538/45/2 1539/47/2
f 1493/46/2 1539/47/2 1540/48/2
f 1492/49/2 1493/46/2 1540/48/2
f 1492/49/2 1540/48/2 1541/50/2
f 1491/51/2 1492/49/2 1541/50/2
f 1491/51/2 1541/50/2 1542/52/2
f 1490/53/2 1491/51/2 1542/52/2
f 1490/53/2 1542/52/2 1543/54/2
f 1490/53/2 1543/54/2 1544/55/2
f 1489/56/2 1490/53/2 1544/55/2
f 1489/56/2 1544/55/2 1545/57/2
f 1488/58/2 1489/56/2 1545/57/2
f 1488/58/2 1545/57/2 1546/59/2
f 1487/60/2 1488/58/2 1546/59/2
f 1487/60/2 1546/59/2 1547/61/2
f 1486/62/2 1487/60/2 1547/61/2
f 1486/62/2 1547/61/2 1548/63/2
f 1485/64/2 1486/62/2 1548/63/2
f 1485/64/2 1548/63/2 1549/65/2
f 1485/64/2 1549/65/2 1550/66/2
f 1484/67/2 1485/64/2 1034/68/2
f 1034/68/2 1485/64/2 1550/66/2
f 1484/67/2 1034/68/2 1035/69/2
f 1033/70/2 1034/68/2 1550/66/2
f 1484/67/2 1035/69/2 1036/71/2
f 1032/72/2 1033/70/2 1550/66/2
f 1484/67/2 1036/71/2 1037/73/2
f 1031/74/2 1032/72/2 1550/66/2
f 1484/67/2 1037/73/2 1038/75/2
f 1031/74/2 1550/66/2 1551/76/2
f 1030/77/2 1031/74/2 1551/76/2
f 1484/67/2 1038/75/2 1039/78/2
f 1029/79/2 1030/77/2 1551/76/2
f 1483/80/2 1484/67/2 1039/78/2
f 1483/80/2 1039/78/2 1040/81/2
f 1028/82/2 1029/79/2 1551/76/2
f 1483/80/2 1040/81/2 1041/83/2
f 1027/84/2 1028/82/2 1551/76/2
f 1483/80/2 1041/83/2 1042/85/2
f 1026/86/2 1027/84/2 1551/76/2
f 1483/80/2 1042/85/2 1043/87/2
f 1025/88/2 1026/86/2 1551/76/2
f 1483/80/2 1043/87/2 1044/89/2
f 1025/88/2 1551/76/2 1552/90/2
f 1024/91/2 1025/88/2 1552/90/2
f 1483/80/2 1044/89/2 1045/92/2
f 1023/93/2 1024/91/2 1552/90/2
f 1482/94/2 1483/80/2 1045/92/2
f 1482/94/2 1045/92/2 1046/95/2
f 1022/96/2 1023/93/2 1552/90/2
f 1482/94/2 1046/95/2 1047/97/2
f 1021/98/2 1022/96/2 1552/90/2
f 1482/94/2 1047/97/2 1048/99/2
f 1020/100/2 1021/98/2 1552/90/2
f 1482/94/2 1048/99/2 1049/101/2
f 1020/100/2 1552/90/2 1553/102/2
f 1019/103/2 1020/100/2 1553/102/2
f 1482/94/2 1049/101/2 1050/104/2
f 1481/105/2 1482/94/2 1050/104/2
f 1018/106/2 1019/103/2 1553/102/2
f 1481/105/2 1050/104/2 1051/107/2
f 1017/108/2 1018/106/2 1553/102/2
f 1481/105/2 1051/107/2 1052/109/2
f 1016/110/2 1017/108/2 1553/102/2
f 1016/110/2 1553/102/2 1554/111/2
f 1481/105/2 1052/109/2 1053/112/2
f 1015/113/2 1016/110/2 1554/111/2
f 1481/105/2 1053/112/2 1054/114/2
f 1480/115/2 1481/105/2 1054/114/2
f 1014/116/2 1015/113/2 1554/111/2
f 1480/115/2 1054/114/2 1055/117/2
f 1013/118/2 1014/116/2 1554/111/2
f 1480/115/2 1055/117/2 1056/119/2
f 1013/118/2 1554/111/2 1555/120/2
f 1012/121/2 1013/118/2 1555/120/2
f 1480/115/2 1056/119/2 1057/122/2
f 1479/123/2 1480/115/2 1057/122/2
f 1011/124/2 1012/121/2 1555/120/2
f 1479/123/2 1057/122/2 1058/125/2
f 1576/126/2 1011/124/2 1555/120/2
f 1576/126/2 1555/120/2 1556/127/2
f 1479/123/2 1058/125/2 1059/128/2
f 1575/129/2 1576/126/2 1556/127/2
f 1478/130/2 1479/123/2 1059/128/2
f 1478/130/2 1059/128/2 1060/131/2
f 1574/132/2 1575/129/2 1556/127/2
f 1478/130/2 1060/131/2 1061/133/2
f 1574/132/2 1556/127/2 1557/134/2
f 1478/130/2 1061/133/2 1062/135/2
f 1573/136/2 1574/132/2 1557/134/2
f 1477/137/2 1478/130/2 1062/135/2
f 1477/137/2 1062/135/2 1063/138/2
f 1572/139/2 1573/136/2 1557/134/2
f 1477/137/2 1063/138/2 1064/140/2
f 1572/139/2 1557/134/2 1558/141/2
f 1571/142/2 1572/139/2 1558/141/2
f 1477/137/2 1064/140/2 1065/143/2
f 1476/144/2 1477/137/2 1065/143/2
f 1476/144/2 1065/143/2 1066/145/2
f 1570/146/2 1571/142/2 1558/141/2
f 1476/144/2 1066/145/2 1067/147/2
f 1570/146/2 1558/141/2 1559/148/2
f 1476/144/2 1067/147/2 1068/149/2
f 1475/150/2 1476/144/2 1068/149/2
f 1569/151/2 1570/146/2 1559/148/2
f 1475/150/2 1068/149/2 1069/152/2
f 1569/151/2 1559/148/2 1560/153/2
f 1475/150/2 1069/152/2 1070/154/2
f 1568/155/2 1569/151/2 1560/153/2
f 1474/156/2 1475/150/2 1070/154/2
f 1474/156/2 1070/154/2 1071/157/2
f 1474/156/2 1071/157/2 1072/158/2
f 1567/159/2 1568/155/2 1560/153/2
f 1567/159/2 1560/153/2 1561/160/2
f 1474/156/2 1072/158/2 1073/161/2
f 1473/162/2 1474/156/2 1073/161/2
f 1473/162/2 1073/161/2 1074/163/2
f 1566/164/2 1567/159/2 1561/160/2
f 1473/162/2 1074/163/2 1075/165/2
f 1566/164/2 1561/160/2 1562/166/2
f 1473/162/2 1075/165/2 1076/167/2
f 1472/168/2 1473/162/2 1076/167/2
f 1565/169/2 1566/164/2 1562/166/2
f 1472/168/2 1076/167/2 1077/170/2
f 1472/168/2 1077/170/2 1078/171/2
f 1565/169/2 1562/166/2 1563/172/2
f 1472/168/2 1078/171/2 1079/173/2
f 1564/174/2 1565/169/2 1563/172/2
f 1471/175/2 1472/168/2 1079/173/2
f 1471/175/2 1079/173/2 1080/176/2
f 1471/175/2 1080/176/2 1081/177/2
f 1471/175/2 1081/177/2 1082/178/2
f 1470/179/2 1471/175/2 1082/178/2
f 1470/179/2 1082/178/2 1083/180/2
f 1470/179/2 1083/180/2 1084/181/2
f 1470/179/2 1084/181/2 1085/182/2
f 1469/183/2 1470/179/2 1085/182/2
f 1469/183/2 1085/182/2 1086/184/2
f 1469/183/2 1086/184/2 1087/185/2
f 1469/183/2 1087/185/2 1088/186/2
f 1469/183/2 1088/186/2 1089/187/2
f 1468/188/2 1469/183/2 1089/187/2
f 1468/188/2 1089/187/2 1090/189/2
f 1468/188/2 1090/189/2 1091/190/2
f 1468/188/2 1091/190/2 1092/191/2
f 1468/188/2 1092/191/2 1093/192/2
f 1468/188/2 1093/192/2 1094/193/2
f 1467/194/2 1468/188/2 1094/193/2
f 1467/194/2 1094/193/2 1095/195/2
f 1467/194/2 1095/195/2 1096/196/2
f 1467/194/2 1096/196/2 1097/197/2
f 1467/194/2 1097/197/2 1098/198/2
f 1467/194/2 1098/198/2 1099/199/2
f 1467/194/2 1099/199/2 1100/200/2
f 1467/194/2 1100/200/2 1101/201/2
f 1467/194/2 1101/201/2 1102/202/2
f 1467/194/2 1102/202/2 1103/203/2
f 1467/194/2 1103/203/2 1104/204/2
f 1466/205/2 1467/194/2 1104/204/2
f 1117/206/2 1118/208/2 1119/207/2
f 1116/209/2 1117/206/2 1119/207/2
f 1115/210/2 1116/209/2 1119/207/2
f 1114/211/2 1115/210/2 1119/207/2
f 1113/212/2 1114/211/2 1119/207/2
f 1112/213/2 1113/212/2 1119/207/2
f 1111/214/2 1112/213/2 1119/207/2
f 1110/215/2 1111/214/2 1119/207/2
f 1466/205/2 1104/204/2 1105/216/2
f 1109/217/2 1110/215/2 1119/207/2
f 1108/218/2 1109/217/2 1119/207/2
f 1107/219/2 1108/218/2 1119/207/2
f 1106/220/2 1107/219/2 1119/207/2
f 1466/205/2 1105/216/2 1106/220/2
f 1466/205/2 1106/220/2 1119/207/2
f 1466/205/2 1119/207/2 1120/221/2
f 1466/205/2 1120/221/2 1121/222/2
f 1466/205/2 1121/222/2 1122/223/2
f 1466/205/2 1122/223/2 1123/224/2
f 1466/205/2 1123/224/2 1124/225/2
f 1466/205/2 1124/225/2 1125/226/2
f 1466/205/2 1125/226/2 1126/227/2
f 1466/205/2 1126/227/2 1127/228/2
f 1466/205/2 1127/228/2 1128/229/2
f 1466/205/2 1128/229/2 1129/230/2
f 1466/205/2 1129/230/2 1130/231/2
f 1466/205/2 1130/231/2 1131/232/2
f 1465/233/2 1466/205/2 1131/232/2
f 1465/233/2 1131/232/2 1132/234/2
f 1465/233/2 1132/234/2 1133/235/2
f 1465/233/2 1133/235/2 1134/236/2
f 1465/233/2 1134/236/2 1135/237/2
f 1465/233/2 1135/237/2 1136/238/2
f 1465/233/2 1136/238/2 1137/239/2
f 1465/233/2 1137/239/2 1138/240/2
f 1465/233/2 1138/240/2 1139/241/2
f 1465/233/2 1139/241/2 1140/242/2
f 1465/233/2 1140/242/2 1141/243/2
f 1465/233/2 1141/243/2 1142/244/2
f 1464/245/2 1465/233/2 1142/244/2
f 1464/245/2 1142/244/2 1143/246/2
f 1464/245/2 1143/246/2 1144/247/2
f 1464/245/2 1144/247/2 1145/248/2
f 1464/245/2 1145/248/2 1146/249/2
f 1464/245/2 1146/249/2 1147/250/2
f 1464/245/2 1147/250/2 1148/251/2
f 1463/252/2 1464/245/2 1148/251/2
f 1463/252/2 1148/251/2 1149/253/2
f 1463/252/2 1149/253/2 1150/254/2
f 1463/252/2 1150/254/2 1151/255/2
f 1463/252/2 1151/255/2 1152/256/2
f 1462/257/2 1463/252/2 1152/256/2
f 1462/257/2 1152/256/2 1153/258/2
f 1462/257/2 1153/258/2 1154/259/2
f 1461/260/2 1462/257/2 1154/259/2
f 1461/260/2 1154/259/2 1155/261/2
f 1461/260/2 1155/261/2 1156/262/2
f 1460/263/2 1461/260/2 1156/262/2
f 1460/263/2 1156/262/2 1157/264/2
f 1460/263/2 1157/264/2 1158/265/2
f 1460/263/2 1158/265/2 1159/266/2
f 1459/267/2 1460/263/2 1159/266/2
f 1459/267/2 1159/266/2 1160/268/2
f 1459/267/2 1160/268/2 1161/269/2
f 1458/270/2 1459/267/2 1161/269/2
f 1458/270/2 1161/269/2 1162/271/2
f 1458/270/2 1162/271/2 1163/272/2
f 1457/273/2 1458/270/2 1163/272/2
f 1457/273/2 1163/272/2 1164/274/2
f 1457/273/2 1164/274/2 1165/275/2
f 1456/276/2 1457/273/2 1165/275/2
f 1456/276/2 1165/275/2 1166/277/2
f 1456/276/2 1166/277/2 1167/278/2
f 1455/279/2 1456/276/2 1167/278/2
f 1455/279/2 1167/278/2 1168/280/2
f 1454/281/2 1455/279/2 1168/280/2
f 1454/281/2 1168/280/2 1169/282/2
f 1454/281/2 1169/282/2 1170/283/2
f 1453/284/2 1454/281/2 1170/283/2
f 1453/284/2 1170/283/2 1171/285/2
f 1452/286/2 1453/284/2 1171/285/2
f 1452/286/2 1171/285/2 1172/287/2
f 1452/286/2 1172/287/2 1173/288/2
f 1451/289/2 1452/286/2 1173/288/2
f 1451/289/2 1173/288/2 1174/290/2
f 1450/291/2 1451/289/2 1174/290/2
f 1450/291/2 1174/290/2 1175/292/2
f 1449/293/2 1450/291/2 1175/292/2
f 1449/293/2 1175/292/2 1176/294/2
f 1448/295/2 1449/293/2 1176/294/2
f 1448/295/2 1176/294/2 1177/296/2
f 1447/297/2 1448/295/2 1177/296/2
f 1447/297/2 1177/296/2 1178/298/2
f 1446/299/2 1447/297/2 1178/298/2
f 1445/300/2 1446/299/2 1178/298/2
f 1445/300/2 1178/298/2 1179/301/2
f 1444/302/2 1445/300/2 1179/301/2
f 1444/302/2 1179/301/2 1180/303/2
f 1443/304/2 1444/302/2 1180/303/2
f 1442/305/2 1443/304/2 1180/303/2
f 1442/305/2 1180/303/2 1181/306/2
f 1441/307/2 1442/305/2 1181/306/2
f 1440/308/2 1441/307/2 1181/306/2
f 1439/309/2 1440/308/2 1181/306/2
f 1439/309/2 1181/306/2 1182/310/2
f 1438/311/2 1439/309/2 1182/310/2
f 1437/312/2 1438/311/2 1182/310/2
f 1437/312/2 1182/310/2 1183/313/2
f 1436/314/2 1437/312/2 1183/313/2
f 1435/315/2 1436/314/2 1183/313/2
f 1434/316/2 1435/315/2 1183/313/2
f 1433/317/2 1434/316/2 1183/313/2
f 1433/317/2 1183/313/2 1184/318/2
f 1432/319/2 1433/317/2 1184/318/2
f 1431/320/2 1432/319/2 1430/321/2
f 1430/321/2 1432/319/2 1429/322/2
f 1429/322/2 1432/319/2 1184/318/2
f 1428/323/2 1429/322/2 1184/318/2
f 1427/324/2 1428/323/2 1184/318/2
f 1426/325/2 1427/324/2 1184/318/2
f 1425/326/2 1426/325/2 1184/318/2
f 1424/327/2 1425/326/2 1184/318/2
f 1423/328/2 1424/327/2 1184/318/2
f 1423/328/2 1184/318/2 1185/329/2
f 1422/330/2 1423/328/2 1185/329/2
f 1421/331/2 1422/330/2 1185/329/2
f 1420/332/2 1421/331/2 1185/329/2
f 1419/333/2 1420/332/2 1185/329/2
f 1418/334/2 1419/333/2 1185/329/2
f 1417/335/2 1418/334/2 1185/329/2
f 1417/335/2 1185/329/2 1186/336/2
f 1416/337/2 1417/335/2 1186/336/2
f 1415/338/2 1416/337/2 1186/336/2
f 1414/339/2 1415/338/2 1186/336/2
f 1414/339/2 1186/336/2 1187/340/2
f 1413/341/2 1414/339/2 1187/340/2
f 1412/342/2 1413/341/2 1187/340/2
f 1411/343/2 1412/342/2 1187/340/2
f 1411/343/2 1187/340/2 1188/344/2
f 1410/345/2 1411/343/2 1188/344/2
f 1409/346/2 1410/345/2 1188/344/2
f 1408/347/2 1409/346/2 1188/344/2
f 1408/347/2 1188/344/2 1189/348/2
f 1407/349/2 1408/347/2 1189/348/2
f 1406/350/2 1407/349/2 1189/348/2
f 1406/350/2 1189/348/2 1190/351/2
f 1405/352/2 1406/350/2 1190/351/2
f 1404/353/2 1405/352/2 1190/351/2
f 1403/354/2 1404/353/2 1190/351/2
f 1403/354/2 1190/351/2 1191/355/2
f 1402/356/2 1403/354/2 1191/355/2
f 1401/357/2 1402/356/2 1191/355/2
f 1309/358/2 1310/360/2 1311/359/2
f 1309/358/2 1311/359/2 1312/361/2
f 1401/357/2 1191/355/2 1192/362/2
f 1400/363/2 1401/357/2 1192/362/2
f 1309/358/2 1312/361/2 1313/364/2
f 1399/365/2 1400/363/2 1192/362/2
f 1308/366/2 1309/358/2 1313/364/2
f 1308/366/2 1313/364/2 1314/367/2
f 1398/368/2 1399/365/2 1192/362/2
f 1398/368/2 1192/362/2 1193/369/2
f 1397/370/2 1398/368/2 1193/369/2
f 1308/366/2 1314/367/2 1315/371/2
f 1307/372/2 1308/366/2 1315/371/2
f 1396/373/2 1397/370/2 1193/369/2
f 1307/372/2 1315/371/2 1316/374/2
f 1396/373/2 1193/369/2 1194/375/2
f 1395/376/2 1396/373/2 1194/375/2
f 1307/372/2 1316/374/2 1317/377/2
f 1306/378/2 1307/372/2 1317/377/2
f 1394/379/2 1395/376/2 1194/375/2
f 1394/379/2 1194/375/2 1195/380/2
f 1306/378/2 1317/377/2 1318/381/2
f 1393/382/2 1394/379/2 1195/380/2
f 1305/383/2 1306/378/2 1318/381/2
f 1305/383/2 1318/381/2 1319/384/2
f 1392/385/2 1393/382/2 1195/380/2
f 1391/386/2 1392/385/2 1195/380/2
f 1391/386/2 1195/380/2 1196/387/2
f 1305/383/2 1319/384/2 1320/388/2
f 1304/389/2 1305/383/2 1320/388/2
f 1390/390/2 1391/386/2 1196/387/2
f 1304/389/2 1320/388/2 1321/391/2
f 1389/392/2 1390/390/2 1196/387/2
f 1389/392/2 1196/387/2 1197/393/2
f 1304/389/2 1321/391/2 1322/394/2
f 1303/395/2 1304/389/2 1322/394/2
f 1388/396/2 1389/392/2 1197/393/2
f 1387/397/2 1388/396/2 1197/393/2
f 1303/395/2 1322/394/2 1323/398/2
f 1387/397/2 1197/393/2 1198/399/2
f 1302/400/2 1303/395/2 1323/398/2
f 1386/401/2 1387/397/2 1198/399/2
f 1302/400/2 1323/398/2 1324/402/2
f 1385/403/2 1386/401/2 1198/399/2
f 1302/400/2 1324/402/2 1325/404/2
f 1301/405/2 1302/400/2 1325/404/2
f 1384/406/2 1385/403/2 1198/399/2
f 1384/406/2 1198/399/2 1199/407/2
f 1383/408/2 1384/406/2 1199/407/2
f 1301/405/2 1325/404/2 1326/409/2
f 1300/410/2 1301/405/2 1326/409/2
f 1382/411/2 1383/408/2 1199/407/2
f 1300/410/2 1326/409/2 1327/412/2
f 1382/411/2 1199/407/2 1200/413/2
f 1381/414/2 1382/411/2 1200/413/2
f 1300/410/2 1327/412/2 1328/415/2
f 1299/416/2 1300/410/2 1328/415/2
f 1380/417/2 1381/414/2 1200/413/2
f 1299/416/2 1328/415/2 1329/418/2
f 1379/419/2 1380/417/2 1200/413/2
f 1379/419/2 1200/413/2 1201/420/2
f 1299/416/2 1329/418/2 1330/421/2
f 1298/422/2 1299/416/2 1330/421/2
f 1378/423/2 1379/419/2 1201/420/2
f 1298/422/2 1330/421/2 1331/424/2
f 1377/425/2 1378/423/2 1201/420/2
f 1376/426/2 1377/425/2 1201/420/2
f 1297/427/2 1298/422/2 1331/424/2
f 1376/426/2 1201/420/2 1202/428/2
f 1297/427/2 1331/424/2 1332/429/2
f 1375/430/2 1376/426/2 1202/428/2
f 1297/427/2 1332/429/2 1333/431/2
f 1374/432/2 1375/430/2 1202/428/2
f 1297/427/2 1333/431/2 1334/433/2
f 1296/434/2 1297/427/2 1334/433/2
f 1373/435/2 1374/432/2 1202/428/2
f 1373/435/2 1202/428/2 1203/436/2
f 1296/434/2 1334/433/2 1335/437/2
f 1372/438/2 1373/435/2 1203/436/2
f 1371/439/2 1372/438/2 1203/436/2
f 1296/434/2 1335/437/2 1336/440/2
f 1295/441/2 1296/434/2 1336/440/2
f 1370/442/2 1371/439/2 1203/436/2
f 1295/441/2 1336/440/2 1337/443/2
f 1369/444/2 1370/442/2 1203/436/2
f 1295/441/2 1337/443/2 1338/445/2
f 1368/446/2 1369/444/2 1203/436/2
f 1368/446/2 1203/436/2 1204/447/2
f 1295/441/2 1338/445/2 1339/448/2
f 1367/449/2 1368/446/2 1204/447/2
f 1294/450/2 1295/441/2 1339/448/2
f 1294/450/2 1339/448/2 1340/451/2
f 1366/452/2 1367/449/2 1204/447/2
f 1294/450/2 1340/451/2 1341/453/2
f 1365/454/2 1366/452/2 1204/447/2
f 1294/450/2 1341/453/2 1342/455/2
f 1364/456/2 1365/454/2 1204/447/2
f 1294/450/2 1342/455/2 1343/457/2
f 1293/458/2 1294/450/2 1343/457/2
f 1364/456/2 1204/447/2 1205/459/2
f 1363/460/2 1364/456/2 1205/459/2
f 1293/458/2 1343/457/2 1344/461/2
f 1293/458/2 1344/461/2 1345/462/2
f 1362/463/2 1363/460/2 1205/459/2
f 1293/458/2 1345/462/2 1346/464/2
f 1293/458/2 1346/464/2 1347/465/2
f 1361/466/2 1362/463/2 1205/459/2
f 1293/458/2 1347/465/2 1348/467/2
f 1293/458/2 1348/467/2 1349/468/2
f 1293/458/2 1349/468/2 1350/469/2
f 1360/470/2 1361/466/2 1205/459/2
f 1292/471/2 1293/458/2 1350/469/2
f 1292/471/2 1350/469/2 1351/472/2
f 1292/471/2 1351/472/2 1352/473/2
f 1292/471/2 1352/473/2 1353/474/2
f 1292/471/2 1353/474/2 1354/475/2
f 1359/476/2 1360/470/2 1205/459/2
f 1359/476/2 1205/459/2 1206/477/2
f 1292/471/2 1354/475/2 1355/478/2
f 1292/471/2 1355/478/2 1356/479/2
f 1292/471/2 1356/479/2 1357/480/2
f 1292/471/2 1357/480/2 1358/481/2
f 1292/471/2 1358/481/2 1359/476/2
f 1292/471/2 1359/476/2 1206/477/2
f 1291/482/2 1292/471/2 1206/477/2
f 1291/482/2 1206/477/2 1207/483/2
f 1290/484/2 1291/482/2 1207/483/2
f 1290/484/2 1207/483/2 1208/485/2
f 1289/486/2 1290/484/2 1208/485/2
f 1288/487/2 1289/486/2 1208/485/2
f 1288/487/2 1208/485/2 1209/488/2
f 1287/489/2 1288/487/2 1209/488/2
f 1287/489/2 1209/488/2 1210/490/2
f 1286/491/2 1287/489/2 1210/490/2
f 1286/491/2 1210/490/2 1211/492/2
f 1285/493/2 1286/491/2 1211/492/2
f 1285/493/2 1211/492/2 1212/494/2
f 1284/495/2 1285/493/2 1212/494/2
f 1284/495/2 1212/494/2 1213/496/2
f 1283/497/2 1284/495/2 1213/496/2
f 1282/498/2 1283/497/2 1213/496/2
f 1282/498/2 1213/496/2 1214/499/2
f 1281/500/2 1282/498/2 1214/499/2
f 1281/500/2 1214/499/2 1215/501/2
f 1280/502/2 1281/500/2 1215/501/2
f 1279/503/2 1280/502/2 1215/501/2
f 1279/503/2 1215/501/2 1216/504/2
f 1278/505/2 1279/503/2 1216/504/2
f 1278/505/2 1216/504/2 1217/506/2
f 1277/507/2 1278/505/2 1217/506/2
f 1276/508/2 1277/507/2 1217/506/2
f 1276/508/2 1217/506/2 1218/509/2
f 1275/510/2 1276/508/2 1218/509/2
f 1275/510/2 1218/509/2 1219/511/2
f 1274/512/2 1275/510/2 1219/511/2
f 1273/513/2 1274/512/2 1219/511/2
f 1273/513/2 1219/511/2 1220/514/2
f 1272/515/2 1273/513/2 1220/514/2
f 1271/516/2 1272/515/2 1220/514/2
f 1271/516/2 1220/514/2 1221/517/2
f 1270/518/2 1271/516/2 1221/517/2
f 1270/518/2 1221/517/2 1222/519/2
f 1269/520/2 1270/518/2 1222/519/2
f 1268/521/2 1269/520/2 1222/519/2
f 1268/521/2 1222/519/2 1223/522/2
f 1267/523/2 1268/521/2 1223/522/2
f 1267/523/2 1223/522/2 1224/524/2
f 1266/525/2 1267/523/2 1224/524/2
f 1265/526/2 1266/525/2 1224/524/2
f 1265/526/2 1224/524/2 1225/527/2
f 1264/528/2 1265/526/2 1225/527/2
f 1264/528/2 1225/527/2 1226/529/2
f 1263/530/2 1264/528/2 1226/529/2
f 1263/530/2 1226/529/2 1227/531/2
f 1262/532/2 1263/530/2 1227/531/2
f 1262/532/2 1227/531/2 1228/533/2
f 1261/534/2 1262/532/2 1228/533/2
f 1261/534/2 1228/533/2 1229/535/2
f 1260/536/2 1261/534/2 1229/535/2
f 1259/537/2 1260/536/2 1229/535/2
f 1259/537/2 1229/535/2 1230/538/2
f 1258/539/2 1259/537/2 1230/538/2
f 1258/539/2 1230/538/2 1231/540/2
f 1257/541/2 1258/539/2 1231/540/2
f 1257/541/2 1231/540/2 1232/542/2
f 1257/541/2 1232/542/2 1233/543/2
f 1256/544/2 1257/541/2 1233/543/2
f 1256/544/2 1233/543/2 1234/545/2
f 1255/546/2 1256/544/2 1234/545/2
f 1255/546/2 1234/545/2 1235/547/2
f 1254/548/2 1255/546/2 1235/547/2
f 1254/548/2 1235/547/2 1236/549/2
f 1254/548/2 1236/549/2 1237/550/2
f 1253/551/2 1254/548/2 1237/550/2
f 1253/551/2 1237/550/2 1238/552/2
f 1252/553/2 1253/551/2 1238/552/2
f 1252/553/2 1238/552/2 1239/554/2
f 1252/553/2 1239/554/2 1240/555/2
f 1252/553/2 1240/555/2 1241/556/2
f 1251/557/2 1252/553/2 1241/556/2
f 1251/557/2 1241/556/2 1242/558/2
f 1251/557/2 1242/558/2 1243/559/2
f 1251/557/2 1243/559/2 1244/560/2
f 1250/561/2 1251/557/2 1244/560/2
f 1250/561/2 1244/560/2 1245/562/2
f 1250/561/2 1245/562/2 1246/563/2
f 1250/561/2 1246/563/2 1247/564/2
f 1250/561/2 1247/564/2 1248/565/2
f 1250/561/2 1248/565/2 1249/566/2
f 1581/252/2 1582/126/2 1577/124/2
f 1581/252/2 1577/124/2 1578/225/2
f 1581/252/2 1578/225/2 1579/550/2
f 1581/252/2 1579/550/2 1580/469/2
f 1584/567/2 1585/568/2 1586/126/2
f 1584/567/2 1586/126/2 1583/124/2
f 1587/124/2 1588/570/2 1589/569/2
f 1587/124/2 1589/569/2 1590/571/2
f 1594/126/1 1587/124/1 1590/571/1
f 1593/572/2 1594/126/2 1591/573/2
f 1591/573/1 1594/126/1 1590/571/1
f 1593/572/2 1591/573/2 1592/574/2
f 1595/124/2 1596/576/2 1597/575/2
f 1595/124/2 1597/575/2 1598/577/2
f 1634/578/2 1635/580/2 1636/579/2
f 1634/578/2 1636/579/2 1637/581/2
f 1634/578/2 1637/581/2 1638/582/2
f 1595/124/2 1598/577/2 1599/583/2
f 1633/584/2 1634/578/2 1638/582/2
f 1632/585/2 1633/584/2 1638/582/2
f 1632/585/2 1638/582/2 1639/586/2
f 1631/587/2 1632/585/2 1639/586/2
f 1732/126/2 1595/124/2 1599/583/2
f 1732/126/2 1599/583/2 1600/588/2
f 1631/587/2 1639/586/2 1640/589/2
f 1630/590/2 1631/587/2 1640/589/2
f 1731/591/2 1732/126/2 1600/588/2
f 1630/590/2 1640/589/2 1641/592/2
f 1629/593/2 1630/590/2 1641/592/2
f 1731/591/2 1600/588/2 1601/594/2
f 1730/595/2 1731/591/2 1601/594/2
f 1628/596/2 1629/593/2 1641/592/2
f 1628/596/2 1641/592/2 1642/597/2
f 1627/598/2 1628/596/2 1642/597/2
f 1729/599/2 1730/595/2 1601/594/2
f 1729/599/2 1601/594/2 1602/600/2
f 1627/598/2 1642/597/2 1643/601/2
f 1626/602/2 1627/598/2 1643/601/2
f 1728/603/2 1729/599/2 1602/600/2
f 1625/604/2 1626/602/2 1643/601/2
f 1728/603/2 1602/600/2 1603/605/2
f 1625/604/2 1643/601/2 1644/606/2
f 1624/607/2 1625/604/2 1644/606/2
f 1727/608/2 1728/603/2 1603/605/2
f 1623/609/2 1624/607/2 1644/606/2
f 1623/609/2 1644/606/2 1645/610/2
f 1727/608/2 1603/605/2 1604/611/2
f 1726/612/2 1727/608/2 1604/611/2
f 1622/613/2 1623/609/2 1645/610/2
f 1622/613/2 1645/610/2 1646/614/2
f 1621/615/2 1622/613/2 1646/614/2
f 1726/612/2 1604/611/2 1605/616/2
f 1725/617/2 1726/612/2 1605/616/2
f 1620/618/2 1621/615/2 1646/614/2
f 1619/619/2 1620/618/2 1646/614/2
f 1619/619/2 1646/614/2 1647/620/2
f 1725/617/2 1605/616/2 1606/621/2
f 1618/622/2 1619/619/2 1647/620/2
f 1724/623/2 1725/617/2 1606/621/2
f 1617/624/2 1618/622/2 1647/620/2
f 1724/623/2 1606/621/2 1607/625/2
f 1617/624/2 1647/620/2 1648/626/2
f 1616/627/2 1617/624/2 1648/626/2
f 1723/628/2 1724/623/2 1607/625/2
f 1615/629/2 1616/627/2 1648/626/2
f 1723/628/2 1607/625/2 1608/630/2
f 1614/631/2 1615/629/2 1648/626/2
f 1613/632/2 1614/631/2 1648/626/2
f 1723/628/2 1608/630/2 1609/633/2
f 1613/632/2 1648/626/2 1649/634/2
f 1612/635/2 1613/632/2 1649/634/2
f 1611/636/2 1612/635/2 1649/634/2
f 1723/628/2 1609/633/2 1610/637/2
f 1610/637/2 1611/636/2 1649/634/2
f 1723/628/2 1610/637/2 1649/634/2
f 1722/638/2 1723/628/2 1649/634/2
f 1722/638/2 1649/634/2 1650/639/2
f 1721/640/2 1722/638/2 1650/639/2
f 1721/640/2 1650/639/2 1651/641/2
f 1720/642/2 1721/640/2 1651/641/2
f 1720/642/2 1651/641/2 1652/643/2
f 1719/644/2 1720/642/2 1652/643/2
f 1719/644/2 1652/643/2 1653/645/2
f 1718/646/2 1719/644/2 1653/645/2
f 1718/646/2 1653/645/2 1654/647/2
f 1717/648/2 1718/646/2 1654/647/2
f 1717/648/2 1654/647/2 1655/649/2
f 1716/650/2 1717/648/2 1655/649/2
f 1715/651/2 1716/650/2 1655/649/2
f 1715/651/2 1655/649/2 1656/652/2
f 1714/653/2 1715/651/2 1656/652/2
f 1714/653/2 1656/652/2 1657/654/2
f 1713/655/2 1714/653/2 1657/654/2
f 1713/655/2 1657/654/2 1658/656/2
f 1712/657/2 1713/655/2 1658/656/2
f 1712/657/2 1658/656/2 1659/658/2
f 1711/659/2 1712/657/2 1659/658/2
f 1711/659/2 1659/658/2 1660/660/2
f 1710/661/2 1711/659/2 1660/660/2
f 1710/661/2 1660/660/2 1661/662/2
f 1709/663/2 1710/661/2 1661/662/2
f 1709/663/2 1661/662/2 1662/664/2
f 1708/665/2 1709/663/2 1662/664/2
f 1708/665/2 1662/664/2 1663/666/2
f 1707/667/2 1708/665/2 1663/666/2
f 1707/667/2 1663/666/2 1664/668/2
f 1706/669/2 1707/667/2 1664/668/2
f 1706/669/2 1664/668/2 1665/670/2
f 1705/671/2 1706/669/2 1665/670/2
f 1705/671/2 1665/670/2 1666/672/2
f 1704/673/2 1705/671/2 1666/672/2
f 1704/673/2 1666/672/2 1667/674/2
f 1703/675/2 1704/673/2 1667/674/2
f 1703/675/2 1667/674/2 1668/676/2
f 1702/677/2 1703/675/2 1668/676/2
f 1702/677/2 1668/676/2 1669/678/2
f 1701/679/2 1702/677/2 1669/678/2
f 1701/679/2 1669/678/2 1670/680/2
f 1700/681/2 1701/679/2 1670/680/2
f 1700/681/2 1670/680/2 1671/682/2
f 1699/683/2 1700/681/2 1671/682/2
f 1699/683/2 1671/682/2 1672/684/2
f 1698/685/2 1699/683/2 1672/684/2
f 1698/685/2 1672/684/2 1673/686/2
f 1697/687/2 1698/685/2 1673/686/2
f 1697/687/2 1673/686/2 1674/688/2
f 1696/689/2 1697/687/2 1674/688/2
f 1696/689/2 1674/688/2 1675/690/2
f 1695/691/2 1696/689/2 1675/690/2
f 1695/691/2 1675/690/2 1676/692/2
f 1694/693/2 1695/691/2 1676/692/2
f 1694/693/2 1676/692/2 1677/694/2
f 1693/695/2 1694/693/2 1677/694/2
f 1693/695/2 1677/694/2 1678/696/2
f 1692/697/2 1693/695/2 1678/696/2
f 1692/697/2 1678/696/2 1679/698/2
f 1691/699/2 1692/697/2 1679/698/2
f 1691/699/2 1679/698/2 1680/700/2
f 1690/701/2 1691/699/2 1680/700/2
f 1690/701/2 1680/700/2 1681/702/2
f 1689/703/2 1690/701/2 1681/702/2
f 1689/703/2 1681/702/2 1682/704/2
f 1688/705/2 1689/703/2 1682/704/2
f 1688/705/2 1682/704/2 1683/706/2
f 1687/707/2 1688/705/2 1683/706/2
f 1687/707/2 1683/706/2 1684/708/2
f 1686/709/2 1687/707/2 1684/708/2
f 1686/709/2 1684/708/2 1685/710/2
f 1744/711/2 1745/713/2 1746/712/2
f 1743/714/2 1744/711/2 1746/712/2
f 1743/714/2 1746/712/2 1747/715/2
f 1742/716/2 1743/714/2 1747/715/2
f 1742/716/2 1747/715/2 1748/717/2
f 1741/718/2 1742/716/2 1748/717/2
f 1741/718/2 1748/717/2 1749/719/2
f 1740/720/2 1741/718/2 1749/719/2
f 1740/720/2 1749/719/2 1750/721/2
f 1739/722/2 1740/720/2 1750/721/2
f 1739/722/2 1750/721/2 1751/723/2
f 1738/724/2 1739/722/2 1751/723/2
f 1738/724/2 1751/723/2 1752/725/2
f 1737/726/2 1738/724/2 1752/725/2
f 1737/726/2 1752/725/2 1753/727/2
f 1736/728/2 1737/726/2 1753/727/2
f 1736/728/2 1753/727/2 1754/729/2
f 1735/730/2 1736/728/2 1754/729/2
f 1735/730/2 1754/729/2 1755/731/2
f 1734/732/2 1735/730/2 1755/731/2
f 1734/732/2 1755/731/2 1756/733/2
f 1733/124/2 1734/732/2 1756/733/2
f 1733/124/2 1756/733/2 1757/734/2
f 1876/735/2 1733/124/2 1757/734/2
f 1876/735/2 1757/734/2 1758/736/2
f 1876/735/2 1758/736/2 1759/737/2
f 1875/738/2 1876/735/2 1759/737/2
f 1875/738/2 1759/737/2 1760/739/2
f 1874/740/2 1875/738/2 1760/739/2
f 1874/740/2 1760/739/2 1761/741/2
f 1873/742/2 1874/740/2 1761/741/2
f 1872/743/2 1873/742/2 1761/741/2
f 1872/743/2 1761/741/2 1762/744/2
f 1871/745/2 1872/743/2 1762/744/2
f 1871/745/2 1762/744/2 1763/746/2
f 1870/747/2 1871/745/2 1763/746/2
f 1870/747/2 1763/746/2 1764/748/2
f 1869/749/2 1870/747/2 1764/748/2
f 1869/749/2 1764/748/2 1765/750/2
f 1868/751/2 1869/749/2 1765/750/2
f 1868/751/2 1765/750/2 1766/752/2
f 1867/753/2 1868/751/2 1766/752/2
f 1867/753/2 1766/752/2 1767/754/2
f 1866/755/2 1867/753/2 1767/754/2
f 1866/755/2 1767/754/2 1768/756/2
f 1865/757/2 1866/755/2 1768/756/2
f 1865/757/2 1768/756/2 1877/758/2
f 1877/758/2 1768/756/2 1769/759/2
f 1865/757/2 1877/758/2 1878/760/2
f 2020/126/2 1877/758/2 1769/759/2
f 1865/757/2 1878/760/2 1879/761/2
f 2019/762/2 2020/126/2 1769/759/2
f 1865/757/2 1879/761/2 1880/763/2
f 2018/764/2 2019/762/2 1769/759/2
f 1865/757/2 1880/763/2 1881/765/2
f 2017/766/2 2018/764/2 1769/759/2
f 1864/767/2 1865/757/2 1881/765/2
f 2017/766/2 1769/759/2 1770/768/2
f 1864/767/2 1881/765/2 1882/769/2
f 2016/770/2 2017/766/2 1770/768/2
f 1864/767/2 1882/769/2 1883/771/2
f 2015/772/2 2016/770/2 1770/768/2
f 1864/767/2 1883/771/2 1884/773/2
f 2014/774/2 2015/772/2 1770/768/2
f 1864/767/2 1884/773/2 1885/775/2
f 2013/776/2 2014/774/2 1770/768/2
f 1864/767/2 1885/775/2 1886/777/2
f 2012/778/2 2013/776/2 1770/768/2
f 1864/767/2 1886/777/2 1887/779/2
f 2011/780/2 2012/778/2 1770/768/2
f 1864/767/2 1887/779/2 1888/781/2
f 2010/782/2 2011/780/2 1770/768/2
f 2010/782/2 1770/768/2 1771/783/2
f 1863/784/2 1864/767/2 1888/781/2
f 1863/784/2 1888/781/2 1889/785/2
f 2009/786/2 2010/782/2 1771/783/2
f 1863/784/2 1889/785/2 1890/787/2
f 2008/788/2 2009/786/2 1771/783/2
f 2007/789/2 2008/788/2 1771/783/2
f 1863/784/2 1890/787/2 1891/790/2
f 2007/789/2 1771/783/2 1772/791/2
f 1862/792/2 1863/784/2 1891/790/2
f 2006/793/2 2007/789/2 1772/791/2
f 1862/792/2 1891/790/2 1892/794/2
f 2005/795/2 2006/793/2 1772/791/2
f 1862/792/2 1892/794/2 1893/796/2
f 2004/797/2 2005/795/2 1772/791/2
f 1862/792/2 1893/796/2 1894/798/2
f 2004/797/2 1772/791/2 1773/799/2
f 1861/800/2 1862/792/2 1894/798/2
f 2003/801/2 2004/797/2 1773/799/2
f 1861/800/2 1894/798/2 1895/802/2
f 2002/803/2 2003/801/2 1773/799/2
f 1861/800/2 1895/802/2 1896/804/2
f 2001/805/2 2002/803/2 1773/799/2
f 1861/800/2 1896/804/2 1897/573/2
f 2001/805/2 1773/799/2 1774/570/2
f 1860/806/2 1861/800/2 1897/573/2
f 2000/807/2 2001/805/2 1774/570/2
f 1860/806/2 1897/573/2 1898/808/2
f 1999/809/2 2000/807/2 1774/570/2
f 1860/806/2 1898/808/2 1899/810/2
f 1999/809/2 1774/570/2 1775/811/2
f 1859/812/2 1860/806/2 1899/810/2
f 1998/813/2 1999/809/2 1775/811/2
f 1859/812/2 1899/810/2 1900/814/2
f 1997/815/2 1998/813/2 1775/811/2
f 1859/812/2 1900/814/2 1901/816/2
f 1997/815/2 1775/811/2 1776/817/2
f 1858/818/2 1859/812/2 1901/816/2
f 1858/818/2 1901/816/2 1902/819/2
f 1996/820/2 1997/815/2 1776/817/2
f 1858/818/2 1902/819/2 1903/821/2
f 1995/822/2 1996/820/2 1776/817/2
f 1995/822/2 1776/817/2 1777/823/2
f 1857/824/2 1858/818/2 1903/821/2
f 1857/824/2 1903/821/2 1904/825/2
f 1994/826/2 1995/822/2 1777/823/2
f 1857/824/2 1904/825/2 1905/827/2
f 1993/828/2 1994/826/2 1777/823/2
f 1993/828/2 1777/823/2 1778/829/2
f 1856/571/2 1857/824/2 1905/827/2
f 1856/571/2 1905/827/2 1906/830/2
f 1992/831/2 1993/828/2 1778/829/2
f 1856/571/2 1906/830/2 1907/832/2
f 1991/833/2 1992/831/2 1778/829/2
f 1991/833/2 1778/829/2 1779/834/2
f 1855/835/2 1856/571/2 1907/832/2
f 1855/835/2 1907/832/2 1908/836/2
f 1990/837/2 1991/833/2 1779/834/2
f 1855/835/2 1908/836/2 1909/838/2
f 1989/839/2 1990/837/2 1779/834/2
f 1989/839/2 1779/834/2 1780/840/2
f 1854/841/2 1855/835/2 1909/838/2
f 1854/841/2 1909/838/2 1910/842/2
f 1988/843/2 1989/839/2 1780/840/2
f 1854/841/2 1910/842/2 1911/844/2
f 1987/845/2 1988/843/2 1780/840/2
f 1987/845/2 1780/840/2 1781/846/2
f 1853/847/2 1854/841/2 1911/844/2
f 1853/847/2 1911/844/2 1912/848/2
f 1986/849/2 1987/845/2 1781/846/2
f 1853/847/2 1912/848/2 1913/850/2
f 1985/851/2 1986/849/2 1781/846/2
f 1852/852/2 1853/847/2 1913/850/2
f 1985/851/2 1781/846/2 1782/853/2
f 1852/852/2 1913/850/2 1914/854/2
f 1984/855/2 1985/851/2 1782/853/2
f 1852/852/2 1914/854/2 1915/856/2
f 1983/857/2 1984/855/2 1782/853/2
f 1851/858/2 1852/852/2 1915/856/2
f 1983/857/2 1782/853/2 1783/859/2
f 1851/858/2 1915/856/2 1916/860/2
f 1982/861/2 1983/857/2 1783/859/2
f 1851/858/2 1916/860/2 1917/862/2
f 1981/863/2 1982/861/2 1783/859/2
f 1850/864/2 1851/858/2 1917/862/2
f 1981/863/2 1783/859/2 1784/865/2
f 1850/864/2 1917/862/2 1918/866/2
f 1980/867/2 1981/863/2 1784/865/2
f 1850/864/2 1918/866/2 1919/868/2
f 1979/572/2 1980/867/2 1784/865/2
f 1849/869/2 1850/864/2 1919/868/2
f 1979/572/2 1784/865/2 1785/870/2
f 1849/869/2 1919/868/2 1920/871/2
f 1978/872/2 1979/572/2 1785/870/2
f 1849/869/2 1920/871/2 1921/873/2
f 1977/874/2 1978/872/2 1785/870/2
f 1848/875/2 1849/869/2 1921/873/2
f 1977/874/2 1785/870/2 1786/876/2
f 1848/875/2 1921/873/2 1922/877/2
f 1976/878/2 1977/874/2 1786/876/2
f 1848/875/2 1922/877/2 1923/879/2
f 1975/880/2 1976/878/2 1786/876/2
f 1847/881/2 1848/875/2 1923/879/2
f 1975/880/2 1786/876/2 1787/882/2
f 1847/881/2 1923/879/2 1924/883/2
f 1974/884/2 1975/880/2 1787/882/2
f 1847/881/2 1924/883/2 1925/885/2
f 1973/886/2 1974/884/2 1787/882/2
f 1846/887/2 1847/881/2 1925/885/2
f 1973/886/2 1787/882/2 1788/888/2
f 1846/887/2 1925/885/2 1926/889/2
f 1972/890/2 1973/886/2 1788/888/2
f 1846/887/2 1926/889/2 1927/891/2
f 1971/892/2 1972/890/2 1788/888/2
f 1845/893/2 1846/887/2 1927/891/2
f 1971/892/2 1788/888/2 1789/894/2
f 1845/893/2 1927/891/2 1928/895/2
f 1970/896/2 1971/892/2 1789/894/2
f 1845/893/2 1928/895/2 1929/897/2
f 1969/898/2 1970/896/2 1789/894/2
f 1844/899/2 1845/893/2 1929/897/2
f 1969/898/2 1789/894/2 1790/900/2
f 1844/899/2 1929/897/2 1930/901/2
f 1968/902/2 1969/898/2 1790/900/2
f 1844/899/2 1930/901/2 1931/903/2
f 1967/904/2 1968/902/2 1790/900/2
f 1843/905/2 1844/899/2 1931/903/2
f 1967/904/2 1790/900/2 1791/906/2
f 1843/905/2 1931/903/2 1932/907/2
f 1966/908/2 1967/904/2 1791/906/2
f 1843/905/2 1932/907/2 1933/909/2
f 1965/910/2 1966/908/2 1791/906/2
f 1843/905/2 1933/909/2 1934/911/2
f 1964/912/2 1965/910/2 1791/906/2
f 1842/913/2 1843/905/2 1934/911/2
f 1964/912/2 1791/906/2 1792/914/2
f 1842/913/2 1934/911/2 1935/915/2
f 1963/916/2 1964/912/2 1792/914/2
f 1842/913/2 1935/915/2 1936/917/2
f 1962/918/2 1963/916/2 1792/914/2
f 1842/913/2 1936/917/2 1937/919/2
f 1961/920/2 1962/918/2 1792/914/2
f 1841/921/2 1842/913/2 1937/919/2
f 1961/920/2 1792/914/2 1793/922/2
f 1841/921/2 1937/919/2 1938/574/2
f 1960/923/2 1961/920/2 1793/922/2
f 1959/924/2 1960/923/2 1793/922/2
f 1841/921/2 1938/574/2 1939/925/2
f 1958/926/2 1959/924/2 1793/922/2
f 1841/921/2 1939/925/2 1940/927/2
f 1957/928/2 1958/926/2 1793/922/2
f 1841/921/2 1940/927/2 1941/929/2
f 1840/930/2 1841/921/2 1941/929/2
f 1957/928/2 1793/922/2 1794/931/2
f 1956/932/2 1957/928/2 1794/931/2
f 1840/930/2 1941/929/2 1942/933/2
f 1955/934/2 1956/932/2 1794/931/2
f 1840/930/2 1942/933/2 1943/935/2
f 1954/936/2 1955/934/2 1794/931/2
f 1840/930/2 1943/935/2 1944/937/2
f 1953/938/2 1954/936/2 1794/931/2
f 1840/930/2 1944/937/2 1945/939/2
f 1952/940/2 1953/938/2 1794/931/2
f 1840/930/2 1945/939/2 1946/941/2
f 1951/942/2 1952/940/2 1794/931/2
f 1840/930/2 1946/941/2 1947/943/2
f 1950/944/2 1951/942/2 1794/931/2
f 1840/930/2 1947/943/2 1948/945/2
f 1949/946/2 1950/944/2 1794/931/2
f 1840/930/2 1948/945/2 1949/946/2
f 1840/930/2 1949/946/2 1794/931/2
f 1839/947/2 1840/930/2 1794/931/2
f 1839/947/2 1794/931/2 1795/948/2
f 1838/949/2 1839/947/2 1795/948/2
f 1838/949/2 1795/948/2 1796/950/2
f 1837/951/2 1838/949/2 1796/950/2
f 1837/951/2 1796/950/2 1797/952/2
f 1836/953/2 1837/951/2 1797/952/2
f 1836/953/2 1797/952/2 1798/954/2
f 1835/955/2 1836/953/2 1798/954/2
f 1835/955/2 1798/954/2 1799/956/2
f 1834/957/2 1835/955/2 1799/956/2
f 1834/957/2 1799/956/2 1800/958/2
f 1833/959/2 1834/957/2 1800/958/2
f 1833/959/2 1800/958/2 1801/960/2
f 1832/961/2 1833/959/2 1801/960/2
f 1832/961/2 1801/960/2 1802/962/2
f 1831/963/2 1832/961/2 1802/962/2
f 1831/963/2 1802/962/2 1803/964/2
f 1830/965/2 1831/963/2 1803/964/2
f 1830/965/2 1803/964/2 1804/966/2
f 1829/967/2 1830/965/2 1804/966/2
f 1829/967/2 1804/966/2 1805/968/2
f 1828/969/2 1829/967/2 1805/968/2
f 1828/969/2 1805/968/2 1806/970/2
f 1827/971/2 1828/969/2 1806/970/2
f 1827/971/2 1806/970/2 1807/972/2
f 1826/973/2 1827/971/2 1807/972/2
f 1826/973/2 1807/972/2 1808/974/2
f 1825/975/2 1826/973/2 1808/974/2
f 1825/975/2 1808/974/2 1809/976/2
f 1824/977/2 1825/975/2 1809/976/2
f 1824/977/2 1809/976/2 1810/978/2
f 1823/979/2 1824/977/2 1810/978/2
f 1823/979/2 1810/978/2 1811/980/2
f 1822/981/2 1823/979/2 1811/980/2
f 1822/981/2 1811/980/2 1812/982/2
f 1821/983/2 1822/981/2 1812/982/2
f 1821/983/2 1812/982/2 1813/984/2
f 1820/985/2 1821/983/2 1813/984/2
f 1820/985/2 1813/984/2 1814/986/2
f 1819/987/2 1820/985/2 1814/986/2
f 1819/987/2 1814/986/2 1815/569/2
f 1818/988/2 1819/987/2 1815/569/2
f 1818/988/2 1815/569/2 1816/989/2
f 1817/990/2 1818/988/2 1816/989/2
s 1
f 2022/991/3 2024/992/4 2023/993/4 2021/124/3
f 2024/992/4 2026/994/5 2025/995/5 2023/993/4
f 2026/994/5 2028/996/6 2027/997/6 2025/995/5
f 2028/996/6 2030/998/7 2029/999/7 2027/997/6
f 2030/998/7 2032/1000/8 2031/1001/8 2029/999/7
f 2032/1000/8 2034/1002/9 2033/1003/9 2031/1001/8
f 2034/1002/9 2036/1004/10 2035/1005/10 2033/1003/9
f 2036/1004/10 2038/1006/11 2037/1007/11 2035/1005/10
f 2038/1006/11 2040/1008/12 2039/1009/12 2037/1007/11
f 2040/1008/12 2042/1010/13 2041/1011/13 2039/1009/12
f 2042/1010/13 2044/1012/14 2043/1013/14 2041/1011/13
f 2044/1012/14 2046/1014/15 2045/1015/15 2043/1013/14
f 2046/1014/15 2048/1016/16 2047/1017/16 2045/1015/15
f 2048/1016/16 2050/1018/17 2049/1019/17 2047/1017/16
f 2050/1018/17 2052/1020/18 2051/1021/18 2049/1019/17
f 2052/1020/18 2054/1022/19 2053/1023/19 2051/1021/18
f 2054/1022/19 2056/1024/20 2055/1025/20 2053/1023/19
f 2056/1024/20 2058/1026/21 2057/1027/21 2055/1025/20
f 2058/1026/21 2060/1028/22 2059/1029/22 2057/1027/21
f 2060/1028/22 2062/1030/23 2061/1031/23 2059/1029/22
f 2062/1030/23 2064/1032/24 2063/1033/24 2061/1031/23
f 2064/1032/24 2066/1034/25 2065/1035/25 2063/1033/24
f 2066/1034/25 2068/1036/26 2067/1037/26 2065/1035/25
f 2068/1036/26 2070/1038/27 2069/1039/27 2067/1037/26
f 2070/1038/27 2072/1040/28 2071/1041/28 2069/1039/27
f 2072/1040/28 2074/1042/29 2073/1043/29 2071/1041/28
f 2074/1042/29 2076/1044/30 2075/1045/30 2073/1043/29
f 2076/1044/30 2078/1046/31 2077/1047/31 2075/1045/30
f 2078/1046/31 2080/1048/32 2079/1049/32 2077/1047/31
f 2080/1048/32 2082/1050/33 2081/1051/33 2079/1049/32
f 2082/1050/33 2084/1052/34 2083/1053/34 2081/1051/33
f 2084/1052/34 2086/1054/35 2085/1055/35 2083/1053/34
f 2086/1054/35 2088/1056/36 2087/1057/36 2085/1055/35
f 2088/1056/36 2090/1058/37 2089/1059/37 2087/1057/36
f 2090/1058/37 2092/1060/38 2091/1061/38 2089/1059/37
f 2092/1060/38 2094/1062/39 2093/1063/39 2091/1061/38
f 2094/1062/39 2096/1064/40 2095/1065/40 2093/1063/39
f 2096/1064/40 2098/1066/41 2097/1067/41 2095/1065/40
f 2098/1066/41 2100/1068/42 2099/1069/42 2097/1067/41
f 2100/1068/42 2102/1070/43 2101/1071/43 2099/1069/42
f 2102/1070/43 2104/1072/44 2103/1073/44 2101/1071/43
f 2104/1072/44 2106/1074/45 2105/1075/45 2103/1073/44
f 2106/1074/45 2108/1076/46 2107/1077/46 2105/1075/45
f 2108/1076/46 2110/1078/47 2109/1079/47 2107/1077/46
f 2110/1078/47 2112/1080/48 2111/1081/48 2109/1079/47
f 2112/1080/48 2114/1082/49 2113/1083/49 2111/1081/48
f 2114/1082/49 2116/1084/50 2115/1085/50 2113/1083/49
f 2116/1084/50 2118/1086/51 2117/567/51 2115/1085/50
f 2118/1086/51 2120/1087/52 2119/1088/52 2117/567/51
f 2120/1087/52 2122/1089/53 2121/1090/53 2119/1088/52
f 2122/1089/53 2124/1091/54 2123/1092/54 2121/1090/53
f 2124/1091/54 2126/1093/55 2125/1094/55 2123/1092/54
f 2126/1093/55 2128/1095/56 2127/1096/56 2125/1094/55
f 2128/1095/56 2130/1097/57 2129/1098/57 2127/1096/56
f 2130/1097/57 2132/1099/58 2131/1100/58 2129/1098/57
f 2132/1099/58 2134/1101/59 2133/1102/59 2131/1100/58
f 2134/1101/59 2136/1103/60 2135/1104/60 2133/1102/59
f 2136/1103/60 2138/1105/61 2137/1106/61 2135/1104/60
f 2138/1105/61 2140/1107/62 2139/1108/62 2137/1106/61
f 2140/1107/62 2142/1109/63 2141/1110/63 2139/1108/62
f 2142/1109/63 2144/1111/64 2143/1112/64 2141/1110/63
f 2144/1111/64 2146/1113/65 2145/1114/65 2143/1112/64
f 2146/1113/65 2148/1115/66 2147/1116/66 2145/1114/65
f 2148/1115/66 2150/1117/67 2149/1118/67 2147/1116/66
f 2150/1117/67 2152/1119/68 2151/1120/68 2149/1118/67
f 2152/1119/68 2154/1121/69 2153/1122/69 2151/1120/68
f 2154/1121/69 2156/1123/70 2155/1124/70 2153/1122/69
f 2156/1123/70 2158/1125/71 2157/1126/71 2155/1124/70
f 2158/1125/71 2160/1127/72 2159/1128/72 2157/1126/71
f 2160/1127/72 2162/1129/73 2161/1130/73 2159/1128/72
f 2162/1129/73 2164/1131/74 2163/1132/74 2161/1130/73
f 2164/1131/74 2166/1133/75 2165/1134/75 2163/1132/74
f 2166/1133/75 2168/1135/76 2167/1136/76 2165/1134/75
f 2168/1135/76 2170/1137/77 2169/1138/77 2167/1136/76
f 2170/1137/77 2172/1139/78 2171/1140/78 2169/1138/77
f 2172/1139/78 2174/1141/79 2173/1142/79 2171/1140/78
f 2174/1141/79 2176/1143/80 2175/1144/80 2173/1142/79
f 2176/1143/80 2178/1145/81 2177/1146/81 2175/1144/80
f 2178/1145/81 2180/1147/82 2179/1148/82 2177/1146/81
f 2180/1147/82 2182/1149/83 2181/1150/83 2179/1148/82
f 2182/1149/83 2184/1151/84 2183/1152/84 2181/1150/83
f 2184/1151/84 2186/1153/85 2185/1154/85 2183/1152/84
f 2186/1153/85 2188/1155/86 2187/1156/86 2185/1154/85
f 2188/1155/86 2190/1157/87 2189/1158/87 2187/1156/86
f 2190/1157/87 2192/1159/88 2191/1160/88 2189/1158/87
f 2192/1159/88 2194/1161/89 2193/1162/89 2191/1160/88
f 2194/1161/89 2196/1163/90 2195/1164/90 2193/1162/89
f 2196/1163/90 2198/1165/91 2197/1166/91 2195/1164/90
f 2198/1165/91 2200/1167/92 2199/1168/92 2197/1166/91
f 2200/1167/92 2202/1169/93 2201/1170/93 2199/1168/92
f 2202/1169/93 2204/1171/94 2203/1172/94 2201/1170/93
f 2204/1171/94 2206/1173/95 2205/1174/95 2203/1172/94
f 2206/1173/95 2208/1175/96 2207/1176/96 2205/1174/95
f 2208/1175/96 2210/1177/97 2209/1178/97 2207/1176/96
f 2210/1177/97 2212/1179/98 2211/1180/98 2209/1178/97
f 2212/1179/98 2214/1181/99 2213/568/99 2211/1180/98
f 2214/1181/99 2216/1182/100 2215/1183/100 2213/568/99
f 2216/1182/100 2218/1184/101 2217/1185/101 2215/1183/100
f 2218/1184/101 2220/1186/102 2219/1187/102 2217/1185/101
f 2220/1186/102 2222/1188/103 2221/1189/103 2219/1187/102
f 2222/1188/103 2224/1190/104 2223/1191/104 2221/1189/103
f 2224/1190/104 2226/1192/105 2225/1193/105 2223/1191/104
f 2226/1192/105 2228/1194/106 2227/1195/106 2225/1193/105
f 2228/1194/106 2230/1196/107 2229/1197/107 2227/1195/106
f 2230/1196/107 2232/1198/108 2231/1199/108 2229/1197/107
f 2232/1198/108 2234/1200/109 2233/1201/109 2231/1199/108
f 2234/1200/109 2236/1202/110 2235/1203/110 2233/1201/109
f 2236/1202/110 2238/1204/111 2237/1205/111 2235/1203/110
f 2238/1204/111 2240/1206/112 2239/1207/112 2237/1205/111
f 2240/1206/112 2242/1208/113 2241/1209/113 2239/1207/112
f 2242/1208/113 2244/1210/114 2243/1211/114 2241/1209/113
f 2244/1210/114 2246/1212/115 2245/1213/115 2243/1211/114
f 2246/1212/115 2248/1214/116 2247/1215/116 2245/1213/115
f 2248/1214/116 2250/1216/117 2249/1217/117 2247/1215/116
f 2250/1216/117 2252/1218/118 2251/1219/118 2249/1217/117
f 2252/1218/118 2254/1220/119 2253/1221/119 2251/1219/118
f 2254/1220/119 2256/1222/120 2255/1223/120 2253/1221/119
f 2256/1222/120 2258/1224/121 2257/1225/121 2255/1223/120
f 2258/1224/121 2260/1226/122 2259/1227/122 2257/1225/121
f 2260/1226/122 2262/1228/123 2261/1229/123 2259/1227/122
f 2262/1228/123 2264/1230/124 2263/1231/124 2261/1229/123
f 2264/1230/124 2266/1232/125 2265/1233/125 2263/1231/124
f 2266/1232/125 2268/1234/126 2267/1235/126 2265/1233/125
f 2268/1234/126 2270/1236/127 2269/1237/127 2267/1235/126
f 2270/1236/127 2272/1238/128 2271/1239/128 2269/1237/127
f 2272/1238/128 2274/1240/129 2273/1241/129 2271/1239/128
f 2274/1240/129 2276/1242/130 2275/1243/130 2273/1241/129
f 2276/1242/130 2278/1244/131 2277/1245/131 2275/1243/130
f 2278/1244/131 2280/1246/132 2279/1247/132 2277/1245/131
f 2280/1246/132 2282/1248/133 2281/1249/133 2279/1247/132
f 2282/1248/133 2284/1250/134 2283/1251/134 2281/1249/133
f 2284/1250/134 2286/1252/135 2285/1253/135 2283/1251/134
f 2286/1252/135 2288/1254/136 2287/1255/136 2285/1253/135
f 2288/1254/136 2290/1256/137 2289/1257/137 2287/1255/136
f 2290/1256/137 2292/1258/138 2291/1259/138 2289/1257/137
f 2292/1258/138 2294/1260/139 2293/1261/139 2291/1259/138
f 2294/1260/139 2296/1262/140 2295/1263/140 2293/1261/139
f 2296/1262/140 2298/1264/141 2297/1265/141 2295/1263/140
f 2298/1264/141 2300/1266/142 2299/1267/142 2297/1265/141
f 2300/1266/142 2302/1268/143 2301/1269/143 2299/1267/142
f 2302/1268/143 2304/1270/144 2303/1271/144 2301/1269/143
f 2304/1270/144 2306/1272/145 2305/1273/145 2303/1271/144
f 2306/1272/145 2308/1274/146 2307/1275/146 2305/1273/145
f 2308/1274/146 2022/1276/3 2021/126/3 2307/1275/146
f 2310/991/147 2312/992/148 2311/993/148 2309/124/147
f 2312/992/148 2314/994/149 2313/995/149 2311/993/148
f 2314/994/149 2316/996/150 2315/997/150 2313/995/149
f 2316/996/150 2318/998/151 2317/999/151 2315/997/150
f 2318/998/151 2320/1000/152 2319/1001/152 2317/999/151
f 2320/1000/152 2322/1002/153 2321/1003/153 2319/1001/152
f 2322/1002/153 2324/1004/154 2323/1005/154 2321/1003/153
f 2324/1004/154 2326/1006/155 2325/1007/155 2323/1005/154
f 2326/1006/155 2328/1008/156 2327/1009/156 2325/1007/155
f 2328/1008/156 2330/1010/157 2329/1011/157 2327/1009/156
f 2330/1010/157 2332/1012/158 2331/1013/158 2329/1011/157
f 2332/1012/158 2334/1014/159 2333/1015/159 2331/1013/158
f 2334/1014/159 2336/1016/160 2335/1017/160 2333/1015/159
f 2336/1016/160 2338/1018/161 2337/1019/161 2335/1017/160
f 2338/1018/161 2340/1020/162 2339/1021/162 2337/1019/161
f 2340/1020/162 2342/1022/163 2341/1023/163 2339/1021/162
f 2342/1022/163 2344/1024/164 2343/1025/164 2341/1023/163
f 2344/1024/164 2346/1026/165 2345/1027/165 2343/1025/164
f 2346/1026/165 2348/1028/166 2347/1029/166 2345/1027/165
f 2348/1028/166 2350/1030/167 2349/1031/167 2347/1029/166
f 2350/1030/167 2352/1032/168 2351/1033/168 2349/1031/167
f 2352/1032/168 2354/1034/169 2353/1035/169 2351/1033/168
f 2354/1034/169 2356/1036/170 2355/1037/170 2353/1035/169
f 2356/1036/170 2358/1038/171 2357/1039/171 2355/1037/170
f 2358/1038/171 2360/1040/172 2359/1041/172 2357/1039/171
f 2360/1040/172 2362/1042/173 2361/1043/173 2359/1041/172
f 2362/1042/173 2364/1044/174 2363/1045/174 2361/1043/173
f 2364/1044/174 2366/1046/175 2365/1047/175 2363/1045/174
f 2366/1046/175 2368/1048/176 2367/1049/176 2365/1047/175
f 2368/1048/176 2370/1050/177 2369/1051/177 2367/1049/176
f 2370/1050/177 2372/1052/178 2371/1053/178 2369/1051/177
f 2372/1052/178 2374/1054/179 2373/1055/179 2371/1053/178
f 2374/1054/179 2376/1056/180 2375/1057/180 2373/1055/179
f 2376/1056/180 2378/1058/181 2377/1059/181 2375/1057/180
f 2378/1058/181 2380/1060/182 2379/1061/182 2377/1059/181
f 2380/1060/182 2382/1062/183 2381/1063/183 2379/1061/182
f 2382/1062/183 2384/1064/184 2383/1065/184 2381/1063/183
f 2384/1064/184 2386/1066/185 2385/1067/185 2383/1065/184
f 2386/1066/185 2388/1068/186 2387/1069/186 2385/1067/185
f 2388/1068/186 2390/1070/187 2389/1071/187 2387/1069/186
f 2390/1070/187 2392/1072/188 2391/1073/188 2389/1071/187
f 2392/1072/188 2394/1074/189 2393/1075/189 2391/1073/188
f 2394/1074/189 2396/1076/190 2395/1077/190 2393/1075/189
f 2396/1076/190 2398/1078/191 2397/1079/191 2395/1077/190
f 2398/1078/191 2400/1080/192 2399/1081/192 2397/1079/191
f 2400/1080/192 2402/1082/193 2401/1083/193 2399/1081/192
f 2402/1082/193 2404/1084/194 2403/1085/194 2401/1083/193
f 2404/1084/194 2406/1086/195 2405/567/195 2403/1085/194
f 2406/1086/195 2408/1087/196 2407/1088/196 2405/567/195
f 2408/1087/196 2410/1089/197 2409/1090/197 2407/1088/196
f 2410/1089/197 2412/1091/198 2411/1092/198 2409/1090/197
f 2412/1091/198 2414/1093/199 2413/1094/199 2411/1092/198
f 2414/1093/199 2416/1095/200 2415/1096/200 2413/1094/199
f 2416/1095/200 2418/1097/201 2417/1098/201 2415/1096/200
f 2418/1097/201 2420/1099/202 2419/1100/202 2417/1098/201
f 2420/1099/202 2422/1101/203 2421/1102/203 2419/1100/202
f 2422/1101/203 2424/1103/204 2423/1104/204 2421/1102/203
f 2424/1103/204 2426/1105/205 2425/1106/205 2423/1104/204
f 2426/1105/205 2428/1107/206 2427/1108/206 2425/1106/205
f 2428/1107/206 2430/1109/207 2429/1110/207 2427/1108/206
f 2430/1109/207 2432/1111/208 2431/1112/208 2429/1110/207
f 2432/1111/208 2434/1113/209 2433/1114/209 2431/1112/208
f 2434/1113/209 2436/1115/210 2435/1116/210 2433/1114/209
f 2436/1115/210 2438/1117/211 2437/1118/211 2435/1116/210
f 2438/1117/211 2440/1119/212 2439/1120/212 2437/1118/211
f 2440/1119/212 2442/1121/213 2441/1122/213 2439/1120/212
f 2442/1121/213 2444/1123/214 2443/1124/214 2441/1122/213
f 2444/1123/214 2446/1125/215 2445/1126/215 2443/1124/214
f 2446/1125/215 2448/1127/216 2447/1128/216 2445/1126/215
f 2448/1127/216 2450/1129/217 2449/1130/217 2447/1128/216
f 2450/1129/217 2452/1131/218 2451/1132/218 2449/1130/217
f 2452/1131/218 2454/1133/15 2453/1134/15 2451/1132/218
f 2454/1133/15 2456/1135/219 2455/1136/219 2453/1134/15
f 2456/1135/219 2458/1137/220 2457/1138/220 2455/1136/219
f 2458/1137/220 2460/1139/221 2459/1140/221 2457/1138/220
f 2460/1139/221 2462/1141/222 2461/1142/222 2459/1140/221
f 2462/1141/222 2464/1143/223 2463/1144/223 2461/1142/222
f 2464/1143/223 2466/1145/224 2465/1146/224 2463/1144/223
f 2466/1145/224 2468/1147/225 2467/1148/225 2465/1146/224
f 2468/1147/225 2470/1149/226 2469/1150/226 2467/1148/225
f 2470/1149/226 2472/1151/227 2471/1152/227 2469/1150/226
f 2472/1151/227 2474/1153/228 2473/1154/228 2471/1152/227
f 2474/1153/228 2476/1155/229 2475/1156/229 2473/1154/228
f 2476/1155/229 2478/1157/230 2477/1158/230 2475/1156/229
f 2478/1157/230 2480/1159/231 2479/1160/231 2477/1158/230
f 2480/1159/231 2482/1161/232 2481/1162/232 2479/1160/231
f 2482/1161/232 2484/1163/233 2483/1164/233 2481/1162/232
f 2484/1163/233 2486/1165/234 2485/1166/234 2483/1164/233
f 2486/1165/234 2488/1167/235 2487/1168/235 2485/1166/234
f 2488/1167/235 2490/1169/236 2489/1170/236 2487/1168/235
f 2490/1169/236 2492/1171/237 2491/1172/237 2489/1170/236
f 2492/1171/237 2494/1173/238 2493/1174/238 2491/1172/237
f 2494/1173/238 2496/1175/239 2495/1176/239 2493/1174/238
f 2496/1175/239 2498/1177/240 2497/1178/240 2495/1176/239
f 2498/1177/240 2500/1179/241 2499/1180/241 2497/1178/240
f 2500/1179/241 2502/1181/242 2501/568/242 2499/1180/241
f 2502/1181/242 2504/1182/243 2503/1183/243 2501/568/242
f 2504/1182/243 2506/1184/244 2505/1185/244 2503/1183/243
f 2506/1184/244 2508/1186/245 2507/1187/245 2505/1185/244
f 2508/1186/245 2510/1188/246 2509/1189/246 2507/1187/245
f 2510/1188/246 2512/1190/247 2511/1191/247 2509/1189/246
f 2512/1190/247 2514/1192/248 2513/1193/248 2511/1191/247
f 2514/1192/248 2516/1194/249 2515/1195/249 2513/1193/248
f 2516/1194/249 2518/1196/250 2517/1197/250 2515/1195/249
f 2518/1196/250 2520/1198/251 2519/1199/251 2517/1197/250
f 2520/1198/251 2522/1200/252 2521/1201/252 2519/1199/251
f 2522/1200/252 2524/1202/253 2523/1203/253 2521/1201/252
f 2524/1202/253 2526/1204/254 2525/1205/254 2523/1203/253
f 2526/1204/254 2528/1206/255 2527/1207/255 2525/1205/254
f 2528/1206/255 2530/1208/256 2529/1209/256 2527/1207/255
f 2530/1208/256 2532/1210/257 2531/1211/257 2529/1209/256
f 2532/1210/257 2534/1212/258 2533/1213/258 2531/1211/257
f 2534/1212/258 2536/1214/259 2535/1215/259 2533/1213/258
f 2536/1214/259 2538/1216/260 2537/1217/260 2535/1215/259
f 2538/1216/260 2540/1218/261 2539/1219/261 2537/1217/260
f 2540/1218/261 2542/1220/262 2541/1221/262 2539/1219/261
f 2542/1220/262 2544/1222/263 2543/1223/263 2541/1221/262
f 2544/1222/263 2546/1224/264 2545/1225/264 2543/1223/263
f 2546/1224/264 2548/1226/265 2547/1227/265 2545/1225/264
f 2548/1226/265 2550/1228/266 2549/1229/266 2547/1227/265
f 2550/1228/266 2552/1230/267 2551/1231/267 2549/1229/266
f 2552/1230/267 2554/1232/268 2553/1233/268 2551/1231/267
f 2554/1232/268 2556/1234/269 2555/1235/269 2553/1233/268
f 2556/1234/269 2558/1236/270 2557/1237/270 2555/1235/269
f 2558/1236/270 2560/1238/271 2559/1239/271 2557/1237/270
f 2560/1238/271 2562/1240/272 2561/1241/272 2559/1239/271
f 2562/1240/272 2564/1242/273 2563/1243/273 2561/1241/272
f 2564/1242/273 2566/1244/274 2565/1245/274 2563/1243/273
f 2566/1244/274 2568/1246/275 2567/1247/275 2565/1245/274
f 2568/1246/275 2570/1248/276 2569/1249/276 2567/1247/275
f 2570/1248/276 2572/1250/277 2571/1251/277 2569/1249/276
f 2572/1250/277 2574/1252/278 2573/1253/278 2571/1251/277
f 2574/1252/278 2576/1254/279 2575/1255/279 2573/1253/278
f 2576/1254/279 2578/1256/280 2577/1257/280 2575/1255/279
f 2578/1256/280 2580/1258/281 2579/1259/281 2577/1257/280
f 2580/1258/281 2582/1260/282 2581/1261/282 2579/1259/281
f 2582/1260/282 2584/1262/283 2583/1263/283 2581/1261/282
f 2584/1262/283 2586/1264/284 2585/1265/284 2583/1263/283
f 2586/1264/284 2588/1266/285 2587/1267/285 2585/1265/284
f 2588/1266/285 2590/1268/286 2589/1269/286 2587/1267/285
f 2590/1268/286 2592/1270/287 2591/1271/287 2589/1269/286
f 2592/1270/287 2594/1272/288 2593/1273/288 2591/1271/287
f 2594/1272/288 2596/1274/289 2595/1275/289 2593/1273/288
f 2596/1274/289 2310/1276/147 2309/126/147 2595/1275/289
f 2598/991/290 2600/1277/291 2599/1278/291 2597/124/290
f 2600/1277/291 2602/1279/292 2601/1280/292 2599/1278/291
f 2602/1279/292 2604/1281/293 2603/1282/293 2601/1280/292
f 2604/1281/293 2606/1283/294 2605/1284/294 2603/1282/293
f 2606/1283/294 2608/1285/295 2607/1286/295 2605/1284/294
f 2608/1285/295 2610/1287/296 2609/1288/296 2607/1286/295
f 2610/1287/296 2612/1289/297 2611/1290/297 2609/1288/296
f 2612/1289/297 2614/1291/298 2613/1292/298 2611/1290/297
f 2614/1291/298 2616/1293/299 2615/1294/299 2613/1292/298
f 2616/1293/299 2618/1295/300 2617/1296/300 2615/1294/299
f 2618/1295/300 2620/1297/301 2619/1298/301 2617/1296/300
f 2620/1297/301 2622/1299/302 2621/1300/302 2619/1298/301
f 2622/1299/302 2624/1301/303 2623/1302/303 2621/1300/302
f 2624/1301/303 2626/1303/304 2625/1304/304 2623/1302/303
f 2626/1303/304 2628/1305/305 2627/1306/305 2625/1304/304
f 2628/1305/305 2630/1307/306 2629/1308/306 2627/1306/305
f 2630/1307/306 2632/1309/307 2631/1310/307 2629/1308/306
f 2632/1309/307 2634/1311/308 2633/1312/308 2631/1310/307
f 2634/1311/308 2636/1313/309 2635/1314/309 2633/1312/308
f 2636/1313/309 2638/1315/310 2637/1316/310 2635/1314/309
f 2638/1315/310 2640/1317/311 2639/1318/311 2637/1316/310
f 2640/1317/311 2642/1319/312 2641/1320/312 2639/1318/311
f 2642/1319/312 2644/1038/313 2643/1039/313 2641/1320/312
f 2644/1038/313 2646/1321/314 2645/1322/314 2643/1039/313
f 2646/1321/314 2648/1323/315 2647/1324/315 2645/1322/314
f 2648/1323/315 2650/1325/316 2649/1326/316 2647/1324/315
f 2650/1325/316 2652/1327/317 2651/1328/317 2649/1326/316
f 2652/1327/317 2654/1329/318 2653/1330/318 2651/1328/317
f 2654/1329/318 2656/1331/319 2655/1332/319 2653/1330/318
f 2656/1331/319 2658/1333/320 2657/1334/320 2655/1332/319
f 2658/1333/320 2660/1335/321 2659/1336/321 2657/1334/320
f 2660/1335/321 2662/1337/322 2661/1338/322 2659/1336/321
f 2662/1337/322 2664/1339/323 2663/1340/323 2661/1338/322
f 2664/1339/323 2666/1341/324 2665/1342/324 2663/1340/323
f 2666/1341/324 2668/1343/325 2667/1344/325 2665/1342/324
f 2668/1343/325 2670/1345/326 2669/1346/326 2667/1344/325
f 2670/1345/326 2672/1347/327 2671/1348/327 2669/1346/326
f 2672/1347/327 2674/1349/328 2673/1350/328 2671/1348/327
f 2674/1349/328 2676/1351/329 2675/1352/329 2673/1350/328
f 2676/1351/329 2678/1353/291 2677/1354/291 2675/1352/329
f 2678/1353/291 2680/1355/292 2679/1356/292 2677/1354/291
f 2680/1355/292 2682/1357/330 2681/1358/330 2679/1356/292
f 2682/1357/330 2684/1359/331 2683/1360/331 2681/1358/330
f 2684/1359/331 2686/1361/332 2685/1362/332 2683/1360/331
f 2686/1361/332 2688/1363/333 2687/1364/333 2685/1362/332
f 2688/1363/333 2690/1086/334 2689/567/334 2687/1364/333
f 2690/1086/334 2692/1365/335 2691/1366/335 2689/567/334
f 2692/1365/335 2694/1367/336 2693/1368/336 2691/1366/335
f 2694/1367/336 2696/1369/337 2695/1370/337 2693/1368/336
f 2696/1369/337 2698/1371/338 2697/1372/338 2695/1370/337
f 2698/1371/338 2700/1373/339 2699/1374/339 2697/1372/338
f 2700/1373/339 2702/1375/340 2701/1376/340 2699/1374/339
f 2702/1375/340 2704/1377/341 2703/1378/341 2701/1376/340
f 2704/1377/341 2706/1379/342 2705/1380/342 2703/1378/341
f 2706/1379/342 2708/1381/343 2707/1382/343 2705/1380/342
f 2708/1381/343 2710/1383/344 2709/1384/344 2707/1382/343
f 2710/1383/344 2712/1385/345 2711/1386/345 2709/1384/344
f 2712/1385/345 2714/1387/346 2713/1388/346 2711/1386/345
f 2714/1387/346 2716/1389/347 2715/1390/347 2713/1388/346
f 2716/1389/347 2718/1391/348 2717/1392/348 2715/1390/347
f 2718/1391/348 2720/1393/349 2719/1394/349 2717/1392/348
f 2720/1393/349 2722/1395/350 2721/1396/350 2719/1394/349
f 2722/1395/350 2724/1397/351 2723/1398/351 2721/1396/350
f 2724/1397/351 2726/1399/352 2725/1400/352 2723/1398/351
f 2726/1399/352 2728/1401/353 2727/1402/353 2725/1400/352
f 2728/1401/353 2730/1403/354 2729/1404/354 2727/1402/353
f 2730/1403/354 2732/1405/355 2731/1406/355 2729/1404/354
f 2732/1405/355 2734/1407/356 2733/1408/356 2731/1406/355
f 2734/1407/356 2736/1133/357 2735/1134/357 2733/1408/356
f 2736/1133/357 2738/1409/358 2737/1410/358 2735/1134/357
f 2738/1409/358 2740/1411/359 2739/1412/359 2737/1410/358
f 2740/1411/359 2742/1413/360 2741/1414/360 2739/1412/359
f 2742/1413/360 2744/1415/361 2743/1416/361 2741/1414/360
f 2744/1415/361 2746/1417/362 2745/1418/362 2743/1416/361
f 2746/1417/362 2748/1419/363 2747/1420/363 2745/1418/362
f 2748/1419/363 2750/1421/364 2749/1422/364 2747/1420/363
f 2750/1421/364 2752/1423/365 2751/1424/365 2749/1422/364
f 2752/1423/365 2754/1425/366 2753/1426/366 2751/1424/365
f 2754/1425/366 2756/1427/367 2755/1428/367 2753/1426/366
f 2756/1427/367 2758/1429/368 2757/1430/368 2755/1428/367
f 2758/1429/368 2760/1431/369 2759/1432/369 2757/1430/368
f 2760/1431/369 2762/1433/370 2761/1434/370 2759/1432/369
f 2762/1433/370 2764/1435/371 2763/1436/371 2761/1434/370
f 2764/1435/371 2766/1437/372 2765/1438/372 2763/1436/371
f 2766/1437/372 2768/1439/373 2767/1440/373 2765/1438/372
f 2768/1439/373 2770/1441/374 2769/1442/374 2767/1440/373
f 2770/1441/374 2772/1443/375 2771/1444/375 2769/1442/374
f 2772/1443/375 2774/1445/376 2773/1446/376 2771/1444/375
f 2774/1445/376 2776/1447/377 2775/1448/377 2773/1446/376
f 2776/1447/377 2778/1449/378 2777/1450/378 2775/1448/377
f 2778/1449/378 2780/1451/379 2779/1452/379 2777/1450/378
f 2780/1451/379 2782/1181/380 2781/568/380 2779/1452/379
f 2782/1181/380 2784/1453/381 2783/1454/381 2781/568/380
f 2784/1453/381 2786/1455/382 2785/1456/382 2783/1454/381
f 2786/1455/382 2788/1457/383 2787/1458/383 2785/1456/382
f 2788/1457/383 2790/1459/384 2789/1460/384 2787/1458/383
f 2790/1459/384 2792/1461/385 2791/1462/385 2789/1460/384
f 2792/1461/385 2794/1463/386 2793/1464/386 2791/1462/385
f 2794/1463/386 2796/1465/387 2795/1466/387 2793/1464/386
f 2796/1465/387 2798/1467/388 2797/1468/388 2795/1466/387
f 2798/1467/388 2800/1469/389 2799/1470/389 2797/1468/388
f 2800/1469/389 2802/1471/390 2801/1472/390 2799/1470/389
f 2802/1471/390 2804/1473/391 2803/1474/391 2801/1472/390
f 2804/1473/391 2806/1475/392 2805/1476/392 2803/1474/391
f 2806/1475/392 2808/1477/393 2807/1478/393 2805/1476/392
f 2808/1477/393 2810/1479/394 2809/1480/394 2807/1478/393
f 2810/1479/394 2812/1481/395 2811/1482/395 2809/1480/394
f 2812/1481/395 2814/1483/396 2813/1484/396 2811/1482/395
f 2814/1483/396 2816/1485/397 2815/1486/397 2813/1484/396
f 2816/1485/397 2818/1487/398 2817/1488/398 2815/1486/397
f 2818/1487/398 2820/1489/399 2819/1490/399 2817/1488/398
f 2820/1489/399 2822/1491/400 2821/1492/400 2819/1490/399
f 2822/1491/400 2824/1493/401 2823/1494/401 2821/1492/400
f 2824/1493/401 2826/1495/402 2825/1496/402 2823/1494/401
f 2826/1495/402 2828/1228/403 2827/1229/403 2825/1496/402
f 2828/1228/403 2830/1497/404 2829/1498/404 2827/1229/403
f 2830/1497/404 2832/1499/405 2831/1500/405 2829/1498/404
f 2832/1499/405 2834/1501/406 2833/1502/406 2831/1500/405
f 2834/1501/406 2836/1503/407 2835/1504/407 2833/1502/406
f 2836/1503/407 2838/1505/408 2837/1506/408 2835/1504/407
f 2838/1505/408 2840/1507/409 2839/1508/409 2837/1506/408
f 2840/1507/409 2842/1509/410 2841/1510/410 2839/1508/409
f 2842/1509/410 2844/1511/411 2843/1512/411 2841/1510/410
f 2844/1511/411 2846/1513/412 2845/1514/412 2843/1512/411
f 2846/1513/412 2848/1515/413 2847/1516/413 2845/1514/412
f 2848/1515/413 2850/1517/414 2849/1518/414 2847/1516/413
f 2850/1517/414 2852/1519/415 2851/1520/415 2849/1518/414
f 2852/1519/415 2854/1521/416 2853/1522/416 2851/1520/415
f 2854/1521/416 2856/1523/417 2855/1524/417 2853/1522/416
f 2856/1523/417 2858/1525/418 2857/1526/418 2855/1524/417
f 2858/1525/418 2860/1527/419 2859/1528/419 2857/1526/418
f 2860/1527/419 2862/1529/420 2861/1530/420 2859/1528/419
f 2862/1529/420 2864/1531/421 2863/1532/421 2861/1530/420
f 2864/1531/421 2866/1533/422 2865/1534/422 2863/1532/421
f 2866/1533/422 2868/1535/423 2867/1536/423 2865/1534/422
f 2868/1535/423 2870/1537/424 2869/1538/424 2867/1536/423
f 2870/1537/424 2872/1539/425 2871/1540/425 2869/1538/424
f 2872/1539/425 2598/1276/290 2597/126/290 2871/1540/425
f 2874/991/426 2876/1026/291 2875/1027/291 2873/124/426
f 2876/1026/291 2878/1062/292 2877/1063/292 2875/1027/291
f 2878/1062/292 2880/1097/427 2879/1098/427 2877/1063/292
f 2880/1097/427 2882/1133/427 2881/1134/427 2879/1098/427
f 2882/1133/427 2884/1169/427 2883/1170/427 2881/1134/427
f 2884/1169/427 2886/1204/426 2885/1205/426 2883/1170/427
f 2886/1204/426 2888/1240/426 2887/1241/426 2885/1205/426
f 2888/1240/426 2874/1276/426 2873/126/426 2887/1241/426
f 2890/991/427 2892/1062/426 2891/1063/426 2889/124/427
f 2892/1062/426 2894/1133/291 2893/1134/291 2891/1063/426
f 2894/1133/291 2896/1204/292 2895/1205/292 2893/1134/291
f 2896/1204/292 2890/1276/427 2889/126/427 2895/1205/292
f 2898/991/292 2900/1038/292 2899/1039/292 2897/124/292
f 2900/1038/292 2902/1086/292 2901/567/292 2899/1039/292
f 2902/1086/292 2904/1133/427 2903/1134/427 2901/567/292
f 2904/1133/427 2906/1181/426 2905/568/426 2903/1134/427
f 2906/1181/426 2908/1228/291 2907/1229/291 2905/568/426
f 2908/1228/291 2898/1276/292 2897/126/292 2907/1229/291
f 2910/991/428 2912/1541/429 2911/1542/429 2909/124/428
f 2912/1541/429 2914/1543/430 2913/1544/430 2911/1542/429
f 2914/1543/430 2916/1545/431 2915/1546/431 2913/1544/430
f 2916/1545/431 2918/1547/432 2917/1548/432 2915/1546/431
f 2918/1547/432 2920/1549/433 2919/1550/433 2917/1548/432
f 2920/1549/433 2922/1551/434 2921/1552/434 2919/1550/433
f 2922/1551/434 2924/1553/435 2923/1554/435 2921/1552/434
f 2924/1553/435 2926/1555/436 2925/1556/436 2923/1554/435
f 2926/1555/436 2928/1557/437 2927/1558/437 2925/1556/436
f 2928/1557/437 2930/1559/438 2929/1560/438 2927/1558/437
f 2930/1559/438 2932/1561/439 2931/1562/439 2929/1560/438
f 2932/1561/439 2934/1563/440 2933/1564/440 2931/1562/439
f 2934/1563/440 2936/1565/441 2935/1566/441 2933/1564/440
f 2936/1565/441 2938/1567/442 2937/1568/442 2935/1566/441
f 2938/1567/442 2940/1569/443 2939/1570/443 2937/1568/442
f 2940/1569/443 2942/1571/444 2941/1572/444 2939/1570/443
f 2942/1571/444 2944/1573/445 2943/1574/445 2941/1572/444
f 2944/1573/445 2946/1575/446 2945/1576/446 2943/1574/445
f 2946/1575/446 2948/1577/447 2947/1578/447 2945/1576/446
f 2948/1577/447 2950/1579/448 2949/1580/448 2947/1578/447
f 2950/1579/448 2952/1581/449 2951/1582/449 2949/1580/448
f 2952/1581/449 2954/1583/450 2953/1584/450 2951/1582/449
f 2954/1583/450 2956/1585/451 2955/1586/451 2953/1584/450
f 2956/1585/451 2958/1587/452 2957/1588/452 2955/1586/451
f 2958/1587/452 2960/1589/84 2959/1590/84 2957/1588/452
f 2960/1589/84 2962/1591/453 2961/1592/453 2959/1590/84
f 2962/1591/453 2964/1593/454 2963/1594/454 2961/1592/453
f 2964/1593/454 2966/1595/455 2965/1596/455 2963/1594/454
f 2966/1595/455 2968/1597/456 2967/1598/456 2965/1596/455
f 2968/1597/456 2970/1599/457 2969/1600/457 2967/1598/456
f 2970/1599/457 2972/1601/458 2971/1602/458 2969/1600/457
f 2972/1601/458 2974/1603/459 2973/1604/459 2971/1602/458
f 2974/1603/459 2976/1605/460 2975/1606/460 2973/1604/459
f 2976/1605/460 2978/1607/461 2977/1608/461 2975/1606/460
f 2978/1607/461 2980/1609/462 2979/1610/462 2977/1608/461
f 2980/1609/462 2982/1611/463 2981/1612/463 2979/1610/462
f 2982/1611/463 2984/1613/464 2983/1614/464 2981/1612/463
f 2984/1613/464 2986/1615/465 2985/1616/465 2983/1614/464
f 2986/1615/465 2988/1617/466 2987/1618/466 2985/1616/465
f 2988/1617/466 2990/1619/467 2989/1620/467 2987/1618/466
f 2990/1619/467 2992/1621/468 2991/1622/468 2989/1620/467
f 2992/1621/468 2994/1623/469 2993/1624/469 2991/1622/468
f 2994/1623/469 2996/1625/470 2995/1626/470 2993/1624/469
f 2996/1625/470 2998/1627/471 2997/1628/471 2995/1626/470
f 2998/1627/471 3000/1629/472 2999/1630/472 2997/1628/471
f 3000/1629/472 3002/1631/473 3001/1632/473 2999/1630/472
f 3002/1631/473 3004/1633/474 3003/1634/474 3001/1632/473
f 3004/1633/474 3006/1635/475 3005/1636/475 3003/1634/474
f 3006/1635/475 3008/1637/476 3007/1638/476 3005/1636/475
f 3008/1637/476 3010/1639/477 3009/1640/477 3007/1638/476
f 3010/1639/477 3012/1641/478 3011/1642/478 3009/1640/477
f 3012/1641/478 3014/1643/479 3013/1644/479 3011/1642/478
f 3014/1643/479 3016/1645/480 3015/1646/480 3013/1644/479
f 3016/1645/480 3018/1647/481 3017/1648/481 3015/1646/480
f 3018/1647/481 3020/1649/482 3019/1650/482 3017/1648/481
f 3020/1649/482 3022/1651/483 3021/1652/483 3019/1650/482
f 3022/1651/483 3024/1653/484 3023/1654/484 3021/1652/483
f 3024/1653/484 3026/1655/485 3025/1656/485 3023/1654/484
f 3026/1655/485 3028/1657/486 3027/1658/486 3025/1656/485
f 3028/1657/486 3030/1659/487 3029/1660/487 3027/1658/486
f 3030/1659/487 3032/1661/488 3031/1662/488 3029/1660/487
f 3032/1661/488 3034/1663/489 3033/1664/489 3031/1662/488
f 3034/1663/489 3036/1665/490 3035/1666/490 3033/1664/489
f 3036/1665/490 3038/1667/491 3037/1668/491 3035/1666/490
f 3038/1667/491 3040/1669/492 3039/1670/492 3037/1668/491
f 3040/1669/492 3042/1671/493 3041/1672/493 3039/1670/492
f 3042/1671/493 3044/1673/494 3043/1674/494 3041/1672/493
f 3044/1673/494 3046/1675/495 3045/1676/495 3043/1674/494
f 3046/1675/495 3048/1677/496 3047/1678/496 3045/1676/495
f 3048/1677/496 3050/1679/497 3049/1680/497 3047/1678/496
f 3050/1679/497 3052/1681/498 3051/1682/498 3049/1680/497
f 3052/1681/498 3054/1683/499 3053/1684/499 3051/1682/498
f 3054/1683/499 3056/1685/500 3055/1686/500 3053/1684/499
f 3056/1685/500 3058/1687/501 3057/1688/501 3055/1686/500
f 3058/1687/501 3060/1689/502 3059/1690/502 3057/1688/501
f 3060/1689/502 3062/1691/503 3061/1692/503 3059/1690/502
f 3062/1691/503 3064/1693/504 3063/1694/504 3061/1692/503
f 3064/1693/504 3066/1695/505 3065/1696/505 3063/1694/504
f 3066/1695/505 3068/1697/506 3067/1698/506 3065/1696/505
f 3068/1697/506 3070/1699/507 3069/1700/507 3067/1698/506
f 3070/1699/507 3072/1701/508 3071/1702/508 3069/1700/507
f 3072/1701/508 3074/1703/509 3073/1704/509 3071/1702/508
f 3074/1703/509 3076/1705/510 3075/1706/510 3073/1704/509
f 3076/1705/510 3078/1707/511 3077/1708/511 3075/1706/510
f 3078/1707/511 3080/1709/512 3079/1710/512 3077/1708/511
f 3080/1709/512 3082/1711/513 3081/1712/513 3079/1710/512
f 3082/1711/513 3084/1713/514 3083/1714/514 3081/1712/513
f 3084/1713/514 3086/1715/515 3085/1716/515 3083/1714/514
f 3086/1715/515 3088/1717/516 3087/1718/516 3085/1716/515
f 3088/1717/516 3090/1719/517 3089/1720/517 3087/1718/516
f 3090/1719/517 3092/1721/518 3091/1722/518 3089/1720/517
f 3092/1721/518 3094/1723/519 3093/1724/519 3091/1722/518
f 3094/1723/519 3096/1725/520 3095/1726/520 3093/1724/519
f 3096/1725/520 3098/1727/521 3097/1728/521 3095/1726/520
f 3098/1727/521 3100/1729/522 3099/1730/522 3097/1728/521
f 3100/1729/522 3102/1731/523 3101/1732/523 3099/1730/522
f 3102/1731/523 3104/1733/524 3103/1734/524 3101/1732/523
f 3104/1733/524 3106/1735/525 3105/1736/525 3103/1734/524
f 3106/1735/525 3108/1737/526 3107/1738/526 3105/1736/525
f 3108/1737/526 3110/1739/527 3109/1740/527 3107/1738/526
f 3110/1739/527 3112/1741/528 3111/1742/528 3109/1740/527
f 3112/1741/528 3114/1743/529 3113/1744/529 3111/1742/528
f 3114/1743/529 3116/1745/530 3115/1746/530 3113/1744/529
f 3116/1745/530 3118/1747/531 3117/1748/531 3115/1746/530
f 3118/1747/531 3120/1749/532 3119/1750/532 3117/1748/531
f 3120/1749/532 3122/1751/533 3121/1752/533 3119/1750/532
f 3122/1751/533 3124/1753/534 3123/1754/534 3121/1752/533
f 3124/1753/534 3126/1755/535 3125/1756/535 3123/1754/534
f 3126/1755/535 3128/1757/536 3127/1758/536 3125/1756/535
f 3128/1757/536 3130/1759/537 3129/1760/537 3127/1758/536
f 3130/1759/537 3132/1761/538 3131/1762/538 3129/1760/537
f 3132/1761/538 3134/1763/539 3133/1764/539 3131/1762/538
f 3134/1763/539 3136/1765/540 3135/1766/540 3133/1764/539
f 3136/1765/540 3138/1767/541 3137/1768/541 3135/1766/540
f 3138/1767/541 3140/1769/542 3139/1770/542 3137/1768/541
f 3140/1769/542 3142/1771/543 3141/1772/543 3139/1770/542
f 3142/1771/543 3144/1773/544 3143/1774/544 3141/1772/543
f 3144/1773/544 3146/1775/545 3145/1776/545 3143/1774/544
f 3146/1775/545 3148/1777/546 3147/1778/546 3145/1776/545
f 3148/1777/546 3150/1779/547 3149/1780/547 3147/1778/546
f 3150/1779/547 3152/1781/548 3151/1782/548 3149/1780/547
f 3152/1781/548 3154/1783/549 3153/1784/549 3151/1782/548
f 3154/1783/549 3156/1785/550 3155/1786/550 3153/1784/549
f 3156/1785/550 3158/1787/551 3157/1788/551 3155/1786/550
f 3158/1787/551 3160/1789/552 3159/1790/552 3157/1788/551
f 3160/1789/552 3162/1791/553 3161/1792/553 3159/1790/552
f 3162/1791/553 3164/1793/554 3163/1794/554 3161/1792/553
f 3164/1793/554 3166/1795/555 3165/1796/555 3163/1794/554
f 3166/1795/555 3168/1797/556 3167/1798/556 3165/1796/555
f 3168/1797/556 3170/1799/557 3169/1800/557 3167/1798/556
f 3170/1799/557 3172/1801/558 3171/1802/558 3169/1800/557
f 3172/1801/558 3174/1803/559 3173/1804/559 3171/1802/558
f 3174/1803/559 3176/1805/560 3175/1806/560 3173/1804/559
f 3176/1805/560 3178/1807/561 3177/1808/561 3175/1806/560
f 3178/1807/561 3180/1809/562 3179/1810/562 3177/1808/561
f 3180/1809/562 3182/1811/563 3181/1812/563 3179/1810/562
f 3182/1811/563 3184/1813/564 3183/1814/564 3181/1812/563
f 3184/1813/564 3186/1815/565 3185/1816/565 3183/1814/564
f 3186/1815/565 3188/1817/566 3187/1818/566 3185/1816/565
f 3188/1817/566 3190/1819/567 3189/1820/567 3187/1818/566
f 3190/1819/567 3192/1821/568 3191/1822/568 3189/1820/567
f 3192/1821/568 3194/1823/569 3193/1824/569 3191/1822/568
f 3194/1823/569 3196/1825/570 3195/1826/570 3193/1824/569
f 3196/1825/570 3198/1827/571 3197/1828/571 3195/1826/570
f 3198/1827/571 3200/1829/572 3199/1830/572 3197/1828/571
f 3200/1829/572 3202/1831/573 3201/1832/573 3199/1830/572
f 3202/1831/573 3204/1833/574 3203/1834/574 3201/1832/573
f 3204/1833/574 3206/1835/575 3205/1836/575 3203/1834/574
f 3206/1835/575 3208/1837/576 3207/1838/576 3205/1836/575
f 3208/1837/576 3210/1839/577 3209/1840/577 3207/1838/576
f 3210/1839/577 3212/1841/578 3211/1842/578 3209/1840/577
f 3212/1841/578 3214/1843/579 3213/1844/579 3211/1842/578
f 3214/1843/579 3216/1845/580 3215/1846/580 3213/1844/579
f 3216/1845/580 3218/1847/581 3217/1848/581 3215/1846/580
f 3218/1847/581 3220/1849/582 3219/1850/582 3217/1848/581
f 3220/1849/582 3222/1851/583 3221/1852/583 3219/1850/582
f 3222/1851/583 3224/1853/584 3223/1854/584 3221/1852/583
f 3224/1853/584 3226/1855/585 3225/1856/585 3223/1854/584
f 3226/1855/585 3228/1857/586 3227/1858/586 3225/1856/585
f 3228/1857/586 3230/1859/587 3229/1860/587 3227/1858/586
f 3230/1859/587 3232/1861/588 3231/1862/588 3229/1860/587
f 3232/1861/588 3234/1863/589 3233/1864/589 3231/1862/588
f 3234/1863/589 3236/1865/590 3235/1866/590 3233/1864/589
f 3236/1865/590 3238/1867/591 3237/1868/591 3235/1866/590
f 3238/1867/591 3240/1869/592 3239/1870/592 3237/1868/591
f 3240/1869/592 3242/1871/593 3241/1872/593 3239/1870/592
f 3242/1871/593 3244/1873/594 3243/1874/594 3241/1872/593
f 3244/1873/594 3246/1875/595 3245/1876/595 3243/1874/594
f 3246/1875/595 3248/1877/596 3247/1878/596 3245/1876/595
f 3248/1877/596 3250/1879/597 3249/1880/597 3247/1878/596
f 3250/1879/597 3252/1881/598 3251/1882/598 3249/1880/597
f 3252/1881/598 3254/1883/599 3253/1884/599 3251/1882/598
f 3254/1883/599 3256/1885/600 3255/1886/600 3253/1884/599
f 3256/1885/600 3258/1887/601 3257/1888/601 3255/1886/600
f 3258/1887/601 3260/1889/602 3259/1890/602 3257/1888/601
f 3260/1889/602 3262/1891/603 3261/1892/603 3259/1890/602
f 3262/1891/603 3264/1893/604 3263/1894/604 3261/1892/603
f 3264/1893/604 3266/1895/605 3265/1896/605 3263/1894/604
f 3266/1895/605 3268/1897/606 3267/1898/606 3265/1896/605
f 3268/1897/606 3270/1899/607 3269/1900/607 3267/1898/606
f 3270/1899/607 3272/1901/608 3271/1902/608 3269/1900/607
f 3272/1901/608 3274/1903/609 3273/1904/609 3271/1902/608
f 3274/1903/609 3276/1905/610 3275/1906/610 3273/1904/609
f 3276/1905/610 3278/1907/611 3277/1908/611 3275/1906/610
f 3278/1907/611 3280/1909/612 3279/1910/612 3277/1908/611
f 3280/1909/612 3282/1911/613 3281/1912/613 3279/1910/612
f 3282/1911/613 3284/1913/614 3283/1914/614 3281/1912/613
f 3284/1913/614 3286/1915/615 3285/1916/615 3283/1914/614
f 3286/1915/615 3288/1917/616 3287/1918/616 3285/1916/615
f 3288/1917/616 3290/1919/617 3289/1920/617 3287/1918/616
f 3290/1919/617 3292/1921/618 3291/1922/618 3289/1920/617
f 3292/1921/618 3294/1923/619 3293/1924/619 3291/1922/618
f 3294/1923/619 3296/1925/620 3295/1926/620 3293/1924/619
f 3296/1925/620 3298/1927/621 3297/1928/621 3295/1926/620
f 3298/1927/621 3300/1929/622 3299/1930/622 3297/1928/621
f 3300/1929/622 3302/1931/623 3301/1932/623 3299/1930/622
f 3302/1931/623 3304/1933/624 3303/1934/624 3301/1932/623
f 3304/1933/624 3306/1935/625 3305/1936/625 3303/1934/624
f 3306/1935/625 3308/1937/626 3307/1938/626 3305/1936/625
f 3308/1937/626 3310/1939/627 3309/1940/627 3307/1938/626
f 3310/1939/627 3312/1941/628 3311/1942/628 3309/1940/627
f 3312/1941/628 3314/1943/629 3313/1944/629 3311/1942/628
f 3314/1943/629 3316/1945/630 3315/1946/630 3313/1944/629
f 3316/1945/630 3318/1947/631 3317/1948/631 3315/1946/630
f 3318/1947/631 3320/1949/632 3319/1950/632 3317/1948/631
f 3320/1949/632 3322/1951/633 3321/1952/633 3319/1950/632
f 3322/1951/633 3324/1953/634 3323/1954/634 3321/1952/633
f 3324/1953/634 3326/1955/635 3325/1956/635 3323/1954/634
f 3326/1955/635 3328/1957/636 3327/1958/636 3325/1956/635
f 3328/1957/636 3330/1959/637 3329/1960/637 3327/1958/636
f 3330/1959/637 3332/1961/638 3331/1962/638 3329/1960/637
f 3332/1961/638 3334/1963/639 3333/1964/639 3331/1962/638
f 3334/1963/639 3336/1965/640 3335/1966/640 3333/1964/639
f 3336/1965/640 3338/1967/641 3337/1968/641 3335/1966/640
f 3338/1967/641 3340/1969/642 3339/1970/642 3337/1968/641
f 3340/1969/642 3342/1971/643 3341/1972/643 3339/1970/642
f 3342/1971/643 3344/1973/644 3343/1974/644 3341/1972/643
f 3344/1973/644 3346/1975/645 3345/1976/645 3343/1974/644
f 3346/1975/645 3348/1977/646 3347/1978/646 3345/1976/645
f 3348/1977/646 3350/1979/647 3349/1980/647 3347/1978/646
f 3350/1979/647 3352/1981/648 3351/1982/648 3349/1980/647
f 3352/1981/648 3354/1983/649 3353/1984/649 3351/1982/648
f 3354/1983/649 3356/1985/650 3355/1986/650 3353/1984/649
f 3356/1985/650 3358/1987/651 3357/1988/651 3355/1986/650
f 3358/1987/651 3360/1989/652 3359/1990/652 3357/1988/651
f 3360/1989/652 3362/1991/653 3361/1992/653 3359/1990/652
f 3362/1991/653 3364/1993/654 3363/1994/654 3361/1992/653
f 3364/1993/654 3366/1995/655 3365/1996/655 3363/1994/654
f 3366/1995/655 3368/1997/656 3367/1998/656 3365/1996/655
f 3368/1997/656 3370/1999/657 3369/2000/657 3367/1998/656
f 3370/1999/657 3372/2001/658 3371/2002/658 3369/2000/657
f 3372/2001/658 3374/2003/659 3373/2004/659 3371/2002/658
f 3374/2003/659 3376/2005/660 3375/2006/660 3373/2004/659
f 3376/2005/660 3378/2007/661 3377/2008/661 3375/2006/660
f 3378/2007/661 3380/2009/662 3379/2010/662 3377/2008/661
f 3380/2009/662 3382/2011/663 3381/2012/663 3379/2010/662
f 3382/2011/663 3384/2013/664 3383/2014/664 3381/2012/663
f 3384/2013/664 3386/2015/665 3385/2016/665 3383/2014/664
f 3386/2015/665 3388/2017/666 3387/2018/666 3385/2016/665
f 3388/2017/666 3390/2019/667 3389/2020/667 3387/2018/666
f 3390/2019/667 3392/2021/668 3391/2022/668 3389/2020/667
f 3392/2021/668 3394/2023/669 3393/2024/669 3391/2022/668
f 3394/2023/669 3396/2025/670 3395/2026/670 3393/2024/669
f 3396/2025/670 3398/2027/671 3397/2028/671 3395/2026/670
f 3398/2027/671 3400/2029/672 3399/2030/672 3397/2028/671
f 3400/2029/672 3402/2031/673 3401/2032/673 3399/2030/672
f 3402/2031/673 3404/2033/674 3403/2034/674 3401/2032/673
f 3404/2033/674 3406/2035/675 3405/2036/675 3403/2034/674
f 3406/2035/675 3408/2037/676 3407/2038/676 3405/2036/675
f 3408/2037/676 3410/2039/677 3409/2040/677 3407/2038/676
f 3410/2039/677 3412/2041/678 3411/2042/678 3409/2040/677
f 3412/2041/678 3414/2043/679 3413/2044/679 3411/2042/678
f 3414/2043/679 3416/2045/680 3415/2046/680 3413/2044/679
f 3416/2045/680 3418/2047/681 3417/2048/681 3415/2046/680
f 3418/2047/681 3420/2049/682 3419/2050/682 3417/2048/681
f 3420/2049/682 3422/2051/683 3421/2052/683 3419/2050/682
f 3422/2051/683 3424/2053/684 3423/2054/684 3421/2052/683
f 3424/2053/684 3426/2055/685 3425/2056/685 3423/2054/684
f 3426/2055/685 3428/2057/686 3427/2058/686 3425/2056/685
f 3428/2057/686 3430/2059/687 3429/2060/687 3427/2058/686
f 3430/2059/687 3432/2061/688 3431/2062/688 3429/2060/687
f 3432/2061/688 3434/2063/689 3433/2064/689 3431/2062/688
f 3434/2063/689 3436/2065/690 3435/2066/690 3433/2064/689
f 3436/2065/690 3438/2067/691 3437/2068/691 3435/2066/690
f 3438/2067/691 3440/2069/692 3439/2070/692 3437/2068/691
f 3440/2069/692 3442/2071/693 3441/2072/693 3439/2070/692
f 3442/2071/693 3444/2073/694 3443/2074/694 3441/2072/693
f 3444/2073/694 3446/2075/695 3445/2076/695 3443/2074/694
f 3446/2075/695 3448/2077/696 3447/2078/696 3445/2076/695
f 3448/2077/696 3450/2079/697 3449/2080/697 3447/2078/696
f 3450/2079/697 3452/2081/698 3451/2082/698 3449/2080/697
f 3452/2081/698 3454/2083/699 3453/2084/699 3451/2082/698
f 3454/2083/699 3456/2085/700 3455/2086/700 3453/2084/699
f 3456/2085/700 3458/2087/701 3457/2088/701 3455/2086/700
f 3458/2087/701 3460/2089/702 3459/2090/702 3457/2088/701
f 3460/2089/702 3462/2091/703 3461/2092/703 3459/2090/702
f 3462/2091/703 3464/2093/704 3463/2094/704 3461/2092/703
f 3464/2093/704 3466/2095/705 3465/2096/705 3463/2094/704
f 3466/2095/705 3468/2097/706 3467/2098/706 3465/2096/705
f 3468/2097/706 3470/2099/707 3469/2100/707 3467/2098/706
f 3470/2099/707 3472/2101/708 3471/2102/708 3469/2100/707
f 3472/2101/708 3474/2103/709 3473/2104/709 3471/2102/708
f 3474/2103/709 3476/1133/710 3475/1134/710 3473/2104/709
f 3476/1133/710 3478/2105/711 3477/2106/711 3475/1134/710
f 3478/2105/711 3480/2107/712 3479/2108/712 3477/2106/711
f 3480/2107/712 3482/2109/112 3481/2110/112 3479/2108/712
f 3482/2109/112 3484/2111/713 3483/2112/713 3481/2110/112
f 3484/2111/713 3486/2113/714 3485/2114/714 3483/2112/713
f 3486/2113/714 3488/2115/715 3487/2116/715 3485/2114/714
f 3488/2115/715 3490/2117/716 3489/2118/716 3487/2116/715
f 3490/2117/716 3492/2119/717 3491/2120/717 3489/2118/716
f 3492/2119/717 3494/2121/718 3493/2122/718 3491/2120/717
f 3494/2121/718 3496/2123/719 3495/2124/719 3493/2122/718
f 3496/2123/719 3498/2125/720 3497/2126/720 3495/2124/719
f 3498/2125/720 3500/2127/721 3499/2128/721 3497/2126/720
f 3500/2127/721 3502/2129/722 3501/2130/722 3499/2128/721
f 3502/2129/722 3504/2131/723 3503/2132/723 3501/2130/722
f 3504/2131/723 3506/2133/724 3505/2134/724 3503/2132/723
f 3506/2133/724 3508/2135/725 3507/2136/725 3505/2134/724
f 3508/2135/725 3510/2137/726 3509/2138/726 3507/2136/725
f 3510/2137/726 3512/2139/727 3511/2140/727 3509/2138/726
f 3512/2139/727 3514/2141/728 3513/2142/728 3511/2140/727
f 3514/2141/728 3516/2143/729 3515/2144/729 3513/2142/728
f 3516/2143/729 3518/2145/730 3517/2146/730 3515/2144/729
f 3518/2145/730 3520/2147/731 3519/2148/731 3517/2146/730
f 3520/2147/731 3522/2149/732 3521/2150/732 3519/2148/731
f 3522/2149/732 3524/2151/733 3523/2152/733 3521/2150/732
f 3524/2151/733 3526/2153/734 3525/2154/734 3523/2152/733
f 3526/2153/734 3528/2155/735 3527/2156/735 3525/2154/734
f 3528/2155/735 3530/2157/736 3529/2158/736 3527/2156/735
f 3530/2157/736 3532/2159/737 3531/2160/737 3529/2158/736
f 3532/2159/737 3534/2161/497 3533/2162/497 3531/2160/737
f 3534/2161/497 3536/2163/738 3535/2164/738 3533/2162/497
f 3536/2163/738 3538/2165/739 3537/2166/739 3535/2164/738
f 3538/2165/739 3540/2167/740 3539/2168/740 3537/2166/739
f 3540/2167/740 3542/2169/741 3541/2170/741 3539/2168/740
f 3542/2169/741 3544/2171/742 3543/2172/742 3541/2170/741
f 3544/2171/742 3546/2173/743 3545/2174/743 3543/2172/742
f 3546/2173/743 3548/2175/744 3547/2176/744 3545/2174/743
f 3548/2175/744 3550/2177/745 3549/2178/745 3547/2176/744
f 3550/2177/745 3552/2179/746 3551/2180/746 3549/2178/745
f 3552/2179/746 3554/2181/747 3553/2182/747 3551/2180/746
f 3554/2181/747 3556/2183/748 3555/2184/748 3553/2182/747
f 3556/2183/748 3558/2185/749 3557/2186/749 3555/2184/748
f 3558/2185/749 3560/2187/750 3559/2188/750 3557/2186/749
f 3560/2187/750 3562/2189/751 3561/2190/751 3559/2188/750
f 3562/2189/751 3564/2191/752 3563/2192/752 3561/2190/751
f 3564/2191/752 3566/2193/753 3565/2194/753 3563/2192/752
f 3566/2193/753 3568/2195/754 3567/2196/754 3565/2194/753
f 3568/2195/754 3570/2197/755 3569/2198/755 3567/2196/754
f 3570/2197/755 3572/2199/756 3571/2200/756 3569/2198/755
f 3572/2199/756 3574/2201/757 3573/2202/757 3571/2200/756
f 3574/2201/757 3576/2203/559 3575/2204/559 3573/2202/757
f 3576/2203/559 3578/2205/758 3577/2206/758 3575/2204/559
f 3578/2205/758 3580/2207/759 3579/2208/759 3577/2206/758
f 3580/2207/759 3582/2209/760 3581/2210/760 3579/2208/759
f 3582/2209/760 3584/2211/761 3583/2212/761 3581/2210/760
f 3584/2211/761 3586/2213/216 3585/2214/216 3583/2212/761
f 3586/2213/216 3588/2215/762 3587/2216/762 3585/2214/216
f 3588/2215/762 3590/2217/763 3589/2218/763 3587/2216/762
f 3590/2217/763 3592/2219/764 3591/2220/764 3589/2218/763
f 3592/2219/764 3594/2221/765 3593/2222/765 3591/2220/764
f 3594/2221/765 3596/2223/541 3595/2224/541 3593/2222/765
f 3596/2223/541 3598/2225/766 3597/2226/766 3595/2224/541
f 3598/2225/766 3600/2227/767 3599/2228/767 3597/2226/766
f 3600/2227/767 3602/2229/768 3601/2230/768 3599/2228/767
f 3602/2229/768 3604/2231/769 3603/2232/769 3601/2230/768
f 3604/2231/769 3606/2233/770 3605/2234/770 3603/2232/769
f 3606/2233/770 3608/2235/771 3607/2236/771 3605/2234/770
f 3608/2235/771 3610/2237/772 3609/2238/772 3607/2236/771
f 3610/2237/772 3612/2239/773 3611/2240/773 3609/2238/772
f 3612/2239/773 3614/2241/774 3613/2242/774 3611/2240/773
f 3614/2241/774 3616/2243/775 3615/2244/775 3613/2242/774
f 3616/2243/775 3618/2245/776 3617/2246/776 3615/2244/775
f 3618/2245/776 3620/2247/777 3619/2248/777 3617/2246/776
f 3620/2247/777 3622/2249/778 3621/2250/778 3619/2248/777
f 3622/2249/778 3624/2251/779 3623/2252/779 3621/2250/778
f 3624/2251/779 3626/2253/780 3625/2254/780 3623/2252/779
f 3626/2253/780 3628/2255/781 3627/2256/781 3625/2254/780
f 3628/2255/781 3630/2257/782 3629/2258/782 3627/2256/781
f 3630/2257/782 3632/2259/783 3631/2260/783 3629/2258/782
f 3632/2259/783 3634/2261/784 3633/2262/784 3631/2260/783
f 3634/2261/784 3636/2263/785 3635/2264/785 3633/2262/784
f 3636/2263/785 3638/2265/786 3637/2266/786 3635/2264/785
f 3638/2265/786 3640/2267/787 3639/2268/787 3637/2266/786
f 3640/2267/787 3642/2269/788 3641/2270/788 3639/2268/787
f 3642/2269/788 3644/2271/789 3643/2272/789 3641/2270/788
f 3644/2271/789 3646/2273/790 3645/2274/790 3643/2272/789
f 3646/2273/790 3648/2275/791 3647/2276/791 3645/2274/790
f 3648/2275/791 3650/2277/792 3649/2278/792 3647/2276/791
f 3650/2277/792 3652/2279/793 3651/2280/793 3649/2278/792
f 3652/2279/793 3654/2281/794 3653/2282/794 3651/2280/793
f 3654/2281/794 3656/2283/795 3655/2284/795 3653/2282/794
f 3656/2283/795 3658/2285/796 3657/2286/796 3655/2284/795
f 3658/2285/796 3660/2287/797 3659/2288/797 3657/2286/796
f 3660/2287/797 3662/2289/798 3661/2290/798 3659/2288/797
f 3662/2289/798 3664/2291/799 3663/2292/799 3661/2290/798
f 3664/2291/799 3666/2293/800 3665/2294/800 3663/2292/799
f 3666/2293/800 3668/2295/801 3667/2296/801 3665/2294/800
f 3668/2295/801 3670/2297/802 3669/2298/802 3667/2296/801
f 3670/2297/802 3672/2299/803 3671/2300/803 3669/2298/802
f 3672/2299/803 3674/2301/804 3673/2302/804 3671/2300/803
f 3674/2301/804 3676/2303/805 3675/2304/805 3673/2302/804
f 3676/2303/805 3678/2305/806 3677/2306/806 3675/2304/805
f 3678/2305/806 3680/2307/807 3679/2308/807 3677/2306/806
f 3680/2307/807 3682/2309/808 3681/2310/808 3679/2308/807
f 3682/2309/808 3684/2311/809 3683/2312/809 3681/2310/808
f 3684/2311/809 3686/2313/810 3685/2314/810 3683/2312/809
f 3686/2313/810 3688/2315/811 3687/2316/811 3685/2314/810
f 3688/2315/811 3690/2317/812 3689/2318/812 3687/2316/811
f 3690/2317/812 3692/2319/813 3691/2320/813 3689/2318/812
f 3692/2319/813 3694/2321/814 3693/2322/814 3691/2320/813
f 3694/2321/814 3696/2323/815 3695/2324/815 3693/2322/814
f 3696/2323/815 3698/2325/816 3697/2326/816 3695/2324/815
f 3698/2325/816 3700/2327/817 3699/2328/817 3697/2326/816
f 3700/2327/817 3702/2329/818 3701/2330/818 3699/2328/817
f 3702/2329/818 3704/2331/819 3703/2332/819 3701/2330/818
f 3704/2331/819 3706/2333/820 3705/2334/820 3703/2332/819
f 3706/2333/820 3708/2335/821 3707/2336/821 3705/2334/820
f 3708/2335/821 3710/2337/822 3709/2338/822 3707/2336/821
f 3710/2337/822 3712/2339/429 3711/2340/429 3709/2338/822
f 3712/2339/429 3714/2341/823 3713/2342/823 3711/2340/429
f 3714/2341/823 3716/2343/824 3715/2344/824 3713/2342/823
f 3716/2343/824 3718/2345/825 3717/2346/825 3715/2344/824
f 3718/2345/825 3720/2347/826 3719/2348/826 3717/2346/825
f 3720/2347/826 3722/2349/827 3721/2350/827 3719/2348/826
f 3722/2349/827 3724/2351/828 3723/2352/828 3721/2350/827
f 3724/2351/828 3726/2353/829 3725/2354/829 3723/2352/828
f 3726/2353/829 3728/2355/830 3727/2356/830 3725/2354/829
f 3728/2355/830 3730/2357/831 3729/2358/831 3727/2356/830
f 3730/2357/831 3732/2359/832 3731/2360/832 3729/2358/831
f 3732/2359/832 3734/2361/833 3733/2362/833 3731/2360/832
f 3734/2361/833 3736/2363/834 3735/2364/834 3733/2362/833
f 3736/2363/834 3738/2365/835 3737/2366/835 3735/2364/834
f 3738/2365/835 3740/2367/836 3739/2368/836 3737/2366/835
f 3740/2367/836 3742/2369/837 3741/2370/837 3739/2368/836
f 3742/2369/837 3744/2371/838 3743/2372/838 3741/2370/837
f 3744/2371/838 3746/2373/839 3745/2374/839 3743/2372/838
f 3746/2373/839 3748/2375/840 3747/2376/840 3745/2374/839
f 3748/2375/840 3750/2377/841 3749/2378/841 3747/2376/840
f 3750/2377/841 3752/2379/842 3751/2380/842 3749/2378/841
f 3752/2379/842 3754/2381/843 3753/2382/843 3751/2380/842
f 3754/2381/843 3756/2383/844 3755/2384/844 3753/2382/843
f 3756/2383/844 3758/2385/845 3757/2386/845 3755/2384/844
f 3758/2385/845 3760/2387/846 3759/2388/846 3757/2386/845
f 3760/2387/846 3762/2389/847 3761/2390/847 3759/2388/846
f 3762/2389/847 3764/2391/848 3763/2392/848 3761/2390/847
f 3764/2391/848 3766/2393/849 3765/2394/849 3763/2392/848
f 3766/2393/849 3768/2395/850 3767/2396/850 3765/2394/849
f 3768/2395/850 3770/2397/851 3769/2398/851 3767/2396/850
f 3770/2397/851 3772/2399/852 3771/2400/852 3769/2398/851
f 3772/2399/852 3774/2401/853 3773/2402/853 3771/2400/852
f 3774/2401/853 3776/2403/854 3775/2404/854 3773/2402/853
f 3776/2403/854 3778/2405/855 3777/2406/855 3775/2404/854
f 3778/2405/855 3780/2407/856 3779/2408/856 3777/2406/855
f 3780/2407/856 3782/2409/857 3781/2410/857 3779/2408/856
f 3782/2409/857 3784/2411/858 3783/2412/858 3781/2410/857
f 3784/2411/858 3786/2413/859 3785/2414/859 3783/2412/858
f 3786/2413/859 3788/2415/860 3787/2416/860 3785/2414/859
f 3788/2415/860 3790/2417/861 3789/2418/861 3787/2416/860
f 3790/2417/861 3792/2419/862 3791/2420/862 3789/2418/861
f 3792/2419/862 3794/2421/863 3793/2422/863 3791/2420/862
f 3794/2421/863 3796/2423/864 3795/2424/864 3793/2422/863
f 3796/2423/864 3798/2425/865 3797/2426/865 3795/2424/864
f 3798/2425/865 3800/2427/866 3799/2428/866 3797/2426/865
f 3800/2427/866 3802/2429/867 3801/2430/867 3799/2428/866
f 3802/2429/867 3804/2431/868 3803/2432/868 3801/2430/867
f 3804/2431/868 3806/2433/869 3805/2434/869 3803/2432/868
f 3806/2433/869 3808/2435/870 3807/2436/870 3805/2434/869
f 3808/2435/870 3810/2437/871 3809/2438/871 3807/2436/870
f 3810/2437/871 3812/2439/872 3811/2440/872 3809/2438/871
f 3812/2439/872 3814/2441/873 3813/2442/873 3811/2440/872
f 3814/2441/873 3816/2443/874 3815/2444/874 3813/2442/873
f 3816/2443/874 3818/2445/875 3817/2446/875 3815/2444/874
f 3818/2445/875 3820/2447/876 3819/2448/876 3817/2446/875
f 3820/2447/876 3822/2449/877 3821/2450/877 3819/2448/876
f 3822/2449/877 3824/2451/878 3823/2452/878 3821/2450/877
f 3824/2451/878 3826/2453/879 3825/2454/879 3823/2452/878
f 3826/2453/879 3828/2455/880 3827/2456/880 3825/2454/879
f 3828/2455/880 3830/2457/881 3829/2458/881 3827/2456/880
f 3830/2457/881 3832/2459/882 3831/2460/882 3829/2458/881
f 3832/2459/882 3834/2461/883 3833/2462/883 3831/2460/882
f 3834/2461/883 3836/2463/884 3835/2464/884 3833/2462/883
f 3836/2463/884 3838/2465/885 3837/2466/885 3835/2464/884
f 3838/2465/885 3840/2467/886 3839/2468/886 3837/2466/885
f 3840/2467/886 3842/2469/130 3841/2470/130 3839/2468/886
f 3842/2469/130 3844/2471/887 3843/2472/887 3841/2470/130
f 3844/2471/887 3846/2473/888 3845/2474/888 3843/2472/887
f 3846/2473/888 3848/2475/889 3847/2476/889 3845/2474/888
f 3848/2475/889 3850/2477/890 3849/2478/890 3847/2476/889
f 3850/2477/890 3852/2479/891 3851/2480/891 3849/2478/890
f 3852/2479/891 3854/2481/892 3853/2482/892 3851/2480/891
f 3854/2481/892 3856/2483/893 3855/2484/893 3853/2482/892
f 3856/2483/893 3858/2485/894 3857/2486/894 3855/2484/893
f 3858/2485/894 3860/2487/895 3859/2488/895 3857/2486/894
f 3860/2487/895 3862/2489/896 3861/2490/896 3859/2488/895
f 3862/2489/896 3864/2491/897 3863/2492/897 3861/2490/896
f 3864/2491/897 3866/2493/898 3865/2494/898 3863/2492/897
f 3866/2493/898 3868/2495/899 3867/2496/899 3865/2494/898
f 3868/2495/899 3870/2497/900 3869/2498/900 3867/2496/899
f 3870/2497/900 3872/2499/901 3871/2500/901 3869/2498/900
f 3872/2499/901 3874/2501/902 3873/2502/902 3871/2500/901
f 3874/2501/902 3876/2503/903 3875/2504/903 3873/2502/902
f 3876/2503/903 3878/2505/904 3877/2506/904 3875/2504/903
f 3878/2505/904 3880/2507/905 3879/2508/905 3877/2506/904
f 3880/2507/905 3882/2509/906 3881/2510/906 3879/2508/905
f 3882/2509/906 3884/2511/907 3883/2512/907 3881/2510/906
f 3884/2511/907 3886/2513/908 3885/2514/908 3883/2512/907
f 3886/2513/908 3888/2515/909 3887/2516/909 3885/2514/908
f 3888/2515/909 3890/2517/910 3889/2518/910 3887/2516/909
f 3890/2517/910 3892/2519/911 3891/2520/911 3889/2518/910
f 3892/2519/911 3894/2521/912 3893/2522/912 3891/2520/911
f 3894/2521/912 3896/2523/913 3895/2524/913 3893/2522/912
f 3896/2523/913 3898/2525/914 3897/2526/914 3895/2524/913
f 3898/2525/914 3900/2527/915 3899/2528/915 3897/2526/914
f 3900/2527/915 3902/2529/916 3901/2530/916 3899/2528/915
f 3902/2529/916 3904/2531/917 3903/2532/917 3901/2530/916
f 3904/2531/917 3906/2533/918 3905/2534/918 3903/2532/917
f 3906/2533/918 3908/2535/919 3907/2536/919 3905/2534/918
f 3908/2535/919 3910/2537/920 3909/2538/920 3907/2536/919
f 3910/2537/920 3912/2539/921 3911/2540/921 3909/2538/920
f 3912/2539/921 3914/2541/922 3913/2542/922 3911/2540/921
f 3914/2541/922 3916/2543/923 3915/2544/923 3913/2542/922
f 3916/2543/923 3918/2545/924 3917/2546/924 3915/2544/923
f 3918/2545/924 3920/2547/925 3919/2548/925 3917/2546/924
f 3920/2547/925 3922/2549/926 3921/2550/926 3919/2548/925
f 3922/2549/926 3924/2551/927 3923/2552/927 3921/2550/926
f 3924/2551/927 3926/2553/928 3925/2554/928 3923/2552/927
f 3926/2553/928 3928/2555/929 3927/2556/929 3925/2554/928
f 3928/2555/929 3930/2557/930 3929/2558/930 3927/2556/929
f 3930/2557/930 3932/2559/550 3931/2560/550 3929/2558/930
f 3932/2559/550 3934/2561/931 3933/2562/931 3931/2560/550
f 3934/2561/931 3936/2563/932 3935/2564/932 3933/2562/931
f 3936/2563/932 3938/2565/933 3937/2566/933 3935/2564/932
f 3938/2565/933 3940/2567/934 3939/2568/934 3937/2566/933
f 3940/2567/934 3942/2569/935 3941/2570/935 3939/2568/934
f 3942/2569/935 3944/2571/936 3943/2572/936 3941/2570/935
f 3944/2571/936 3946/2573/937 3945/2574/937 3943/2572/936
f 3946/2573/937 3948/2575/938 3947/2576/938 3945/2574/937
f 3948/2575/938 3950/2577/939 3949/2578/939 3947/2576/938
f 3950/2577/939 3952/2579/940 3951/2580/940 3949/2578/939
f 3952/2579/940 3954/2581/941 3953/2582/941 3951/2580/940
f 3954/2581/941 3956/2583/942 3955/2584/942 3953/2582/941
f 3956/2583/942 3958/2585/943 3957/2586/943 3955/2584/942
f 3958/2585/943 3960/2587/944 3959/2588/944 3957/2586/943
f 3960/2587/944 3962/2589/945 3961/2590/945 3959/2588/944
f 3962/2589/945 3964/2591/946 3963/2592/946 3961/2590/945
f 3964/2591/946 3966/2593/947 3965/2594/947 3963/2592/946
f 3966/2593/947 3968/2595/948 3967/2596/948 3965/2594/947
f 3968/2595/948 3970/2597/949 3969/2598/949 3967/2596/948
f 3970/2597/949 3972/2599/950 3971/2600/950 3969/2598/949
f 3972/2599/950 3974/2601/951 3973/2602/951 3971/2600/950
f 3974/2601/951 3976/2603/952 3975/2604/952 3973/2602/951
f 3976/2603/952 3978/2605/953 3977/2606/953 3975/2604/952
f 3978/2605/953 3980/2607/954 3979/2608/954 3977/2606/953
f 3980/2607/954 3982/2609/955 3981/2610/955 3979/2608/954
f 3982/2609/955 3984/2611/956 3983/2612/956 3981/2610/955
f 3984/2611/956 3986/2613/957 3985/2614/957 3983/2612/956
f 3986/2613/957 3988/2615/958 3987/2616/958 3985/2614/957
f 3988/2615/958 3990/2617/37 3989/2618/37 3987/2616/958
f 3990/2617/37 3992/2619/959 3991/2620/959 3989/2618/37
f 3992/2619/959 3994/2621/960 3993/2622/960 3991/2620/959
f 3994/2621/960 3996/2623/961 3995/2624/961 3993/2622/960
f 3996/2623/961 3998/2625/962 3997/2626/962 3995/2624/961
f 3998/2625/962 4000/2627/963 3999/2628/963 3997/2626/962
f 4000/2627/963 4002/2629/964 4001/2630/964 3999/2628/963
f 4002/2629/964 4004/2631/965 4003/2632/965 4001/2630/964
f 4004/2631/965 4006/2633/966 4005/2634/966 4003/2632/965
f 4006/2633/966 4008/2635/967 4007/2636/967 4005/2634/966
f 4008/2635/967 4010/2637/968 4009/2638/968 4007/2636/967
f 4010/2637/968 4012/2639/969 4011/2640/969 4009/2638/968
f 4012/2639/969 4014/2641/970 4013/2642/970 4011/2640/969
f 4014/2641/970 4016/2643/971 4015/2644/971 4013/2642/970
f 4016/2643/971 4018/2645/972 4017/2646/972 4015/2644/971
f 4018/2645/972 4020/2647/973 4019/2648/973 4017/2646/972
f 4020/2647/973 4022/2649/974 4021/2650/974 4019/2648/973
f 4022/2649/974 4024/2651/975 4023/2652/975 4021/2650/974
f 4024/2651/975 4026/2653/976 4025/2654/976 4023/2652/975
f 4026/2653/976 4028/2655/977 4027/2656/977 4025/2654/976
f 4028/2655/977 4030/2657/978 4029/2658/978 4027/2656/977
f 4030/2657/978 4032/2659/111 4031/2660/111 4029/2658/978
f 4032/2659/111 4034/2661/979 4033/2662/979 4031/2660/111
f 4034/2661/979 4036/2663/980 4035/2664/980 4033/2662/979
f 4036/2663/980 4038/2665/981 4037/2666/981 4035/2664/980
f 4038/2665/981 4040/2667/982 4039/2668/982 4037/2666/981
f 4040/2667/982 2910/1276/428 2909/126/428 4039/2668/982
