# Blender 4.3.2
# www.blender.org
mtllib Sommaire.mtl
o Cube.001
v 0.362740 0.414404 -0.050444
v -1.000000 0.123054 1.000000
v 0.362740 0.325533 -0.050444
v 0.775038 1.399871 0.887696
v 0.396809 0.325533 -0.050444
v -1.000000 2.123054 1.000000
v 0.396809 0.380964 -0.050444
v 0.608037 1.236871 0.887696
v -1.000000 0.123054 -1.000000
v 0.456777 0.325533 -0.050444
v 0.506763 0.325533 -0.050444
v 0.608037 1.226871 0.887696
v -1.000000 2.123054 -1.000000
v 0.506763 0.414404 -0.050444
v 0.686037 1.226871 0.887696
v 0.473183 0.414404 -0.050444
v 1.000000 0.123054 1.000000
v 0.473183 0.360719 -0.050444
v 0.411050 0.414404 -0.050444
v 1.000000 2.123054 1.000000
v 0.281509 0.415844 -0.050444
v 0.298102 0.413551 -0.050444
v 1.000000 0.123054 -1.000000
v 0.311079 0.410216 -0.050444
v 0.323002 0.405647 -0.050444
v 1.000000 2.123054 -1.000000
v 0.333078 0.399946 -0.050444
v 0.339423 0.394926 -0.050444
v 0.695209 0.933668 0.887696
v 0.702334 0.917315 0.887696
v 0.343059 0.391254 -0.050444
v 0.711486 0.902379 0.887696
v 0.346103 0.387496 -0.050444
v 0.348539 0.383680 -0.050444
v 0.722662 0.888996 0.887696
v 0.350366 0.379805 -0.050444
v 0.735860 0.877299 0.887696
v 0.751074 0.867426 0.887696
v 0.351583 0.375873 -0.050444
v 0.768303 0.859511 0.887696
v 0.352192 0.371882 -0.050444
v 0.787542 0.853690 0.887696
v 0.352269 0.369864 -0.050444
v 0.351973 0.365869 -0.050444
v 0.808788 0.850098 0.887696
v 0.351086 0.361933 -0.050444
v 0.832037 0.848871 0.887696
v 0.349607 0.358057 -0.050444
v 0.839662 0.849136 0.887696
v 0.347537 0.354242 -0.050444
v 0.847954 0.849912 0.887696
v 0.344875 0.350487 -0.050444
v 0.856787 0.851168 0.887696
v 0.866037 0.852871 0.887696
v 0.339788 0.344992 -0.050444
v 0.333563 0.340000 -0.050444
v 0.875579 0.854990 0.887696
v 0.885287 0.857496 0.887696
v 0.328812 0.337009 -0.050444
v 0.895037 0.860355 0.887696
v 0.317867 0.331835 -0.050444
v 0.904704 0.863537 0.887696
v 0.305191 0.327775 -0.050444
v 0.914162 0.867011 0.887696
v 0.295290 0.325599 -0.050444
v 0.281756 0.323893 -0.050444
v 0.923287 0.870746 0.887696
v 0.267888 0.323552 -0.050444
v 0.931954 0.874709 0.887696
v 0.254240 0.324575 -0.050444
v 0.940037 0.878871 0.887696
v 0.940037 0.961871 0.887696
v 0.237681 0.327775 -0.050444
v 0.225030 0.331835 -0.050444
v 0.931099 0.956600 0.887696
v 0.214093 0.337009 -0.050444
v 0.922278 0.951787 0.887696
v 0.209340 0.340000 -0.050444
v 0.913569 0.947433 0.887696
v 0.203105 0.344992 -0.050444
v 0.199559 0.348631 -0.050444
v 0.196592 0.352357 -0.050444
v 0.194218 0.356142 -0.050444
v 0.871445 0.932537 0.887696
v 0.192438 0.359987 -0.050444
v 0.863256 0.930933 0.887696
v 0.191251 0.363893 -0.050444
v 0.855130 0.929787 0.887696
v 0.190658 0.367859 -0.050444
v 0.190659 0.371881 -0.050444
v 0.847059 0.929100 0.887696
v 0.190885 0.373884 -0.050444
v 0.839038 0.928871 0.887696
v 0.191790 0.377846 -0.050444
v 0.832317 0.929196 0.887696
v 0.825269 0.930227 0.887696
v 0.193297 0.381750 -0.050444
v 0.818069 0.932043 0.887696
v 0.195408 0.385595 -0.050444
v 0.198122 0.389382 -0.050444
v 0.201439 0.393112 -0.050444
v 0.205293 0.396670 -0.050444
v 0.209619 0.399946 -0.050444
v 0.219683 0.405647 -0.050444
v 0.231633 0.410216 -0.050444
v 0.251232 0.414719 -0.050444
v 0.777973 0.973431 0.887696
v 0.775800 0.984399 0.887696
v 0.267965 0.416178 -0.050444
v 0.775038 0.996871 0.887696
v 0.253763 0.390284 -0.050444
v 0.775038 1.226871 0.887696
v 0.248194 0.387884 -0.050444
v 0.243493 0.384916 -0.050444
v 0.917037 1.226871 0.887696
v 0.240538 0.382320 -0.050444
v 0.917037 1.306871 0.887696
v 0.775038 1.306871 0.887696
v 0.238847 0.380425 -0.050444
v 0.237432 0.378482 -0.050444
v 0.595037 1.306871 0.887696
v 0.236299 0.376504 -0.050444
v 0.481037 1.306871 0.887696
v 0.235450 0.374491 -0.050444
v 0.353037 1.152871 0.887696
v 0.220037 1.306871 0.887696
v 0.234884 0.372443 -0.050444
v 0.234600 0.370360 -0.050444
v 0.108037 1.306871 0.887696
v 0.234600 0.368263 -0.050444
v 0.297037 1.085871 0.887696
v 0.234704 0.367228 -0.050444
v 0.108037 0.857871 0.887696
v 0.235120 0.365183 -0.050444
v 0.220037 0.857871 0.887696
v 0.235813 0.363171 -0.050444
v 0.353037 1.018871 0.887696
v 0.236784 0.361192 -0.050444
v 0.494038 0.857871 0.887696
v 0.238031 0.359246 -0.050444
v 0.608037 0.857871 0.887696
v 0.239557 0.357333 -0.050444
v 0.410038 1.085871 0.887696
v 0.241334 0.355505 -0.050444
v 0.067037 0.987871 0.887696
v 0.243338 0.353815 -0.050444
v 0.245569 0.352263 -0.050444
v 0.250712 0.349571 -0.050444
v 0.015223 0.958760 0.887696
v 0.256666 0.347451 -0.050444
v 0.261296 0.346313 -0.050444
v 0.002269 0.953096 0.887696
v -0.010713 0.948121 0.887696
v 0.267591 0.345421 -0.050444
v 0.274016 0.345243 -0.050444
v -0.023736 0.943853 0.887696
v 0.278803 0.345577 -0.050444
v -0.036814 0.940315 0.887696
v 0.285062 0.346648 -0.050444
v 0.291183 0.348432 -0.050444
v -0.076523 0.934284 0.887696
v 0.296776 0.350848 -0.050444
v -0.089963 0.933871 0.887696
v 0.301453 0.353815 -0.050444
v -0.110732 0.934827 0.887696
v 0.303448 0.355505 -0.050444
v -0.130037 0.937690 0.887696
v 0.305215 0.357333 -0.050444
v 0.306730 0.359246 -0.050444
v 0.307969 0.361192 -0.050444
v 0.308933 0.363171 -0.050444
v -0.179089 0.957612 0.887696
v 0.309621 0.365183 -0.050444
v -0.192463 0.967996 0.887696
v -0.204336 0.980234 0.887696
v 0.310034 0.367228 -0.050444
v 0.310172 0.369306 -0.050444
v 0.310029 0.371406 -0.050444
v 0.309851 0.372443 -0.050444
v -0.230888 1.027968 0.887696
v 0.309281 0.374491 -0.050444
v -0.236693 1.047518 0.887696
v -0.240963 1.068871 0.887696
v 0.308426 0.376504 -0.050444
v 0.307285 0.378482 -0.050444
v 0.075037 1.068871 0.887696
v 0.073473 1.108602 0.887696
v 0.305860 0.380425 -0.050444
v 0.304158 0.382320 -0.050444
v 0.068857 1.144806 0.887696
v 0.301189 0.384916 -0.050444
v 0.061303 1.177496 0.887696
v 0.296477 0.387883 -0.050444
v 0.050926 1.206686 0.887696
v 0.037841 1.232389 0.887696
v 0.290904 0.390284 -0.050444
v 0.281776 0.392667 -0.050444
v 0.022162 1.254621 0.887696
v 0.273982 0.393439 -0.050444
v 0.004004 1.273394 0.887696
v 0.267626 0.393262 -0.050444
v -0.016518 1.288723 0.887696
v 0.259837 0.392049 -0.050444
v -0.039291 1.300621 0.887696
v 0.138643 0.414404 -0.050444
v -0.064199 1.309102 0.887696
v 0.138643 0.325533 -0.050444
v -0.091128 1.314181 0.887696
v 0.180111 0.325533 -0.050444
v -0.119963 1.315871 0.887696
v 0.180111 0.414404 -0.050444
v -0.150143 1.313982 0.887696
v 0.085237 0.388923 -0.050444
v -0.205088 1.299371 0.887696
v 0.128171 0.388923 -0.050444
v 0.127506 0.391157 -0.050444
v 0.126581 0.393298 -0.050444
v -0.251699 1.271426 0.887696
v 0.125396 0.395346 -0.050444
v -0.288643 1.231482 0.887696
v 0.123952 0.397300 -0.050444
v -0.303074 1.207426 0.887696
v 0.122247 0.399162 -0.050444
v -0.314588 1.180871 0.887696
v 0.120282 0.400931 -0.050444
v 0.115923 0.404177 -0.050444
v -0.323018 1.151982 0.887696
v -0.328199 1.120926 0.887696
v 0.111222 0.407028 -0.050444
v -0.329963 1.087871 0.887696
v 0.106180 0.409483 -0.050444
v -0.328347 1.057119 0.887696
v 0.103320 0.410573 -0.050444
v -0.323537 1.027111 0.887696
v 0.096075 0.412528 -0.050444
v -0.315588 0.998214 0.887696
v 0.063060 0.416693 -0.050444
v 0.045705 0.416761 -0.050444
v -0.304555 0.970797 0.887696
v 0.017927 0.412768 -0.050444
v -0.273463 0.921871 0.887696
v 0.009152 0.410146 -0.050444
v -0.253513 0.901099 0.887696
v 0.000090 0.406055 -0.050444
v -0.230703 0.883278 0.887696
v -0.005510 0.402510 -0.050444
v -0.205088 0.868777 0.887696
v -0.007749 0.400682 -0.050444
v -0.176722 0.857963 0.887696
v -0.009614 0.398818 -0.050444
v -0.145662 0.851205 0.887696
v -0.011104 0.396916 -0.050444
v -0.012299 0.394966 -0.050444
v -0.111963 0.848871 0.887696
v -0.013276 0.392956 -0.050444
v -0.093507 0.849226 0.887696
v -0.014036 0.390886 -0.050444
v -0.076064 0.850297 0.887696
v -0.014579 0.388756 -0.050444
v -0.059525 0.852089 0.887696
v -0.014905 0.386566 -0.050444
v -0.043777 0.854611 0.887696
v -0.015014 0.384315 -0.050444
v -0.028710 0.857870 0.887696
v -0.014963 0.383181 -0.050444
v -0.014213 0.861871 0.887696
v -0.014811 0.382058 -0.050444
v -0.000173 0.866622 0.887696
v -0.014558 0.380947 -0.050444
v 0.013519 0.872130 0.887696
v -0.014203 0.379847 -0.050444
v 0.026975 0.878402 0.887696
v -0.013190 0.377683 -0.050444
v 0.040306 0.885445 0.887696
v -0.011771 0.375566 -0.050444
v 0.053623 0.893265 0.887696
v 0.067037 0.901871 0.887696
v -0.009947 0.373494 -0.050444
v -0.238963 1.127871 0.887696
v -0.007718 0.371470 -0.050444
v -0.235360 1.144970 0.887696
v -0.005121 0.369566 -0.050444
v -0.230555 1.160746 0.887696
v -0.002191 0.367855 -0.050444
v 0.004662 0.365016 -0.050444
v -0.224556 1.175168 0.887696
v 0.012841 0.362953 -0.050444
v -0.217370 1.188204 0.887696
v -0.209003 1.199824 0.887696
v 0.064564 0.359349 -0.050444
v -0.199463 1.209996 0.887696
v 0.067170 0.358868 -0.050444
v -0.188755 1.218688 0.887696
v 0.069670 0.358109 -0.050444
v -0.176888 1.225871 0.887696
v 0.071841 0.357123 -0.050444
v -0.163869 1.231511 0.887696
v 0.072791 0.356549 -0.050444
v -0.149703 1.235579 0.887696
v 0.074044 0.355587 -0.050444
v -0.134399 1.238043 0.887696
v 0.074762 0.354883 -0.050444
v -0.117963 1.238871 0.887696
v 0.075363 0.354167 -0.050444
v -0.102719 1.237985 0.887696
v 0.075844 0.353446 -0.050444
v -0.088518 1.235371 0.887696
v 0.076204 0.352719 -0.050444
v -0.075400 1.231089 0.887696
v 0.076445 0.351986 -0.050444
v -0.063407 1.225204 0.887696
v 0.076565 0.351247 -0.050444
v 0.076565 0.350515 -0.050444
v -0.052581 1.217777 0.887696
v -0.042963 1.208871 0.887696
v 0.076521 0.350155 -0.050444
v -0.034594 1.198548 0.887696
v 0.076343 0.349436 -0.050444
v -0.027518 1.186871 0.887696
v 0.076048 0.348720 -0.050444
v -0.021775 1.173902 0.887696
v 0.075634 0.348005 -0.050444
v -0.017407 1.159704 0.887696
v 0.075101 0.347293 -0.050444
v 0.074451 0.346582 -0.050444
v -0.014456 1.144339 0.887696
v -0.012963 1.127871 0.887696
v 0.073693 0.345901 -0.050444
v 0.072841 0.345279 -0.050444
v -0.387963 1.539871 0.887696
v 0.070852 0.344208 -0.050444
v -0.957963 1.539871 0.887696
v -0.957963 1.451871 0.887696
v 0.068482 0.343370 -0.050444
v -0.721963 1.451871 0.887696
v 0.056683 0.341101 -0.050444
v 0.046561 0.341660 -0.050444
v -0.721963 0.857871 0.887696
v -0.623963 0.857871 0.887696
v 0.043931 0.342056 -0.050444
v 0.041534 0.342684 -0.050444
v -0.623963 1.451871 0.887696
v -0.387963 1.451871 0.887696
v 0.039370 0.343545 -0.050444
v 0.037377 0.344674 -0.050444
v 0.035492 0.346105 -0.050444
v 0.033715 0.347838 -0.050444
v 0.032218 0.349704 -0.050444
v 0.031638 0.350622 -0.050444
v 0.031171 0.351531 -0.050444
v 0.030816 0.352429 -0.050444
v 0.030574 0.353319 -0.050444
v -0.015014 0.353319 -0.050444
v -0.014927 0.351722 -0.050444
v -0.014668 0.350189 -0.050444
v -0.014237 0.348720 -0.050444
v -0.013633 0.347315 -0.050444
v -0.012856 0.345974 -0.050444
v -0.011907 0.344697 -0.050444
v -0.009526 0.342145 -0.050444
v -0.002901 0.336668 -0.050444
v 0.001097 0.334031 -0.050444
v 0.005228 0.331844 -0.050444
v 0.009490 0.330106 -0.050444
v 0.014098 0.328690 -0.050444
v 0.024989 0.326441 -0.050444
v 0.051517 0.323928 -0.050444
v 0.076132 0.324587 -0.050444
v 0.091338 0.327064 -0.050444
v 0.095379 0.328276 -0.050444
v 0.107542 0.333597 -0.050444
v 0.113472 0.337014 -0.050444
v 0.118091 0.340423 -0.050444
v 0.119909 0.342124 -0.050444
v 0.121399 0.343824 -0.050444
v 0.123730 0.347225 -0.050444
v 0.125418 0.350635 -0.050444
v 0.126461 0.354052 -0.050444
v 0.126730 0.355760 -0.050444
v 0.126818 0.357465 -0.050444
v 0.126723 0.359165 -0.050444
v 0.126445 0.360862 -0.050444
v 0.125986 0.362555 -0.050444
v 0.125344 0.364244 -0.050444
v 0.123711 0.367417 -0.050444
v 0.121745 0.370186 -0.050444
v 0.119445 0.372552 -0.050444
v 0.116637 0.374670 -0.050444
v 0.113146 0.376694 -0.050444
v 0.104745 0.380262 -0.050444
v 0.098729 0.381932 -0.050444
v 0.045098 0.384643 -0.050444
v 0.042457 0.385214 -0.050444
v 0.040005 0.386030 -0.050444
v 0.037940 0.387050 -0.050444
v 0.037055 0.387636 -0.050444
v 0.036270 0.388272 -0.050444
v 0.035283 0.389300 -0.050444
v 0.034762 0.390001 -0.050444
v 0.034352 0.390712 -0.050444
v 0.034053 0.391432 -0.050444
v 0.033864 0.392162 -0.050444
v 0.033785 0.392902 -0.050444
v 0.033866 0.393644 -0.050444
v 0.034060 0.394380 -0.050444
v 0.034370 0.395110 -0.050444
v 0.034793 0.395834 -0.050444
v 0.035332 0.396553 -0.050444
v 0.035984 0.397265 -0.050444
v 0.036742 0.397946 -0.050444
v 0.037598 0.398569 -0.050444
v 0.039599 0.399639 -0.050444
v 0.041988 0.400477 -0.050444
v 0.045211 0.401140 -0.050444
v 0.055497 0.402117 -0.050444
v 0.070402 0.400372 -0.050444
v 0.073404 0.399503 -0.050444
v 0.076033 0.398386 -0.050444
v 0.078290 0.397021 -0.050444
v 0.080443 0.395128 -0.050444
v 0.082758 0.392429 -0.050444
v -0.167204 0.414404 -0.050444
v -0.128738 0.414404 -0.050444
v -0.128535 0.361108 -0.050444
v -0.127925 0.358785 -0.050444
v -0.126910 0.356683 -0.050444
v -0.125488 0.354800 -0.050444
v -0.123659 0.353138 -0.050444
v -0.121425 0.351695 -0.050444
v -0.118784 0.350473 -0.050444
v -0.115737 0.349471 -0.050444
v -0.108424 0.348127 -0.050444
v -0.099486 0.347664 -0.050444
v -0.080122 0.348746 -0.050444
v -0.075673 0.349557 -0.050444
v -0.072226 0.350592 -0.050444
v -0.070878 0.351194 -0.050444
v -0.069781 0.351853 -0.050444
v -0.068000 0.353325 -0.050444
v -0.066543 0.354994 -0.050444
v -0.065936 0.355903 -0.050444
v -0.064964 0.357870 -0.050444
v -0.064316 0.360034 -0.050444
v -0.063992 0.362396 -0.050444
v -0.063952 0.414404 -0.050444
v -0.025485 0.414404 -0.050444
v -0.025769 0.359165 -0.050444
v -0.026273 0.356164 -0.050444
v -0.027030 0.353301 -0.050444
v -0.028038 0.350579 -0.050444
v -0.029298 0.347995 -0.050444
v -0.031654 0.344386 -0.050444
v -0.033522 0.342160 -0.050444
v -0.035626 0.340080 -0.050444
v -0.040544 0.336357 -0.050444
v -0.046399 0.333210 -0.050444
v -0.053140 0.330603 -0.050444
v -0.069247 0.326994 -0.050444
v -0.088771 0.325458 -0.050444
v -0.110403 0.325944 -0.050444
v -0.129274 0.328387 -0.050444
v -0.137403 0.330342 -0.050444
v -0.144609 0.332785 -0.050444
v -0.150884 0.335720 -0.050444
v -0.156174 0.339164 -0.050444
v -0.158447 0.341078 -0.050444
v -0.160471 0.343120 -0.050444
v -0.162248 0.345290 -0.050444
v -0.164416 0.348794 -0.050444
v -0.165518 0.351299 -0.050444
v -0.166344 0.353941 -0.050444
v -0.166894 0.356718 -0.050444
v -0.167170 0.359630 -0.050444
v -0.286932 0.325533 -0.050444
v -0.177676 0.325533 -0.050444
v -0.177676 0.351364 -0.050444
v -0.243300 0.351364 -0.050444
v -0.243300 0.414404 -0.050444
v -0.286932 0.414404 -0.050444
v -0.456716 0.368468 -0.050444
v -0.455665 0.361443 -0.050444
v -0.453607 0.355029 -0.050444
v -0.450542 0.349226 -0.050444
v -0.446469 0.344034 -0.050444
v -0.441388 0.339452 -0.050444
v -0.435301 0.335482 -0.050444
v -0.428206 0.332122 -0.050444
v -0.420103 0.329373 -0.050444
v -0.410993 0.327235 -0.050444
v -0.389751 0.324792 -0.050444
v -0.366418 0.324755 -0.050444
v -0.346491 0.326908 -0.050444
v -0.329860 0.331213 -0.050444
v -0.322781 0.334173 -0.050444
v -0.316526 0.337671 -0.050444
v -0.311095 0.341707 -0.050444
v -0.306488 0.346281 -0.050444
v -0.302706 0.351393 -0.050444
v -0.299748 0.357043 -0.050444
v -0.297614 0.363232 -0.050444
v -0.337825 0.363232 -0.050444
v -0.339790 0.360146 -0.050444
v -0.342053 0.357356 -0.050444
v -0.344615 0.354863 -0.050444
v -0.347475 0.352667 -0.050444
v -0.350634 0.350768 -0.050444
v -0.354092 0.349165 -0.050444
v -0.361515 0.346741 -0.050444
v -0.369357 0.345286 -0.050444
v -0.377618 0.344802 -0.050444
v -0.385666 0.345414 -0.050444
v -0.393613 0.347253 -0.050444
v -0.401459 0.350317 -0.050444
v -0.405034 0.352361 -0.050444
v -0.406579 0.353537 -0.050444
v -0.407963 0.354816 -0.050444
v -0.409186 0.356198 -0.050444
v -0.410247 0.357682 -0.050444
v -0.411146 0.359269 -0.050444
v -0.411885 0.360959 -0.050444
v -0.412461 0.362752 -0.050444
v -0.412876 0.364648 -0.050444
v -0.413223 0.368747 -0.050444
v -0.412571 0.373285 -0.050444
v -0.411361 0.377311 -0.050444
v -0.410546 0.379132 -0.050444
v -0.409592 0.380825 -0.050444
v -0.408499 0.382390 -0.050444
v -0.407265 0.383827 -0.050444
v -0.405892 0.385136 -0.050444
v -0.404380 0.386317 -0.050444
v -0.402727 0.387370 -0.050444
v -0.400936 0.388295 -0.050444
v -0.393380 0.391165 -0.050444
v -0.385608 0.392887 -0.050444
v -0.377618 0.393461 -0.050444
v -0.369245 0.393084 -0.050444
v -0.361065 0.391956 -0.050444
v -0.353079 0.390075 -0.050444
v -0.349409 0.388810 -0.050444
v -0.346288 0.387271 -0.050444
v -0.343716 0.385459 -0.050444
v -0.342635 0.384450 -0.050444
v -0.341692 0.383373 -0.050444
v -0.340886 0.382227 -0.050444
v -0.340217 0.381014 -0.050444
v -0.339686 0.379732 -0.050444
v -0.339291 0.378381 -0.050444
v -0.297404 0.378381 -0.050444
v -0.299700 0.384347 -0.050444
v -0.302793 0.389794 -0.050444
v -0.306685 0.394722 -0.050444
v -0.311374 0.399131 -0.050444
v -0.316862 0.403022 -0.050444
v -0.323147 0.406393 -0.050444
v -0.330231 0.409247 -0.050444
v -0.346792 0.413396 -0.050444
v -0.366545 0.415471 -0.050444
v -0.389751 0.415403 -0.050444
v -0.410993 0.412777 -0.050444
v -0.420103 0.410479 -0.050444
v -0.428206 0.407525 -0.050444
v -0.435301 0.403915 -0.050444
v -0.441388 0.399648 -0.050444
v -0.446469 0.394725 -0.050444
v -0.450542 0.389146 -0.050444
v -0.453607 0.382909 -0.050444
v -0.455665 0.376017 -0.050444
v -0.611210 0.414404 -0.050444
v -0.611210 0.325533 -0.050444
v -0.577142 0.325533 -0.050444
v -0.577142 0.380964 -0.050444
v -0.517173 0.325533 -0.050444
v -0.467187 0.325533 -0.050444
v -0.467187 0.414404 -0.050444
v -0.500767 0.414404 -0.050444
v -0.500767 0.360719 -0.050444
v -0.562900 0.414404 -0.050444
v -0.692441 0.415844 -0.050444
v -0.675848 0.413551 -0.050444
v -0.662871 0.410216 -0.050444
v -0.650949 0.405647 -0.050444
v -0.640872 0.399946 -0.050444
v -0.634527 0.394926 -0.050444
v -0.630892 0.391254 -0.050444
v -0.627847 0.387496 -0.050444
v -0.625411 0.383680 -0.050444
v -0.623585 0.379805 -0.050444
v -0.622367 0.375873 -0.050444
v -0.621758 0.371882 -0.050444
v -0.621682 0.369864 -0.050444
v -0.621978 0.365869 -0.050444
v -0.622865 0.361933 -0.050444
v -0.624344 0.358057 -0.050444
v -0.626414 0.354242 -0.050444
v -0.629075 0.350487 -0.050444
v -0.632328 0.346791 -0.050444
v -0.636118 0.343261 -0.050444
v -0.640388 0.340000 -0.050444
v -0.645139 0.337009 -0.050444
v -0.656084 0.331835 -0.050444
v -0.668760 0.327775 -0.050444
v -0.678661 0.325599 -0.050444
v -0.692194 0.323893 -0.050444
v -0.706062 0.323552 -0.050444
v -0.719710 0.324575 -0.050444
v -0.736269 0.327775 -0.050444
v -0.748921 0.331835 -0.050444
v -0.759858 0.337009 -0.050444
v -0.764611 0.340000 -0.050444
v -0.770846 0.344992 -0.050444
v -0.774392 0.348631 -0.050444
v -0.777359 0.352357 -0.050444
v -0.779732 0.356142 -0.050444
v -0.781513 0.359987 -0.050444
v -0.782699 0.363893 -0.050444
v -0.783293 0.367859 -0.050444
v -0.783292 0.371881 -0.050444
v -0.783065 0.373884 -0.050444
v -0.782161 0.377846 -0.050444
v -0.780653 0.381750 -0.050444
v -0.778542 0.385595 -0.050444
v -0.775828 0.389382 -0.050444
v -0.772511 0.393112 -0.050444
v -0.768657 0.396670 -0.050444
v -0.764332 0.399946 -0.050444
v -0.754267 0.405647 -0.050444
v -0.742317 0.410216 -0.050444
v -0.722718 0.414719 -0.050444
v -0.705984 0.416178 -0.050444
v -0.720187 0.390284 -0.050444
v -0.725756 0.387884 -0.050444
v -0.730457 0.384916 -0.050444
v -0.733413 0.382320 -0.050444
v -0.735103 0.380425 -0.050444
v -0.736519 0.378482 -0.050444
v -0.737651 0.376504 -0.050444
v -0.738501 0.374491 -0.050444
v -0.739067 0.372443 -0.050444
v -0.739350 0.370360 -0.050444
v -0.739351 0.368263 -0.050444
v -0.739247 0.367228 -0.050444
v -0.738831 0.365183 -0.050444
v -0.738137 0.363171 -0.050444
v -0.737167 0.361192 -0.050444
v -0.735919 0.359246 -0.050444
v -0.734394 0.357333 -0.050444
v -0.732616 0.355505 -0.050444
v -0.730612 0.353815 -0.050444
v -0.728381 0.352263 -0.050444
v -0.723238 0.349571 -0.050444
v -0.717284 0.347451 -0.050444
v -0.712654 0.346313 -0.050444
v -0.706360 0.345421 -0.050444
v -0.699934 0.345243 -0.050444
v -0.693570 0.345778 -0.050444
v -0.685810 0.347451 -0.050444
v -0.679857 0.349571 -0.050444
v -0.674722 0.352263 -0.050444
v -0.672497 0.353815 -0.050444
v -0.670502 0.355505 -0.050444
v -0.668735 0.357333 -0.050444
v -0.667221 0.359246 -0.050444
v -0.665982 0.361192 -0.050444
v -0.665018 0.363171 -0.050444
v -0.664329 0.365183 -0.050444
v -0.663916 0.367228 -0.050444
v -0.663779 0.369306 -0.050444
v -0.663814 0.370360 -0.050444
v -0.664099 0.372443 -0.050444
v -0.664670 0.374491 -0.050444
v -0.665525 0.376504 -0.050444
v -0.666665 0.378482 -0.050444
v -0.668090 0.380425 -0.050444
v -0.669792 0.382320 -0.050444
v -0.672761 0.384916 -0.050444
v -0.677473 0.387883 -0.050444
v -0.683047 0.390284 -0.050444
v -0.692175 0.392667 -0.050444
v -0.699968 0.393439 -0.050444
v -0.706325 0.393262 -0.050444
v -0.714113 0.392049 -0.050444
v -0.953150 0.368468 -0.050444
v -0.952100 0.361443 -0.050444
v -0.950042 0.355029 -0.050444
v -0.946976 0.349226 -0.050444
v -0.942903 0.344034 -0.050444
v -0.937823 0.339452 -0.050444
v -0.931735 0.335482 -0.050444
v -0.924640 0.332122 -0.050444
v -0.916538 0.329373 -0.050444
v -0.907428 0.327235 -0.050444
v -0.886185 0.324792 -0.050444
v -0.862853 0.324755 -0.050444
v -0.842926 0.326908 -0.050444
v -0.826295 0.331213 -0.050444
v -0.819216 0.334173 -0.050444
v -0.812961 0.337671 -0.050444
v -0.807530 0.341707 -0.050444
v -0.802923 0.346281 -0.050444
v -0.799141 0.351393 -0.050444
v -0.796182 0.357043 -0.050444
v -0.794048 0.363232 -0.050444
v -0.834260 0.363232 -0.050444
v -0.835634 0.360146 -0.050444
v -0.836496 0.358714 -0.050444
v -0.838571 0.356073 -0.050444
v -0.841114 0.353728 -0.050444
v -0.844123 0.351680 -0.050444
v -0.847600 0.349929 -0.050444
v -0.853483 0.347832 -0.050444
v -0.861565 0.345892 -0.050444
v -0.865680 0.345286 -0.050444
v -0.874053 0.344802 -0.050444
v -0.882101 0.345414 -0.050444
v -0.890048 0.347253 -0.050444
v -0.897894 0.350317 -0.050444
v -0.901469 0.352361 -0.050444
v -0.903014 0.353537 -0.050444
v -0.904398 0.354816 -0.050444
v -0.905621 0.356198 -0.050444
v -0.906682 0.357682 -0.050444
v -0.907581 0.359269 -0.050444
v -0.908319 0.360959 -0.050444
v -0.908896 0.362752 -0.050444
v -0.909311 0.364648 -0.050444
v -0.909657 0.368747 -0.050444
v -0.909006 0.373285 -0.050444
v -0.907796 0.377311 -0.050444
v -0.906981 0.379132 -0.050444
v -0.906027 0.380825 -0.050444
v -0.904933 0.382390 -0.050444
v -0.903700 0.383827 -0.050444
v -0.902327 0.385136 -0.050444
v -0.900814 0.386317 -0.050444
v -0.899162 0.387370 -0.050444
v -0.897370 0.388295 -0.050444
v -0.889815 0.391165 -0.050444
v -0.882043 0.392887 -0.050444
v -0.874053 0.393461 -0.050444
v -0.865680 0.393084 -0.050444
v -0.857500 0.391956 -0.050444
v -0.849514 0.390075 -0.050444
v -0.845844 0.388810 -0.050444
v -0.842723 0.387271 -0.050444
v -0.840150 0.385459 -0.050444
v -0.839070 0.384450 -0.050444
v -0.838127 0.383373 -0.050444
v -0.837321 0.382227 -0.050444
v -0.836652 0.381014 -0.050444
v -0.836121 0.379732 -0.050444
v -0.835726 0.378381 -0.050444
v -0.793839 0.378381 -0.050444
v -0.796134 0.384347 -0.050444
v -0.799228 0.389794 -0.050444
v -0.803119 0.394722 -0.050444
v -0.807809 0.399131 -0.050444
v -0.813297 0.403022 -0.050444
v -0.819582 0.406393 -0.050444
v -0.826666 0.409247 -0.050444
v -0.843227 0.413396 -0.050444
v -0.862980 0.415471 -0.050444
v -0.886185 0.415403 -0.050444
v -0.907428 0.412777 -0.050444
v -0.916538 0.410479 -0.050444
v -0.924640 0.407525 -0.050444
v -0.931735 0.403915 -0.050444
v -0.937823 0.399648 -0.050444
v -0.942903 0.394725 -0.050444
v -0.946976 0.389146 -0.050444
v -0.950042 0.382909 -0.050444
v -0.952100 0.376017 -0.050444
v -0.038052 0.718904 -0.050444
v -0.038052 0.630034 -0.050444
v 0.082165 0.630034 -0.050444
v 0.082165 0.652304 -0.050444
v 0.000345 0.652234 -0.050444
v 0.000345 0.666126 -0.050444
v 0.072810 0.665987 -0.050444
v 0.073020 0.684696 -0.050444
v 0.000345 0.684696 -0.050444
v 0.000345 0.697961 -0.050444
v 0.082165 0.697961 -0.050444
v 0.082165 0.718904 -0.050444
v -0.157780 0.630034 -0.050444
v -0.048523 0.630034 -0.050444
v -0.048523 0.655864 -0.050444
v -0.114147 0.655864 -0.050444
v -0.114147 0.718904 -0.050444
v -0.157780 0.718904 -0.050444
v -0.306759 0.718904 -0.050444
v -0.306619 0.630034 -0.050444
v -0.196820 0.630316 -0.050444
v -0.187376 0.631735 -0.050444
v -0.183362 0.632873 -0.050444
v -0.179820 0.634295 -0.050444
v -0.176751 0.636002 -0.050444
v -0.174154 0.637995 -0.050444
v -0.172029 0.640273 -0.050444
v -0.170376 0.642835 -0.050444
v -0.169196 0.645683 -0.050444
v -0.168488 0.648816 -0.050444
v -0.168251 0.652234 -0.050444
v -0.168467 0.655791 -0.050444
v -0.169112 0.659038 -0.050444
v -0.170189 0.661977 -0.050444
v -0.171696 0.664606 -0.050444
v -0.173633 0.666926 -0.050444
v -0.176001 0.668936 -0.050444
v -0.178799 0.670638 -0.050444
v -0.182028 0.672029 -0.050444
v -0.185687 0.673112 -0.050444
v -0.189777 0.673885 -0.050444
v -0.199248 0.674504 -0.050444
v -0.189777 0.675121 -0.050444
v -0.185687 0.675891 -0.050444
v -0.182028 0.676971 -0.050444
v -0.178799 0.678358 -0.050444
v -0.176001 0.680054 -0.050444
v -0.173633 0.682058 -0.050444
v -0.171696 0.684371 -0.050444
v -0.170189 0.686991 -0.050444
v -0.169112 0.689921 -0.050444
v -0.168467 0.693158 -0.050444
v -0.168251 0.696704 -0.050444
v -0.168488 0.700250 -0.050444
v -0.169196 0.703487 -0.050444
v -0.170376 0.706417 -0.050444
v -0.172029 0.709037 -0.050444
v -0.174154 0.711350 -0.050444
v -0.176751 0.713354 -0.050444
v -0.179820 0.715050 -0.050444
v -0.183362 0.716438 -0.050444
v -0.187376 0.717517 -0.050444
v -0.196820 0.718750 -0.050444
v -0.215853 0.700050 -0.050444
v -0.212556 0.699588 -0.050444
v -0.211155 0.699202 -0.050444
v -0.209919 0.698712 -0.050444
v -0.208847 0.698118 -0.050444
v -0.207941 0.697420 -0.050444
v -0.207199 0.696619 -0.050444
v -0.206622 0.695714 -0.050444
v -0.206210 0.694705 -0.050444
v -0.205963 0.693592 -0.050444
v -0.205880 0.692376 -0.050444
v -0.205963 0.691159 -0.050444
v -0.206210 0.690047 -0.050444
v -0.206622 0.689038 -0.050444
v -0.207199 0.688133 -0.050444
v -0.207941 0.687331 -0.050444
v -0.208847 0.686634 -0.050444
v -0.209919 0.686040 -0.050444
v -0.211155 0.685550 -0.050444
v -0.212556 0.685163 -0.050444
v -0.215853 0.684702 -0.050444
v -0.268711 0.684627 -0.050444
v -0.268711 0.700125 -0.050444
v -0.215853 0.666051 -0.050444
v -0.212556 0.665590 -0.050444
v -0.211155 0.665203 -0.050444
v -0.209919 0.664713 -0.050444
v -0.208847 0.664119 -0.050444
v -0.207941 0.663422 -0.050444
v -0.207199 0.662620 -0.050444
v -0.206622 0.661715 -0.050444
v -0.206210 0.660706 -0.050444
v -0.205963 0.659594 -0.050444
v -0.205880 0.658377 -0.050444
v -0.205963 0.657161 -0.050444
v -0.206210 0.656048 -0.050444
v -0.206622 0.655039 -0.050444
v -0.207199 0.654134 -0.050444
v -0.207941 0.653333 -0.050444
v -0.208847 0.652635 -0.050444
v -0.209919 0.652041 -0.050444
v -0.211155 0.651551 -0.050444
v -0.212556 0.651165 -0.050444
v -0.214122 0.650882 -0.050444
v -0.217748 0.650628 -0.050444
v -0.268711 0.650628 -0.050444
v -0.268711 0.666126 -0.050444
v -0.410011 0.663683 -0.050444
v -0.373779 0.663683 -0.050444
v -0.392139 0.695866 -0.050444
v -0.419226 0.718904 -0.050444
v -0.365750 0.718904 -0.050444
v -0.317231 0.630034 -0.050444
v -0.355627 0.630034 -0.050444
v -0.364424 0.645951 -0.050444
v -0.419855 0.645951 -0.050444
v -0.428651 0.630034 -0.050444
v -0.467467 0.630034 -0.050444
v -0.620425 0.718974 -0.050444
v -0.620425 0.630034 -0.050444
v -0.582447 0.630034 -0.050444
v -0.582447 0.661100 -0.050444
v -0.538652 0.661020 -0.050444
v -0.536162 0.660592 -0.050444
v -0.535091 0.660243 -0.050444
v -0.534137 0.659804 -0.050444
v -0.533300 0.659276 -0.050444
v -0.532578 0.658658 -0.050444
v -0.531973 0.657951 -0.050444
v -0.531484 0.657153 -0.050444
v -0.531112 0.656267 -0.050444
v -0.530856 0.655290 -0.050444
v -0.529111 0.640645 -0.050444
v -0.528854 0.639515 -0.050444
v -0.528455 0.638430 -0.050444
v -0.527915 0.637390 -0.050444
v -0.527234 0.636394 -0.050444
v -0.526410 0.635443 -0.050444
v -0.525446 0.634536 -0.050444
v -0.523091 0.632857 -0.050444
v -0.520171 0.631356 -0.050444
v -0.516684 0.630034 -0.050444
v -0.479125 0.630034 -0.050444
v -0.480172 0.631083 -0.050444
v -0.481034 0.632182 -0.050444
v -0.481708 0.633332 -0.050444
v -0.482197 0.634533 -0.050444
v -0.482500 0.635783 -0.050444
v -0.482616 0.637085 -0.050444
v -0.482112 0.642243 -0.050444
v -0.482158 0.646969 -0.050444
v -0.482756 0.651261 -0.050444
v -0.483904 0.655119 -0.050444
v -0.485602 0.658544 -0.050444
v -0.487852 0.661536 -0.050444
v -0.490652 0.664095 -0.050444
v -0.494003 0.666220 -0.050444
v -0.497905 0.667911 -0.050444
v -0.502357 0.669169 -0.050444
v -0.507360 0.669994 -0.050444
v -0.512914 0.670385 -0.050444
v -0.512914 0.670664 -0.050444
v -0.503593 0.672018 -0.050444
v -0.499515 0.673081 -0.050444
v -0.495826 0.674403 -0.050444
v -0.492526 0.675983 -0.050444
v -0.489615 0.677820 -0.050444
v -0.487092 0.679915 -0.050444
v -0.484959 0.682269 -0.050444
v -0.483214 0.684880 -0.050444
v -0.481858 0.687749 -0.050444
v -0.480891 0.690876 -0.050444
v -0.480312 0.694261 -0.050444
v -0.480858 0.697749 -0.050444
v -0.481844 0.700978 -0.050444
v -0.483270 0.703947 -0.050444
v -0.485137 0.706656 -0.050444
v -0.487444 0.709105 -0.050444
v -0.490191 0.711295 -0.050444
v -0.493378 0.713224 -0.050444
v -0.497005 0.714894 -0.050444
v -0.505580 0.717454 -0.050444
v -0.515916 0.718974 -0.050444
v -0.529882 0.699776 -0.050444
v -0.528448 0.699566 -0.050444
v -0.527112 0.699217 -0.050444
v -0.525876 0.698729 -0.050444
v -0.524739 0.698100 -0.050444
v -0.523700 0.697332 -0.050444
v -0.522761 0.696425 -0.050444
v -0.521920 0.695378 -0.050444
v -0.521178 0.694191 -0.050444
v -0.520536 0.692864 -0.050444
v -0.519547 0.689793 -0.050444
v -0.519807 0.688343 -0.050444
v -0.520194 0.687020 -0.050444
v -0.520707 0.685822 -0.050444
v -0.521346 0.684751 -0.050444
v -0.522111 0.683805 -0.050444
v -0.523002 0.682986 -0.050444
v -0.524019 0.682293 -0.050444
v -0.525163 0.681726 -0.050444
v -0.526432 0.681284 -0.050444
v -0.527827 0.680969 -0.050444
v -0.529348 0.680780 -0.050444
v -0.582447 0.680717 -0.050444
v -0.582447 0.699846 -0.050444
v -0.679277 0.630034 -0.050444
v -0.732963 0.630034 -0.050444
v -0.781482 0.718904 -0.050444
v -0.743085 0.718904 -0.050444
v -0.706085 0.654607 -0.050444
v -0.669294 0.718904 -0.050444
v -0.630897 0.718904 -0.050444
v -0.833422 0.718904 -0.050444
v -0.833422 0.630034 -0.050444
v -0.791954 0.630034 -0.050444
v -0.791954 0.718904 -0.050444
v -0.953150 0.630034 -0.050444
v -0.843894 0.630034 -0.050444
v -0.843894 0.655864 -0.050444
v -0.909518 0.655864 -0.050444
v -0.909518 0.718904 -0.050444
v -0.953150 0.718904 -0.050444
v 0.822524 1.023404 -0.050444
v 0.962567 1.023404 -0.050444
v 0.962567 0.996946 -0.050444
v 0.912930 0.996946 -0.050444
v 0.912930 0.934533 -0.050444
v 0.870834 0.934533 -0.050444
v 0.870834 0.996946 -0.050444
v 0.822524 0.996946 -0.050444
v 0.668029 1.023404 -0.050444
v 0.668029 0.934533 -0.050444
v 0.702097 0.934533 -0.050444
v 0.702097 0.989964 -0.050444
v 0.762066 0.934533 -0.050444
v 0.812052 0.934533 -0.050444
v 0.812052 1.023404 -0.050444
v 0.778472 1.023404 -0.050444
v 0.778472 0.969719 -0.050444
v 0.716339 1.023404 -0.050444
v 0.537341 1.023404 -0.050444
v 0.537341 0.934533 -0.050444
v 0.657557 0.934533 -0.050444
v 0.657557 0.956804 -0.050444
v 0.575737 0.956734 -0.050444
v 0.575737 0.970626 -0.050444
v 0.648202 0.970487 -0.050444
v 0.648412 0.989196 -0.050444
v 0.575737 0.989196 -0.050444
v 0.575737 1.002461 -0.050444
v 0.657557 1.002461 -0.050444
v 0.657557 1.023404 -0.050444
v 0.357644 1.023404 -0.050444
v 0.410911 1.023404 -0.050444
v 0.442675 0.976979 -0.050444
v 0.474580 1.023404 -0.050444
v 0.526869 1.023404 -0.050444
v 0.526869 0.934533 -0.050444
v 0.493638 0.934533 -0.050444
v 0.493638 0.990662 -0.050444
v 0.457685 0.934533 -0.050444
v 0.427037 0.934533 -0.050444
v 0.391293 0.990662 -0.050444
v 0.391293 0.934533 -0.050444
v 0.357644 0.934533 -0.050444
v 0.226956 1.023404 -0.050444
v 0.226956 0.934533 -0.050444
v 0.347172 0.934533 -0.050444
v 0.347172 0.956804 -0.050444
v 0.265352 0.956734 -0.050444
v 0.265352 0.970626 -0.050444
v 0.337817 0.970487 -0.050444
v 0.338027 0.989196 -0.050444
v 0.265352 0.989196 -0.050444
v 0.265352 1.002461 -0.050444
v 0.347172 1.002461 -0.050444
v 0.347172 1.023404 -0.050444
v 0.168389 1.003801 -0.050444
v 0.171439 1.003495 -0.050444
v 0.174073 1.002928 -0.050444
v 0.176289 1.002102 -0.050444
v 0.177241 1.001592 -0.050444
v 0.178089 1.001016 -0.050444
v 0.178833 1.000376 -0.050444
v 0.179472 0.999671 -0.050444
v 0.180007 0.998900 -0.050444
v 0.180812 0.997294 -0.050444
v 0.181093 0.996490 -0.050444
v 0.181295 0.995685 -0.050444
v 0.181415 0.994880 -0.050444
v 0.181456 0.994075 -0.050444
v 0.181415 0.993269 -0.050444
v 0.181295 0.992462 -0.050444
v 0.181093 0.991655 -0.050444
v 0.180449 0.990040 -0.050444
v 0.180007 0.989231 -0.050444
v 0.179465 0.988455 -0.050444
v 0.178804 0.987745 -0.050444
v 0.178024 0.987100 -0.050444
v 0.177125 0.986520 -0.050444
v 0.176108 0.986006 -0.050444
v 0.173717 0.985174 -0.050444
v 0.170850 0.984604 -0.050444
v 0.167509 0.984296 -0.050444
v 0.115815 0.984240 -0.050444
v 0.115815 1.003857 -0.050444
v 0.073927 1.023404 -0.050444
v 0.073927 0.934533 -0.050444
v 0.115815 0.934533 -0.050444
v 0.115815 0.962807 -0.050444
v 0.180111 0.962807 -0.050444
v 0.193345 0.964622 -0.050444
v 0.198228 0.966124 -0.050444
v 0.202378 0.968086 -0.050444
v 0.206217 0.970576 -0.050444
v 0.209747 0.973593 -0.050444
v 0.211317 0.975303 -0.050444
v 0.212652 0.977150 -0.050444
v 0.213752 0.979135 -0.050444
v 0.214618 0.981257 -0.050444
v 0.215249 0.983517 -0.050444
v 0.216049 0.990709 -0.050444
v 0.216142 0.995224 -0.050444
v 0.215925 0.999459 -0.050444
v 0.215629 1.001460 -0.050444
v 0.215115 1.003368 -0.050444
v 0.214381 1.005183 -0.050444
v 0.213427 1.006905 -0.050444
v 0.212255 1.008534 -0.050444
v 0.210864 1.010070 -0.050444
v 0.207617 1.012894 -0.050444
v 0.203883 1.015407 -0.050444
v 0.199659 1.017610 -0.050444
v 0.195288 1.019406 -0.050444
v 0.191111 1.020697 -0.050444
v 0.172223 1.023404 -0.050444
v 0.013679 1.003857 -0.050444
v 0.016938 1.003680 -0.050444
v 0.019780 1.003244 -0.050444
v 0.022205 1.002548 -0.050444
v 0.023261 1.002102 -0.050444
v 0.024213 1.001592 -0.050444
v 0.025061 1.001016 -0.050444
v 0.025804 1.000376 -0.050444
v 0.026443 0.999671 -0.050444
v 0.026978 0.998900 -0.050444
v 0.027783 0.997294 -0.050444
v 0.028065 0.996490 -0.050444
v 0.028266 0.995685 -0.050444
v 0.028387 0.994880 -0.050444
v 0.028427 0.994075 -0.050444
v 0.028387 0.993269 -0.050444
v 0.028266 0.992462 -0.050444
v 0.028065 0.991655 -0.050444
v 0.027783 0.990848 -0.050444
v 0.026978 0.989231 -0.050444
v 0.026436 0.988455 -0.050444
v 0.025775 0.987745 -0.050444
v 0.024995 0.987100 -0.050444
v 0.024097 0.986520 -0.050444
v 0.023079 0.986006 -0.050444
v 0.020688 0.985174 -0.050444
v 0.017822 0.984604 -0.050444
v 0.014481 0.984296 -0.050444
v -0.037214 0.984240 -0.050444
v -0.037214 1.003857 -0.050444
v -0.079101 1.023404 -0.050444
v -0.079101 0.934533 -0.050444
v -0.037214 0.934533 -0.050444
v -0.037214 0.962807 -0.050444
v 0.027083 0.962807 -0.050444
v 0.040316 0.964622 -0.050444
v 0.045199 0.966124 -0.050444
v 0.049349 0.968086 -0.050444
v 0.053189 0.970576 -0.050444
v 0.056718 0.973593 -0.050444
v 0.058288 0.975303 -0.050444
v 0.059623 0.977150 -0.050444
v 0.060724 0.979135 -0.050444
v 0.061590 0.981257 -0.050444
v 0.062221 0.983517 -0.050444
v 0.062618 0.985915 -0.050444
v 0.063114 0.995224 -0.050444
v 0.062897 0.999459 -0.050444
v 0.062601 1.001460 -0.050444
v 0.062086 1.003368 -0.050444
v 0.061747 1.004287 -0.050444
v 0.060903 1.006056 -0.050444
v 0.059840 1.007732 -0.050444
v 0.057835 1.010070 -0.050444
v 0.054589 1.012894 -0.050444
v 0.050854 1.015407 -0.050444
v 0.046631 1.017610 -0.050444
v 0.042260 1.019406 -0.050444
v 0.038082 1.020697 -0.050444
v 0.019194 1.023404 -0.050444
v -0.160332 1.024844 -0.050444
v -0.143740 1.022551 -0.050444
v -0.130762 1.019216 -0.050444
v -0.118840 1.014647 -0.050444
v -0.108764 1.008945 -0.050444
v -0.102418 1.003926 -0.050444
v -0.098783 1.000254 -0.050444
v -0.095738 0.996496 -0.050444
v -0.093303 0.992680 -0.050444
v -0.091476 0.988805 -0.050444
v -0.090258 0.984873 -0.050444
v -0.089649 0.980882 -0.050444
v -0.089573 0.978864 -0.050444
v -0.089869 0.974868 -0.050444
v -0.090756 0.970933 -0.050444
v -0.092235 0.967057 -0.050444
v -0.094305 0.963242 -0.050444
v -0.096966 0.959486 -0.050444
v -0.102054 0.953992 -0.050444
v -0.106084 0.950597 -0.050444
v -0.110594 0.947471 -0.050444
v -0.121058 0.942027 -0.050444
v -0.133398 0.937671 -0.050444
v -0.146552 0.934599 -0.050444
v -0.160086 0.932893 -0.050444
v -0.173953 0.932552 -0.050444
v -0.187602 0.933575 -0.050444
v -0.204160 0.936775 -0.050444
v -0.216812 0.940835 -0.050444
v -0.227749 0.946009 -0.050444
v -0.232502 0.949000 -0.050444
v -0.238737 0.953992 -0.050444
v -0.242283 0.957631 -0.050444
v -0.245250 0.961357 -0.050444
v -0.247624 0.965142 -0.050444
v -0.249404 0.968987 -0.050444
v -0.250591 0.972893 -0.050444
v -0.251184 0.976859 -0.050444
v -0.251183 0.980881 -0.050444
v -0.250957 0.982884 -0.050444
v -0.250052 0.986846 -0.050444
v -0.248544 0.990750 -0.050444
v -0.246433 0.994595 -0.050444
v -0.243719 0.998382 -0.050444
v -0.240402 1.002112 -0.050444
v -0.236548 1.005670 -0.050444
v -0.232223 1.008945 -0.050444
v -0.227426 1.011938 -0.050444
v -0.216419 1.017073 -0.050444
v -0.203734 1.021050 -0.050444
v -0.187291 1.024177 -0.050444
v -0.173876 1.025178 -0.050444
v -0.190972 0.998155 -0.050444
v -0.196107 0.995471 -0.050444
v -0.198349 0.993917 -0.050444
v -0.201304 0.991320 -0.050444
v -0.202994 0.989425 -0.050444
v -0.204410 0.987482 -0.050444
v -0.205542 0.985504 -0.050444
v -0.206392 0.983491 -0.050444
v -0.206958 0.981443 -0.050444
v -0.207241 0.979360 -0.050444
v -0.207242 0.977263 -0.050444
v -0.207138 0.976228 -0.050444
v -0.206722 0.974183 -0.050444
v -0.206029 0.972171 -0.050444
v -0.205058 0.970192 -0.050444
v -0.203810 0.968246 -0.050444
v -0.202285 0.966333 -0.050444
v -0.200508 0.964505 -0.050444
v -0.198503 0.962815 -0.050444
v -0.196272 0.961263 -0.050444
v -0.191130 0.958571 -0.050444
v -0.185175 0.956451 -0.050444
v -0.177416 0.954778 -0.050444
v -0.171051 0.954243 -0.050444
v -0.164626 0.954421 -0.050444
v -0.158331 0.955313 -0.050444
v -0.153701 0.956451 -0.050444
v -0.147748 0.958571 -0.050444
v -0.142613 0.961263 -0.050444
v -0.140389 0.962815 -0.050444
v -0.138393 0.964505 -0.050444
v -0.136627 0.966333 -0.050444
v -0.135112 0.968246 -0.050444
v -0.133873 0.970192 -0.050444
v -0.132909 0.972171 -0.050444
v -0.132221 0.974183 -0.050444
v -0.131808 0.976228 -0.050444
v -0.131670 0.978306 -0.050444
v -0.131812 0.980406 -0.050444
v -0.131991 0.981443 -0.050444
v -0.132561 0.983491 -0.050444
v -0.133416 0.985504 -0.050444
v -0.134556 0.987482 -0.050444
v -0.135981 0.989425 -0.050444
v -0.137683 0.991320 -0.050444
v -0.140652 0.993916 -0.050444
v -0.145365 0.996883 -0.050444
v -0.150938 0.999284 -0.050444
v -0.156996 1.001049 -0.050444
v -0.161611 1.001909 -0.050444
v -0.167859 1.002439 -0.050444
v -0.174216 1.002262 -0.050444
v -0.180464 1.001380 -0.050444
v -0.185059 1.000255 -0.050444
v -0.370986 0.934533 -0.050444
v -0.261730 0.934533 -0.050444
v -0.261730 0.960364 -0.050444
v -0.327354 0.960364 -0.050444
v -0.327354 1.023404 -0.050444
v -0.370986 1.023404 -0.050444
v -0.501675 1.023404 -0.050444
v -0.501675 0.934533 -0.050444
v -0.381458 0.934533 -0.050444
v -0.381458 0.956804 -0.050444
v -0.463278 0.956734 -0.050444
v -0.463278 0.970626 -0.050444
v -0.390813 0.970487 -0.050444
v -0.390603 0.989196 -0.050444
v -0.463278 0.989196 -0.050444
v -0.463278 1.002461 -0.050444
v -0.381458 1.002461 -0.050444
v -0.381458 1.023404 -0.050444
v -0.560526 0.934533 -0.050444
v -0.614212 0.934533 -0.050444
v -0.662732 1.023404 -0.050444
v -0.624335 1.023404 -0.050444
v -0.587334 0.959107 -0.050444
v -0.550543 1.023404 -0.050444
v -0.512146 1.023404 -0.050444
v -0.793420 1.023404 -0.050444
v -0.793420 0.934533 -0.050444
v -0.673203 0.934533 -0.050444
v -0.673203 0.956804 -0.050444
v -0.755023 0.956734 -0.050444
v -0.755023 0.970626 -0.050444
v -0.682558 0.970487 -0.050444
v -0.682349 0.989196 -0.050444
v -0.755023 0.989196 -0.050444
v -0.755023 1.002461 -0.050444
v -0.673203 1.002461 -0.050444
v -0.673203 1.023404 -0.050444
v -0.953150 1.023404 -0.050444
v -0.953150 0.934533 -0.050444
v -0.857502 0.935584 -0.050444
v -0.847389 0.937160 -0.050444
v -0.838332 0.939436 -0.050444
v -0.830332 0.942412 -0.050444
v -0.823387 0.946087 -0.050444
v -0.817498 0.950463 -0.050444
v -0.812665 0.955539 -0.050444
v -0.808888 0.961315 -0.050444
v -0.806166 0.967791 -0.050444
v -0.804501 0.974967 -0.050444
v -0.803892 0.982843 -0.050444
v -0.804677 0.988938 -0.050444
v -0.806217 0.994539 -0.050444
v -0.808512 0.999646 -0.050444
v -0.811563 1.004260 -0.050444
v -0.815370 1.008381 -0.050444
v -0.819931 1.012008 -0.050444
v -0.825248 1.015141 -0.050444
v -0.831320 1.017781 -0.050444
v -0.838148 1.019927 -0.050444
v -0.845731 1.021580 -0.050444
v -0.863162 1.023404 -0.050444
v -0.876047 1.000625 -0.050444
v -0.865680 0.999411 -0.050444
v -0.861277 0.998427 -0.050444
v -0.857396 0.997192 -0.050444
v -0.854034 0.995706 -0.050444
v -0.851194 0.993969 -0.050444
v -0.848874 0.991981 -0.050444
v -0.847075 0.989742 -0.050444
v -0.845797 0.987251 -0.050444
v -0.845039 0.984510 -0.050444
v -0.844802 0.981517 -0.050444
v -0.845071 0.977716 -0.050444
v -0.845810 0.974249 -0.050444
v -0.847018 0.971115 -0.050444
v -0.848696 0.968315 -0.050444
v -0.850842 0.965848 -0.050444
v -0.853458 0.963715 -0.050444
v -0.856544 0.961915 -0.050444
v -0.860098 0.960449 -0.050444
v -0.864122 0.959317 -0.050444
v -0.873578 0.958053 -0.050444
v -0.912799 0.957921 -0.050444
v -0.912729 1.000855 -0.050444
v -0.206369 1.302423 -0.050444
v -0.163434 1.302423 -0.050444
v -0.164100 1.304657 -0.050444
v -0.165025 1.306798 -0.050444
v -0.166210 1.308846 -0.050444
v -0.167654 1.310800 -0.050444
v -0.169359 1.312662 -0.050444
v -0.171323 1.314431 -0.050444
v -0.175683 1.317677 -0.050444
v -0.180383 1.320528 -0.050444
v -0.185425 1.322983 -0.050444
v -0.188286 1.324073 -0.050444
v -0.195531 1.326028 -0.050444
v -0.228546 1.330193 -0.050444
v -0.245900 1.330261 -0.050444
v -0.273678 1.326268 -0.050444
v -0.282453 1.323646 -0.050444
v -0.291516 1.319555 -0.050444
v -0.297116 1.316010 -0.050444
v -0.299355 1.314182 -0.050444
v -0.301220 1.312318 -0.050444
v -0.302710 1.310416 -0.050444
v -0.303904 1.308466 -0.050444
v -0.304882 1.306457 -0.050444
v -0.305642 1.304386 -0.050444
v -0.306185 1.302256 -0.050444
v -0.306511 1.300066 -0.050444
v -0.306619 1.297815 -0.050444
v -0.306569 1.296681 -0.050444
v -0.306417 1.295558 -0.050444
v -0.306163 1.294447 -0.050444
v -0.305809 1.293347 -0.050444
v -0.304795 1.291183 -0.050444
v -0.303377 1.289066 -0.050444
v -0.301553 1.286994 -0.050444
v -0.299324 1.284970 -0.050444
v -0.296726 1.283066 -0.050444
v -0.293797 1.281355 -0.050444
v -0.286944 1.278516 -0.050444
v -0.278764 1.276453 -0.050444
v -0.227042 1.272849 -0.050444
v -0.224436 1.272368 -0.050444
v -0.221936 1.271609 -0.050444
v -0.219764 1.270623 -0.050444
v -0.218815 1.270049 -0.050444
v -0.217562 1.269087 -0.050444
v -0.216844 1.268383 -0.050444
v -0.216243 1.267667 -0.050444
v -0.215762 1.266946 -0.050444
v -0.215401 1.266219 -0.050444
v -0.215161 1.265486 -0.050444
v -0.215041 1.264747 -0.050444
v -0.215041 1.264015 -0.050444
v -0.215085 1.263655 -0.050444
v -0.215262 1.262936 -0.050444
v -0.215558 1.262220 -0.050444
v -0.215972 1.261505 -0.050444
v -0.216504 1.260792 -0.050444
v -0.217155 1.260082 -0.050444
v -0.217912 1.259401 -0.050444
v -0.218765 1.258779 -0.050444
v -0.220754 1.257708 -0.050444
v -0.223124 1.256870 -0.050444
v -0.234922 1.254601 -0.050444
v -0.245045 1.255160 -0.050444
v -0.247674 1.255556 -0.050444
v -0.250071 1.256184 -0.050444
v -0.252236 1.257045 -0.050444
v -0.254229 1.258174 -0.050444
v -0.256114 1.259605 -0.050444
v -0.257890 1.261338 -0.050444
v -0.259387 1.263204 -0.050444
v -0.259967 1.264122 -0.050444
v -0.260435 1.265031 -0.050444
v -0.260790 1.265930 -0.050444
v -0.261032 1.266819 -0.050444
v -0.306619 1.266819 -0.050444
v -0.306533 1.265222 -0.050444
v -0.306274 1.263689 -0.050444
v -0.305843 1.262220 -0.050444
v -0.305239 1.260815 -0.050444
v -0.304462 1.259474 -0.050444
v -0.303513 1.258197 -0.050444
v -0.301131 1.255645 -0.050444
v -0.294507 1.250169 -0.050444
v -0.290508 1.247531 -0.050444
v -0.286378 1.245344 -0.050444
v -0.282115 1.243606 -0.050444
v -0.277508 1.242190 -0.050444
v -0.266617 1.239941 -0.050444
v -0.240088 1.237428 -0.050444
v -0.216736 1.237986 -0.050444
v -0.201552 1.240255 -0.050444
v -0.196227 1.241775 -0.050444
v -0.184064 1.247097 -0.050444
v -0.178134 1.250514 -0.050444
v -0.173515 1.253923 -0.050444
v -0.171697 1.255625 -0.050444
v -0.170206 1.257324 -0.050444
v -0.167875 1.260726 -0.050444
v -0.166188 1.264135 -0.050444
v -0.165145 1.267552 -0.050444
v -0.164875 1.269260 -0.050444
v -0.164788 1.270965 -0.050444
v -0.164883 1.272666 -0.050444
v -0.165160 1.274362 -0.050444
v -0.165620 1.276055 -0.050444
v -0.166262 1.277744 -0.050444
v -0.167895 1.280917 -0.050444
v -0.169861 1.283686 -0.050444
v -0.172161 1.286052 -0.050444
v -0.174969 1.288170 -0.050444
v -0.178460 1.290194 -0.050444
v -0.186860 1.293762 -0.050444
v -0.190514 1.294903 -0.050444
v -0.193593 1.295546 -0.050444
v -0.246508 1.298144 -0.050444
v -0.249149 1.298714 -0.050444
v -0.251601 1.299530 -0.050444
v -0.253666 1.300550 -0.050444
v -0.254550 1.301136 -0.050444
v -0.255336 1.301772 -0.050444
v -0.256323 1.302800 -0.050444
v -0.256843 1.303501 -0.050444
v -0.257253 1.304212 -0.050444
v -0.257553 1.304932 -0.050444
v -0.257742 1.305662 -0.050444
v -0.257821 1.306402 -0.050444
v -0.257740 1.307144 -0.050444
v -0.257545 1.307880 -0.050444
v -0.257236 1.308610 -0.050444
v -0.256812 1.309334 -0.050444
v -0.256274 1.310053 -0.050444
v -0.255621 1.310766 -0.050444
v -0.254863 1.311446 -0.050444
v -0.254008 1.312069 -0.050444
v -0.252007 1.313139 -0.050444
v -0.249618 1.313977 -0.050444
v -0.246395 1.314640 -0.050444
v -0.236109 1.315617 -0.050444
v -0.221204 1.313872 -0.050444
v -0.218202 1.313003 -0.050444
v -0.215573 1.311886 -0.050444
v -0.213315 1.310521 -0.050444
v -0.211163 1.308628 -0.050444
v -0.208847 1.305929 -0.050444
v -0.426347 1.239033 -0.050444
v -0.317091 1.239033 -0.050444
v -0.317091 1.264864 -0.050444
v -0.382715 1.264864 -0.050444
v -0.382715 1.327904 -0.050444
v -0.426347 1.327904 -0.050444
v -0.478288 1.327904 -0.050444
v -0.478288 1.239033 -0.050444
v -0.436819 1.239033 -0.050444
v -0.436819 1.327904 -0.050444
v -0.628803 1.327904 -0.050444
v -0.488759 1.327904 -0.050444
v -0.488759 1.301445 -0.050444
v -0.538396 1.301445 -0.050444
v -0.538396 1.239033 -0.050444
v -0.580493 1.239033 -0.050444
v -0.580493 1.301445 -0.050444
v -0.628803 1.301445 -0.050444
v -0.780993 1.327904 -0.050444
v -0.742527 1.327904 -0.050444
v -0.742324 1.274608 -0.050444
v -0.741714 1.272285 -0.050444
v -0.740699 1.270183 -0.050444
v -0.739277 1.268300 -0.050444
v -0.737448 1.266638 -0.050444
v -0.735214 1.265196 -0.050444
v -0.732573 1.263973 -0.050444
v -0.729526 1.262971 -0.050444
v -0.722213 1.261627 -0.050444
v -0.713275 1.261164 -0.050444
v -0.693911 1.262246 -0.050444
v -0.689462 1.263057 -0.050444
v -0.686015 1.264092 -0.050444
v -0.684667 1.264694 -0.050444
v -0.683570 1.265353 -0.050444
v -0.681789 1.266824 -0.050444
v -0.680332 1.268494 -0.050444
v -0.679725 1.269403 -0.050444
v -0.678753 1.271369 -0.050444
v -0.678105 1.273534 -0.050444
v -0.677782 1.275896 -0.050444
v -0.677741 1.327904 -0.050444
v -0.639275 1.327904 -0.050444
v -0.639558 1.272666 -0.050444
v -0.640062 1.269664 -0.050444
v -0.640819 1.266801 -0.050444
v -0.641827 1.264078 -0.050444
v -0.643088 1.261495 -0.050444
v -0.645443 1.257886 -0.050444
v -0.647311 1.255660 -0.050444
v -0.649415 1.253581 -0.050444
v -0.654333 1.249857 -0.050444
v -0.660188 1.246710 -0.050444
v -0.666929 1.244103 -0.050444
v -0.683036 1.240494 -0.050444
v -0.702560 1.238958 -0.050444
v -0.724192 1.239444 -0.050444
v -0.743063 1.241887 -0.050444
v -0.751192 1.243842 -0.050444
v -0.758398 1.246285 -0.050444
v -0.764673 1.249220 -0.050444
v -0.769963 1.252664 -0.050444
v -0.772236 1.254578 -0.050444
v -0.774260 1.256620 -0.050444
v -0.776037 1.258790 -0.050444
v -0.778205 1.262294 -0.050444
v -0.779307 1.264799 -0.050444
v -0.780133 1.267441 -0.050444
v -0.780684 1.270218 -0.050444
v -0.780959 1.273130 -0.050444
v -0.862224 1.329344 -0.050444
v -0.845632 1.327051 -0.050444
v -0.832654 1.323716 -0.050444
v -0.820732 1.319147 -0.050444
v -0.810656 1.313446 -0.050444
v -0.804310 1.308426 -0.050444
v -0.800675 1.304754 -0.050444
v -0.797631 1.300996 -0.050444
v -0.795195 1.297180 -0.050444
v -0.793368 1.293305 -0.050444
v -0.792150 1.289373 -0.050444
v -0.791541 1.285382 -0.050444
v -0.791465 1.283364 -0.050444
v -0.791761 1.279368 -0.050444
v -0.792648 1.275433 -0.050444
v -0.794127 1.271557 -0.050444
v -0.796197 1.267742 -0.050444
v -0.798859 1.263986 -0.050444
v -0.803946 1.258492 -0.050444
v -0.807976 1.255097 -0.050444
v -0.812486 1.251971 -0.050444
v -0.822951 1.246527 -0.050444
v -0.835290 1.242171 -0.050444
v -0.848444 1.239099 -0.050444
v -0.861978 1.237393 -0.050444
v -0.875845 1.237051 -0.050444
v -0.889494 1.238075 -0.050444
v -0.906052 1.241275 -0.050444
v -0.918704 1.245335 -0.050444
v -0.929641 1.250509 -0.050444
v -0.934394 1.253500 -0.050444
v -0.938670 1.256761 -0.050444
v -0.942469 1.260291 -0.050444
v -0.944175 1.262131 -0.050444
v -0.947142 1.265857 -0.050444
v -0.949516 1.269642 -0.050444
v -0.951296 1.273487 -0.050444
v -0.952483 1.277393 -0.050444
v -0.953076 1.281359 -0.050444
v -0.953075 1.285381 -0.050444
v -0.952472 1.289372 -0.050444
v -0.951266 1.293305 -0.050444
v -0.949456 1.297180 -0.050444
v -0.947044 1.300996 -0.050444
v -0.944028 1.304754 -0.050444
v -0.940426 1.308426 -0.050444
v -0.934115 1.313445 -0.050444
v -0.924050 1.319147 -0.050444
v -0.912101 1.323716 -0.050444
v -0.892501 1.328218 -0.050444
v -0.875768 1.329678 -0.050444
v -0.892864 1.302655 -0.050444
v -0.897999 1.299971 -0.050444
v -0.900240 1.298416 -0.050444
v -0.903196 1.295820 -0.050444
v -0.904886 1.293925 -0.050444
v -0.906302 1.291982 -0.050444
v -0.907434 1.290004 -0.050444
v -0.908284 1.287991 -0.050444
v -0.908850 1.285943 -0.050444
v -0.909133 1.283860 -0.050444
v -0.909134 1.281763 -0.050444
v -0.909030 1.280728 -0.050444
v -0.908614 1.278683 -0.050444
v -0.907921 1.276671 -0.050444
v -0.906950 1.274692 -0.050444
v -0.905702 1.272746 -0.050444
v -0.903317 1.269902 -0.050444
v -0.901426 1.268143 -0.050444
v -0.899308 1.266522 -0.050444
v -0.894392 1.263692 -0.050444
v -0.888593 1.261419 -0.050444
v -0.882438 1.259813 -0.050444
v -0.876143 1.258921 -0.050444
v -0.869717 1.258743 -0.050444
v -0.863353 1.259278 -0.050444
v -0.855594 1.260951 -0.050444
v -0.849640 1.263071 -0.050444
v -0.844505 1.265763 -0.050444
v -0.842281 1.267315 -0.050444
v -0.840285 1.269005 -0.050444
v -0.838519 1.270833 -0.050444
v -0.837004 1.272746 -0.050444
v -0.835765 1.274692 -0.050444
v -0.834801 1.276671 -0.050444
v -0.834113 1.278683 -0.050444
v -0.833700 1.280728 -0.050444
v -0.833562 1.282806 -0.050444
v -0.833705 1.284906 -0.050444
v -0.833883 1.285943 -0.050444
v -0.834453 1.287991 -0.050444
v -0.835308 1.290004 -0.050444
v -0.836448 1.291982 -0.050444
v -0.837874 1.293925 -0.050444
v -0.839575 1.295820 -0.050444
v -0.842544 1.298416 -0.050444
v -0.847257 1.301383 -0.050444
v -0.852830 1.303784 -0.050444
v -0.858888 1.305549 -0.050444
v -0.863503 1.306409 -0.050444
v -0.869751 1.306939 -0.050444
v -0.876108 1.306762 -0.050444
v -0.882356 1.305880 -0.050444
v -0.886951 1.304755 -0.050444
v 0.116722 1.632404 -0.050444
v 0.116722 1.543533 -0.050444
v 0.236939 1.543533 -0.050444
v 0.236939 1.565804 -0.050444
v 0.155119 1.565734 -0.050444
v 0.155119 1.579626 -0.050444
v 0.227584 1.579487 -0.050444
v 0.227793 1.598196 -0.050444
v 0.155119 1.598196 -0.050444
v 0.155119 1.611461 -0.050444
v 0.236939 1.611461 -0.050444
v 0.236939 1.632404 -0.050444
v -0.033793 1.632404 -0.050444
v 0.106250 1.632404 -0.050444
v 0.106250 1.605946 -0.050444
v 0.056614 1.605946 -0.050444
v 0.056614 1.543533 -0.050444
v 0.014517 1.543533 -0.050444
v 0.014517 1.605946 -0.050444
v -0.033793 1.605946 -0.050444
v -0.086850 1.543533 -0.050444
v -0.109888 1.565385 -0.050444
v -0.132857 1.543533 -0.050444
v -0.175512 1.543533 -0.050444
v -0.131530 1.587864 -0.050444
v -0.175512 1.632195 -0.050444
v -0.132857 1.632195 -0.050444
v -0.109888 1.609366 -0.050444
v -0.086850 1.632195 -0.050444
v -0.044265 1.632195 -0.050444
v -0.088317 1.587864 -0.050444
v -0.044265 1.543533 -0.050444
v -0.306200 1.632404 -0.050444
v -0.306200 1.543533 -0.050444
v -0.185984 1.543533 -0.050444
v -0.185984 1.565804 -0.050444
v -0.267804 1.565734 -0.050444
v -0.267804 1.579626 -0.050444
v -0.195339 1.579487 -0.050444
v -0.195129 1.598196 -0.050444
v -0.267804 1.598196 -0.050444
v -0.267804 1.611461 -0.050444
v -0.185984 1.611461 -0.050444
v -0.185984 1.632404 -0.050444
v -0.456716 1.632404 -0.050444
v -0.316672 1.632404 -0.050444
v -0.316672 1.605946 -0.050444
v -0.366309 1.605946 -0.050444
v -0.366309 1.543533 -0.050444
v -0.408406 1.543533 -0.050444
v -0.408406 1.605946 -0.050444
v -0.456716 1.605946 -0.050444
v -0.611210 1.632404 -0.050444
v -0.611210 1.543533 -0.050444
v -0.577142 1.543533 -0.050444
v -0.577142 1.598964 -0.050444
v -0.517173 1.543533 -0.050444
v -0.467187 1.543533 -0.050444
v -0.467187 1.632404 -0.050444
v -0.500767 1.632404 -0.050444
v -0.500767 1.578719 -0.050444
v -0.562900 1.632404 -0.050444
v -0.692441 1.633844 -0.050444
v -0.675848 1.631551 -0.050444
v -0.662871 1.628216 -0.050444
v -0.650949 1.623647 -0.050444
v -0.640872 1.617945 -0.050444
v -0.634527 1.612926 -0.050444
v -0.630892 1.609254 -0.050444
v -0.627847 1.605496 -0.050444
v -0.625411 1.601680 -0.050444
v -0.623585 1.597805 -0.050444
v -0.622900 1.595846 -0.050444
v -0.621986 1.591884 -0.050444
v -0.621758 1.589881 -0.050444
v -0.621682 1.587864 -0.050444
v -0.621978 1.583868 -0.050444
v -0.622865 1.579933 -0.050444
v -0.624344 1.576057 -0.050444
v -0.626414 1.572242 -0.050444
v -0.629075 1.568486 -0.050444
v -0.634163 1.562992 -0.050444
v -0.638192 1.559597 -0.050444
v -0.642703 1.556471 -0.050444
v -0.653167 1.551027 -0.050444
v -0.665507 1.546671 -0.050444
v -0.678661 1.543599 -0.050444
v -0.692194 1.541893 -0.050444
v -0.706062 1.541552 -0.050444
v -0.719710 1.542575 -0.050444
v -0.736269 1.545775 -0.050444
v -0.748921 1.549835 -0.050444
v -0.759858 1.555009 -0.050444
v -0.764611 1.558000 -0.050444
v -0.770846 1.562992 -0.050444
v -0.774392 1.566631 -0.050444
v -0.777359 1.570357 -0.050444
v -0.779732 1.574142 -0.050444
v -0.781513 1.577987 -0.050444
v -0.782699 1.581893 -0.050444
v -0.783293 1.585859 -0.050444
v -0.783292 1.589881 -0.050444
v -0.782688 1.593872 -0.050444
v -0.781482 1.597805 -0.050444
v -0.779673 1.601680 -0.050444
v -0.777261 1.605496 -0.050444
v -0.774245 1.609254 -0.050444
v -0.770643 1.612926 -0.050444
v -0.764332 1.617945 -0.050444
v -0.759535 1.620938 -0.050444
v -0.748528 1.626073 -0.050444
v -0.735842 1.630050 -0.050444
v -0.719400 1.633177 -0.050444
v -0.705984 1.634178 -0.050444
v -0.723080 1.607155 -0.050444
v -0.728215 1.604471 -0.050444
v -0.730457 1.602916 -0.050444
v -0.733413 1.600320 -0.050444
v -0.735103 1.598425 -0.050444
v -0.736519 1.596482 -0.050444
v -0.737651 1.594504 -0.050444
v -0.738501 1.592491 -0.050444
v -0.739067 1.590443 -0.050444
v -0.739350 1.588360 -0.050444
v -0.739351 1.586263 -0.050444
v -0.739247 1.585228 -0.050444
v -0.738831 1.583183 -0.050444
v -0.738137 1.581171 -0.050444
v -0.737167 1.579192 -0.050444
v -0.735919 1.577246 -0.050444
v -0.734394 1.575333 -0.050444
v -0.732616 1.573505 -0.050444
v -0.730612 1.571815 -0.050444
v -0.725923 1.568848 -0.050444
v -0.720327 1.566432 -0.050444
v -0.714206 1.564648 -0.050444
v -0.706360 1.563421 -0.050444
v -0.699934 1.563243 -0.050444
v -0.692000 1.564023 -0.050444
v -0.682768 1.566432 -0.050444
v -0.677175 1.568848 -0.050444
v -0.672497 1.571815 -0.050444
v -0.670502 1.573505 -0.050444
v -0.668735 1.575333 -0.050444
v -0.667221 1.577246 -0.050444
v -0.665982 1.579192 -0.050444
v -0.665018 1.581171 -0.050444
v -0.664329 1.583183 -0.050444
v -0.663916 1.585228 -0.050444
v -0.663779 1.587306 -0.050444
v -0.663921 1.589406 -0.050444
v -0.664349 1.591471 -0.050444
v -0.664670 1.592491 -0.050444
v -0.665525 1.594504 -0.050444
v -0.666665 1.596482 -0.050444
v -0.668090 1.598425 -0.050444
v -0.669792 1.600320 -0.050444
v -0.672761 1.602916 -0.050444
v -0.677473 1.605883 -0.050444
v -0.683047 1.608284 -0.050444
v -0.689105 1.610049 -0.050444
v -0.693720 1.610909 -0.050444
v -0.699968 1.611439 -0.050444
v -0.706325 1.611262 -0.050444
v -0.712573 1.610380 -0.050444
v -0.717168 1.609255 -0.050444
v -0.953150 1.586468 -0.050444
v -0.952100 1.579443 -0.050444
v -0.950042 1.573029 -0.050444
v -0.946976 1.567226 -0.050444
v -0.942903 1.562034 -0.050444
v -0.937823 1.557452 -0.050444
v -0.931735 1.553482 -0.050444
v -0.924640 1.550122 -0.050444
v -0.916538 1.547373 -0.050444
v -0.907428 1.545235 -0.050444
v -0.886185 1.542792 -0.050444
v -0.862853 1.542755 -0.050444
v -0.842926 1.544908 -0.050444
v -0.826295 1.549213 -0.050444
v -0.819216 1.552173 -0.050444
v -0.812961 1.555670 -0.050444
v -0.807530 1.559707 -0.050444
v -0.802923 1.564281 -0.050444
v -0.799141 1.569393 -0.050444
v -0.796182 1.575043 -0.050444
v -0.794048 1.581232 -0.050444
v -0.834260 1.581232 -0.050444
v -0.835634 1.578146 -0.050444
v -0.836496 1.576714 -0.050444
v -0.838571 1.574073 -0.050444
v -0.841114 1.571728 -0.050444
v -0.844123 1.569680 -0.050444
v -0.847600 1.567929 -0.050444
v -0.853483 1.565832 -0.050444
v -0.861565 1.563892 -0.050444
v -0.865680 1.563286 -0.050444
v -0.874053 1.562802 -0.050444
v -0.882101 1.563414 -0.050444
v -0.890048 1.565253 -0.050444
v -0.897894 1.568317 -0.050444
v -0.901469 1.570361 -0.050444
v -0.903014 1.571537 -0.050444
v -0.904398 1.572816 -0.050444
v -0.905621 1.574197 -0.050444
v -0.906682 1.575682 -0.050444
v -0.907581 1.577269 -0.050444
v -0.908319 1.578959 -0.050444
v -0.908896 1.580752 -0.050444
v -0.909311 1.582648 -0.050444
v -0.909657 1.586747 -0.050444
v -0.909006 1.591285 -0.050444
v -0.907796 1.595311 -0.050444
v -0.906981 1.597132 -0.050444
v -0.906027 1.598825 -0.050444
v -0.904933 1.600390 -0.050444
v -0.903700 1.601827 -0.050444
v -0.902327 1.603136 -0.050444
v -0.900814 1.604317 -0.050444
v -0.899162 1.605370 -0.050444
v -0.897370 1.606295 -0.050444
v -0.889815 1.609165 -0.050444
v -0.882043 1.610887 -0.050444
v -0.874053 1.611461 -0.050444
v -0.865680 1.611084 -0.050444
v -0.857500 1.609956 -0.050444
v -0.849514 1.608075 -0.050444
v -0.845844 1.606809 -0.050444
v -0.842723 1.605271 -0.050444
v -0.840150 1.603458 -0.050444
v -0.839070 1.602450 -0.050444
v -0.838127 1.601373 -0.050444
v -0.837321 1.600227 -0.050444
v -0.836652 1.599014 -0.050444
v -0.836121 1.597732 -0.050444
v -0.835726 1.596381 -0.050444
v -0.793839 1.596381 -0.050444
v -0.796134 1.602347 -0.050444
v -0.799228 1.607794 -0.050444
v -0.803119 1.612722 -0.050444
v -0.807809 1.617131 -0.050444
v -0.813297 1.621022 -0.050444
v -0.819582 1.624393 -0.050444
v -0.826666 1.627246 -0.050444
v -0.843227 1.631396 -0.050444
v -0.862980 1.633471 -0.050444
v -0.886185 1.633403 -0.050444
v -0.907428 1.630777 -0.050444
v -0.916538 1.628479 -0.050444
v -0.924640 1.625525 -0.050444
v -0.931735 1.621915 -0.050444
v -0.937823 1.617648 -0.050444
v -0.942903 1.612725 -0.050444
v -0.946976 1.607145 -0.050444
v -0.950042 1.600909 -0.050444
v -0.952100 1.594017 -0.050444
v 0.097663 1.936904 -0.050444
v 0.097663 1.848033 -0.050444
v 0.217880 1.848033 -0.050444
v 0.217880 1.870303 -0.050444
v 0.136060 1.870234 -0.050444
v 0.136060 1.884126 -0.050444
v 0.208525 1.883987 -0.050444
v 0.208735 1.902696 -0.050444
v 0.136060 1.902696 -0.050444
v 0.136060 1.915961 -0.050444
v 0.217880 1.915961 -0.050444
v 0.217880 1.936904 -0.050444
v -0.055295 1.936974 -0.050444
v -0.055295 1.848033 -0.050444
v -0.017317 1.848033 -0.050444
v -0.017317 1.879100 -0.050444
v 0.026478 1.879020 -0.050444
v 0.028968 1.878592 -0.050444
v 0.030038 1.878243 -0.050444
v 0.030993 1.877804 -0.050444
v 0.031830 1.877276 -0.050444
v 0.032552 1.876658 -0.050444
v 0.033157 1.875951 -0.050444
v 0.033645 1.875153 -0.050444
v 0.034018 1.874266 -0.050444
v 0.034274 1.873290 -0.050444
v 0.036019 1.858645 -0.050444
v 0.036276 1.857515 -0.050444
v 0.036675 1.856430 -0.050444
v 0.037215 1.855390 -0.050444
v 0.037896 1.854394 -0.050444
v 0.038720 1.853443 -0.050444
v 0.039684 1.852536 -0.050444
v 0.042039 1.850857 -0.050444
v 0.044959 1.849356 -0.050444
v 0.048446 1.848033 -0.050444
v 0.086005 1.848033 -0.050444
v 0.084957 1.849082 -0.050444
v 0.084096 1.850182 -0.050444
v 0.083422 1.851332 -0.050444
v 0.082933 1.852532 -0.050444
v 0.082630 1.853783 -0.050444
v 0.082514 1.855084 -0.050444
v 0.083018 1.860243 -0.050444
v 0.082972 1.864969 -0.050444
v 0.082375 1.869261 -0.050444
v 0.081227 1.873119 -0.050444
v 0.079528 1.876544 -0.050444
v 0.077278 1.879536 -0.050444
v 0.074478 1.882094 -0.050444
v 0.071127 1.884219 -0.050444
v 0.067225 1.885911 -0.050444
v 0.062773 1.887169 -0.050444
v 0.057770 1.887994 -0.050444
v 0.052216 1.888385 -0.050444
v 0.052216 1.888664 -0.050444
v 0.061537 1.890018 -0.050444
v 0.065615 1.891081 -0.050444
v 0.069304 1.892403 -0.050444
v 0.072604 1.893982 -0.050444
v 0.075515 1.895820 -0.050444
v 0.078038 1.897915 -0.050444
v 0.080171 1.900268 -0.050444
v 0.081916 1.902880 -0.050444
v 0.083272 1.905749 -0.050444
v 0.084239 1.908876 -0.050444
v 0.084818 1.912261 -0.050444
v 0.084272 1.915749 -0.050444
v 0.083286 1.918978 -0.050444
v 0.081860 1.921947 -0.050444
v 0.079993 1.924656 -0.050444
v 0.077686 1.927105 -0.050444
v 0.074939 1.929295 -0.050444
v 0.071752 1.931224 -0.050444
v 0.068125 1.932894 -0.050444
v 0.059550 1.935454 -0.050444
v 0.049214 1.936974 -0.050444
v 0.035248 1.917776 -0.050444
v 0.036682 1.917566 -0.050444
v 0.038017 1.917217 -0.050444
v 0.039254 1.916729 -0.050444
v 0.040391 1.916100 -0.050444
v 0.041430 1.915332 -0.050444
v 0.042369 1.914425 -0.050444
v 0.043210 1.913378 -0.050444
v 0.043951 1.912191 -0.050444
v 0.044594 1.910864 -0.050444
v 0.045583 1.907793 -0.050444
v 0.045323 1.906343 -0.050444
v 0.044936 1.905020 -0.050444
v 0.044423 1.903822 -0.050444
v 0.043784 1.902751 -0.050444
v 0.043019 1.901805 -0.050444
v 0.042128 1.900986 -0.050444
v 0.041111 1.900293 -0.050444
v 0.039967 1.899725 -0.050444
v 0.038698 1.899284 -0.050444
v 0.037303 1.898969 -0.050444
v 0.035782 1.898780 -0.050444
v -0.017317 1.898717 -0.050444
v -0.017317 1.917846 -0.050444
v -0.107236 1.936904 -0.050444
v -0.107236 1.848033 -0.050444
v -0.065767 1.848033 -0.050444
v -0.065767 1.936904 -0.050444
v -0.210488 1.881683 -0.050444
v -0.174255 1.881683 -0.050444
v -0.192616 1.913866 -0.050444
v -0.219703 1.936904 -0.050444
v -0.166227 1.936904 -0.050444
v -0.117707 1.848033 -0.050444
v -0.156104 1.848033 -0.050444
v -0.164900 1.863950 -0.050444
v -0.220331 1.863950 -0.050444
v -0.229128 1.848033 -0.050444
v -0.267943 1.848033 -0.050444
v -0.447640 1.936904 -0.050444
v -0.394373 1.936904 -0.050444
v -0.362609 1.890479 -0.050444
v -0.330705 1.936904 -0.050444
v -0.278415 1.936904 -0.050444
v -0.278415 1.848033 -0.050444
v -0.311646 1.848033 -0.050444
v -0.311646 1.904162 -0.050444
v -0.347599 1.848033 -0.050444
v -0.378247 1.848033 -0.050444
v -0.413991 1.904162 -0.050444
v -0.413991 1.848033 -0.050444
v -0.447640 1.848033 -0.050444
v -0.627337 1.936904 -0.050444
v -0.574070 1.936904 -0.050444
v -0.542305 1.890479 -0.050444
v -0.510401 1.936904 -0.050444
v -0.458112 1.936904 -0.050444
v -0.458112 1.848033 -0.050444
v -0.491342 1.848033 -0.050444
v -0.491342 1.904162 -0.050444
v -0.527296 1.848033 -0.050444
v -0.557943 1.848033 -0.050444
v -0.593687 1.904162 -0.050444
v -0.593687 1.848033 -0.050444
v -0.627337 1.848033 -0.050444
v -0.708568 1.938344 -0.050444
v -0.691975 1.936051 -0.050444
v -0.678998 1.932716 -0.050444
v -0.667075 1.928147 -0.050444
v -0.656999 1.922445 -0.050444
v -0.650653 1.917426 -0.050444
v -0.647018 1.913754 -0.050444
v -0.643974 1.909996 -0.050444
v -0.641538 1.906180 -0.050444
v -0.639711 1.902305 -0.050444
v -0.638494 1.898372 -0.050444
v -0.637885 1.894381 -0.050444
v -0.637809 1.892364 -0.050444
v -0.638104 1.888368 -0.050444
v -0.638991 1.884433 -0.050444
v -0.640470 1.880557 -0.050444
v -0.642540 1.876742 -0.050444
v -0.645202 1.872986 -0.050444
v -0.650289 1.867492 -0.050444
v -0.654319 1.864097 -0.050444
v -0.658830 1.860971 -0.050444
v -0.669294 1.855527 -0.050444
v -0.681633 1.851171 -0.050444
v -0.694787 1.848099 -0.050444
v -0.708321 1.846393 -0.050444
v -0.722189 1.846051 -0.050444
v -0.735837 1.847075 -0.050444
v -0.752396 1.850275 -0.050444
v -0.765047 1.854335 -0.050444
v -0.775984 1.859509 -0.050444
v -0.780737 1.862500 -0.050444
v -0.786973 1.867492 -0.050444
v -0.790518 1.871131 -0.050444
v -0.793485 1.874856 -0.050444
v -0.795859 1.878642 -0.050444
v -0.797639 1.882487 -0.050444
v -0.798826 1.886393 -0.050444
v -0.799419 1.890359 -0.050444
v -0.799418 1.894381 -0.050444
v -0.798815 1.898372 -0.050444
v -0.797609 1.902305 -0.050444
v -0.795800 1.906180 -0.050444
v -0.793387 1.909996 -0.050444
v -0.790372 1.913754 -0.050444
v -0.786770 1.917426 -0.050444
v -0.780458 1.922445 -0.050444
v -0.775661 1.925438 -0.050444
v -0.764654 1.930573 -0.050444
v -0.751969 1.934550 -0.050444
v -0.735527 1.937677 -0.050444
v -0.722111 1.938678 -0.050444
v -0.739207 1.911655 -0.050444
v -0.744342 1.908971 -0.050444
v -0.746584 1.907416 -0.050444
v -0.749539 1.904819 -0.050444
v -0.751230 1.902925 -0.050444
v -0.753247 1.899997 -0.050444
v -0.754238 1.898001 -0.050444
v -0.754946 1.895971 -0.050444
v -0.755370 1.893906 -0.050444
v -0.755477 1.892860 -0.050444
v -0.755477 1.890763 -0.050444
v -0.755373 1.889728 -0.050444
v -0.754957 1.887683 -0.050444
v -0.754264 1.885671 -0.050444
v -0.753293 1.883692 -0.050444
v -0.752046 1.881746 -0.050444
v -0.750520 1.879833 -0.050444
v -0.748743 1.878005 -0.050444
v -0.746739 1.876315 -0.050444
v -0.744508 1.874763 -0.050444
v -0.739365 1.872071 -0.050444
v -0.733411 1.869951 -0.050444
v -0.725651 1.868278 -0.050444
v -0.719287 1.867743 -0.050444
v -0.712861 1.867921 -0.050444
v -0.706566 1.868813 -0.050444
v -0.701937 1.869951 -0.050444
v -0.695983 1.872071 -0.050444
v -0.690848 1.874763 -0.050444
v -0.688624 1.876315 -0.050444
v -0.686629 1.878005 -0.050444
v -0.684862 1.879833 -0.050444
v -0.683347 1.881746 -0.050444
v -0.682108 1.883692 -0.050444
v -0.681144 1.885671 -0.050444
v -0.680456 1.887683 -0.050444
v -0.680043 1.889728 -0.050444
v -0.679905 1.891806 -0.050444
v -0.680048 1.893906 -0.050444
v -0.680226 1.894943 -0.050444
v -0.680796 1.896991 -0.050444
v -0.681651 1.899004 -0.050444
v -0.682792 1.900982 -0.050444
v -0.684217 1.902925 -0.050444
v -0.685919 1.904819 -0.050444
v -0.688888 1.907416 -0.050444
v -0.693600 1.910383 -0.050444
v -0.699173 1.912784 -0.050444
v -0.705232 1.914549 -0.050444
v -0.709846 1.915409 -0.050444
v -0.716095 1.915939 -0.050444
v -0.722451 1.915762 -0.050444
v -0.728700 1.914880 -0.050444
v -0.733294 1.913755 -0.050444
v -0.852900 1.911423 -0.050444
v -0.809965 1.911423 -0.050444
v -0.810631 1.913657 -0.050444
v -0.811556 1.915798 -0.050444
v -0.812740 1.917846 -0.050444
v -0.814185 1.919800 -0.050444
v -0.815890 1.921662 -0.050444
v -0.817854 1.923431 -0.050444
v -0.822214 1.926677 -0.050444
v -0.826914 1.929528 -0.050444
v -0.831956 1.931983 -0.050444
v -0.834817 1.933073 -0.050444
v -0.842062 1.935028 -0.050444
v -0.875077 1.939193 -0.050444
v -0.892431 1.939260 -0.050444
v -0.920209 1.935268 -0.050444
v -0.928984 1.932646 -0.050444
v -0.938047 1.928555 -0.050444
v -0.943647 1.925010 -0.050444
v -0.945886 1.923182 -0.050444
v -0.947751 1.921318 -0.050444
v -0.949241 1.919416 -0.050444
v -0.950435 1.917466 -0.050444
v -0.951413 1.915457 -0.050444
v -0.952173 1.913386 -0.050444
v -0.952716 1.911256 -0.050444
v -0.953042 1.909066 -0.050444
v -0.953150 1.906815 -0.050444
v -0.953100 1.905681 -0.050444
v -0.952948 1.904558 -0.050444
v -0.952694 1.903447 -0.050444
v -0.952340 1.902347 -0.050444
v -0.951326 1.900183 -0.050444
v -0.949908 1.898065 -0.050444
v -0.948084 1.895994 -0.050444
v -0.945855 1.893970 -0.050444
v -0.943257 1.892066 -0.050444
v -0.940328 1.890355 -0.050444
v -0.933475 1.887516 -0.050444
v -0.925295 1.885453 -0.050444
v -0.873573 1.881849 -0.050444
v -0.870967 1.881368 -0.050444
v -0.868467 1.880609 -0.050444
v -0.866295 1.879623 -0.050444
v -0.865346 1.879049 -0.050444
v -0.864488 1.878421 -0.050444
v -0.863721 1.877738 -0.050444
v -0.863060 1.877026 -0.050444
v -0.862519 1.876307 -0.050444
v -0.862098 1.875583 -0.050444
v -0.861797 1.874853 -0.050444
v -0.861617 1.874117 -0.050444
v -0.861557 1.873375 -0.050444
v -0.861616 1.872655 -0.050444
v -0.861793 1.871936 -0.050444
v -0.862089 1.871220 -0.050444
v -0.862503 1.870505 -0.050444
v -0.863035 1.869792 -0.050444
v -0.863686 1.869082 -0.050444
v -0.864443 1.868401 -0.050444
v -0.865296 1.867779 -0.050444
v -0.867285 1.866708 -0.050444
v -0.869655 1.865870 -0.050444
v -0.881453 1.863601 -0.050444
v -0.891576 1.864160 -0.050444
v -0.894206 1.864556 -0.050444
v -0.896602 1.865184 -0.050444
v -0.898767 1.866045 -0.050444
v -0.900760 1.867174 -0.050444
v -0.902645 1.868605 -0.050444
v -0.904421 1.870338 -0.050444
v -0.905918 1.872204 -0.050444
v -0.906498 1.873122 -0.050444
v -0.906966 1.874031 -0.050444
v -0.907321 1.874929 -0.050444
v -0.907563 1.875819 -0.050444
v -0.953150 1.875819 -0.050444
v -0.953064 1.874222 -0.050444
v -0.952805 1.872689 -0.050444
v -0.952374 1.871220 -0.050444
v -0.951770 1.869815 -0.050444
v -0.950993 1.868474 -0.050444
v -0.950044 1.867197 -0.050444
v -0.947662 1.864645 -0.050444
v -0.941038 1.859168 -0.050444
v -0.937039 1.856531 -0.050444
v -0.932909 1.854344 -0.050444
v -0.928646 1.852606 -0.050444
v -0.924039 1.851190 -0.050444
v -0.913148 1.848941 -0.050444
v -0.886619 1.846428 -0.050444
v -0.863267 1.846986 -0.050444
v -0.848083 1.849255 -0.050444
v -0.842758 1.850775 -0.050444
v -0.830595 1.856097 -0.050444
v -0.824665 1.859514 -0.050444
v -0.820046 1.862923 -0.050444
v -0.818228 1.864625 -0.050444
v -0.816737 1.866324 -0.050444
v -0.814406 1.869726 -0.050444
v -0.812719 1.873135 -0.050444
v -0.811676 1.876552 -0.050444
v -0.811406 1.878260 -0.050444
v -0.811319 1.879965 -0.050444
v -0.811414 1.881665 -0.050444
v -0.811691 1.883362 -0.050444
v -0.812151 1.885055 -0.050444
v -0.812793 1.886744 -0.050444
v -0.814426 1.889917 -0.050444
v -0.816392 1.892686 -0.050444
v -0.818692 1.895052 -0.050444
v -0.821500 1.897170 -0.050444
v -0.824991 1.899194 -0.050444
v -0.833391 1.902762 -0.050444
v -0.837045 1.903903 -0.050444
v -0.840124 1.904546 -0.050444
v -0.893039 1.907143 -0.050444
v -0.895680 1.907714 -0.050444
v -0.898132 1.908530 -0.050444
v -0.900197 1.909550 -0.050444
v -0.901081 1.910136 -0.050444
v -0.901867 1.910772 -0.050444
v -0.902854 1.911800 -0.050444
v -0.903374 1.912501 -0.050444
v -0.903784 1.913212 -0.050444
v -0.904084 1.913932 -0.050444
v -0.904273 1.914662 -0.050444
v -0.904352 1.915402 -0.050444
v -0.904271 1.916144 -0.050444
v -0.904076 1.916880 -0.050444
v -0.903767 1.917610 -0.050444
v -0.903343 1.918334 -0.050444
v -0.902805 1.919053 -0.050444
v -0.902152 1.919765 -0.050444
v -0.901394 1.920446 -0.050444
v -0.900539 1.921069 -0.050444
v -0.898538 1.922139 -0.050444
v -0.896149 1.922977 -0.050444
v -0.892926 1.923640 -0.050444
v -0.882640 1.924617 -0.050444
v -0.867735 1.922872 -0.050444
v -0.864733 1.922003 -0.050444
v -0.862104 1.920886 -0.050444
v -0.859846 1.919521 -0.050444
v -0.857694 1.917628 -0.050444
v -0.855378 1.914929 -0.050444
v -0.790372 1.913754 1.000000
v -0.786770 1.917426 1.000000
v -0.780458 1.922446 1.000000
v -0.775661 1.925438 1.000000
v -0.764654 1.930573 1.000000
v -0.755477 1.890763 1.000000
v -0.755477 1.892860 1.000000
v -0.754957 1.887683 1.000000
v -0.755373 1.889728 1.000000
v -0.755370 1.893906 1.000000
v -0.754264 1.885671 1.000000
v -0.754946 1.895971 1.000000
v -0.753293 1.883692 1.000000
v -0.754238 1.898002 1.000000
v -0.752046 1.881746 1.000000
v -0.753247 1.899997 1.000000
v -0.748743 1.878005 1.000000
v -0.744508 1.874763 1.000000
v -0.746584 1.907416 1.000000
v -0.746739 1.876315 1.000000
v -0.749539 1.904820 1.000000
v -0.750520 1.879833 1.000000
v -0.751230 1.902925 1.000000
v -0.751969 1.934550 1.000000
v -0.744342 1.908971 1.000000
v -0.739207 1.911655 1.000000
v -0.733294 1.913755 1.000000
v -0.733411 1.869951 1.000000
v -0.735527 1.937677 1.000000
v -0.725651 1.868278 1.000000
v -0.723063 1.846117 1.000000
v -0.728700 1.914880 1.000000
v -0.719287 1.867743 1.000000
v -0.722189 1.846051 1.000000
v -0.722451 1.915762 1.000000
v -0.722111 1.938678 1.000000
v -0.739365 1.872071 1.000000
v -0.712861 1.867921 1.000000
v -0.716095 1.915939 1.000000
v -0.706566 1.868813 1.000000
v -0.708321 1.846393 1.000000
v -0.705232 1.914549 1.000000
v -0.709846 1.915409 1.000000
v -0.708568 1.938344 1.000000
v -0.695983 1.872071 1.000000
v -0.699173 1.912784 1.000000
v -0.693600 1.910383 1.000000
v -0.701937 1.869951 1.000000
v -0.694787 1.848099 1.000000
v -0.690848 1.874763 1.000000
v -0.691975 1.936051 1.000000
v -0.688624 1.876315 1.000000
v -0.684862 1.879833 1.000000
v -0.685919 1.904820 1.000000
v -0.686629 1.878005 1.000000
v -0.688888 1.907416 1.000000
v -0.681144 1.885671 1.000000
v -0.682108 1.883692 1.000000
v -0.682792 1.900982 1.000000
v -0.681633 1.851171 1.000000
v -0.683347 1.881746 1.000000
v -0.684217 1.902925 1.000000
v -0.680796 1.896991 1.000000
v -0.679905 1.891806 1.000000
v -0.680048 1.893906 1.000000
v -0.680043 1.889728 1.000000
v -0.680226 1.894943 1.000000
v -0.650562 1.917334 1.000000
v -0.650653 1.917426 1.000000
v -0.669294 1.855527 1.000000
v -0.658830 1.860971 1.000000
v -0.654319 1.864097 1.000000
v -0.680456 1.887683 1.000000
v -0.681651 1.899004 1.000000
v -0.656999 1.922446 1.000000
v -0.667075 1.928147 1.000000
v -0.678998 1.932716 1.000000
v -0.642540 1.876742 1.000000
v -0.641538 1.906180 1.000000
v -0.645202 1.872986 1.000000
v -0.637809 1.892364 1.000000
v -0.638104 1.888368 1.000000
v -0.637885 1.894382 1.000000
v -0.638991 1.884433 1.000000
v -0.638494 1.898372 1.000000
v -0.640470 1.880557 1.000000
v -0.639711 1.902305 1.000000
v -0.627337 1.850271 1.000000
v -0.627337 1.848033 1.000000
v -0.542305 1.890479 1.000000
v -0.593687 1.904162 1.000000
v -0.574070 1.936904 1.000000
v -0.557943 1.848033 1.000000
v -0.593687 1.848033 1.000000
v -0.500767 1.632404 1.000000
v -0.491342 1.848033 1.000000
v -0.527296 1.848033 1.000000
v -0.510401 1.936904 1.000000
v -0.491342 1.904162 1.000000
v -0.650289 1.867492 1.000000
v -0.627337 1.936904 1.000000
v -0.643974 1.909996 1.000000
v -0.647018 1.913754 1.000000
v -0.456716 1.632404 1.000000
v -0.467187 1.632404 1.000000
v -0.458112 1.848033 1.000000
v -0.447640 1.848033 1.000000
v -0.447640 1.936904 1.000000
v -0.413991 1.904162 1.000000
v -0.413991 1.848033 1.000000
v -0.408406 1.605946 1.000000
v -0.394373 1.936904 1.000000
v -0.456716 1.605946 1.000000
v -0.458112 1.936904 1.000000
v -0.366309 1.543533 1.000000
v -0.366309 1.605946 1.000000
v -0.347599 1.848033 1.000000
v -0.362609 1.890479 1.000000
v -0.278415 1.848033 1.000000
v -0.316672 1.632404 1.000000
v -0.306200 1.632404 1.000000
v -0.311646 1.848033 1.000000
v -0.311646 1.904162 1.000000
v -0.306200 1.543533 1.000000
v -0.316672 1.605946 1.000000
v -0.378247 1.848033 1.000000
v -0.330705 1.936904 1.000000
v -0.408406 1.543533 1.000000
v -0.267804 1.565734 1.000000
v -0.267804 1.598197 1.000000
v -0.267804 1.579626 1.000000
v -0.267943 1.848033 1.000000
v -0.195339 1.579487 1.000000
v -0.210488 1.881683 1.000000
v -0.220331 1.863951 1.000000
v -0.229128 1.848033 1.000000
v -0.185984 1.611461 1.000000
v -0.185984 1.543533 1.000000
v -0.195129 1.598197 1.000000
v -0.175683 1.317677 1.000000
v -0.185425 1.322983 1.000000
v -0.180383 1.320528 1.000000
v -0.188286 1.324074 1.000000
v -0.175512 1.543533 1.000000
v -0.185984 1.565804 1.000000
v -0.175512 1.632195 1.000000
v -0.185984 1.632404 1.000000
v -0.192616 1.913866 1.000000
v -0.195531 1.326028 1.000000
v -0.267804 1.611461 1.000000
v -0.174255 1.881683 1.000000
v -0.219703 1.936904 1.000000
v -0.278415 1.936904 1.000000
v -0.163434 1.302423 1.000000
v -0.164100 1.304657 1.000000
v -0.164900 1.863951 1.000000
v -0.109888 1.565385 1.000000
v -0.131530 1.587864 1.000000
v -0.107236 1.936904 1.000000
v -0.088317 1.587864 1.000000
v -0.109888 1.609366 1.000000
v -0.107236 1.848033 1.000000
v -0.117707 1.848033 1.000000
v -0.065767 1.848033 1.000000
v -0.086850 1.632195 1.000000
v -0.065767 1.936904 1.000000
v -0.055295 1.936974 1.000000
v -0.055295 1.848033 1.000000
v -0.086850 1.543533 1.000000
v -0.045374 1.631079 1.000000
v -0.169359 1.312662 1.000000
v -0.171323 1.314431 1.000000
v -0.132857 1.543533 1.000000
v -0.132857 1.632195 1.000000
v -0.156104 1.848033 1.000000
v -0.166227 1.936904 1.000000
v -0.165005 1.934667 1.000000
v -0.017317 1.848033 1.000000
v -0.033793 1.632404 1.000000
v -0.033793 1.606612 1.000000
v 0.014517 1.605946 1.000000
v 0.030038 1.878243 1.000000
v 0.028968 1.878592 1.000000
v 0.014517 1.543533 1.000000
v -0.044265 1.543533 1.000000
v -0.033793 1.605946 1.000000
v -0.017317 1.879100 1.000000
v -0.017317 1.898717 1.000000
v 0.032552 1.876658 1.000000
v 0.031830 1.877276 1.000000
v 0.034018 1.874266 1.000000
v 0.033645 1.875153 1.000000
v 0.033157 1.875951 1.000000
v 0.036675 1.856430 1.000000
v 0.036276 1.857515 1.000000
v 0.036019 1.858645 1.000000
v 0.035782 1.898780 1.000000
v 0.030993 1.877804 1.000000
v 0.035248 1.917776 1.000000
v 0.034274 1.873290 1.000000
v 0.026478 1.879020 1.000000
v -0.017317 1.917846 1.000000
v -0.165025 1.306798 1.000000
v -0.166210 1.308846 1.000000
v -0.167618 1.310751 1.000000
v -0.167654 1.310800 1.000000
v -0.044265 1.632195 1.000000
v -0.467187 1.590242 1.000000
v 0.037896 1.854394 1.000000
v 0.038698 1.899284 1.000000
v 0.038017 1.917217 1.000000
v 0.039684 1.852536 1.000000
v 0.041111 1.900293 1.000000
v 0.040391 1.916100 1.000000
v 0.038720 1.853443 1.000000
v 0.039967 1.899725 1.000000
v 0.039254 1.916729 1.000000
v 0.043019 1.901805 1.000000
v 0.043210 1.913378 1.000000
v 0.043784 1.902751 1.000000
v 0.042369 1.914425 1.000000
v 0.044936 1.905020 1.000000
v 0.044594 1.910864 1.000000
v 0.045583 1.907793 1.000000
v 0.044959 1.849356 1.000000
v 0.045323 1.906343 1.000000
v 0.044423 1.903822 1.000000
v 0.043951 1.912191 1.000000
v 0.042039 1.850857 1.000000
v 0.042128 1.900986 1.000000
v 0.041430 1.915332 1.000000
v 0.052216 1.888664 1.000000
v 0.052216 1.888385 1.000000
v 0.056614 1.543533 1.000000
v 0.057770 1.887994 1.000000
v 0.061537 1.890018 1.000000
v 0.062773 1.887169 1.000000
v 0.065615 1.891081 1.000000
v 0.067225 1.885911 1.000000
v 0.071127 1.884219 1.000000
v 0.069304 1.892403 1.000000
v 0.074478 1.882095 1.000000
v 0.075515 1.895820 1.000000
v 0.072604 1.893982 1.000000
v 0.074939 1.929295 1.000000
v 0.077278 1.879536 1.000000
v 0.078038 1.897915 1.000000
v 0.080171 1.900269 1.000000
v 0.079528 1.876544 1.000000
v 0.079993 1.924656 1.000000
v 0.077686 1.927105 1.000000
v 0.071752 1.931224 1.000000
v 0.048446 1.848033 1.000000
v 0.037303 1.898969 1.000000
v 0.068125 1.932894 1.000000
v 0.059550 1.935454 1.000000
v 0.049214 1.936974 1.000000
v 0.082630 1.853783 1.000000
v 0.082375 1.869261 1.000000
v 0.084096 1.850182 1.000000
v 0.083422 1.851332 1.000000
v 0.082933 1.852532 1.000000
v 0.082972 1.864969 1.000000
v 0.081916 1.902880 1.000000
v 0.083286 1.918978 1.000000
v 0.084818 1.912261 1.000000
v 0.084239 1.908876 1.000000
v 0.084984 1.849056 1.000000
v 0.084957 1.849082 1.000000
v 0.086005 1.848033 1.000000
v 0.097663 1.848033 1.000000
v 0.097663 1.850271 1.000000
v 0.106250 1.605946 1.000000
v 0.116722 1.632404 1.000000
v 0.106250 1.632404 1.000000
v 0.136060 1.870234 1.000000
v 0.082514 1.855084 1.000000
v 0.083018 1.860243 1.000000
v 0.083272 1.905749 1.000000
v 0.084272 1.915749 1.000000
v 0.097663 1.936904 1.000000
v 0.081860 1.921947 1.000000
v 0.136060 1.902696 1.000000
v 0.136060 1.884126 1.000000
v 0.167509 0.984296 1.000000
v 0.171439 1.003495 1.000000
v 0.172223 1.023404 1.000000
v 0.170850 0.984604 1.000000
v 0.168389 1.003801 1.000000
v 0.155119 1.565734 1.000000
v 0.155119 1.598197 1.000000
v 0.155119 1.579626 1.000000
v 0.176108 0.986006 1.000000
v 0.176289 1.002102 1.000000
v 0.177125 0.986520 1.000000
v 0.174073 1.002929 1.000000
v 0.178089 1.001016 1.000000
v 0.179465 0.988455 1.000000
v 0.179472 0.999671 1.000000
v 0.178804 0.987745 1.000000
v 0.178833 1.000376 1.000000
v 0.173717 0.985174 1.000000
v 0.178024 0.987100 1.000000
v 0.177241 1.001592 1.000000
v 0.116722 1.543533 1.000000
v 0.155119 1.611461 1.000000
v 0.136060 1.915961 1.000000
v 0.056614 1.605946 1.000000
v 0.081227 1.873119 1.000000
v 0.180449 0.990040 1.000000
v 0.180812 0.997294 1.000000
v 0.181093 0.991655 1.000000
v 0.181295 0.995685 1.000000
v 0.181456 0.994075 1.000000
v 0.181415 0.993269 1.000000
v 0.181415 0.994880 1.000000
v 0.181295 0.992462 1.000000
v 0.181093 0.996490 1.000000
v 0.208525 1.883987 1.000000
v 0.209747 0.973593 1.000000
v 0.198105 0.966086 1.000000
v 0.198228 0.966124 1.000000
v 0.180007 0.989231 1.000000
v 0.202378 0.968086 1.000000
v 0.206121 0.970513 1.000000
v 0.206217 0.970576 1.000000
v 0.210899 1.010032 1.000000
v 0.210864 1.010070 1.000000
v 0.207617 1.012894 1.000000
v 0.203883 1.015407 1.000000
v 0.180007 0.998900 1.000000
v 0.199659 1.017610 1.000000
v 0.212652 0.977150 1.000000
v 0.213427 1.006906 1.000000
v 0.213752 0.979135 1.000000
v 0.214381 1.005184 1.000000
v 0.215629 1.001460 1.000000
v 0.215925 0.999459 1.000000
v 0.214618 0.981257 1.000000
v 0.215115 1.003368 1.000000
v 0.227584 1.579487 1.000000
v 0.236939 1.543533 1.000000
v 0.236939 1.611461 1.000000
v 0.226956 0.936771 1.000000
v 0.226956 0.934533 1.000000
v 0.265352 0.956734 1.000000
v 0.229982 1.023404 1.000000
v 0.226956 1.023404 1.000000
v 0.236939 1.565804 1.000000
v 0.227793 1.598197 1.000000
v 0.217880 1.848033 1.000000
v 0.236939 1.632404 1.000000
v 0.217880 1.915961 1.000000
v 0.180111 0.962807 1.000000
v 0.193345 0.964623 1.000000
v 0.211317 0.975303 1.000000
v 0.215249 0.983517 1.000000
v 0.216029 0.990528 1.000000
v 0.216049 0.990709 1.000000
v 0.216142 0.995224 1.000000
v 0.212255 1.008535 1.000000
v 0.195288 1.019406 1.000000
v 0.191111 1.020697 1.000000
v 0.217880 1.870304 1.000000
v 0.208735 1.902696 1.000000
v 0.335993 0.970490 1.000000
v 0.337817 0.970487 1.000000
v 0.347172 0.934533 1.000000
v 0.267412 0.956736 1.000000
v 0.347172 0.956804 1.000000
v 0.338027 0.989196 1.000000
v 0.345112 1.002461 1.000000
v 0.265352 1.002461 1.000000
v 0.347172 1.002461 1.000000
v 0.357644 1.023404 1.000000
v 0.347172 1.023404 1.000000
v 0.410911 1.023404 1.000000
v 0.391293 0.990663 1.000000
v 0.391293 0.934533 1.000000
v 0.391293 0.989249 1.000000
v 0.357644 0.934533 1.000000
v 0.427037 0.934533 1.000000
v 0.442675 0.976979 1.000000
v 0.457685 0.934533 1.000000
v 0.493638 0.934533 1.000000
v 0.493638 0.990663 1.000000
v 0.474580 1.023404 1.000000
v 0.537341 0.934533 1.000000
v 0.537341 0.936771 1.000000
v 0.526869 0.934533 1.000000
v 0.526869 1.023404 1.000000
v 0.537341 1.023404 1.000000
v 0.575737 0.989196 1.000000
v 0.575737 1.002461 1.000000
v 0.575737 0.956734 1.000000
v 0.575737 0.970626 1.000000
v 0.648202 0.970487 1.000000
v 0.648412 0.989196 1.000000
v 0.657557 0.934533 1.000000
v 0.657557 1.002461 1.000000
v 0.657557 0.956804 1.000000
v 0.668029 0.934533 1.000000
v 0.701240 0.934533 1.000000
v 0.762066 0.934533 1.000000
v 0.702097 0.934533 1.000000
v 0.716339 1.023404 1.000000
v 0.702097 0.989964 1.000000
v 0.669245 1.023404 1.000000
v 0.668029 1.023404 1.000000
v 0.657557 1.023404 1.000000
v 0.778472 1.023404 1.000000
v 0.778472 0.971070 1.000000
v 0.822524 0.997612 1.000000
v 0.822524 1.023404 1.000000
v 0.822524 0.996946 1.000000
v 0.812052 1.021167 1.000000
v 0.812052 1.023404 1.000000
v 0.912930 0.934533 1.000000
v 0.870834 0.934533 1.000000
v 0.870834 0.996946 1.000000
v 0.962567 1.023404 1.000000
v 0.962567 0.996946 1.000000
v 0.912930 0.996946 1.000000
v 0.812052 0.934533 1.000000
v 0.810793 0.934533 1.000000
v 0.778472 0.969719 1.000000
v 0.265352 0.970626 1.000000
v 0.265352 0.989196 1.000000
v 0.217880 1.936904 1.000000
v 0.037215 1.855390 1.000000
v 0.036682 1.917566 1.000000
v -0.953150 0.368468 1.000000
v -0.953150 0.630034 1.000000
v -0.953150 0.718904 1.000000
v -0.953150 0.934533 1.000000
v -0.953150 1.023404 1.000000
v -0.953150 1.875819 1.000000
v -0.953150 1.906815 1.000000
v -0.953075 1.285382 1.000000
v -0.953100 1.905681 1.000000
v -0.953076 1.281359 1.000000
v -0.953150 1.586468 1.000000
v -0.953064 1.874222 1.000000
v -0.952948 1.904558 1.000000
v -0.953042 1.909066 1.000000
v -0.952694 1.903447 1.000000
v -0.952472 1.289372 1.000000
v -0.952100 1.579443 1.000000
v -0.952805 1.872689 1.000000
v -0.952100 1.594017 1.000000
v -0.952374 1.871220 1.000000
v -0.952173 1.913386 1.000000
v -0.952100 0.361443 1.000000
v -0.952100 0.376017 1.000000
v -0.952483 1.277393 1.000000
v -0.952340 1.902347 1.000000
v -0.952716 1.911256 1.000000
v -0.950435 1.917467 1.000000
v -0.951296 1.273488 1.000000
v -0.951266 1.293305 1.000000
v -0.950042 1.573029 1.000000
v -0.950993 1.868474 1.000000
v -0.951326 1.900183 1.000000
v -0.947751 1.921318 1.000000
v -0.946976 1.567226 1.000000
v -0.947044 1.300996 1.000000
v -0.949456 1.297180 1.000000
v -0.948084 1.895994 1.000000
v -0.945886 1.923182 1.000000
v -0.950042 0.355029 1.000000
v -0.946976 0.389146 1.000000
v -0.949516 1.269642 1.000000
v -0.946976 1.607146 1.000000
v -0.950044 1.867197 1.000000
v -0.949908 1.898066 1.000000
v -0.949241 1.919416 1.000000
v -0.946976 0.349226 1.000000
v -0.950042 0.382910 1.000000
v -0.944175 1.262131 1.000000
v -0.947142 1.265857 1.000000
v -0.950042 1.600909 1.000000
v -0.951770 1.869815 1.000000
v -0.945855 1.893970 1.000000
v -0.951413 1.915457 1.000000
v -0.944028 1.304754 1.000000
v -0.942903 1.562034 1.000000
v -0.940426 1.308426 1.000000
v -0.943257 1.892066 1.000000
v -0.940328 1.890355 1.000000
v -0.938047 1.928555 1.000000
v -0.932909 1.854344 1.000000
v -0.931735 1.621915 1.000000
v -0.934115 1.313446 1.000000
v -0.931735 1.553482 1.000000
v -0.937823 1.557452 1.000000
v -0.937039 1.856531 1.000000
v -0.941038 1.859169 1.000000
v -0.937823 1.617648 1.000000
v -0.928646 1.852606 1.000000
v -0.924640 1.625525 1.000000
v -0.924640 1.550122 1.000000
v -0.924050 1.319147 1.000000
v -0.916538 1.628479 1.000000
v -0.924039 1.851191 1.000000
v -0.912799 0.957921 1.000000
v -0.909030 1.280728 1.000000
v -0.909134 1.281763 1.000000
v -0.909311 0.364648 1.000000
v -0.909657 0.368747 1.000000
v -0.909311 1.582648 1.000000
v -0.909657 1.586747 1.000000
v -0.912101 1.323716 1.000000
v -0.916538 1.547373 1.000000
v -0.916538 0.329373 1.000000
v -0.924640 0.332122 1.000000
v -0.931735 0.335482 1.000000
v -0.937823 0.339452 1.000000
v -0.942903 0.344034 1.000000
v -0.942903 0.394725 1.000000
v -0.937823 0.399648 1.000000
v -0.931735 0.403915 1.000000
v -0.924640 0.407526 1.000000
v -0.916538 0.410479 1.000000
v -0.909518 0.655864 1.000000
v -0.909518 0.718904 1.000000
v -0.912729 1.000855 1.000000
v -0.918704 1.245335 1.000000
v -0.929641 1.250509 1.000000
v -0.934394 1.253500 1.000000
v -0.938670 1.256761 1.000000
v -0.942469 1.260291 1.000000
v -0.909133 1.283860 1.000000
v -0.942903 1.612725 1.000000
v -0.947662 1.864645 1.000000
v -0.933475 1.887516 1.000000
v -0.943647 1.925010 1.000000
v -0.928984 1.932646 1.000000
v -0.920209 1.935268 1.000000
v -0.908319 0.360959 1.000000
v -0.907921 1.276671 1.000000
v -0.908850 1.285943 1.000000
v -0.908319 1.578959 1.000000
v -0.907321 1.874930 1.000000
v -0.906498 1.873122 1.000000
v -0.906682 0.357682 1.000000
v -0.906682 1.575682 1.000000
v -0.906966 1.874031 1.000000
v -0.907581 0.359269 1.000000
v -0.907796 0.377311 1.000000
v -0.906950 1.274692 1.000000
v -0.908284 1.287991 1.000000
v -0.907581 1.577269 1.000000
v -0.907796 1.595311 1.000000
v -0.904398 0.354816 1.000000
v -0.904398 1.572816 1.000000
v -0.906027 0.380825 1.000000
v -0.906302 1.291982 1.000000
v -0.906027 1.598825 1.000000
v -0.904421 1.870338 1.000000
v -0.904352 1.915402 1.000000
v -0.904273 1.914662 1.000000
v -0.903784 1.913212 1.000000
v -0.904076 1.916880 1.000000
v -0.904084 1.913932 1.000000
v -0.904271 1.916144 1.000000
v -0.903374 1.912501 1.000000
v -0.903767 1.917610 1.000000
v -0.904933 0.382390 1.000000
v -0.903317 1.269902 1.000000
v -0.904886 1.293925 1.000000
v -0.904933 1.600390 1.000000
v -0.905621 0.356198 1.000000
v -0.906981 0.379132 1.000000
v -0.905702 1.272746 1.000000
v -0.907434 1.290004 1.000000
v -0.905621 1.574198 1.000000
v -0.906981 1.597132 1.000000
v -0.905918 1.872204 1.000000
v -0.907563 1.875819 1.000000
v -0.902805 1.919053 1.000000
v -0.901081 1.910136 1.000000
v -0.901469 0.352361 1.000000
v -0.902327 0.385136 1.000000
v -0.901469 1.570361 1.000000
v -0.901867 1.910772 1.000000
v -0.902152 1.919765 1.000000
v -0.900814 1.604317 1.000000
v -0.900539 1.921069 1.000000
v -0.898132 1.908530 1.000000
v -0.898538 1.922139 1.000000
v -0.900240 1.298417 1.000000
v -0.898767 1.866045 1.000000
v -0.897894 0.350317 1.000000
v -0.900814 0.386317 1.000000
v -0.899308 1.266522 1.000000
v -0.902327 1.603136 1.000000
v -0.900760 1.867174 1.000000
v -0.900197 1.909550 1.000000
v -0.901394 1.920446 1.000000
v -0.897370 1.606295 1.000000
v -0.895680 1.907714 1.000000
v -0.896149 1.922977 1.000000
v -0.891576 1.864160 1.000000
v -0.893039 1.907144 1.000000
v -0.892926 1.923640 1.000000
v -0.892431 1.939260 1.000000
v -0.894206 1.864556 1.000000
v -0.889815 0.391165 1.000000
v -0.890048 1.565253 1.000000
v -0.888593 1.261419 1.000000
v -0.889815 1.609165 1.000000
v -0.886619 1.846428 1.000000
v -0.886185 1.633403 1.000000
v -0.886185 0.415403 1.000000
v -0.889494 1.238075 1.000000
v -0.882438 1.259813 1.000000
v -0.886951 1.304755 1.000000
v -0.890048 0.347253 1.000000
v -0.897370 0.388295 1.000000
v -0.892864 1.302655 1.000000
v -0.892501 1.328219 1.000000
v -0.882356 1.305880 1.000000
v -0.886185 1.542792 1.000000
v -0.882640 1.924618 1.000000
v -0.899162 0.387370 1.000000
v -0.894392 1.263692 1.000000
v -0.897999 1.299971 1.000000
v -0.897894 1.568317 1.000000
v -0.899162 1.605370 1.000000
v -0.896602 1.865184 1.000000
v -0.907428 0.327235 1.000000
v -0.903014 0.353537 1.000000
v -0.903700 0.383827 1.000000
v -0.907428 0.412777 1.000000
v -0.906052 1.241275 1.000000
v -0.901426 1.268143 1.000000
v -0.903196 1.295820 1.000000
v -0.907428 1.545235 1.000000
v -0.903014 1.571537 1.000000
v -0.903700 1.601827 1.000000
v -0.907428 1.630777 1.000000
v -0.902645 1.868605 1.000000
v -0.902854 1.911800 1.000000
v -0.903343 1.918334 1.000000
v -0.886185 0.324792 1.000000
v -0.908896 0.362752 1.000000
v -0.909006 0.373285 1.000000
v -0.908614 1.278683 1.000000
v -0.908896 1.580752 1.000000
v -0.909006 1.591285 1.000000
v -0.913148 1.848941 1.000000
v -0.925295 1.885453 1.000000
v -0.882101 0.345414 1.000000
v -0.882043 0.392887 1.000000
v -0.882101 1.563414 1.000000
v -0.882043 1.610887 1.000000
v -0.875845 1.237052 1.000000
v -0.876143 1.258921 1.000000
v -0.875768 1.329678 1.000000
v -0.876108 1.306762 1.000000
v -0.874053 0.344802 1.000000
v -0.881453 1.863602 1.000000
v -0.870967 1.881368 1.000000
v -0.869655 1.865870 1.000000
v -0.873573 1.881849 1.000000
v -0.867285 1.866708 1.000000
v -0.868467 1.880609 1.000000
v -0.869717 1.258743 1.000000
v -0.869751 1.306939 1.000000
v -0.874053 0.393461 1.000000
v -0.876047 1.000625 1.000000
v -0.873578 0.958053 1.000000
v -0.874053 1.562802 1.000000
v -0.874053 1.611461 1.000000
v -0.867735 1.922872 1.000000
v -0.865296 1.867779 1.000000
v -0.865346 1.879049 1.000000
v -0.863686 1.869082 1.000000
v -0.865680 0.345286 1.000000
v -0.865680 1.563286 1.000000
v -0.864443 1.868401 1.000000
v -0.864488 1.878421 1.000000
v -0.863060 1.877026 1.000000
v -0.862089 1.871220 1.000000
v -0.863162 1.023404 1.000000
v -0.861978 1.237393 1.000000
v -0.862327 1.237384 1.000000
v -0.862224 1.329344 1.000000
v -0.862853 1.542755 1.000000
v -0.863267 1.846986 1.000000
v -0.862980 1.633471 1.000000
v -0.862503 1.870505 1.000000
v -0.862519 1.876307 1.000000
v -0.862853 0.324755 1.000000
v -0.862980 0.415471 1.000000
v -0.865680 0.393085 1.000000
v -0.863353 1.259278 1.000000
v -0.863503 1.306409 1.000000
v -0.865680 1.611085 1.000000
v -0.863035 1.869792 1.000000
v -0.863721 1.877738 1.000000
v -0.864733 1.922003 1.000000
v -0.864122 0.959317 1.000000
v -0.865680 0.999411 1.000000
v -0.866295 1.879623 1.000000
v -0.861797 1.874853 1.000000
v -0.861557 1.873375 1.000000
v -0.861616 1.872655 1.000000
v -0.861617 1.874117 1.000000
v -0.859846 1.919521 1.000000
v -0.857396 0.997192 1.000000
v -0.850842 0.965848 1.000000
v -0.857500 0.391956 1.000000
v -0.853458 0.963715 1.000000
v -0.854034 0.995706 1.000000
v -0.853483 0.347832 1.000000
v -0.860098 0.960450 1.000000
v -0.857502 0.935584 1.000000
v -0.856544 0.961916 1.000000
v -0.861277 0.998427 1.000000
v -0.855594 1.260951 1.000000
v -0.858888 1.305549 1.000000
v -0.853483 1.565832 1.000000
v -0.857500 1.609956 1.000000
v -0.857694 1.917629 1.000000
v -0.847018 0.971115 1.000000
v -0.848874 0.991981 1.000000
v -0.847600 1.567929 1.000000
v -0.849514 1.608075 1.000000
v -0.845071 0.977716 1.000000
v -0.845797 0.987251 1.000000
v -0.844802 0.981517 1.000000
v -0.845039 0.984510 1.000000
v -0.844123 0.351680 1.000000
v -0.843894 0.630034 1.000000
v -0.843894 0.655214 1.000000
v -0.845810 0.974249 1.000000
v -0.847075 0.989742 1.000000
v -0.848444 1.239099 1.000000
v -0.845731 1.021580 1.000000
v -0.844505 1.265763 1.000000
v -0.847257 1.301383 1.000000
v -0.844123 1.569680 1.000000
v -0.847600 0.349929 1.000000
v -0.849514 0.390075 1.000000
v -0.843227 0.413396 1.000000
v -0.847389 0.937160 1.000000
v -0.848696 0.968315 1.000000
v -0.851194 0.993969 1.000000
v -0.849640 1.263071 1.000000
v -0.852830 1.303784 1.000000
v -0.845632 1.327051 1.000000
v -0.861565 0.345893 1.000000
v -0.861565 1.563892 1.000000
v -0.848083 1.849255 1.000000
v -0.861793 1.871936 1.000000
v -0.862098 1.875583 1.000000
v -0.862104 1.920886 1.000000
v -0.842758 1.850775 1.000000
v -0.840285 1.269005 1.000000
v -0.842723 0.387271 1.000000
v -0.842723 1.605271 1.000000
v -0.838127 0.383373 1.000000
v -0.838127 1.601373 1.000000
v -0.839070 0.384450 1.000000
v -0.839575 1.295820 1.000000
v -0.839070 1.602450 1.000000
v -0.838571 0.356073 1.000000
v -0.840150 0.385459 1.000000
v -0.838519 1.270833 1.000000
v -0.842544 1.298416 1.000000
v -0.838571 1.574073 1.000000
v -0.840150 1.603459 1.000000
v -0.836121 0.379732 1.000000
v -0.836121 1.597732 1.000000
v -0.835634 0.360146 1.000000
v -0.835726 0.378381 1.000000
v -0.836652 0.381014 1.000000
v -0.835765 1.274692 1.000000
v -0.836652 1.599014 1.000000
v -0.834113 1.278683 1.000000
v -0.835308 1.290004 1.000000
v -0.833883 1.285943 1.000000
v -0.833705 1.284906 1.000000
v -0.833562 1.282806 1.000000
v -0.833700 1.280728 1.000000
v -0.834453 1.287991 1.000000
v -0.834260 1.581232 1.000000
v -0.834260 0.363232 1.000000
v -0.834801 1.276671 1.000000
v -0.836448 1.291982 1.000000
v -0.835634 1.578146 1.000000
v -0.835726 1.596381 1.000000
v -0.836496 0.358714 1.000000
v -0.837321 0.382228 1.000000
v -0.837004 1.272746 1.000000
v -0.837874 1.293925 1.000000
v -0.836496 1.576714 1.000000
v -0.837321 1.600228 1.000000
v -0.837045 1.903903 1.000000
v -0.824991 1.899194 1.000000
v -0.820046 1.862923 1.000000
v -0.818692 1.895052 1.000000
v -0.824665 1.859514 1.000000
v -0.821500 1.897170 1.000000
v -0.816737 1.866324 1.000000
v -0.812793 1.886744 1.000000
v -0.814426 1.889917 1.000000
v -0.814185 1.919800 1.000000
v -0.811691 1.883362 1.000000
v -0.812719 1.873135 1.000000
v -0.810631 1.913657 1.000000
v -0.811406 1.878260 1.000000
v -0.811319 1.879965 1.000000
v -0.811556 1.915798 1.000000
v -0.811676 1.876552 1.000000
v -0.811414 1.881665 1.000000
v -0.811563 1.004260 1.000000
v -0.814406 1.869726 1.000000
v -0.812151 1.885055 1.000000
v -0.812740 1.917846 1.000000
v -0.818228 1.864625 1.000000
v -0.816392 1.892686 1.000000
v -0.841114 0.353728 1.000000
v -0.826295 0.331213 1.000000
v -0.819216 0.334173 1.000000
v -0.812961 0.337671 1.000000
v -0.813297 0.403022 1.000000
v -0.819582 0.406394 1.000000
v -0.826666 0.409247 1.000000
v -0.842281 1.267315 1.000000
v -0.835290 1.242171 1.000000
v -0.822951 1.246527 1.000000
v -0.812486 1.251971 1.000000
v -0.810656 1.313446 1.000000
v -0.820732 1.319147 1.000000
v -0.832654 1.323716 1.000000
v -0.841114 1.571728 1.000000
v -0.826295 1.549213 1.000000
v -0.819216 1.552173 1.000000
v -0.812961 1.555671 1.000000
v -0.813297 1.621022 1.000000
v -0.819582 1.624393 1.000000
v -0.826666 1.627247 1.000000
v -0.833391 1.902762 1.000000
v -0.842926 0.326908 1.000000
v -0.845844 0.388810 1.000000
v -0.833422 0.630034 1.000000
v -0.833422 0.632271 1.000000
v -0.843894 0.655864 1.000000
v -0.833422 0.718904 1.000000
v -0.838332 0.939436 1.000000
v -0.830332 0.942412 1.000000
v -0.823387 0.946087 1.000000
v -0.817498 0.950463 1.000000
v -0.815370 1.008381 1.000000
v -0.819931 1.012008 1.000000
v -0.825248 1.015141 1.000000
v -0.831320 1.017781 1.000000
v -0.838148 1.019927 1.000000
v -0.842926 1.544908 1.000000
v -0.845844 1.606809 1.000000
v -0.843227 1.631397 1.000000
v -0.830595 1.856097 1.000000
v -0.840124 1.904546 1.000000
v -0.852900 1.911423 1.000000
v -0.834817 1.933074 1.000000
v -0.855378 1.914929 1.000000
v -0.842062 1.935028 1.000000
v -0.875077 1.939193 1.000000
v -0.831956 1.931983 1.000000
v -0.826914 1.929528 1.000000
v -0.808888 0.961315 1.000000
v -0.806217 0.994539 1.000000
v -0.799419 1.890359 1.000000
v -0.799418 1.894382 1.000000
v -0.803892 0.982844 1.000000
v -0.797609 1.902305 1.000000
v -0.796134 0.384347 1.000000
v -0.796134 1.602347 1.000000
v -0.796197 1.267742 1.000000
v -0.795195 1.297180 1.000000
v -0.797639 1.882488 1.000000
v -0.795800 1.906180 1.000000
v -0.791761 1.279369 1.000000
v -0.791783 1.279269 1.000000
v -0.791954 0.630034 1.000000
v -0.792648 1.275433 1.000000
v -0.791541 1.285382 1.000000
v -0.792150 1.289373 1.000000
v -0.794048 0.363232 1.000000
v -0.793839 0.378381 1.000000
v -0.794127 1.271557 1.000000
v -0.793368 1.293305 1.000000
v -0.794048 1.581232 1.000000
v -0.793839 1.596381 1.000000
v -0.795859 1.878642 1.000000
v -0.793387 1.909996 1.000000
v -0.806166 0.967791 1.000000
v -0.808512 0.999646 1.000000
v -0.793420 1.023404 1.000000
v -0.798859 1.263986 1.000000
v -0.798826 1.886393 1.000000
v -0.798815 1.898372 1.000000
v -0.809965 1.911423 1.000000
v -0.790518 1.871131 1.000000
v -0.783065 0.373884 1.000000
v -0.782714 0.363993 1.000000
v -0.782699 0.363893 1.000000
v -0.782161 0.377846 1.000000
v -0.782699 1.581893 1.000000
v -0.782714 1.581993 1.000000
v -0.782688 1.593872 1.000000
v -0.783293 0.367859 1.000000
v -0.783292 0.371881 1.000000
v -0.783293 1.585859 1.000000
v -0.783292 1.589882 1.000000
v -0.780133 1.267441 1.000000
v -0.778542 0.385595 1.000000
v -0.780684 1.270218 1.000000
v -0.779673 1.601680 1.000000
v -0.781513 0.359987 1.000000
v -0.780653 0.381750 1.000000
v -0.781513 1.577987 1.000000
v -0.781482 1.597805 1.000000
v -0.786973 1.867492 1.000000
v -0.778205 1.262294 1.000000
v -0.774260 1.256620 1.000000
v -0.776037 1.258790 1.000000
v -0.772236 1.254578 1.000000
v -0.779732 0.356142 1.000000
v -0.779307 1.264800 1.000000
v -0.779732 1.574142 1.000000
v -0.777261 1.605496 1.000000
v -0.780737 1.862500 1.000000
v -0.775984 1.859509 1.000000
v -0.765047 1.854335 1.000000
v -0.764611 0.340000 1.000000
v -0.807530 0.341707 1.000000
v -0.770846 0.344992 1.000000
v -0.802923 0.346281 1.000000
v -0.774392 0.348631 1.000000
v -0.777359 0.352357 1.000000
v -0.799141 0.351393 1.000000
v -0.796182 0.357044 1.000000
v -0.775828 0.389382 1.000000
v -0.799228 0.389794 1.000000
v -0.772511 0.393112 1.000000
v -0.803119 0.394722 1.000000
v -0.768657 0.396670 1.000000
v -0.807809 0.399131 1.000000
v -0.764332 0.399946 1.000000
v -0.791954 0.718904 1.000000
v -0.781482 0.718904 1.000000
v -0.793420 0.934533 1.000000
v -0.769963 1.252664 1.000000
v -0.807976 1.255097 1.000000
v -0.803946 1.258492 1.000000
v -0.780959 1.273131 1.000000
v -0.780960 1.274510 1.000000
v -0.791465 1.283364 1.000000
v -0.780993 1.327904 1.000000
v -0.797631 1.300996 1.000000
v -0.800675 1.304754 1.000000
v -0.804310 1.308426 1.000000
v -0.764611 1.558000 1.000000
v -0.807530 1.559707 1.000000
v -0.770846 1.562992 1.000000
v -0.802923 1.564281 1.000000
v -0.774392 1.566631 1.000000
v -0.777359 1.570357 1.000000
v -0.799141 1.569393 1.000000
v -0.796182 1.575043 1.000000
v -0.799228 1.607794 1.000000
v -0.774245 1.609254 1.000000
v -0.803119 1.612722 1.000000
v -0.770643 1.612926 1.000000
v -0.764332 1.617946 1.000000
v -0.807809 1.617131 1.000000
v -0.793485 1.874857 1.000000
v -0.755023 0.956734 1.000000
v -0.752963 0.956736 1.000000
v -0.755023 0.989196 1.000000
v -0.755023 0.970626 1.000000
v -0.753193 0.989196 1.000000
v -0.748528 1.626073 1.000000
v -0.752396 1.850275 1.000000
v -0.740699 1.270183 1.000000
v -0.741714 1.272285 1.000000
v -0.739351 0.368263 1.000000
v -0.739247 1.585228 1.000000
v -0.738831 0.365183 1.000000
v -0.739247 0.367228 1.000000
v -0.739350 0.370360 1.000000
v -0.739277 1.268300 1.000000
v -0.739351 1.586263 1.000000
v -0.739350 1.588360 1.000000
v -0.738501 0.374491 1.000000
v -0.738137 1.581171 1.000000
v -0.738501 1.592491 1.000000
v -0.737167 0.361192 1.000000
v -0.737651 0.376504 1.000000
v -0.737167 1.579192 1.000000
v -0.737651 1.594504 1.000000
v -0.735837 1.847075 1.000000
v -0.735842 1.630050 1.000000
v -0.732616 0.355505 1.000000
v -0.732616 1.573505 1.000000
v -0.734394 0.357333 1.000000
v -0.735103 0.380425 1.000000
v -0.734394 1.575333 1.000000
v -0.735103 1.598425 1.000000
v -0.735919 0.359246 1.000000
v -0.736519 0.378482 1.000000
v -0.735214 1.265196 1.000000
v -0.735919 1.577246 1.000000
v -0.736519 1.596482 1.000000
v -0.748921 0.331835 1.000000
v -0.738137 0.363171 1.000000
v -0.739067 0.372443 1.000000
v -0.754267 0.405647 1.000000
v -0.733413 0.382320 1.000000
v -0.742317 0.410216 1.000000
v -0.732573 1.263973 1.000000
v -0.743063 1.241887 1.000000
v -0.751192 1.243842 1.000000
v -0.737448 1.266638 1.000000
v -0.748921 1.549835 1.000000
v -0.738831 1.583183 1.000000
v -0.739067 1.590443 1.000000
v -0.733413 1.600320 1.000000
v -0.729526 1.262971 1.000000
v -0.730457 1.602916 1.000000
v -0.723238 0.349571 1.000000
v -0.728215 1.604471 1.000000
v -0.728381 0.352263 1.000000
v -0.730457 0.384917 1.000000
v -0.725923 1.568848 1.000000
v -0.720327 1.566432 1.000000
v -0.712654 0.346313 1.000000
v -0.714113 0.392049 1.000000
v -0.712573 1.610380 1.000000
v -0.717168 1.609255 1.000000
v -0.719710 0.324576 1.000000
v -0.717284 0.347451 1.000000
v -0.720187 0.390284 1.000000
v -0.714206 1.564648 1.000000
v -0.719710 1.542576 1.000000
v -0.719400 1.633177 1.000000
v -0.725756 0.387884 1.000000
v -0.722718 0.414719 1.000000
v -0.713275 1.261164 1.000000
v -0.721988 1.261616 1.000000
v -0.724192 1.239444 1.000000
v -0.722213 1.261627 1.000000
v -0.723080 1.607155 1.000000
v -0.706062 0.323552 1.000000
v -0.706360 0.345421 1.000000
v -0.706062 1.541552 1.000000
v -0.706360 1.563421 1.000000
v -0.706325 1.611262 1.000000
v -0.705984 1.634178 1.000000
v -0.699934 0.345243 1.000000
v -0.699968 0.393439 1.000000
v -0.702560 1.238958 1.000000
v -0.693911 1.262246 1.000000
v -0.699934 1.563243 1.000000
v -0.699968 1.611439 1.000000
v -0.706325 0.393262 1.000000
v -0.705984 0.416178 1.000000
v -0.692175 0.392667 1.000000
v -0.692441 0.415844 1.000000
v -0.693570 0.345778 1.000000
v -0.692194 0.323893 1.000000
v -0.689105 1.610049 1.000000
v -0.684667 1.264694 1.000000
v -0.686015 1.264092 1.000000
v -0.685810 0.347451 1.000000
v -0.692000 1.564023 1.000000
v -0.692194 1.541893 1.000000
v -0.693720 1.610909 1.000000
v -0.692441 1.633844 1.000000
v -0.736269 0.327775 1.000000
v -0.730612 0.353815 1.000000
v -0.732963 0.630034 1.000000
v -0.734184 0.632271 1.000000
v -0.706085 0.654607 1.000000
v -0.742324 1.274608 1.000000
v -0.742527 1.327904 1.000000
v -0.736269 1.545775 1.000000
v -0.730612 1.571815 1.000000
v -0.759858 0.337009 1.000000
v -0.743085 0.718904 1.000000
v -0.755023 1.002461 1.000000
v -0.758398 1.246285 1.000000
v -0.764673 1.249220 1.000000
v -0.759858 1.555009 1.000000
v -0.759535 1.620938 1.000000
v -0.682768 1.566432 1.000000
v -0.683047 1.608284 1.000000
v -0.680332 1.268494 1.000000
v -0.678753 1.271370 1.000000
v -0.679725 1.269403 1.000000
v -0.679857 0.349571 1.000000
v -0.681789 1.266825 1.000000
v -0.677782 1.275896 1.000000
v -0.677741 1.327904 1.000000
v -0.673203 0.934533 1.000000
v -0.676230 0.934533 1.000000
v -0.673203 1.002461 1.000000
v -0.674722 0.352263 1.000000
v -0.677473 0.387884 1.000000
v -0.677473 1.605884 1.000000
v -0.683047 0.390284 1.000000
v -0.675848 0.413551 1.000000
v -0.682558 0.970487 1.000000
v -0.673203 0.956804 1.000000
v -0.682349 0.989196 1.000000
v -0.683036 1.240494 1.000000
v -0.673203 1.023404 1.000000
v -0.678105 1.273534 1.000000
v -0.678661 1.543599 1.000000
v -0.677175 1.568848 1.000000
v -0.675848 1.631551 1.000000
v -0.670502 1.573505 1.000000
v -0.670502 0.355505 1.000000
v -0.672761 0.384916 1.000000
v -0.672761 1.602916 1.000000
v -0.668735 0.357333 1.000000
v -0.669792 0.382320 1.000000
v -0.668735 1.575333 1.000000
v -0.669792 1.600320 1.000000
v -0.665982 0.361192 1.000000
v -0.665982 1.579192 1.000000
v -0.665525 0.376504 1.000000
v -0.665525 1.594504 1.000000
v -0.665018 0.363171 1.000000
v -0.666665 0.378482 1.000000
v -0.665018 1.581171 1.000000
v -0.666665 1.596482 1.000000
v -0.667221 0.359246 1.000000
v -0.668090 0.380425 1.000000
v -0.667221 1.577246 1.000000
v -0.668090 1.598425 1.000000
v -0.678661 0.325599 1.000000
v -0.668760 0.327775 1.000000
v -0.672497 0.353815 1.000000
v -0.669294 0.718904 1.000000
v -0.683570 1.265353 1.000000
v -0.666929 1.244104 1.000000
v -0.665507 1.546671 1.000000
v -0.672497 1.571815 1.000000
v -0.663916 0.367228 1.000000
v -0.664349 1.591471 1.000000
v -0.663814 0.370360 1.000000
v -0.663779 1.587306 1.000000
v -0.663779 0.369306 1.000000
v -0.664099 0.372443 1.000000
v -0.663916 1.585228 1.000000
v -0.663921 1.589406 1.000000
v -0.649415 1.253581 1.000000
v -0.645443 1.257886 1.000000
v -0.641827 1.264079 1.000000
v -0.643088 1.261496 1.000000
v -0.647311 1.255660 1.000000
v -0.640062 1.269664 1.000000
v -0.629075 1.568486 1.000000
v -0.626414 0.354242 1.000000
v -0.625411 0.383680 1.000000
v -0.628803 1.327904 1.000000
v -0.628803 1.302112 1.000000
v -0.625277 1.327904 1.000000
v -0.626414 1.572242 1.000000
v -0.625411 1.601680 1.000000
v -0.639282 1.326514 1.000000
v -0.639275 1.327904 1.000000
v -0.636118 0.343261 1.000000
v -0.664329 0.365183 1.000000
v -0.632328 0.346791 1.000000
v -0.629075 0.350487 1.000000
v -0.627847 0.387496 1.000000
v -0.640819 1.266801 1.000000
v -0.634163 1.562992 1.000000
v -0.664329 1.583183 1.000000
v -0.627847 1.605496 1.000000
v -0.630892 1.609254 1.000000
v -0.634435 1.612834 1.000000
v -0.656084 0.331835 1.000000
v -0.645139 0.337009 1.000000
v -0.640388 0.340000 1.000000
v -0.664670 0.374491 1.000000
v -0.630892 0.391254 1.000000
v -0.634527 0.394926 1.000000
v -0.640872 0.399946 1.000000
v -0.650949 0.405647 1.000000
v -0.662871 0.410216 1.000000
v -0.679277 0.630034 1.000000
v -0.630897 0.718904 1.000000
v -0.662732 1.023404 1.000000
v -0.624335 1.023404 1.000000
v -0.660188 1.246710 1.000000
v -0.654333 1.249857 1.000000
v -0.639558 1.272666 1.000000
v -0.653167 1.551027 1.000000
v -0.642703 1.556471 1.000000
v -0.638192 1.559597 1.000000
v -0.664670 1.592491 1.000000
v -0.634527 1.612926 1.000000
v -0.640872 1.617946 1.000000
v -0.650949 1.623647 1.000000
v -0.662871 1.628216 1.000000
v -0.622865 0.361933 1.000000
v -0.622367 0.375873 1.000000
v -0.622865 1.579933 1.000000
v -0.622900 1.595846 1.000000
v -0.621682 1.587864 1.000000
v -0.621682 0.369864 1.000000
v -0.621758 1.589882 1.000000
v -0.621978 0.365869 1.000000
v -0.621758 0.371882 1.000000
v -0.621978 1.583869 1.000000
v -0.621986 1.591884 1.000000
v -0.620425 0.718974 1.000000
v -0.614212 0.934533 1.000000
v -0.615434 0.936771 1.000000
v -0.587334 0.959107 1.000000
v -0.582447 0.630034 1.000000
v -0.580493 1.301446 1.000000
v -0.582447 0.680717 1.000000
v -0.582447 0.661100 1.000000
v -0.611210 0.327771 1.000000
v -0.611210 0.325534 1.000000
v -0.582447 0.699846 1.000000
v -0.611210 1.545771 1.000000
v -0.611210 1.543533 1.000000
v -0.611210 0.414404 1.000000
v -0.620425 0.630034 1.000000
v -0.562900 0.414404 1.000000
v -0.577142 0.380964 1.000000
v -0.562900 1.632404 1.000000
v -0.577142 1.598964 1.000000
v -0.538396 1.239033 1.000000
v -0.534137 0.659804 1.000000
v -0.535091 0.660243 1.000000
v -0.536162 0.660592 1.000000
v -0.550543 1.023404 1.000000
v -0.532578 0.658658 1.000000
v -0.531973 0.657951 1.000000
v -0.531112 0.656267 1.000000
v -0.531484 0.657153 1.000000
v -0.529111 0.640645 1.000000
v -0.528854 0.639515 1.000000
v -0.527915 0.637390 1.000000
v -0.528455 0.638430 1.000000
v -0.527827 0.680969 1.000000
v -0.529348 0.680780 1.000000
v -0.529882 0.699776 1.000000
v -0.530856 0.655290 1.000000
v -0.538652 0.661020 1.000000
v -0.533300 0.659276 1.000000
v -0.577142 0.325534 1.000000
v -0.527234 0.636394 1.000000
v -0.560526 0.934533 1.000000
v -0.580493 1.239033 1.000000
v -0.538396 1.301446 1.000000
v -0.577142 1.543533 1.000000
v -0.525876 0.698729 1.000000
v -0.526410 0.635443 1.000000
v -0.525163 0.681726 1.000000
v -0.527112 0.699217 1.000000
v -0.522111 0.683805 1.000000
v -0.522761 0.696425 1.000000
v -0.523002 0.682986 1.000000
v -0.523700 0.697333 1.000000
v -0.525446 0.634536 1.000000
v -0.524019 0.682293 1.000000
v -0.524739 0.698100 1.000000
v -0.520707 0.685822 1.000000
v -0.520536 0.692865 1.000000
v -0.520194 0.687020 1.000000
v -0.521178 0.694191 1.000000
v -0.519547 0.689793 1.000000
v -0.520171 0.631356 1.000000
v -0.519807 0.688343 1.000000
v -0.523091 0.632857 1.000000
v -0.512914 0.670385 1.000000
v -0.526432 0.681284 1.000000
v -0.521346 0.684751 1.000000
v -0.521920 0.695378 1.000000
v -0.515916 0.718974 1.000000
v -0.512914 0.670664 1.000000
v -0.507360 0.669994 1.000000
v -0.503593 0.672018 1.000000
v -0.502357 0.669169 1.000000
v -0.505580 0.717454 1.000000
v -0.501675 0.934533 1.000000
v -0.500767 0.414404 1.000000
v -0.499515 0.673082 1.000000
v -0.497905 0.667911 1.000000
v -0.497005 0.714894 1.000000
v -0.494003 0.666220 1.000000
v -0.495826 0.674403 1.000000
v -0.492526 0.675983 1.000000
v -0.490652 0.664095 1.000000
v -0.490191 0.711295 1.000000
v -0.485137 0.706656 1.000000
v -0.485602 0.658545 1.000000
v -0.487852 0.661536 1.000000
v -0.487092 0.679915 1.000000
v -0.489615 0.677820 1.000000
v -0.487444 0.709105 1.000000
v -0.488759 1.301446 1.000000
v -0.493378 0.713224 1.000000
v -0.517173 0.325534 1.000000
v -0.500767 0.360719 1.000000
v -0.516684 0.630034 1.000000
v -0.501675 1.023404 1.000000
v -0.512146 1.023404 1.000000
v -0.517173 1.543533 1.000000
v -0.500767 1.578719 1.000000
v -0.528448 0.699566 1.000000
v -0.488759 1.327904 1.000000
v -0.624344 0.358057 1.000000
v -0.623585 0.379805 1.000000
v -0.628803 1.301446 1.000000
v -0.624344 1.576057 1.000000
v -0.623585 1.597805 1.000000
v -0.611210 1.632404 1.000000
v -0.689462 1.263057 1.000000
v -0.812665 0.955539 1.000000
v -0.804501 0.974967 1.000000
v -0.804677 0.988938 1.000000
v -0.815890 1.921662 1.000000
v -0.817854 1.923431 1.000000
v -0.822214 1.926677 1.000000
v -0.484959 0.682269 1.000000
v -0.482756 0.651261 1.000000
v -0.482197 0.634533 1.000000
v -0.481708 0.633332 1.000000
v -0.482500 0.635783 1.000000
v -0.482158 0.646969 1.000000
v -0.483214 0.684880 1.000000
v -0.481844 0.700978 1.000000
v -0.480312 0.694261 1.000000
v -0.480891 0.690876 1.000000
v -0.480146 0.631056 1.000000
v -0.480172 0.631083 1.000000
v -0.479125 0.630034 1.000000
v -0.467187 1.543533 1.000000
v -0.467187 0.414404 1.000000
v -0.467467 0.630034 1.000000
v -0.466252 0.632271 1.000000
v -0.478288 1.327904 1.000000
v -0.481034 0.632182 1.000000
v -0.482616 0.637085 1.000000
v -0.482112 0.642243 1.000000
v -0.481858 0.687749 1.000000
v -0.480858 0.697749 1.000000
v -0.456716 0.368468 1.000000
v -0.455665 0.361443 1.000000
v -0.450542 0.349226 1.000000
v -0.446469 0.394725 1.000000
v -0.453607 0.355029 1.000000
v -0.450542 0.389146 1.000000
v -0.412876 0.364648 1.000000
v -0.428651 0.630034 1.000000
v -0.426347 1.327904 1.000000
v -0.436819 1.327904 1.000000
v -0.413223 0.368747 1.000000
v -0.455665 0.376017 1.000000
v -0.453607 0.382910 1.000000
v -0.426347 1.239033 1.000000
v -0.436819 1.239033 1.000000
v -0.420103 0.329373 1.000000
v -0.467187 0.325534 1.000000
v -0.428206 0.332122 1.000000
v -0.435301 0.335482 1.000000
v -0.441388 0.339452 1.000000
v -0.446469 0.344034 1.000000
v -0.467187 0.412167 1.000000
v -0.441388 0.399648 1.000000
v -0.435301 0.403915 1.000000
v -0.428206 0.407526 1.000000
v -0.420103 0.410479 1.000000
v -0.419855 0.645951 1.000000
v -0.419226 0.718904 1.000000
v -0.483270 0.703947 1.000000
v -0.463278 0.956734 1.000000
v -0.463278 0.989196 1.000000
v -0.463278 0.970626 1.000000
v -0.478288 1.239033 1.000000
v -0.411885 0.360959 1.000000
v -0.411146 0.359269 1.000000
v -0.412571 0.373285 1.000000
v -0.410546 0.379132 1.000000
v -0.409186 0.356198 1.000000
v -0.409592 0.380825 1.000000
v -0.410247 0.357682 1.000000
v -0.411361 0.377311 1.000000
v -0.406579 0.353537 1.000000
v -0.407265 0.383827 1.000000
v -0.404380 0.386317 1.000000
v -0.405034 0.352361 1.000000
v -0.405892 0.385136 1.000000
v -0.400936 0.388295 1.000000
v -0.393613 0.347253 1.000000
v -0.393380 0.391165 1.000000
v -0.390813 0.970487 1.000000
v -0.401459 0.350317 1.000000
v -0.402727 0.387370 1.000000
v -0.410993 0.327235 1.000000
v -0.407963 0.354816 1.000000
v -0.408499 0.382390 1.000000
v -0.410993 0.412777 1.000000
v -0.410011 0.663683 1.000000
v -0.385666 0.345414 1.000000
v -0.385608 0.392887 1.000000
v -0.389751 0.324792 1.000000
v -0.389751 0.415403 1.000000
v -0.381458 0.934533 1.000000
v -0.377618 0.344802 1.000000
v -0.377618 0.393461 1.000000
v -0.381458 1.002461 1.000000
v -0.370986 1.023404 1.000000
v -0.381458 1.023404 1.000000
v -0.370986 0.934533 1.000000
v -0.381458 0.956804 1.000000
v -0.382715 1.264864 1.000000
v -0.369357 0.345286 1.000000
v -0.369245 0.393085 1.000000
v -0.366545 0.415471 1.000000
v -0.366418 0.324755 1.000000
v -0.361515 0.346741 1.000000
v -0.354092 0.349165 1.000000
v -0.361065 0.391956 1.000000
v -0.353079 0.390075 1.000000
v -0.350634 0.350768 1.000000
v -0.355627 0.630034 1.000000
v -0.364424 0.645951 1.000000
v -0.373779 0.663683 1.000000
v -0.364529 0.716667 1.000000
v -0.365750 0.718904 1.000000
v -0.392139 0.695866 1.000000
v -0.390603 0.989196 1.000000
v -0.412461 0.362752 1.000000
v -0.463278 1.002461 1.000000
v -0.382715 1.327904 1.000000
v -0.343716 0.385459 1.000000
v -0.344615 0.354863 1.000000
v -0.346288 0.387271 1.000000
v -0.340886 0.382228 1.000000
v -0.341692 0.383373 1.000000
v -0.339686 0.379732 1.000000
v -0.339790 0.360146 1.000000
v -0.339291 0.378381 1.000000
v -0.340217 0.381014 1.000000
v -0.342053 0.357356 1.000000
v -0.342635 0.384450 1.000000
v -0.325701 0.960364 1.000000
v -0.327354 0.960364 1.000000
v -0.317091 1.239033 1.000000
v -0.317091 1.264214 1.000000
v -0.316526 0.337671 1.000000
v -0.311095 0.341707 1.000000
v -0.327354 1.023404 1.000000
v -0.329860 0.331213 1.000000
v -0.322781 0.334173 1.000000
v -0.337825 0.363232 1.000000
v -0.311374 0.399131 1.000000
v -0.316862 0.403022 1.000000
v -0.323147 0.406394 1.000000
v -0.330231 0.409247 1.000000
v -0.346792 0.413396 1.000000
v -0.306619 1.297815 1.000000
v -0.306163 1.294447 1.000000
v -0.306417 1.295558 1.000000
v -0.306185 1.302256 1.000000
v -0.306569 1.296681 1.000000
v -0.306511 1.300066 1.000000
v -0.304882 1.306457 1.000000
v -0.305239 1.260815 1.000000
v -0.303904 1.308467 1.000000
v -0.303377 1.289066 1.000000
v -0.304462 1.259474 1.000000
v -0.303513 1.258197 1.000000
v -0.304795 1.291183 1.000000
v -0.302710 1.310416 1.000000
v -0.305843 1.262220 1.000000
v -0.306274 1.263689 1.000000
v -0.306533 1.265222 1.000000
v -0.306535 1.265262 1.000000
v -0.306619 1.266819 1.000000
v -0.301553 1.286995 1.000000
v -0.305809 1.293347 1.000000
v -0.305642 1.304386 1.000000
v -0.306488 0.346281 1.000000
v -0.302706 0.351393 1.000000
v -0.302793 0.389794 1.000000
v -0.306685 0.394722 1.000000
v -0.306619 0.630034 1.000000
v -0.317231 0.630034 1.000000
v -0.306759 0.718904 1.000000
v -0.317091 1.264864 1.000000
v -0.299700 0.384347 1.000000
v -0.299355 1.314183 1.000000
v -0.293797 1.281355 1.000000
v -0.291516 1.319555 1.000000
v -0.296726 1.283066 1.000000
v -0.297614 0.363232 1.000000
v -0.297404 0.378381 1.000000
v -0.299324 1.284970 1.000000
v -0.297116 1.316010 1.000000
v -0.268711 0.650628 1.000000
v -0.268711 0.684627 1.000000
v -0.268711 0.666126 1.000000
v -0.299748 0.357044 1.000000
v -0.286932 0.327771 1.000000
v -0.260790 1.265930 1.000000
v -0.259953 1.264099 1.000000
v -0.259387 1.263204 1.000000
v -0.259967 1.264122 1.000000
v -0.260435 1.265031 1.000000
v -0.261032 1.266819 1.000000
v -0.257742 1.305663 1.000000
v -0.257821 1.306402 1.000000
v -0.257253 1.304212 1.000000
v -0.257545 1.307880 1.000000
v -0.257553 1.304932 1.000000
v -0.257740 1.307144 1.000000
v -0.257890 1.261338 1.000000
v -0.256323 1.302800 1.000000
v -0.256274 1.310053 1.000000
v -0.256812 1.309334 1.000000
v -0.254550 1.301136 1.000000
v -0.254008 1.312069 1.000000
v -0.252236 1.257045 1.000000
v -0.253666 1.300550 1.000000
v -0.254863 1.311446 1.000000
v -0.254229 1.258174 1.000000
v -0.255336 1.301772 1.000000
v -0.255621 1.310766 1.000000
v -0.256114 1.259605 1.000000
v -0.256843 1.303501 1.000000
v -0.257236 1.308610 1.000000
v -0.261730 0.934533 1.000000
v -0.264481 0.934533 1.000000
v -0.266617 1.239941 1.000000
v -0.277508 1.242191 1.000000
v -0.277624 1.242226 1.000000
v -0.282115 1.243606 1.000000
v -0.278764 1.276453 1.000000
v -0.228344 1.272939 1.000000
v -0.286944 1.278516 1.000000
v -0.282453 1.323646 1.000000
v -0.273678 1.326268 1.000000
v -0.346491 0.326908 1.000000
v -0.286932 0.325534 1.000000
v -0.286932 0.414404 1.000000
v -0.268711 0.700125 1.000000
v -0.261730 0.960364 1.000000
v -0.286378 1.245344 1.000000
v -0.290508 1.247531 1.000000
v -0.294507 1.250169 1.000000
v -0.301131 1.255645 1.000000
v -0.301220 1.312318 1.000000
v -0.347475 0.352667 1.000000
v -0.349409 0.388810 1.000000
v -0.250957 0.982884 1.000000
v -0.251184 0.976859 1.000000
v -0.251183 0.980882 1.000000
v -0.249404 0.968987 1.000000
v -0.247668 0.965239 1.000000
v -0.248544 0.990750 1.000000
v -0.247674 1.255556 1.000000
v -0.249149 1.298714 1.000000
v -0.249618 1.313977 1.000000
v -0.250591 0.972893 1.000000
v -0.250052 0.986846 1.000000
v -0.252007 1.313139 1.000000
v -0.245900 1.330261 1.000000
v -0.246395 1.314640 1.000000
v -0.246508 1.298144 1.000000
v -0.243300 0.351364 1.000000
v -0.245045 1.255160 1.000000
v -0.247624 0.965142 1.000000
v -0.246433 0.994595 1.000000
v -0.234922 1.254602 1.000000
v -0.228546 1.330193 1.000000
v -0.236109 1.315618 1.000000
v -0.224436 1.272368 1.000000
v -0.223124 1.256871 1.000000
v -0.227042 1.272849 1.000000
v -0.221936 1.271609 1.000000
v -0.220754 1.257708 1.000000
v -0.221204 1.313872 1.000000
v -0.218765 1.258779 1.000000
v -0.218815 1.270049 1.000000
v -0.217748 0.650628 1.000000
v -0.217912 1.259401 1.000000
v -0.216504 1.260793 1.000000
v -0.216844 1.268383 1.000000
v -0.216736 1.237986 1.000000
v -0.217155 1.260082 1.000000
v -0.217562 1.269087 1.000000
v -0.219764 1.270623 1.000000
v -0.240088 1.237428 1.000000
v -0.216419 1.017073 1.000000
v -0.215853 0.684702 1.000000
v -0.215853 0.666051 1.000000
v -0.215558 1.262220 1.000000
v -0.215762 1.266946 1.000000
v -0.215085 1.263655 1.000000
v -0.215041 1.264747 1.000000
v -0.215041 1.264015 1.000000
v -0.215161 1.265486 1.000000
v -0.214122 0.650882 1.000000
v -0.215262 1.262936 1.000000
v -0.215401 1.266219 1.000000
v -0.215573 1.311886 1.000000
v -0.212556 0.665590 1.000000
v -0.212556 0.685163 1.000000
v -0.212556 0.651165 1.000000
v -0.212556 0.699588 1.000000
v -0.209919 0.652041 1.000000
v -0.209919 0.686040 1.000000
v -0.211155 0.651551 1.000000
v -0.211155 0.665203 1.000000
v -0.211155 0.685550 1.000000
v -0.211155 0.699202 1.000000
v -0.211163 1.308629 1.000000
v -0.215853 0.700050 1.000000
v -0.213315 1.310521 1.000000
v -0.208847 0.664119 1.000000
v -0.208847 0.698118 1.000000
v -0.207242 0.977263 1.000000
v -0.207199 0.654134 1.000000
v -0.207941 0.653333 1.000000
v -0.207941 0.663422 1.000000
v -0.207941 0.687331 1.000000
v -0.207941 0.697420 1.000000
v -0.206722 0.974183 1.000000
v -0.206210 0.690047 1.000000
v -0.206210 0.656048 1.000000
v -0.206622 0.661715 1.000000
v -0.206622 0.689038 1.000000
v -0.206622 0.695714 1.000000
v -0.206406 0.983439 1.000000
v -0.206958 0.981443 1.000000
v -0.206622 0.655039 1.000000
v -0.207199 0.662620 1.000000
v -0.207199 0.688133 1.000000
v -0.207199 0.696619 1.000000
v -0.207138 0.976228 1.000000
v -0.207241 0.979360 1.000000
v -0.208847 0.652635 1.000000
v -0.209919 0.664713 1.000000
v -0.208847 0.686634 1.000000
v -0.209919 0.698712 1.000000
v -0.238737 0.953992 1.000000
v -0.206029 0.972171 1.000000
v -0.242283 0.957631 1.000000
v -0.245250 0.961357 1.000000
v -0.243719 0.998382 1.000000
v -0.240402 1.002112 1.000000
v -0.206392 0.983491 1.000000
v -0.236548 1.005670 1.000000
v -0.215972 1.261505 1.000000
v -0.216243 1.267667 1.000000
v -0.218202 1.313003 1.000000
v -0.205880 0.658377 1.000000
v -0.205880 0.692376 1.000000
v -0.205963 0.659594 1.000000
v -0.205963 0.693592 1.000000
v -0.205542 0.985504 1.000000
v -0.203810 0.968246 1.000000
v -0.204410 0.987482 1.000000
v -0.205058 0.970192 1.000000
v -0.198503 0.962815 1.000000
v -0.200508 0.964505 1.000000
v -0.196107 0.995471 1.000000
v -0.198349 0.993917 1.000000
v -0.196272 0.961263 1.000000
v -0.201304 0.991320 1.000000
v -0.191130 0.958571 1.000000
v -0.204160 0.936775 1.000000
v -0.202285 0.966333 1.000000
v -0.202994 0.989425 1.000000
v -0.203734 1.021050 1.000000
v -0.190972 0.998155 1.000000
v -0.189777 0.675121 1.000000
v -0.189777 0.673885 1.000000
v -0.185175 0.956451 1.000000
v -0.185059 1.000255 1.000000
v -0.185687 0.675891 1.000000
v -0.185687 0.673112 1.000000
v -0.187291 1.024177 1.000000
v -0.187602 0.933576 1.000000
v -0.186860 1.293762 1.000000
v -0.183362 0.632873 1.000000
v -0.182028 0.676971 1.000000
v -0.182028 0.672029 1.000000
v -0.178799 0.678358 1.000000
v -0.178799 0.670638 1.000000
v -0.178460 1.290194 1.000000
v -0.178134 1.250514 1.000000
v -0.177676 0.325534 1.000000
v -0.179820 0.715050 1.000000
v -0.187376 0.631735 1.000000
v -0.180464 1.001380 1.000000
v -0.190514 1.294903 1.000000
v -0.205963 0.657161 1.000000
v -0.205963 0.691159 1.000000
v -0.196820 0.718750 1.000000
v -0.193593 1.295547 1.000000
v -0.176001 0.668936 1.000000
v -0.176001 0.680054 1.000000
v -0.173633 0.682058 1.000000
v -0.173633 0.666926 1.000000
v -0.173876 1.025178 1.000000
v -0.174216 1.002262 1.000000
v -0.176751 0.636002 1.000000
v -0.174154 0.711350 1.000000
v -0.177416 0.954778 1.000000
v -0.171696 0.684371 1.000000
v -0.171696 0.664606 1.000000
v -0.170376 0.642835 1.000000
v -0.170189 0.661977 1.000000
v -0.170189 0.686991 1.000000
v -0.172029 0.640273 1.000000
v -0.170376 0.706417 1.000000
v -0.171697 1.255625 1.000000
v -0.169861 1.283686 1.000000
v -0.174154 0.637995 1.000000
v -0.172029 0.709038 1.000000
v -0.171051 0.954243 1.000000
v -0.173953 0.932552 1.000000
v -0.173515 1.253923 1.000000
v -0.172161 1.286052 1.000000
v -0.169112 0.689921 1.000000
v -0.168488 0.700250 1.000000
v -0.168251 0.652234 1.000000
v -0.168488 0.648816 1.000000
v -0.168467 0.655791 1.000000
v -0.168467 0.693158 1.000000
v -0.168251 0.696704 1.000000
v -0.166894 0.356718 1.000000
v -0.166188 1.264135 1.000000
v -0.166344 0.353941 1.000000
v -0.165620 1.276055 1.000000
v -0.164883 1.272666 1.000000
v -0.164416 0.348794 1.000000
v -0.164875 1.269260 1.000000
v -0.164788 1.270965 1.000000
v -0.165518 0.351300 1.000000
v -0.165145 1.267552 1.000000
v -0.165160 1.274362 1.000000
v -0.167204 0.414404 1.000000
v -0.164626 0.954421 1.000000
v -0.167859 1.002439 1.000000
v -0.167875 1.260726 1.000000
v -0.166262 1.277744 1.000000
v -0.169196 0.645683 1.000000
v -0.169112 0.659039 1.000000
v -0.169196 0.703488 1.000000
v -0.170206 1.257324 1.000000
v -0.167895 1.280917 1.000000
v -0.177676 0.351364 1.000000
v -0.167170 0.359630 1.000000
v -0.196820 0.630316 1.000000
v -0.179820 0.634295 1.000000
v -0.176751 0.713354 1.000000
v -0.187376 0.717517 1.000000
v -0.201552 1.240255 1.000000
v -0.196227 1.241776 1.000000
v -0.174969 1.288170 1.000000
v -0.243300 0.414404 1.000000
v -0.206210 0.660706 1.000000
v -0.199248 0.674504 1.000000
v -0.206210 0.694705 1.000000
v -0.183362 0.716438 1.000000
v -0.216812 0.940835 1.000000
v -0.227749 0.946009 1.000000
v -0.232502 0.949000 1.000000
v -0.232223 1.008946 1.000000
v -0.227426 1.011938 1.000000
v -0.227149 1.012067 1.000000
v -0.184064 1.247097 1.000000
v -0.206369 1.302423 1.000000
v -0.208847 1.305929 1.000000
v -0.250071 1.256184 1.000000
v -0.251601 1.299530 1.000000
v -0.158331 0.955313 1.000000
v -0.160086 0.932893 1.000000
v -0.160471 0.343120 1.000000
v -0.161611 1.001909 1.000000
v -0.160332 1.024844 1.000000
v -0.153701 0.956451 1.000000
v -0.156996 1.001049 1.000000
v -0.158447 0.341078 1.000000
v -0.160435 0.932884 1.000000
v -0.157780 0.718904 1.000000
v -0.142613 0.961263 1.000000
v -0.145365 0.996884 1.000000
v -0.138393 0.964505 1.000000
v -0.135112 0.968246 1.000000
v -0.136627 0.966333 1.000000
v -0.137683 0.991320 1.000000
v -0.140389 0.962815 1.000000
v -0.140652 0.993917 1.000000
v -0.146552 0.934599 1.000000
v -0.147748 0.958571 1.000000
v -0.150938 0.999284 1.000000
v -0.143740 1.022551 1.000000
v -0.134556 0.987482 1.000000
v -0.132221 0.974183 1.000000
v -0.132909 0.972171 1.000000
v -0.133416 0.985504 1.000000
v -0.131991 0.981443 1.000000
v -0.131812 0.980406 1.000000
v -0.131670 0.978306 1.000000
v -0.131808 0.976228 1.000000
v -0.132561 0.983491 1.000000
v -0.126910 0.356683 1.000000
v -0.127925 0.358785 1.000000
v -0.123659 0.353138 1.000000
v -0.121425 0.351696 1.000000
v -0.125488 0.354800 1.000000
v -0.115737 0.349471 1.000000
v -0.114147 0.655864 1.000000
v -0.118784 0.350473 1.000000
v -0.128535 0.361108 1.000000
v -0.129274 0.328387 1.000000
v -0.110594 0.947471 1.000000
v -0.133873 0.970192 1.000000
v -0.137403 0.330342 1.000000
v -0.144609 0.332785 1.000000
v -0.150884 0.335720 1.000000
v -0.156174 0.339164 1.000000
v -0.157780 0.630034 1.000000
v -0.157780 0.632271 1.000000
v -0.114147 0.718904 1.000000
v -0.133398 0.937671 1.000000
v -0.121058 0.942027 1.000000
v -0.135981 0.989425 1.000000
v -0.118840 1.014647 1.000000
v -0.130762 1.019216 1.000000
v -0.096966 0.959487 1.000000
v -0.092235 0.967057 1.000000
v -0.091476 0.988805 1.000000
v -0.094305 0.963242 1.000000
v -0.093303 0.992680 1.000000
v -0.089649 0.980882 1.000000
v -0.088771 0.325458 1.000000
v -0.080122 0.348746 1.000000
v -0.089869 0.974868 1.000000
v -0.089573 0.978864 1.000000
v -0.072226 0.350592 1.000000
v -0.070878 0.351194 1.000000
v -0.069247 0.326994 1.000000
v -0.069781 0.351853 1.000000
v -0.075673 0.349557 1.000000
v -0.099486 0.347664 1.000000
v -0.079101 0.934533 1.000000
v -0.079101 0.936771 1.000000
v -0.106084 0.950597 1.000000
v -0.102054 0.953992 1.000000
v -0.090756 0.970933 1.000000
v -0.090258 0.984873 1.000000
v -0.079101 1.023404 1.000000
v -0.095738 0.996496 1.000000
v -0.098783 1.000255 1.000000
v -0.102327 1.003834 1.000000
v -0.102418 1.003926 1.000000
v -0.108764 1.008946 1.000000
v -0.066543 0.354994 1.000000
v -0.064964 0.357870 1.000000
v -0.065936 0.355903 1.000000
v -0.063952 0.414404 1.000000
v -0.063992 0.362396 1.000000
v -0.064316 0.360034 1.000000
v -0.048523 0.630034 1.000000
v -0.038052 0.718904 1.000000
v -0.037214 0.934533 1.000000
v -0.038052 0.630034 1.000000
v -0.053140 0.330603 1.000000
v -0.046399 0.333210 1.000000
v -0.040544 0.336357 1.000000
v -0.037214 0.984240 1.000000
v -0.037214 0.962807 1.000000
v -0.031654 0.344386 1.000000
v -0.033522 0.342160 1.000000
v -0.035626 0.340080 1.000000
v -0.027030 0.353301 1.000000
v -0.028038 0.350579 1.000000
v -0.025769 0.359166 1.000000
v -0.015014 0.353319 1.000000
v -0.026273 0.356164 1.000000
v -0.029298 0.347996 1.000000
v -0.025485 0.414404 1.000000
v -0.048523 0.655864 1.000000
v -0.068000 0.353325 1.000000
v -0.037214 1.003857 1.000000
v -0.110403 0.325944 1.000000
v -0.108424 0.348127 1.000000
v -0.128738 0.414404 1.000000
v -0.014811 0.382058 1.000000
v -0.014963 0.383181 1.000000
v -0.014579 0.388756 1.000000
v -0.014237 0.348720 1.000000
v -0.014203 0.379847 1.000000
v -0.013276 0.392956 1.000000
v -0.014668 0.350189 1.000000
v -0.014927 0.351722 1.000000
v -0.014558 0.380947 1.000000
v -0.014036 0.390886 1.000000
v -0.012856 0.345974 1.000000
v -0.011771 0.375566 1.000000
v -0.011104 0.396917 1.000000
v -0.007749 0.400682 1.000000
v -0.005121 0.369566 1.000000
v -0.002191 0.367855 1.000000
v -0.007718 0.371470 1.000000
v -0.005510 0.402510 1.000000
v -0.009947 0.373495 1.000000
v -0.009614 0.398818 1.000000
v -0.013633 0.347315 1.000000
v -0.011907 0.344697 1.000000
v -0.013190 0.377683 1.000000
v -0.012299 0.394966 1.000000
v 0.000345 0.652234 1.000000
v 0.000345 0.684696 1.000000
v 0.000345 0.666126 1.000000
v 0.014481 0.984296 1.000000
v 0.013679 1.003857 1.000000
v 0.017822 0.984604 1.000000
v 0.016938 1.003681 1.000000
v 0.019194 1.023404 1.000000
v 0.019780 1.003244 1.000000
v 0.020688 0.985174 1.000000
v 0.022205 1.002548 1.000000
v 0.024097 0.986520 1.000000
v 0.023261 1.002102 1.000000
v 0.024995 0.987100 1.000000
v 0.024213 1.001592 1.000000
v 0.023079 0.986006 1.000000
v -0.009526 0.342145 1.000000
v 0.004662 0.365016 1.000000
v 0.000090 0.406055 1.000000
v 0.025804 1.000376 1.000000
v 0.026978 0.989231 1.000000
v 0.026436 0.988455 1.000000
v 0.026443 0.999671 1.000000
v 0.027783 0.997294 1.000000
v 0.028266 0.992462 1.000000
v 0.028266 0.995685 1.000000
v 0.028065 0.991655 1.000000
v 0.028065 0.996490 1.000000
v 0.027783 0.990848 1.000000
v 0.026978 0.998900 1.000000
v 0.028427 0.994075 1.000000
v 0.031638 0.350622 1.000000
v 0.031171 0.351531 1.000000
v 0.030816 0.352430 1.000000
v 0.033715 0.347839 1.000000
v 0.033785 0.392902 1.000000
v 0.034053 0.391432 1.000000
v 0.033864 0.392162 1.000000
v 0.033866 0.393644 1.000000
v 0.032218 0.349704 1.000000
v 0.030574 0.353319 1.000000
v 0.028387 0.993269 1.000000
v 0.028387 0.994880 1.000000
v 0.034762 0.390001 1.000000
v 0.034370 0.395110 1.000000
v 0.035332 0.396553 1.000000
v 0.035283 0.389300 1.000000
v 0.034793 0.395834 1.000000
v 0.037055 0.387636 1.000000
v 0.037598 0.398569 1.000000
v 0.037940 0.387050 1.000000
v 0.036742 0.397946 1.000000
v 0.037377 0.344674 1.000000
v 0.036270 0.388272 1.000000
v 0.035984 0.397266 1.000000
v 0.041534 0.342684 1.000000
v 0.040005 0.386030 1.000000
v 0.039599 0.399639 1.000000
v 0.045211 0.401140 1.000000
v 0.045705 0.416761 1.000000
v 0.045098 0.384644 1.000000
v 0.043931 0.342056 1.000000
v 0.042457 0.385214 1.000000
v 0.041988 0.400477 1.000000
v 0.039370 0.343545 1.000000
v 0.035492 0.346105 1.000000
v 0.034352 0.390712 1.000000
v 0.034060 0.394380 1.000000
v 0.025775 0.987745 1.000000
v 0.040316 0.964623 1.000000
v 0.045199 0.966124 1.000000
v 0.042260 1.019406 1.000000
v 0.038082 1.020697 1.000000
v 0.024989 0.326441 1.000000
v 0.014098 0.328691 1.000000
v 0.009490 0.330106 1.000000
v 0.012841 0.362953 1.000000
v 0.009152 0.410146 1.000000
v 0.017927 0.412768 1.000000
v 0.025464 0.962807 1.000000
v 0.027083 0.962807 1.000000
v 0.025061 1.001016 1.000000
v 0.005228 0.331844 1.000000
v 0.001097 0.334031 1.000000
v -0.002901 0.336668 1.000000
v -0.015014 0.384315 1.000000
v -0.014905 0.386566 1.000000
v 0.000345 0.697961 1.000000
v 0.058288 0.975303 1.000000
v 0.059840 1.007732 1.000000
v 0.057886 1.010011 1.000000
v 0.056718 0.973593 1.000000
v 0.056683 0.341102 1.000000
v 0.051517 0.323928 1.000000
v 0.057835 1.010070 1.000000
v 0.060724 0.979135 1.000000
v 0.062086 1.003368 1.000000
v 0.062221 0.983517 1.000000
v 0.062608 0.985855 1.000000
v 0.061590 0.981257 1.000000
v 0.061747 1.004288 1.000000
v 0.062897 0.999459 1.000000
v 0.067170 0.358868 1.000000
v 0.068482 0.343370 1.000000
v 0.064564 0.359349 1.000000
v 0.062601 1.001460 1.000000
v 0.063060 0.416693 1.000000
v 0.055497 0.402117 1.000000
v 0.059623 0.977150 1.000000
v 0.060903 1.006056 1.000000
v 0.070852 0.344208 1.000000
v 0.069670 0.358109 1.000000
v 0.071841 0.357123 1.000000
v 0.072841 0.345279 1.000000
v 0.072791 0.356550 1.000000
v 0.074044 0.355587 1.000000
v 0.074451 0.346582 1.000000
v 0.073693 0.345901 1.000000
v 0.070402 0.400372 1.000000
v 0.072810 0.665987 1.000000
v 0.076048 0.348720 1.000000
v 0.075634 0.348005 1.000000
v 0.075363 0.354167 1.000000
v 0.076204 0.352719 1.000000
v 0.076565 0.351247 1.000000
v 0.076565 0.350515 1.000000
v 0.076521 0.350155 1.000000
v 0.076445 0.351986 1.000000
v 0.076343 0.349436 1.000000
v 0.075844 0.353446 1.000000
v 0.076132 0.324587 1.000000
v 0.075101 0.347293 1.000000
v 0.074762 0.354883 1.000000
v 0.073404 0.399503 1.000000
v 0.049349 0.968086 1.000000
v 0.073927 0.936771 1.000000
v 0.053092 0.970513 1.000000
v 0.053189 0.970576 1.000000
v 0.073927 1.023404 1.000000
v 0.054589 1.012894 1.000000
v 0.050854 1.015407 1.000000
v 0.046631 1.017610 1.000000
v 0.078290 0.397021 1.000000
v 0.080443 0.395128 1.000000
v 0.082165 0.630034 1.000000
v 0.079138 0.630034 1.000000
v 0.082165 0.697961 1.000000
v 0.113146 0.376694 1.000000
v 0.085237 0.388923 1.000000
v 0.103320 0.410573 1.000000
v 0.082758 0.392429 1.000000
v 0.096075 0.412528 1.000000
v 0.113472 0.337014 1.000000
v 0.115815 0.984240 1.000000
v 0.115815 0.962807 1.000000
v 0.115815 1.003857 1.000000
v 0.116637 0.374670 1.000000
v 0.115815 0.934533 1.000000
v 0.082165 0.718904 1.000000
v 0.119909 0.342124 1.000000
v 0.121362 0.343781 1.000000
v 0.121399 0.343824 1.000000
v 0.121745 0.370186 1.000000
v 0.125344 0.364244 1.000000
v 0.126445 0.360862 1.000000
v 0.125418 0.350635 1.000000
v 0.125986 0.362555 1.000000
v 0.125396 0.395346 1.000000
v 0.123730 0.347226 1.000000
v 0.123711 0.367417 1.000000
v 0.123952 0.397300 1.000000
v 0.128171 0.388923 1.000000
v 0.127506 0.391157 1.000000
v 0.126730 0.355760 1.000000
v 0.126818 0.357465 1.000000
v 0.126581 0.393298 1.000000
v 0.190659 0.371881 1.000000
v 0.180111 0.412167 1.000000
v 0.180111 0.414404 1.000000
v 0.138643 0.327771 1.000000
v 0.138643 0.325534 1.000000
v 0.126461 0.354052 1.000000
v 0.138643 0.414404 1.000000
v 0.126723 0.359165 1.000000
v 0.122247 0.399162 1.000000
v 0.120282 0.400931 1.000000
v 0.091338 0.327064 1.000000
v 0.095379 0.328276 1.000000
v 0.107542 0.333597 1.000000
v 0.118091 0.340423 1.000000
v 0.119445 0.372552 1.000000
v 0.115923 0.404177 1.000000
v 0.111222 0.407028 1.000000
v 0.106180 0.409483 1.000000
v 0.104745 0.380262 1.000000
v 0.098729 0.381932 1.000000
v 0.076033 0.398386 1.000000
v 0.082165 0.652304 1.000000
v 0.073020 0.684696 1.000000
v 0.073927 0.934533 1.000000
v 0.191251 0.363893 1.000000
v 0.191790 0.377846 1.000000
v 0.195408 0.385595 1.000000
v 0.192438 0.359987 1.000000
v 0.193297 0.381750 1.000000
v 0.194218 0.356142 1.000000
v 0.234600 0.368263 1.000000
v 0.235120 0.365183 1.000000
v 0.234884 0.372443 1.000000
v 0.236784 0.361192 1.000000
v 0.235813 0.363171 1.000000
v 0.235450 0.374491 1.000000
v 0.214093 0.337009 1.000000
v 0.234704 0.367228 1.000000
v 0.234600 0.370360 1.000000
v 0.209619 0.399946 1.000000
v 0.236299 0.376504 1.000000
v 0.209340 0.340000 1.000000
v 0.203105 0.344992 1.000000
v 0.203015 0.345084 1.000000
v 0.199559 0.348631 1.000000
v 0.196592 0.352357 1.000000
v 0.198122 0.389382 1.000000
v 0.201439 0.393112 1.000000
v 0.205293 0.396670 1.000000
v 0.237432 0.378482 1.000000
v 0.241334 0.355505 1.000000
v 0.239557 0.357333 1.000000
v 0.238847 0.380425 1.000000
v 0.245569 0.352263 1.000000
v 0.243493 0.384917 1.000000
v 0.253763 0.390284 1.000000
v 0.251232 0.414719 1.000000
v 0.248194 0.387884 1.000000
v 0.250712 0.349571 1.000000
v 0.237681 0.327775 1.000000
v 0.243338 0.353815 1.000000
v 0.240538 0.382320 1.000000
v 0.261296 0.346313 1.000000
v 0.254240 0.324576 1.000000
v 0.256666 0.347451 1.000000
v 0.267888 0.323552 1.000000
v 0.267591 0.345421 1.000000
v 0.267626 0.393262 1.000000
v 0.259837 0.392049 1.000000
v 0.278803 0.345577 1.000000
v 0.273982 0.393439 1.000000
v 0.274016 0.345243 1.000000
v 0.281776 0.392667 1.000000
v 0.281756 0.323893 1.000000
v 0.281509 0.415844 1.000000
v 0.267965 0.416178 1.000000
v 0.225030 0.331835 1.000000
v 0.238031 0.359246 1.000000
v 0.219683 0.405647 1.000000
v 0.231633 0.410216 1.000000
v 0.291183 0.348432 1.000000
v 0.285062 0.346648 1.000000
v 0.295290 0.325599 1.000000
v 0.296776 0.350848 1.000000
v 0.290904 0.390284 1.000000
v 0.298102 0.413551 1.000000
v 0.303448 0.355505 1.000000
v 0.304158 0.382320 1.000000
v 0.305215 0.357333 1.000000
v 0.301189 0.384916 1.000000
v 0.305191 0.327775 1.000000
v 0.301453 0.353815 1.000000
v 0.296477 0.387884 1.000000
v 0.307969 0.361192 1.000000
v 0.308426 0.376504 1.000000
v 0.308933 0.363171 1.000000
v 0.307285 0.378482 1.000000
v 0.310034 0.367228 1.000000
v 0.309851 0.372443 1.000000
v 0.310172 0.369306 1.000000
v 0.310029 0.371406 1.000000
v 0.309621 0.365183 1.000000
v 0.309281 0.374491 1.000000
v 0.317867 0.331835 1.000000
v 0.306730 0.359246 1.000000
v 0.305860 0.380425 1.000000
v 0.323002 0.405647 1.000000
v 0.311079 0.410216 1.000000
v 0.348539 0.383680 1.000000
v 0.349607 0.358057 1.000000
v 0.347537 0.354242 1.000000
v 0.350366 0.379805 1.000000
v 0.344875 0.350487 1.000000
v 0.352269 0.369864 1.000000
v 0.351973 0.365869 1.000000
v 0.352192 0.371882 1.000000
v 0.396809 0.325534 1.000000
v 0.362740 0.327771 1.000000
v 0.362740 0.325534 1.000000
v 0.411050 0.414404 1.000000
v 0.396809 0.380964 1.000000
v 0.456777 0.325534 1.000000
v 0.473183 0.360719 1.000000
v 0.506763 0.325534 1.000000
v 0.506763 0.414404 1.000000
v 0.473183 0.414404 1.000000
v 0.328812 0.337009 1.000000
v 0.333563 0.340000 1.000000
v 0.339788 0.344992 1.000000
v 0.351086 0.361933 1.000000
v 0.351583 0.375873 1.000000
v 0.362740 0.414404 1.000000
v 0.346103 0.387496 1.000000
v 0.343059 0.391254 1.000000
v 0.339515 0.394834 1.000000
v 0.339423 0.394926 1.000000
v 0.333078 0.399946 1.000000
v 0.180111 0.325534 1.000000
v 0.190658 0.367859 1.000000
v 0.190885 0.373884 1.000000
v 0.046561 0.341660 1.000000
v 0.062618 0.985915 1.000000
v 0.063114 0.995224 1.000000
v -0.162248 0.345290 1.000000
v -0.483904 0.655119 1.000000
v 0.698630 1.023404 0.887696
v 0.686037 1.023404 0.887696
v 0.749383 0.994853 0.887696
v 0.716339 1.023404 0.887696
v 0.703340 0.988816 0.887696
v 0.702097 0.989964 0.887696
v 0.702097 0.988892 0.887696
v 0.760395 0.985338 0.887696
v 0.702097 0.972507 0.887696
v 0.763735 0.982452 0.887696
v 0.718177 0.975102 0.887696
v 0.702097 0.970635 0.887696
v 0.774331 0.973297 0.887696
v 0.722208 0.971376 0.887696
v 0.726404 0.967497 0.887696
v 0.702097 0.969093 0.887696
v 0.778472 0.972033 0.887696
v 0.778472 0.969719 0.887696
v 0.736940 0.957758 0.887696
v 0.702097 0.952953 0.887696
v 0.702097 0.951850 0.887696
v 0.741386 0.953649 0.887696
v 0.702097 0.950999 0.887696
v 0.745437 0.949904 0.887696
v 0.700722 0.934533 0.887696
v 0.694959 0.934533 0.887696
v 0.753155 0.942770 0.887696
v 0.702097 0.934750 0.887696
v 0.702097 0.934533 0.887696
v 0.756904 0.939305 0.887696
v 0.912930 0.934533 0.887696
v 0.909847 0.934533 0.887696
v 0.912930 0.947144 0.887696
v 0.900417 0.934533 0.887696
v 0.759986 0.936456 0.887696
v 0.890347 0.934533 0.887696
v 0.762066 0.934533 0.887696
v 0.790161 0.934533 0.887696
v 0.879775 0.934533 0.887696
v 0.811396 0.934533 0.887696
v 0.879437 0.934533 0.887696
v 0.198228 0.966124 0.887696
v 0.197618 0.965936 0.887696
v 0.206217 0.970576 0.887696
v 0.202378 0.968086 0.887696
v 0.211317 0.975303 0.887696
v 0.213752 0.979135 0.887696
v 0.212652 0.977150 0.887696
v 0.209747 0.973593 0.887696
v 0.215249 0.983517 0.887696
v 0.215723 0.987777 0.887696
v 0.226956 0.947650 0.887696
v 0.265352 0.989196 0.887696
v 0.226956 1.001328 0.887696
v 0.265352 1.002461 0.887696
v 0.281987 0.989196 0.887696
v 0.327297 1.023404 0.887696
v 0.245256 1.023404 0.887696
v 0.299556 1.002461 0.887696
v 0.214618 0.981257 0.887696
v 0.226956 0.936017 0.887696
v 0.265352 0.970626 0.887696
v 0.279581 0.970599 0.887696
v 0.265352 0.961249 0.887696
v 0.307881 0.989196 0.887696
v 0.328066 1.002461 0.887696
v 0.347172 1.023404 0.887696
v 0.347172 1.015016 0.887696
v 0.357644 1.023404 0.887696
v 0.357644 1.015962 0.887696
v 0.466016 0.947539 0.887696
v 0.442675 0.976979 0.887696
v 0.470032 1.016787 0.887696
v 0.410911 1.023404 0.887696
v 0.493638 0.934533 0.887696
v 0.493248 0.990053 0.887696
v 0.493638 0.989603 0.887696
v 0.537341 0.934533 0.887696
v 0.526869 0.934533 0.887696
v 0.541462 0.934533 0.887696
v 0.537341 0.939279 0.887696
v 0.526869 0.951338 0.887696
v 0.226956 0.934533 0.887696
v 0.283368 0.934533 0.887696
v 0.265352 0.956734 0.887696
v 0.313107 0.970534 0.887696
v 0.328524 0.989196 0.887696
v 0.347172 1.011771 0.887696
v 0.339481 1.002461 0.887696
v 0.301733 0.956765 0.887696
v 0.357644 1.013611 0.887696
v 0.391293 0.975188 0.887696
v 0.391293 0.990663 0.887696
v 0.427037 0.934533 0.887696
v 0.457685 0.934533 0.887696
v -0.166210 1.308846 0.887696
v -0.167499 1.310590 0.887696
v -0.166010 1.308501 0.887696
v -0.165544 1.307696 0.887696
v -0.196151 1.302423 0.887696
v -0.163434 1.302423 0.887696
v -0.164100 1.304657 0.887696
v -0.165025 1.306798 0.887696
v -0.190514 1.294903 0.887696
v -0.193593 1.295547 0.887696
v -0.210949 1.296398 0.887696
v -0.178460 1.290194 0.887696
v -0.173996 1.287436 0.887696
v -0.174969 1.288170 0.887696
v -0.186860 1.293762 0.887696
v -0.172161 1.286052 0.887696
v -0.169731 1.283503 0.887696
v -0.169861 1.283686 0.887696
v -0.227042 1.272849 0.887696
v -0.247625 1.274283 0.887696
v -0.224436 1.272368 0.887696
v -0.222086 1.271654 0.887696
v -0.165620 1.276055 0.887696
v -0.166262 1.277744 0.887696
v -0.164851 1.272094 0.887696
v -0.164883 1.272666 0.887696
v -0.165160 1.274362 0.887696
v -0.167895 1.280917 0.887696
v -0.221936 1.271609 0.887696
v -0.217908 1.269353 0.887696
v -0.218815 1.270049 0.887696
v -0.219764 1.270623 0.887696
v -0.165145 1.267552 0.887696
v -0.164788 1.270965 0.887696
v -0.164875 1.269260 0.887696
v -0.165575 1.266141 0.887696
v -0.259387 1.263204 0.887696
v -0.259785 1.263834 0.887696
v -0.256114 1.259605 0.887696
v -0.257890 1.261338 0.887696
v -0.250071 1.256184 0.887696
v -0.247674 1.255556 0.887696
v -0.252236 1.257045 0.887696
v -0.254229 1.258174 0.887696
v -0.217912 1.259401 0.887696
v -0.217562 1.269087 0.887696
v -0.217155 1.260082 0.887696
v -0.218765 1.258779 0.887696
v -0.220754 1.257708 0.887696
v -0.223124 1.256871 0.887696
v -0.234922 1.254602 0.887696
v -0.245045 1.255160 0.887696
v -0.215972 1.261505 0.887696
v -0.216243 1.267667 0.887696
v -0.215262 1.262936 0.887696
v -0.215401 1.266219 0.887696
v -0.215558 1.262220 0.887696
v -0.215762 1.266946 0.887696
v -0.215041 1.264747 0.887696
v -0.173515 1.253923 0.887696
v -0.174154 1.253451 0.887696
v -0.215041 1.264015 0.887696
v -0.170206 1.257324 0.887696
v -0.166188 1.264135 0.887696
v -0.167875 1.260726 0.887696
v -0.171697 1.255625 0.887696
v -0.216504 1.260792 0.887696
v -0.215085 1.263655 0.887696
v -0.215161 1.265486 0.887696
v -0.216844 1.268383 0.887696
v -0.184064 1.247097 0.887696
v -0.184091 1.247085 0.887696
v -0.178134 1.250514 0.887696
v -0.277508 1.242191 0.887696
v -0.279540 1.242815 0.887696
v -0.266617 1.239941 0.887696
v -0.216736 1.237986 0.887696
v -0.188220 1.245278 0.887696
v -0.196227 1.241776 0.887696
v -0.201552 1.240255 0.887696
v -0.240088 1.237428 0.887696
v -0.228756 1.011108 0.887696
v -0.227426 1.011938 0.887696
v -0.224774 1.013175 0.887696
v -0.231913 1.009139 0.887696
v -0.245773 0.995516 0.887696
v -0.243719 0.998382 0.887696
v -0.240402 1.002112 0.887696
v -0.236548 1.005670 0.887696
v -0.232223 1.008946 0.887696
v -0.250052 0.986846 0.887696
v -0.250485 0.984949 0.887696
v -0.246433 0.994595 0.887696
v -0.248544 0.990750 0.887696
v -0.251184 0.976859 0.887696
v -0.251031 0.975837 0.887696
v -0.251183 0.980882 0.887696
v -0.250957 0.982884 0.887696
v -0.206958 0.981443 0.887696
v -0.206485 0.983152 0.887696
v -0.207158 0.979968 0.887696
v 0.055275 0.972360 0.887696
v 0.056718 0.973593 0.887696
v 0.058288 0.975303 0.887696
v 0.059623 0.977150 0.887696
v 0.062221 0.983517 0.887696
v 0.062463 0.984979 0.887696
v 0.060724 0.979135 0.887696
v 0.061590 0.981257 0.887696
v -0.250591 0.972893 0.887696
v -0.207242 0.977263 0.887696
v -0.249536 0.969422 0.887696
v -0.207241 0.979360 0.887696
v -0.203832 0.968280 0.887696
v -0.205058 0.970192 0.887696
v -0.206029 0.972171 0.887696
v -0.206722 0.974183 0.887696
v -0.207138 0.976228 0.887696
v 0.043491 0.965599 0.887696
v 0.045199 0.966124 0.887696
v 0.049349 0.968086 0.887696
v 0.053189 0.970576 0.887696
v 0.029373 0.963121 0.887696
v 0.040316 0.964623 0.887696
v -0.261730 0.951907 0.887696
v -0.261730 0.960364 0.887696
v -0.249404 0.968987 0.887696
v -0.247624 0.965142 0.887696
v -0.298819 0.960364 0.887696
v -0.242283 0.957631 0.887696
v -0.241324 0.956647 0.887696
v -0.201794 0.965828 0.887696
v -0.202285 0.966333 0.887696
v -0.203810 0.968246 0.887696
v -0.245250 0.961357 0.887696
v -0.261730 0.948424 0.887696
v -0.235434 0.951348 0.887696
v -0.200508 0.964505 0.887696
v -0.238737 0.953992 0.887696
v -0.191130 0.958571 0.887696
v -0.186212 0.956820 0.887696
v -0.196272 0.961263 0.887696
v -0.198503 0.962815 0.887696
v 0.023497 0.962807 0.887696
v 0.027083 0.962807 0.887696
v -0.261730 0.946107 0.887696
v -0.232502 0.949000 0.887696
v -0.229474 0.947095 0.887696
v -0.185175 0.956451 0.887696
v -0.177416 0.954778 0.887696
v -0.173580 0.954455 0.887696
v -0.261730 0.944666 0.887696
v -0.223329 0.943918 0.887696
v -0.227749 0.946009 0.887696
v -0.282697 0.934533 0.887696
v -0.261730 0.934533 0.887696
v -0.204160 0.936775 0.887696
v -0.194220 0.934854 0.887696
v -0.216812 0.940835 0.887696
v -0.175543 0.932671 0.887696
v -0.187602 0.933576 0.887696
v -0.136253 0.937004 0.887696
v -0.131920 0.938193 0.887696
v -0.133398 0.937671 0.887696
v -0.037214 0.934533 0.887696
v -0.040140 0.934533 0.887696
v -0.037214 0.940230 0.887696
v -0.160086 0.932893 0.887696
v -0.173953 0.932552 0.887696
v -0.146552 0.934599 0.887696
v -0.059415 0.934533 0.887696
v -0.073808 0.934533 0.887696
v -0.713275 1.261164 0.887696
v -0.721963 1.239393 0.887696
v -0.721963 1.261614 0.887696
v -0.686015 1.264092 0.887696
v -0.702560 1.238958 0.887696
v -0.694652 1.023404 0.887696
v -0.721963 0.934533 0.887696
v -0.709315 0.934533 0.887696
v -0.721963 0.956762 0.887696
v -0.705645 0.956776 0.887696
v -0.721963 0.970563 0.887696
v -0.703376 0.970527 0.887696
v -0.721963 0.989196 0.887696
v -0.700296 0.989196 0.887696
v -0.721963 1.002461 0.887696
v -0.698108 1.002461 0.887696
v -0.721963 1.023404 0.887696
v -0.693911 1.262246 0.887696
v -0.683570 1.265353 0.887696
v -0.679725 1.269403 0.887696
v -0.680332 1.268494 0.887696
v -0.681789 1.266824 0.887696
v -0.678105 1.273534 0.887696
v -0.677741 1.327904 0.887696
v -0.660188 1.246710 0.887696
v -0.657579 1.248112 0.887696
v -0.677782 1.275896 0.887696
v -0.644415 1.327904 0.887696
v -0.684667 1.264694 0.887696
v -0.683036 1.240494 0.887696
v -0.666929 1.244104 0.887696
v -0.678753 1.271370 0.887696
v -0.689462 1.263057 0.887696
v -0.682558 0.970487 0.887696
v -0.682349 0.989196 0.887696
v -0.662732 1.023404 0.887696
v -0.654333 1.249857 0.887696
v -0.673203 1.002461 0.887696
v -0.623963 0.952393 0.887696
v -0.673203 1.023404 0.887696
v -0.673203 0.934533 0.887696
v -0.673203 0.956804 0.887696
v -0.647311 1.255660 0.887696
v -0.645443 1.257886 0.887696
v -0.640819 1.266801 0.887696
v -0.641827 1.264079 0.887696
v -0.643088 1.261496 0.887696
v -0.639558 1.272666 0.887696
v -0.628803 1.301446 0.887696
v -0.628803 1.327904 0.887696
v -0.639275 1.327904 0.887696
v -0.623963 1.301446 0.887696
v -0.623963 1.327904 0.887696
v -0.624335 1.023404 0.887696
v -0.623963 1.022758 0.887696
v -0.640062 1.269664 0.887696
v -0.649415 1.253581 0.887696
vn -1.0000 -0.0000 -0.0000
vn -0.0000 -0.0000 -1.0000
vn 1.0000 -0.0000 -0.0000
vn -0.0000 -0.0000 1.0000
vn -0.0000 -1.0000 -0.0000
vn -0.0000 1.0000 -0.0000
vn -0.0001 -0.0000 -1.0000
vn 0.0001 -0.0000 -1.0000
vn 0.0003 -0.0000 1.0000
vn 0.9502 0.3117 -0.0000
vn 1.0000 0.0006 -0.0000
vn 0.9187 0.3950 -0.0000
vn 0.8965 -0.4430 -0.0000
vn -0.8249 0.5653 -0.0000
vn -0.4200 -0.9075 -0.0000
vn 0.7311 0.6822 -0.0000
vn 0.4080 -0.9130 -0.0000
vn -0.5938 0.8046 -0.0000
vn -0.7660 0.6429 -0.0000
vn 0.6372 0.7707 -0.0000
vn 0.6441 0.7649 -0.0000
vn -0.4008 0.9162 -0.0000
vn 0.0869 -0.9962 -0.0000
vn 0.4680 0.8837 -0.0000
vn -0.6204 -0.7843 -0.0000
vn 0.2937 0.9559 -0.0000
vn -0.0277 0.9996 -0.0000
vn -0.2745 0.9616 -0.0000
vn 0.1833 0.9831 -0.0000
vn 0.2023 0.9793 -0.0000
vn 0.7800 -0.6258 -0.0000
vn -0.0239 0.9997 -0.0000
vn -0.9045 -0.4265 -0.0000
vn -0.8083 0.5888 -0.0000
vn 0.9204 0.3910 -0.0000
vn -0.9862 0.1656 -0.0000
vn -0.9862 0.1657 -0.0000
vn 0.9888 -0.1494 -0.0000
vn 0.9809 0.1945 -0.0000
vn -0.9909 0.1348 -0.0000
vn -0.7979 -0.6027 -0.0000
vn 0.7534 -0.6576 -0.0000
vn 0.1792 -0.9838 -0.0000
vn -0.0518 -0.9987 -0.0000
vn -0.6538 -0.7567 -0.0000
vn -0.2489 -0.9685 -0.0000
vn 0.9910 0.1341 -0.0000
vn 0.3571 -0.9341 -0.0000
vn 0.9925 -0.1223 -0.0000
vn -0.4925 -0.8703 -0.0000
vn -0.9004 -0.4350 -0.0000
vn 0.6224 -0.7827 -0.0000
vn 0.2797 0.9601 -0.0000
vn 0.5739 -0.8189 -0.0000
vn 0.5328 0.8462 -0.0000
vn -0.7848 -0.6197 -0.0000
vn -0.9993 -0.0377 -0.0000
vn -0.4587 0.8886 -0.0000
vn -0.9799 -0.1994 -0.0000
vn 0.7523 0.6588 -0.0000
vn 0.9461 -0.3237 -0.0000
vn -0.9164 -0.4003 -0.0000
vn 0.7190 -0.6950 -0.0000
vn -0.7046 0.7096 -0.0000
vn -0.8790 0.4769 -0.0000
vn 0.6697 0.7426 -0.0000
vn 0.5326 0.8463 -0.0000
vn 0.9994 0.0338 -0.0000
vn 0.0009 -1.0000 -0.0000
vn -0.3736 -0.9276 -0.0000
vn -0.7588 0.6513 -0.0000
vn 0.9582 -0.2861 -0.0000
vn 0.9599 0.2803 -0.0000
vn 0.9905 -0.1378 -0.0000
vn 0.9890 0.1479 -0.0000
vn 0.6788 0.7343 -0.0000
vn 0.4228 -0.9062 -0.0000
vn -0.6787 -0.7344 -0.0000
vn -0.3347 0.9423 -0.0000
vn 0.9075 0.4201 -0.0000
vn 0.2285 0.9735 -0.0000
vn -0.9744 -0.2246 -0.0000
vn -0.6811 -0.7322 -0.0000
vn -0.9999 0.0112 -0.0000
vn 0.9977 0.0677 -0.0000
vn -0.9950 -0.1001 -0.0000
vn 0.8990 -0.4379 -0.0000
vn -0.8459 -0.5334 -0.0000
vn -0.8418 -0.5398 -0.0000
vn 0.6098 0.7925 -0.0000
vn -0.9343 0.3565 -0.0000
vn 0.6882 0.7255 -0.0000
vn 0.9257 -0.3782 -0.0000
vn 0.6463 -0.7631 -0.0000
vn -0.7666 0.6422 -0.0000
vn 0.0979 -0.9952 -0.0000
vn -0.7676 -0.6410 -0.0000
vn 0.4276 0.9040 -0.0000
vn 0.2658 0.9640 -0.0000
vn 0.1897 0.9818 -0.0000
vn 0.9977 0.0676 -0.0000
vn 0.2445 -0.9696 -0.0000
vn 0.3685 -0.9296 -0.0000
vn -0.6900 0.7238 -0.0000
vn 0.8453 -0.5343 -0.0000
vn -0.8404 0.5420 -0.0000
vn -0.8429 -0.5380 -0.0000
vn -0.8742 0.4855 -0.0000
vn 0.9522 0.3055 -0.0000
vn 0.7440 0.6682 -0.0000
vn -0.7489 -0.6626 -0.0000
vn -0.7462 0.6657 -0.0000
vn -0.8752 0.4837 -0.0000
vn 0.5625 -0.8268 -0.0000
vn 0.9539 0.3001 -0.0000
vn -0.4181 -0.9084 -0.0000
vn -0.3857 0.9226 -0.0000
vn -0.9638 0.2665 -0.0000
vn 0.2529 0.9675 -0.0000
vn 1.0000 -0.0003 -0.0000
vn -0.9857 0.1684 -0.0000
vn -0.1455 -0.9894 -0.0000
vn 0.8472 0.5313 -0.0000
vn 0.5633 -0.8263 -0.0000
vn -0.8235 -0.5673 -0.0000
vn -0.0278 -0.9996 -0.0000
vn -0.3373 0.9414 -0.0000
vn 0.6948 0.7192 -0.0000
vn -0.5696 0.8219 -0.0000
vn -0.3977 -0.9175 -0.0000
vn 0.9192 -0.3938 -0.0000
vn -0.3329 0.9430 -0.0000
vn 0.9221 0.3870 -0.0000
vn -0.7408 0.6717 -0.0000
vn 0.0748 0.9972 -0.0000
vn -0.9953 0.0973 -0.0000
vn 0.1234 -0.9924 -0.0000
vn -0.1251 0.9921 -0.0000
vn 0.9387 0.3448 -0.0000
vn -0.1045 -0.9945 -0.0000
vn 0.5334 0.8459 -0.0000
vn -0.8959 -0.4443 -0.0000
vn 0.0449 0.9990 -0.0000
vn 0.6848 0.7287 -0.0000
vn -0.2163 0.9763 -0.0000
vn 0.2293 0.9734 -0.0000
vn -0.8421 0.5394 -0.0000
vn -0.0246 -0.9997 -0.0000
vn -0.9577 0.2878 -0.0000
vn 0.0844 0.9964 -0.0000
vn -0.9164 -0.4002 -0.0000
vn 0.8213 0.5705 -0.0000
vn -0.1398 0.9902 -0.0000
vn -0.3638 -0.9315 -0.0000
vn 0.9890 -0.1481 -0.0000
vn -0.7770 -0.6295 -0.0000
vn 0.5420 -0.8404 -0.0000
vn 0.9061 -0.4231 -0.0000
vn 0.1457 -0.9893 -0.0000
vn -0.6601 0.7512 -0.0000
vn -0.0759 -0.9971 -0.0000
vn 0.3887 0.9214 -0.0000
vn 0.8063 0.5914 -0.0000
vn 0.9438 0.3306 -0.0000
vn -0.9886 -0.1508 -0.0000
vn 0.0016 1.0000 -0.0000
vn -0.9950 -0.1000 -0.0000
vn 0.9856 0.1693 -0.0000
vn 0.9890 0.1480 -0.0000
vn 0.7822 0.6230 -0.0000
vn -0.5179 -0.8554 -0.0000
vn 0.1403 -0.9901 -0.0000
vn -0.0838 -0.9965 -0.0000
vn 0.1445 0.9895 -0.0000
vn -0.6444 0.7647 -0.0000
vn 0.8999 0.4361 -0.0000
vn -0.3563 -0.9344 -0.0000
vn -0.9554 0.2955 -0.0000
vn 0.4114 -0.9114 -0.0000
vn 0.6768 -0.7361 -0.0000
vn -0.9121 -0.4100 -0.0000
vn 0.7071 -0.7071 -0.0000
vn -0.2524 0.9676 -0.0000
vn 0.4043 0.9146 -0.0000
vn -0.7375 -0.6753 -0.0000
vn -0.5355 -0.8445 -0.0000
vn 0.9780 -0.2084 -0.0000
vn 0.9387 -0.3447 -0.0000
vn 0.0018 1.0000 -0.0000
vn -0.5964 0.8027 -0.0000
vn -0.9584 -0.2854 -0.0000
vn 0.8526 0.5226 -0.0000
vn 0.9910 0.1342 -0.0000
vn 0.9751 0.2218 -0.0000
vn 0.7505 0.6609 -0.0000
vn -0.9960 -0.0890 -0.0000
vn 0.0695 0.9976 -0.0000
vn -0.7873 -0.6165 -0.0000
vn 0.2906 0.9568 -0.0000
vn 0.5907 0.8069 -0.0000
vn 0.8647 0.5023 -0.0000
vn 0.8242 -0.5664 -0.0000
vn 0.7333 0.6799 -0.0000
vn -0.9301 -0.3672 -0.0000
vn 0.9966 -0.0818 -0.0000
vn 0.2992 -0.9542 -0.0000
vn 0.8012 -0.5984 -0.0000
vn 0.5293 -0.8484 -0.0000
vn -0.2378 0.9713 -0.0000
vn -0.4632 0.8863 -0.0000
vn 0.0986 0.9951 -0.0000
vn -0.9795 0.2014 -0.0000
vn -0.9973 0.0738 -0.0000
vn -0.7093 -0.7049 -0.0000
vn 0.9802 -0.1980 -0.0000
vn 0.8064 0.5914 -0.0000
vn -0.9454 -0.3258 -0.0000
vn -0.9213 0.3888 -0.0000
vn 0.7840 -0.6207 -0.0000
vn -0.7169 -0.6971 -0.0000
vn 0.9855 0.1694 -0.0000
vn -0.8159 0.5783 -0.0000
vn 0.4643 -0.8857 -0.0000
vn -0.4637 -0.8860 -0.0000
vn 0.2386 -0.9711 -0.0000
vn -0.5784 -0.8158 -0.0000
vn -0.0039 -1.0000 -0.0000
vn 0.3055 0.9522 -0.0000
vn 0.8077 -0.5896 -0.0000
vn -0.2605 -0.9655 -0.0000
vn 0.2863 -0.9581 -0.0000
vn 0.8758 0.4826 -0.0000
vn 0.5348 -0.8450 -0.0000
vn 0.1163 0.9932 -0.0000
vn -0.8712 0.4910 -0.0000
vn 0.8527 -0.5224 -0.0000
vn -0.3309 0.9437 -0.0000
vn -0.9768 -0.2140 -0.0000
vn -0.8656 -0.5008 -0.0000
vn 0.3910 0.9204 -0.0000
vn -0.8859 0.4638 -0.0000
vn 0.9891 -0.1471 -0.0000
vn -0.5885 0.8085 -0.0000
vn 0.4280 0.9038 -0.0000
vn -0.5521 -0.8338 -0.0000
vn -0.8632 0.5049 -0.0000
vn 0.9056 0.4240 -0.0000
vn 0.6603 0.7510 -0.0000
vn 0.5913 0.8065 -0.0000
vn -0.9944 -0.1057 -0.0000
vn 0.3676 0.9300 -0.0000
vn 0.1814 0.9834 -0.0000
vn -0.8028 -0.5962 -0.0000
vn -0.9880 -0.1546 -0.0000
vn 0.4131 0.9107 -0.0000
vn -0.2046 -0.9788 -0.0000
vn 0.4445 -0.8958 -0.0000
vn -0.8455 -0.5340 -0.0000
vn -0.5017 -0.8650 -0.0000
vn -0.4317 0.9020 -0.0000
vn 0.9244 -0.3814 -0.0000
vn -0.7170 -0.6970 -0.0000
vn -0.2719 -0.9623 -0.0000
vn 0.6685 -0.7437 -0.0000
vn -0.8891 -0.4576 -0.0000
vn 0.9673 0.2536 -0.0000
vn -0.0268 0.9996 -0.0000
vn -0.9869 -0.1613 -0.0000
vn -1.0000 -0.0098 -0.0000
vn -0.9564 0.2920 -0.0000
vn 0.8875 0.4607 -0.0000
vn 0.9187 0.3951 -0.0000
vn -0.8777 -0.4792 -0.0000
vn 0.7311 0.6823 -0.0000
vn -0.8253 -0.5647 -0.0000
vn -0.7660 0.6428 -0.0000
vn 0.8435 0.5371 -0.0000
vn 0.6442 0.7649 -0.0000
vn 0.1227 -0.9924 -0.0000
vn -0.0717 0.9974 -0.0000
vn -0.3578 -0.9338 -0.0000
vn 0.1367 0.9906 -0.0000
vn 0.4929 -0.8701 -0.0000
vn -0.3551 0.9348 -0.0000
vn 0.7472 -0.6646 -0.0000
vn 0.4422 0.8969 -0.0000
vn -0.1369 -0.9906 -0.0000
vn 0.3956 0.9184 -0.0000
vn -0.5338 0.8456 -0.0000
vn 0.6583 0.7527 -0.0000
vn 0.9599 0.2804 -0.0000
vn 0.2526 0.9676 -0.0000
vn 0.9749 -0.2226 -0.0000
vn 0.8128 -0.5825 -0.0000
vn 0.9978 -0.0661 -0.0000
vn -0.9965 -0.0841 -0.0000
vn -0.9755 0.2199 -0.0000
vn -0.8082 0.5888 -0.0000
vn -0.8978 -0.4403 -0.0000
vn 0.8435 -0.5371 -0.0000
vn 0.9937 -0.1122 -0.0000
vn -0.6447 -0.7645 -0.0000
vn 0.6090 -0.7932 -0.0000
vn -0.9909 0.1347 -0.0000
vn 0.5357 -0.8444 -0.0000
vn 0.3104 -0.9506 -0.0000
vn 0.2799 -0.9600 -0.0000
vn -0.2254 -0.9743 -0.0000
vn -0.6680 0.7441 -0.0000
vn 0.0586 -0.9983 -0.0000
vn -0.9207 0.3902 -0.0000
vn -0.2506 0.9681 -0.0000
vn -0.9681 -0.2507 -0.0000
vn -0.7215 -0.6924 -0.0000
vn 0.9750 0.2223 -0.0000
vn -0.8159 0.5782 -0.0000
vn -0.9984 -0.0558 -0.0000
vn 0.8958 0.4444 -0.0000
vn -0.1403 -0.9901 -0.0000
vn 0.9595 0.2818 -0.0000
vn 0.9633 0.2683 -0.0000
vn 0.0697 -0.9976 -0.0000
vn 0.6250 0.7806 -0.0000
vn -0.5328 0.8462 -0.0000
vn -0.7980 -0.6027 -0.0000
vn 0.3056 0.9522 -0.0000
vn -0.3050 0.9523 -0.0000
vn -0.2386 -0.9711 -0.0000
vn -0.0246 0.9997 -0.0000
vn -0.0277 -0.9996 -0.0000
vn 0.1423 -0.9898 -0.0000
vn 0.6959 -0.7181 -0.0000
vn -0.6850 -0.7285 -0.0000
vn -0.5185 -0.8551 -0.0000
vn 0.8178 0.5755 -0.0000
vn -0.0946 0.9955 -0.0000
vn -0.9128 0.4083 -0.0000
vn -0.2015 0.9795 -0.0000
vn -0.9520 -0.3062 -0.0000
vn -0.8039 0.5948 -0.0000
vn 0.2780 0.9606 -0.0000
vn 0.5463 0.8376 -0.0000
vn -0.4717 0.8818 -0.0000
vn 0.2239 -0.9746 -0.0000
vn 0.5175 0.8557 -0.0000
vn 0.6784 -0.7347 -0.0000
vn -0.7375 0.6753 -0.0000
vn 0.9328 -0.3603 -0.0000
vn -0.9667 0.2560 -0.0000
vn 0.7590 0.6511 -0.0000
vn -0.9234 -0.3839 -0.0000
vn -0.9584 -0.2853 -0.0000
vn 0.9990 0.0446 -0.0000
vn -0.5712 -0.8208 -0.0000
vn 0.3356 -0.9420 -0.0000
vn -0.6021 -0.7984 -0.0000
vn -0.3355 -0.9420 -0.0000
vn -0.8154 -0.5790 -0.0000
vn -0.6817 0.7316 -0.0000
vn 0.3827 0.9239 -0.0000
vn -0.3648 -0.9311 -0.0000
vn -0.9348 -0.3552 -0.0000
vn -0.4274 0.9041 -0.0000
vn 0.1387 0.9903 -0.0000
vn -0.9982 0.0606 -0.0000
vn 0.2907 0.9568 -0.0000
vn -0.6901 0.7237 -0.0000
vn 0.9762 0.2169 -0.0000
vn -0.9987 0.0511 -0.0000
vn 0.4848 -0.8746 -0.0000
vn 0.6092 0.7930 -0.0000
vn -0.2829 0.9592 -0.0000
vn 0.8321 0.5546 -0.0000
vn -0.7490 -0.6626 -0.0000
vn -0.2837 -0.9589 -0.0000
vn 0.7339 0.6793 -0.0000
vn 0.9860 0.1665 -0.0000
vn -0.9982 -0.0604 -0.0000
vn 1.0000 0.0003 -0.0000
vn 0.8433 -0.5375 -0.0000
vn -0.8963 0.4435 -0.0000
vn 0.8011 -0.5985 -0.0000
vn -0.7364 -0.6766 -0.0000
vn 0.0699 -0.9976 -0.0000
vn 0.8025 0.5966 -0.0000
vn -0.3727 0.9280 -0.0000
vn 0.4738 -0.8806 -0.0000
vn -0.6047 -0.7964 -0.0000
vn -0.8669 0.4984 -0.0000
vn -0.7518 0.6594 -0.0000
vn -0.6472 -0.7623 -0.0000
vn 0.1888 -0.9820 -0.0000
vn 0.3686 0.9296 -0.0000
vn -0.8235 -0.5674 -0.0000
vn -0.4993 0.8664 -0.0000
vn 0.9977 -0.0676 -0.0000
vn 0.5506 0.8348 -0.0000
vn 0.2658 -0.9640 -0.0000
vn 0.3775 0.9260 -0.0000
vn -0.9238 0.3829 -0.0000
vn -0.1608 0.9870 -0.0000
vn 0.8686 0.4955 -0.0000
vn 0.1233 -0.9924 -0.0000
vn 0.0943 0.9955 -0.0000
vn 0.9907 -0.1359 -0.0000
vn -0.9673 -0.2538 -0.0000
vn 0.3675 0.9300 -0.0000
vn -1.0000 0.0051 -0.0000
vn 0.9544 0.2985 -0.0000
vn 0.9519 0.3065 -0.0000
vn 0.6370 -0.7709 -0.0000
vn -0.8667 -0.4988 -0.0000
vn -0.8987 0.4385 -0.0000
vn 0.0558 -0.9984 -0.0000
vn -0.1808 -0.9835 -0.0000
vn 0.1696 0.9855 -0.0000
vn 0.7738 0.6334 -0.0000
vn -0.6036 0.7973 -0.0000
vn -0.3606 0.9327 -0.0000
vn 0.8875 0.4608 -0.0000
vn -0.2187 0.9758 -0.0000
vn -0.8624 -0.5062 -0.0000
vn -0.0784 0.9969 -0.0000
vn -0.8783 0.4781 -0.0000
vn 0.8241 -0.5664 -0.0000
vn 0.4535 -0.8912 -0.0000
vn 0.0019 1.0000 -0.0000
vn -0.3800 -0.9250 -0.0000
vn -0.5583 -0.8297 -0.0000
vn -0.7410 -0.6715 -0.0000
vn -0.8695 -0.4939 -0.0000
vn 0.2102 0.9777 -0.0000
vn -0.9655 -0.2605 -0.0000
vn -0.5374 0.8433 -0.0000
vn 0.9703 -0.2419 -0.0000
vn 0.4726 0.8813 -0.0000
vn 0.6824 0.7310 -0.0000
vn 0.4511 -0.8925 -0.0000
vn 0.9701 0.2427 -0.0000
vn -0.9577 0.2879 -0.0000
vn 0.0011 -1.0000 -0.0000
vn -0.9998 0.0206 -0.0000
vn 0.7766 -0.6300 -0.0000
vn -0.8700 -0.4930 -0.0000
vn 0.8771 -0.4803 -0.0000
vn 0.4206 -0.9073 -0.0000
vn -0.7592 -0.6509 -0.0000
vn -0.8104 0.5858 -0.0000
vn -0.5441 0.8390 -0.0000
vn 0.7868 0.6172 -0.0000
vn -0.2938 0.9559 -0.0000
vn 0.1824 -0.9832 -0.0000
vn -0.9026 -0.4305 -0.0000
vn 0.9701 0.2426 -0.0000
vn 0.7410 0.6715 -0.0000
vn -0.5965 0.8026 -0.0000
vn -0.9986 0.0533 -0.0000
vn 0.9988 -0.0499 -0.0000
vn 0.8952 -0.4457 -0.0000
vn 0.6374 -0.7705 -0.0000
vn -0.9866 0.1631 -0.0000
vn 0.0919 -0.9958 -0.0000
vn 0.5293 -0.8485 -0.0000
vn -0.7106 -0.7036 -0.0000
vn -0.1539 0.9881 -0.0000
vn 0.1868 -0.9824 -0.0000
vn 0.8129 -0.5825 -0.0000
vn 0.8063 0.5915 -0.0000
vn -0.9552 -0.2958 -0.0000
vn -0.8678 0.4969 -0.0000
vn 0.8664 0.4994 -0.0000
vn -1.0000 0.0003 -0.0000
vn -0.8978 -0.4404 -0.0000
vn 0.9568 0.2908 -0.0000
vn 0.8777 0.4792 -0.0000
vn 0.5723 -0.8200 -0.0000
vn -0.1041 -0.9946 -0.0000
vn -0.7506 0.6607 -0.0000
vn -0.8341 -0.5516 -0.0000
vn -0.5077 -0.8615 -0.0000
vn 0.7162 0.6979 -0.0000
vn 0.5217 0.8531 -0.0000
vn -1.0000 0.0016 -0.0000
vn 0.9331 -0.3597 -0.0000
vn 0.8896 0.4567 -0.0000
vn 0.0838 -0.9965 -0.0000
vn 0.1325 -0.9912 -0.0000
vn -0.9741 0.2261 -0.0000
vn -0.2146 0.9767 -0.0000
vn -0.7242 0.6896 -0.0000
vn 0.6319 -0.7750 -0.0000
vn -0.1540 0.9881 -0.0000
vn -0.9208 0.3901 -0.0000
vn -0.4727 -0.8812 -0.0000
vn -0.7215 -0.6925 -0.0000
vn -0.9984 -0.0557 -0.0000
vn -0.8655 -0.5008 -0.0000
vn 0.8974 -0.4411 -0.0000
vn -0.5522 -0.8337 -0.0000
vn -0.8197 0.5729 -0.0000
vn 0.5912 0.8065 -0.0000
vn 0.9238 0.3830 -0.0000
vn -0.9673 -0.2537 -0.0000
vn 0.1815 0.9834 -0.0000
vn -0.9454 0.3260 -0.0000
vn -0.8455 -0.5339 -0.0000
vn 0.6779 -0.7351 -0.0000
vn 0.9244 -0.3815 -0.0000
vn -0.6056 -0.7957 -0.0000
vn -0.8987 0.4386 -0.0000
vn 0.0578 -0.9983 -0.0000
vn -0.1807 -0.9835 -0.0000
vn 0.3213 0.9470 -0.0000
vn 0.9977 0.0678 -0.0000
vn 1.0000 -0.0008 -0.0000
vn 0.8316 -0.5554 -0.0000
vn 0.8315 -0.5555 -0.0000
vn -0.1295 -0.9916 -0.0000
vn -0.6727 -0.7399 -0.0000
vn -0.9275 -0.3738 -0.0000
vn -0.8375 0.5465 -0.0000
vn 0.4848 0.8746 -0.0000
vn 0.5456 0.8380 -0.0000
vn 0.9762 -0.2169 -0.0000
vn 0.1387 -0.9903 -0.0000
vn 0.3211 0.9470 -0.0000
vn -0.6461 0.7633 -0.0000
vn 0.3355 -0.9420 -0.0000
vn -0.0652 -0.9979 -0.0000
vn 0.1284 0.9917 -0.0000
vn -0.8676 -0.4972 -0.0000
vn 0.0225 0.9997 -0.0000
vn 0.7099 -0.7043 -0.0000
vn -0.7312 0.6822 -0.0000
vn -0.8430 -0.5380 -0.0000
vn -0.0026 1.0000 -0.0000
vn 0.9634 0.2682 -0.0000
vn -0.5698 0.8218 -0.0000
vn -0.7662 -0.6426 -0.0000
vn -0.9553 0.2955 -0.0000
vn -0.9439 -0.3301 -0.0000
vn 0.8472 0.5312 -0.0000
vn -0.4988 -0.8667 -0.0000
vn -0.2524 -0.9676 -0.0000
vn 0.8526 0.5225 -0.0000
vn 0.9930 0.1183 -0.0000
vn 0.9751 0.2219 -0.0000
vn -0.3964 -0.9181 -0.0000
vn -0.9960 -0.0891 -0.0000
vn 0.2524 -0.9676 -0.0000
vn 0.4571 0.8894 -0.0000
vn -0.8196 0.5729 -0.0000
vn -0.7049 -0.7093 -0.0000
vn 0.9237 0.3830 -0.0000
vn -0.2860 -0.9582 -0.0000
vn -0.9564 -0.2921 -0.0000
vn -0.1419 -0.9899 -0.0000
vn 0.4836 0.8753 -0.0000
vn -0.2954 -0.9554 -0.0000
vn 0.9842 -0.1771 -0.0000
vn -0.4625 -0.8866 -0.0000
vn 0.3283 -0.9446 -0.0000
vn -0.6563 -0.7545 -0.0000
vn -0.5337 0.8456 -0.0000
vn -0.8749 -0.4843 -0.0000
vn -0.1626 -0.9867 -0.0000
vn -0.9213 0.3887 -0.0000
vn 0.1000 0.9950 -0.0000
vn 0.3098 0.9508 -0.0000
vn -0.9936 -0.1133 -0.0000
vn -0.9905 -0.1378 -0.0000
vn -0.9987 -0.0512 -0.0000
vn 0.8252 0.5648 -0.0000
vn 0.3547 0.9350 -0.0000
vn -0.9939 0.1105 -0.0000
vn -0.9939 0.1106 -0.0000
vn -0.2431 -0.9700 -0.0000
vn 0.6374 -0.7706 -0.0000
vn 0.3425 -0.9395 -0.0000
vn 0.5759 0.8175 -0.0000
vn -0.9259 0.3778 -0.0000
vn -0.6154 0.7882 -0.0000
vn -0.6498 0.7601 -0.0000
vn -0.9333 -0.3591 -0.0000
vn -0.4275 0.9040 -0.0000
vn 0.7139 -0.7003 -0.0000
vn -0.9898 0.1421 -0.0000
vn -0.1359 0.9907 -0.0000
vn -0.7107 -0.7035 -0.0000
vn 0.9136 -0.4067 -0.0000
vn 0.9560 -0.2932 -0.0000
vn -0.8136 -0.5814 -0.0000
vn 0.8842 0.4671 -0.0000
vn 0.2759 0.9612 -0.0000
vn -0.9553 -0.2958 -0.0000
vn 0.2333 -0.9724 -0.0000
vn -0.9893 -0.1462 -0.0000
vn -0.4881 0.8728 -0.0000
vn 0.8941 0.4479 -0.0000
vn 0.9568 0.2907 -0.0000
vn 0.1143 0.9934 -0.0000
vn 0.9442 -0.3294 -0.0000
vn -0.4615 0.8871 -0.0000
vn 0.3286 -0.9445 -0.0000
vn -0.2274 0.9738 -0.0000
vn -0.7280 -0.6856 -0.0000
vn -0.9631 0.2690 -0.0000
vn 0.7798 0.6260 -0.0000
vn -0.7366 0.6764 -0.0000
vn -0.4378 -0.8991 -0.0000
vn 0.8589 -0.5122 -0.0000
vn -0.5973 -0.8021 -0.0000
vn 0.6324 -0.7747 -0.0000
vn -0.8314 0.5556 -0.0000
vn -0.8042 -0.5944 -0.0000
vn -0.7993 -0.6010 -0.0000
vn 0.8993 -0.4373 -0.0000
vn 0.6505 0.7595 -0.0000
vn -0.6294 -0.7771 -0.0000
vn -0.9720 -0.2351 -0.0000
vn -0.3159 -0.9488 -0.0000
vn -0.7077 -0.7065 -0.0000
vn 0.9988 -0.0483 -0.0000
vn -0.0490 -0.9988 -0.0000
vn 0.8308 0.5565 -0.0000
vn 0.5042 0.8636 -0.0000
vn 0.2446 0.9696 -0.0000
vn -1.0000 0.0004 -0.0000
vn 0.7989 0.6015 -0.0000
vn -0.8892 -0.4575 -0.0000
vn 0.8991 -0.4378 -0.0000
vn 0.9967 0.0807 -0.0000
vn 0.8652 -0.5015 -0.0000
vn -0.8417 -0.5400 -0.0000
vn -0.6985 -0.7157 -0.0000
vn 0.5897 -0.8076 -0.0000
vn -0.5711 -0.8209 -0.0000
vn -0.4927 -0.8702 -0.0000
vn -0.9443 0.3291 -0.0000
vn 0.3333 -0.9428 -0.0000
vn -0.2536 -0.9673 -0.0000
vn -0.9799 -0.1993 -0.0000
vn -0.0551 -0.9985 -0.0000
vn 0.9461 -0.3238 -0.0000
vn -0.7337 0.6794 -0.0000
vn -0.7819 -0.6234 -0.0000
vn -0.2790 0.9603 -0.0000
vn 0.8663 0.4995 -0.0000
vn -0.7214 -0.6925 -0.0000
vn 0.9750 0.2222 -0.0000
vn -0.7338 0.6794 -0.0000
vn 0.8680 -0.4966 -0.0000
vn -0.2130 -0.9771 -0.0000
vn 0.3031 0.9529 -0.0000
vn -0.1251 -0.9921 -0.0000
vn -0.9642 -0.2651 -0.0000
vn -0.6691 -0.7432 -0.0000
vn 0.9975 -0.0707 -0.0000
vn 0.7871 -0.6169 -0.0000
vn 0.6037 -0.7972 -0.0000
vn 0.2709 -0.9626 -0.0000
vn -0.9180 -0.3966 -0.0000
vn -0.4678 0.8838 -0.0000
vn 0.9690 -0.2470 -0.0000
vn -0.3958 0.9183 -0.0000
vn -0.4428 -0.8966 -0.0000
vn -0.2110 -0.9775 -0.0000
vn 0.8766 -0.4812 -0.0000
vn -0.2674 -0.9636 -0.0000
vn 0.9517 0.3070 -0.0000
vn 0.6723 0.7402 -0.0000
vn -0.2016 0.9795 -0.0000
vn -0.9648 -0.2630 -0.0000
vn 0.9709 -0.2397 -0.0000
vn -0.7799 -0.6259 -0.0000
vn 0.7376 -0.6752 -0.0000
vn 0.3966 -0.9180 -0.0000
vn -0.3696 -0.9292 -0.0000
vn 0.1686 -0.9857 -0.0000
vn -0.1488 -0.9889 -0.0000
vn -0.6256 0.7801 -0.0000
vn -0.8004 0.5994 -0.0000
vn -0.6728 -0.7399 -0.0000
vn -0.9942 0.1078 -0.0000
vn -0.8661 -0.4998 -0.0000
vn -0.9651 -0.2620 -0.0000
vn -0.9878 0.1558 -0.0000
vn 0.7656 0.6433 -0.0000
vn -0.2979 -0.9546 -0.0000
vn 0.9985 0.0540 -0.0000
vn 0.9870 0.1605 -0.0000
vn 0.0030 -1.0000 -0.0000
vn 0.8653 0.5012 -0.0000
vn -0.8154 -0.5789 -0.0000
vn -0.8153 -0.5790 -0.0000
vn -0.6833 0.7301 -0.0000
vn -0.9377 0.3473 -0.0000
vn 0.3260 0.9454 -0.0000
vn 0.5147 -0.8574 -0.0000
vn 0.9154 0.4025 -0.0000
vn 0.2906 0.9569 -0.0000
vn -0.3124 -0.9499 -0.0000
vn 0.6093 0.7929 -0.0000
vn 0.8320 0.5547 -0.0000
vn 0.6974 -0.7167 -0.0000
vn -0.9301 -0.3673 -0.0000
vn -0.4963 -0.8681 -0.0000
vn -0.1074 0.9942 -0.0000
vn -0.8962 0.4436 -0.0000
vn -0.8962 0.4435 -0.0000
vn 0.8012 -0.5985 -0.0000
vn -0.7519 0.6593 -0.0000
vn -0.4992 0.8665 -0.0000
vn 0.9908 0.1356 -0.0000
vn -0.1478 0.9890 -0.0000
vn 0.2107 -0.9775 -0.0000
vn -1.0000 -0.0038 -0.0000
vn 0.9580 -0.2868 -0.0000
vn 0.9580 -0.2867 -0.0000
vn -0.9378 0.3473 -0.0000
vn -0.9377 0.3474 -0.0000
vn 0.5145 -0.8575 -0.0000
vn -0.9128 0.4084 -0.0000
vn -0.7030 0.7112 -0.0000
vn 0.7101 0.7041 -0.0000
vn 0.7864 -0.6178 -0.0000
vn 0.4237 0.9058 -0.0000
vn -0.4734 0.8808 -0.0000
vn 0.2338 0.9723 -0.0000
vn -0.6109 -0.7917 -0.0000
vn 0.0014 1.0000 -0.0000
vn -0.2597 -0.9657 -0.0000
vn 0.8433 0.5375 -0.0000
vn -0.9978 -0.0664 -0.0000
vn -0.9386 0.3449 -0.0000
vn 0.7339 -0.6793 -0.0000
vn 0.0014 -1.0000 -0.0000
vn 0.3686 -0.9296 -0.0000
vn -0.0650 0.9979 -0.0000
vn -0.3948 0.9188 -0.0000
vn -0.5195 -0.8545 -0.0000
vn -0.1858 -0.9826 -0.0000
vn 0.1776 -0.9841 -0.0000
vn -0.9808 -0.1950 -0.0000
vn -0.9754 0.2205 -0.0000
vn 0.7338 -0.6793 -0.0000
vn -0.1486 0.9889 -0.0000
vn -0.4861 0.8739 -0.0000
vn 0.7798 0.6261 -0.0000
vn 0.8588 -0.5122 -0.0000
vn -0.8315 0.5556 -0.0000
vn -0.6079 -0.7940 -0.0000
vn -0.5337 0.8457 -0.0000
vn -0.3650 -0.9310 -0.0000
vn 0.6807 0.7325 -0.0000
vn 0.8252 0.5649 -0.0000
vn -0.7066 -0.7076 -0.0000
vn 0.3546 0.9350 -0.0000
vn -0.7093 0.7049 -0.0000
vn -0.6893 0.7245 -0.0000
vn 0.0011 1.0000 -0.0000
vn 0.0744 -0.9972 -0.0000
vn 0.5617 0.8274 -0.0000
vn 0.9889 0.1484 -0.0000
vn -0.8117 -0.5841 -0.0000
vn 0.8197 -0.5728 -0.0000
vn 0.1951 -0.9808 -0.0000
vn -0.0278 0.9996 -0.0000
vn 0.1517 0.9884 -0.0000
vn 0.8213 0.5704 -0.0000
vn -0.4632 0.8862 -0.0000
vn 0.9890 -0.1480 -0.0000
vn -0.8082 0.5889 -0.0000
vn -0.9380 -0.3466 -0.0000
vn 0.9889 0.1483 -0.0000
vn 0.9074 0.4203 -0.0000
vn -0.2107 -0.9775 -0.0000
vn 0.0278 -0.9996 -0.0000
vn -0.7346 -0.6786 -0.0000
vn 0.6508 0.7593 -0.0000
vn 0.8579 -0.5139 -0.0000
vn -0.3987 -0.9171 -0.0000
vn -0.8369 0.5473 -0.0000
vn 0.9639 0.2664 -0.0000
vn -0.9970 0.0771 -0.0000
vn 0.3359 -0.9419 -0.0000
vn 0.5038 -0.8638 -0.0000
vn -0.2437 0.9699 -0.0000
vn -0.8004 0.5995 -0.0000
vn 0.6724 0.7402 -0.0000
vn 0.7657 0.6433 -0.0000
vn 0.2530 0.9675 -0.0000
vn 0.9708 -0.2397 -0.0000
vn 0.9870 0.1606 -0.0000
vn 0.7376 -0.6753 -0.0000
vn 0.8654 0.5012 -0.0000
vn 0.5632 -0.8263 -0.0000
vn -0.3697 -0.9291 -0.0000
vn -0.6834 0.7301 -0.0000
vn -0.1487 -0.9889 -0.0000
vn -0.3978 -0.9175 -0.0000
vn 0.9956 0.0941 -0.0000
vn 0.9220 0.3871 -0.0000
vn -0.9668 0.2554 -0.0000
vn -0.9668 0.2555 -0.0000
vn 0.9907 -0.1358 -0.0000
vn -0.5423 -0.8402 -0.0000
vn 0.2877 -0.9577 -0.0000
vn -0.8625 -0.5061 -0.0000
vn 0.8503 0.5263 -0.0000
vn 0.8789 -0.4771 -0.0000
vn -0.9455 -0.3257 -0.0000
vn 0.7841 -0.6207 -0.0000
vn 0.6064 0.7952 -0.0000
vn 0.7039 -0.7103 -0.0000
vn 0.7099 0.7043 -0.0000
vn -0.8235 0.5674 -0.0000
vn 0.9792 0.2027 -0.0000
vn -0.9949 0.1009 -0.0000
vn -0.5347 -0.8450 -0.0000
vn -0.1544 -0.9880 -0.0000
vn -0.2799 -0.9600 -0.0000
vn 0.4535 -0.8913 -0.0000
vn -0.5375 0.8433 -0.0000
vn 0.8567 -0.5159 -0.0000
vn -0.8700 -0.4931 -0.0000
vn 0.4498 -0.8931 -0.0000
vn -0.4716 0.8818 -0.0000
vn -0.6233 -0.7820 -0.0000
vn 0.0013 1.0000 -0.0000
vn 0.8480 0.5300 -0.0000
vn -0.9041 0.4273 -0.0000
vn -0.8661 -0.4999 -0.0000
vn 0.9891 -0.1472 -0.0000
vn 0.7773 -0.6291 -0.0000
vn 0.0012 -1.0000 -0.0000
vn -0.9014 -0.4330 -0.0000
vn -0.1437 0.9896 -0.0000
vn -0.3909 -0.9204 -0.0000
vn 0.5946 0.8040 -0.0000
vn -0.6745 -0.7383 -0.0000
vn 0.9598 -0.2805 -0.0000
vn 0.7600 0.6499 -0.0000
vn 0.2203 -0.9754 -0.0000
vn -0.6390 0.7692 -0.0000
vn 0.5807 0.8141 -0.0000
vn -0.0703 -0.9975 -0.0000
vn 0.4176 0.9086 -0.0000
vn -0.9878 0.1559 -0.0000
vn -0.9585 -0.2852 -0.0000
vn 0.7331 0.6801 -0.0000
vn 0.7561 0.6544 -0.0000
vn 0.9985 0.0541 -0.0000
vn -0.9262 -0.3771 -0.0000
vn 0.9713 0.2380 -0.0000
vn -0.8456 -0.5339 -0.0000
vn 0.8752 0.4837 -0.0000
vn 0.6684 -0.7438 -0.0000
vn -0.8956 0.4448 -0.0000
vn 0.8166 0.5772 -0.0000
vn 0.9517 0.3069 -0.0000
vn -0.7375 0.6754 -0.0000
vn 0.6723 0.7403 -0.0000
vn -0.9667 0.2559 -0.0000
vn -0.9233 -0.3841 -0.0000
vn 0.6648 0.7470 -0.0000
vn 0.9990 0.0448 -0.0000
vn 0.9247 0.3806 -0.0000
vn 0.9860 0.1666 -0.0000
vn -0.3697 -0.9292 -0.0000
vn -0.7519 0.6592 -0.0000
vn -0.9950 -0.0999 -0.0000
vn 0.6324 -0.7746 -0.0000
vn 0.8166 0.5773 -0.0000
vn -0.3308 0.9437 -0.0000
vn -0.0505 -0.9987 -0.0000
vn 0.8308 0.5566 -0.0000
vn 0.5043 0.8636 -0.0000
vn 0.6604 0.7509 -0.0000
vn 0.5174 0.8557 -0.0000
vn -0.9944 -0.1056 -0.0000
vn -0.8028 -0.5963 -0.0000
vn 0.8652 -0.5014 -0.0000
vn 0.5898 -0.8075 -0.0000
vn 0.7001 0.7140 -0.0000
vn -0.2872 0.9579 -0.0000
vn 0.8436 -0.5370 -0.0000
vn -0.8136 -0.5815 -0.0000
vn 0.5153 -0.8570 -0.0000
vn -0.6069 0.7948 -0.0000
vn 1.0000 0.0016 -0.0000
vn -0.0014 -1.0000 -0.0000
vn -0.9769 -0.2137 -0.0000
vn -0.4836 -0.8753 -0.0000
vn 0.9257 0.3781 -0.0000
vn -0.5183 0.8552 -0.0000
vn -0.9807 0.1956 -0.0000
vn -0.9390 -0.3439 -0.0000
vn 0.6098 -0.7925 -0.0000
vn -0.1852 0.9827 -0.0000
vn -0.3959 -0.9183 -0.0000
vn -0.6087 0.7934 -0.0000
vn -0.9976 0.0689 -0.0000
vn -0.2726 0.9621 -0.0000
vn 0.7774 -0.6291 -0.0000
vn -0.9014 -0.4331 -0.0000
vn 0.7600 0.6500 -0.0000
vn 0.9598 -0.2807 -0.0000
vn -0.0702 -0.9975 -0.0000
vn 0.7561 0.6545 -0.0000
vn -0.9262 -0.3770 -0.0000
vn -0.9271 -0.3749 -0.0000
vn 0.6526 0.7577 -0.0000
vn 0.9988 0.0500 -0.0000
vn 0.7321 -0.6812 -0.0000
vn -0.8745 0.4849 -0.0000
vn -0.8746 0.4849 -0.0000
vn -0.8445 -0.5356 -0.0000
vn 0.3492 0.9370 -0.0000
vn 0.4510 -0.8925 -0.0000
vn 0.9289 -0.3702 -0.0000
vn 0.0541 0.9985 -0.0000
vn 0.6527 0.7576 -0.0000
vn 0.9988 0.0499 -0.0000
vn 0.9978 -0.0662 -0.0000
vn -0.7463 0.6657 -0.0000
vn -0.9636 0.2672 -0.0000
vn -0.2999 -0.9540 -0.0000
vn 0.2181 0.9759 -0.0000
vn -0.9918 -0.1278 -0.0000
vn 0.9969 0.0789 -0.0000
vn 0.3813 -0.9245 -0.0000
vn -0.3486 0.9373 -0.0000
vn -0.6223 -0.7827 -0.0000
vn 0.0063 1.0000 -0.0000
vn 0.7796 0.6263 -0.0000
vn 0.7543 -0.6565 -0.0000
vn -0.9219 0.3874 -0.0000
vn 0.0034 -1.0000 -0.0000
vn -0.0110 0.9999 -0.0000
vn -0.8892 -0.4574 -0.0000
vn 0.8653 -0.5013 -0.0000
vn -0.6985 -0.7156 -0.0000
vn -0.7171 -0.6970 -0.0000
vn -0.2535 -0.9673 -0.0000
vn 0.7001 0.7141 -0.0000
vn 0.0002 -0.0000 -1.0000
vn 0.0003 -0.0000 -1.0000
vn 0.0017 -0.0000 -1.0000
vn -0.0003 -0.0000 -1.0000
vn 0.0006 -0.0000 -1.0000
vn -0.0004 -0.0000 -1.0000
vn 0.0004 -0.0000 -1.0000
vn -0.0001 -0.0000 1.0000
vn 0.0001 -0.0000 1.0000
vn 0.9502 0.3116 -0.0000
vn -0.4010 0.9161 -0.0000
vn -0.4009 0.9161 -0.0000
vn -0.9005 -0.4350 -0.0000
vn -0.4588 0.8886 -0.0000
vn -0.9744 -0.2247 -0.0000
vn 0.9257 -0.3781 -0.0000
vn 0.7440 0.6681 -0.0000
vn 0.9220 0.3872 -0.0000
vn 0.9387 0.3447 -0.0000
vn 0.5740 -0.8189 -0.0000
vn 0.9856 0.1692 -0.0000
vn -0.9121 -0.4099 -0.0000
vn 0.9910 0.1340 -0.0000
vn 0.5908 0.8068 -0.0000
vn -0.9795 0.2015 -0.0000
vn -0.9769 -0.2139 -0.0000
vn -0.8631 0.5050 -0.0000
vn -0.8029 -0.5961 -0.0000
vn -0.2047 -0.9788 -0.0000
vn -0.7170 -0.6971 -0.0000
vn -0.8892 -0.4576 -0.0000
vn 0.9187 0.3949 -0.0000
vn -0.7169 -0.6972 -0.0000
vn -0.6817 0.7317 -0.0000
vn -0.7363 -0.6766 -0.0000
vn 0.7338 0.6793 -0.0000
vn 0.5333 0.8459 -0.0000
vn 0.4444 -0.8958 -0.0000
vn 0.8876 0.4606 -0.0000
vn -0.7411 -0.6714 -0.0000
vn 0.9703 -0.2420 -0.0000
vn -0.5440 0.8391 -0.0000
vn 0.6583 0.7528 -0.0000
vn 0.9978 -0.0660 -0.0000
vn -0.6446 -0.7645 -0.0000
vn -0.7506 0.6608 -0.0000
vn -0.9741 0.2260 -0.0000
vn 0.6320 -0.7750 -0.0000
vn 0.8959 0.4444 -0.0000
vn 0.8974 -0.4412 -0.0000
vn 0.9057 0.4240 -0.0000
vn 0.9237 0.3831 -0.0000
vn -1.0000 0.0052 -0.0000
vn 0.8316 -0.5553 -0.0000
vn 0.5456 0.8381 -0.0000
vn -0.9440 -0.3301 -0.0000
vn -0.9960 -0.0889 -0.0000
vn -0.9259 0.3777 -0.0000
vn -0.7104 -0.7038 -0.0000
vn 0.9135 -0.4067 -0.0000
vn 0.4227 -0.9062 -0.0000
vn -0.7076 -0.7067 -0.0000
vn 0.9988 -0.0482 -0.0000
vn 0.7988 0.6016 -0.0000
vn 0.9967 0.0808 -0.0000
vn -0.8414 -0.5405 -0.0000
vn -0.9443 0.3292 -0.0000
vn 0.7161 0.6979 -0.0000
vn 0.9709 -0.2396 -0.0000
vn 0.7377 -0.6752 -0.0000
vn -0.9942 0.1079 -0.0000
vn -0.9233 -0.3840 -0.0000
vn 0.9154 0.4024 -0.0000
vn 0.8321 0.5547 -0.0000
vn 1.0000 0.0002 -0.0000
vn -0.6600 0.7512 -0.0000
vn -0.9129 0.4083 -0.0000
vn -0.9519 -0.3063 -0.0000
vn -0.9755 0.2201 -0.0000
vn 0.5723 -0.8201 -0.0000
vn -0.9905 -0.1379 -0.0000
vn -0.7078 -0.7065 -0.0000
vn 0.6788 0.7344 -0.0000
vn 0.6787 0.7344 -0.0000
vn -0.7365 0.6764 -0.0000
vn 0.9462 -0.3237 -0.0000
vn -0.7346 -0.6785 -0.0000
vn 0.6507 0.7593 -0.0000
vn 0.9986 0.0536 -0.0000
vn -0.9949 0.1011 -0.0000
vn 0.8663 0.4994 -0.0000
vn 0.7590 0.6510 -0.0000
vn 0.4130 0.9107 -0.0000
vn 0.7330 0.6802 -0.0000
vn 0.9985 0.0539 -0.0000
vn -0.7462 0.6658 -0.0000
vn -0.5185 -0.8550 -0.0000
vn 0.9690 -0.2471 -0.0000
vn 0.9517 0.3071 -0.0000
vn -0.9667 0.2561 -0.0000
vn 0.6649 0.7469 -0.0000
vn 0.9246 0.3809 -0.0000
vn 0.9708 -0.2398 -0.0000
vn 0.9861 0.1664 -0.0000
vn -0.6047 -0.7965 -0.0000
vn -0.4993 0.8665 -0.0000
vn -0.9768 -0.2139 -0.0000
vn 0.9257 0.3782 -0.0000
vn 0.9598 -0.2806 -0.0000
vn 0.5808 0.8141 -0.0000
vn 0.7562 0.6544 -0.0000
vn 0.6527 0.7577 -0.0000
vn -0.8668 -0.4987 -0.0000
vn -0.9918 -0.1277 -0.0000
vn 0.9969 0.0790 -0.0000
vn -0.8041 -0.5945 -0.0000
vn -0.8042 -0.5943 -0.0000
vn -0.8893 -0.4574 -0.0000
vn -0.9564 0.2921 -0.0000
vt 0.625000 0.000000
vt 0.375000 0.250000
vt 0.375000 0.000000
vt 0.625000 0.250000
vt 0.375000 0.500000
vt 0.625000 0.500000
vt 0.375000 0.750000
vt 0.438372 0.980487
vt 0.438652 0.979178
vt 0.441520 0.980487
vt 0.406103 0.851168
vt 0.411139 0.852486
vt 0.405601 0.851168
vt 0.411419 0.857670
vt 0.408234 0.858979
vt 0.400590 0.857670
vt 0.487544 0.994144
vt 0.519292 0.994060
vt 0.519788 0.994135
vt 0.444105 0.898211
vt 0.444008 0.898722
vt 0.443854 0.898722
vt 0.487544 0.884888
vt 0.482228 0.886206
vt 0.481976 0.886197
vt 0.449481 0.913345
vt 0.438372 0.914654
vt 0.438372 0.913327
vt 0.449481 0.953862
vt 0.438372 0.952553
vt 0.449490 0.952553
vt 0.525606 0.953600
vt 0.525432 0.954910
vt 0.522382 0.953600
vt 0.558353 0.952720
vt 0.558101 0.952710
vt 0.563669 0.951401
vt 0.601731 0.953417
vt 0.596416 0.954736
vt 0.596164 0.954726
vt 0.590622 0.930955
vt 0.601731 0.932264
vt 0.590622 0.932264
vt 0.601731 0.909802
vt 0.590622 0.908493
vt 0.601731 0.902463
vt 0.590622 0.864249
vt 0.590902 0.862792
vt 0.590750 0.864377
vt 0.487544 0.846631
vt 0.484021 0.847982
vt 0.483457 0.847994
vt 0.482850 0.867174
vt 0.482558 0.867222
vt 0.476715 0.865759
vt 0.517726 0.914636
vt 0.517771 0.913317
vt 0.517776 0.913317
vt 0.522299 0.936095
vt 0.514497 0.942299
vt 0.514497 0.934786
vt 0.525606 0.928293
vt 0.514497 0.929602
vt 0.514497 0.928293
vt 0.438500 0.935018
vt 0.438372 0.933433
vt 0.438652 0.933281
vt 0.599093 0.976444
vt 0.598837 0.973796
vt 0.599349 0.976592
vt 0.560361 0.932089
vt 0.563669 0.933398
vt 0.558398 0.933398
vt 0.560361 0.914584
vt 0.552560 0.920789
vt 0.552560 0.913275
vt 0.559393 0.899391
vt 0.557054 0.899417
vt 0.555344 0.898248
vt 0.563669 0.879224
vt 0.563503 0.880672
vt 0.560445 0.879224
vt 0.560361 0.861719
vt 0.552560 0.867923
vt 0.552560 0.860410
vt 0.483268 0.832747
vt 0.480929 0.832773
vt 0.479219 0.831603
vt 0.476435 0.809141
vt 0.476435 0.807832
vt 0.476715 0.807832
vt 0.484926 0.792805
vt 0.483268 0.793948
vt 0.479219 0.792805
vt 0.487544 0.772185
vt 0.487264 0.773494
vt 0.484320 0.772185
vt 0.601731 0.883221
vt 0.590622 0.881912
vt 0.601740 0.881912
vt 0.601731 0.888404
vt 0.590622 0.889713
vt 0.590622 0.888404
vt 0.438372 0.973994
vt 0.449481 0.972685
vt 0.449481 0.973994
vt 0.519047 0.974081
vt 0.518932 0.972620
vt 0.519527 0.973973
vt 0.411419 0.829657
vt 0.406103 0.830976
vt 0.405851 0.830966
vt 0.596615 0.969368
vt 0.596357 0.969421
vt 0.595579 0.969370
vt 0.594829 0.901311
vt 0.594829 0.896782
vt 0.598852 0.899077
vt 0.597241 0.869734
vt 0.597462 0.869527
vt 0.598476 0.869426
vt 0.483575 0.852363
vt 0.484280 0.852399
vt 0.482933 0.852859
vt 0.480349 0.981355
vt 0.481008 0.980877
vt 0.484267 0.982175
vt 0.520101 0.988642
vt 0.519839 0.988642
vt 0.519454 0.988577
vt 0.405266 0.958041
vt 0.405522 0.957990
vt 0.405781 0.957972
vt 0.557901 0.967419
vt 0.557516 0.967354
vt 0.558680 0.967313
vt 0.444991 0.940375
vt 0.445212 0.940168
vt 0.446226 0.940067
vt 0.442579 0.926251
vt 0.442579 0.921722
vt 0.446602 0.924017
vt 0.441123 0.901240
vt 0.441915 0.900735
vt 0.442707 0.901240
vt 0.445373 0.901240
vt 0.446165 0.900735
vt 0.446957 0.901240
vt 0.481391 0.891528
vt 0.481906 0.891459
vt 0.482555 0.891570
vt 0.484881 0.872092
vt 0.482869 0.872115
vt 0.484280 0.871527
vt 0.406430 0.845569
vt 0.405651 0.845675
vt 0.405266 0.845610
vt 0.125000 0.750000
vt 0.125000 0.500000
vt 0.875000 0.500000
vt 0.625000 0.750000
vt 0.017544 0.000000
vt 0.000000 0.000000
vt 1.000000 0.000000
vt 0.982456 0.000000
vt 0.964912 0.000000
vt 0.035088 0.000000
vt 0.194292 0.000000
vt 0.052632 0.000000
vt 0.947368 0.000000
vt 0.929825 0.000000
vt 0.682029 0.000000
vt 0.365235 0.000000
vt 0.767758 0.000000
vt 0.232497 0.000000
vt 0.220841 0.000000
vt 0.222973 0.000000
vt 0.912281 0.000000
vt 0.800173 0.000000
vt 0.227462 0.000000
vt 0.862412 0.000000
vt 0.894737 0.000000
vt 0.376866 0.000000
vt 0.221220 0.000000
vt 0.880728 0.000000
vt 0.892168 0.000000
vt 0.399731 0.000000
vt 0.213599 0.000000
vt 0.417044 0.000000
vt 0.206601 0.000000
vt 0.501306 0.000000
vt 0.199673 0.000000
vt 0.526316 0.000000
vt 0.508772 0.000000
vt 0.491228 0.000000
vt 0.543860 0.000000
vt 0.509258 0.000000
vt 0.192588 0.000000
vt 0.561404 0.000000
vt 0.508469 0.000000
vt 0.174415 0.000000
vt 0.164108 0.000000
vt 0.122807 0.000000
vt 0.121946 0.000000
vt 0.546935 0.000000
vt 0.172383 0.000000
vt 0.566734 0.000000
vt 0.560166 0.000000
vt 0.586922 0.000000
vt 0.530560 0.000000
vt 0.608581 0.000000
vt 0.670016 0.000000
vt 0.512119 0.000000
vt 0.631412 0.000000
vt 0.771930 0.000000
vt 0.788236 0.000000
vt 0.649123 0.000000
vt 0.140351 0.000000
vt 0.666667 0.000000
vt 0.754386 0.000000
vt 0.684211 0.000000
vt 0.736842 0.000000
vt 0.701754 0.000000
vt 0.719298 0.000000
vt 0.157895 0.000000
vt 0.175439 0.000000
vt 0.192982 0.000000
vt 0.473684 0.000000
vt 0.210526 0.000000
vt 0.456140 0.000000
vt 0.438596 0.000000
vt 0.228070 0.000000
vt 0.421053 0.000000
vt 0.403509 0.000000
vt 0.385965 0.000000
vt 0.245614 0.000000
vt 0.368421 0.000000
vt 0.350877 0.000000
vt 0.263158 0.000000
vt 0.333333 0.000000
vt 0.315789 0.000000
vt 0.280702 0.000000
vt 0.298246 0.000000
vt 0.454545 0.000000
vt 0.363636 0.000000
vt 0.272727 0.000000
vt 0.181818 0.000000
vt 0.090909 0.000000
vt 0.875466 0.000000
vt 0.527275 0.000000
vt 0.525592 0.000000
vt 0.724440 0.000000
vt 0.668610 0.000000
vt 0.807268 0.000000
vt 0.726974 0.000000
vt 0.727273 0.000000
vt 0.722920 0.000000
vt 0.788345 0.000000
vt 0.545455 0.000000
vt 0.633705 0.000000
vt 0.693761 0.000000
vt 0.833712 0.000000
vt 0.708741 0.000000
vt 0.672759 0.000000
vt 0.662200 0.000000
vt 0.735341 0.000000
vt 0.747328 0.000000
vt 0.909091 0.000000
vt 0.807828 0.000000
vt 0.837515 0.000000
vt 0.723264 0.000000
vt 0.633862 0.000000
vt 0.710517 0.000000
vt 0.718007 0.000000
vt 0.692204 0.000000
vt 0.662678 0.000000
vt 0.730557 0.000000
vt 0.730243 0.000000
vt 0.775005 0.000000
vt 0.799445 0.000000
vt 0.818182 0.000000
vt 0.387755 0.000000
vt 0.377551 0.000000
vt 0.367347 0.000000
vt 0.357143 0.000000
vt 0.393476 0.000000
vt 0.393543 0.000000
vt 0.393186 0.000000
vt 0.346939 0.000000
vt 0.392654 0.000000
vt 0.392795 0.000000
vt 0.336735 0.000000
vt 0.408163 0.000000
vt 0.401575 0.000000
vt 0.402894 0.000000
vt 0.394855 0.000000
vt 0.394933 0.000000
vt 0.326531 0.000000
vt 0.393872 0.000000
vt 0.393979 0.000000
vt 0.428571 0.000000
vt 0.418624 0.000000
vt 0.416754 0.000000
vt 0.393321 0.000000
vt 0.393480 0.000000
vt 0.414722 0.000000
vt 0.415664 0.000000
vt 0.316327 0.000000
vt 0.396139 0.000000
vt 0.394807 0.000000
vt 0.414018 0.000000
vt 0.414096 0.000000
vt 0.414153 0.000000
vt 0.399377 0.000000
vt 0.398196 0.000000
vt 0.306122 0.000000
vt 0.620772 0.000000
vt 0.877551 0.000000
vt 0.448980 0.000000
vt 0.401304 0.000000
vt 0.676722 0.000000
vt 0.867347 0.000000
vt 0.887755 0.000000
vt 0.857143 0.000000
vt 0.897959 0.000000
vt 0.846939 0.000000
vt 0.908163 0.000000
vt 0.295918 0.000000
vt 0.836735 0.000000
vt 0.459184 0.000000
vt 0.918367 0.000000
vt 0.826531 0.000000
vt 0.928571 0.000000
vt 0.816327 0.000000
vt 0.938776 0.000000
vt 0.806122 0.000000
vt 0.948980 0.000000
vt 0.469388 0.000000
vt 0.285714 0.000000
vt 0.795918 0.000000
vt 0.959184 0.000000
vt 0.785714 0.000000
vt 0.969388 0.000000
vt 0.479592 0.000000
vt 0.275510 0.000000
vt 0.775510 0.000000
vt 0.979592 0.000000
vt 0.765306 0.000000
vt 0.989796 0.000000
vt 0.489796 0.000000
vt 0.755102 0.000000
vt 0.265306 0.000000
vt 0.500000 0.000000
vt 0.255102 0.000000
vt 0.510204 0.000000
vt 0.244898 0.000000
vt 0.234694 0.000000
vt 0.520408 0.000000
vt 0.224490 0.000000
vt 0.225352 0.000000
vt 0.230207 0.000000
vt 0.530612 0.000000
vt 0.279201 0.000000
vt 0.294508 0.000000
vt 0.321904 0.000000
vt 0.333523 0.000000
vt 0.540816 0.000000
vt 0.343259 0.000000
vt 0.347422 0.000000
vt 0.193878 0.000000
vt 0.200469 0.000000
vt 0.195993 0.000000
vt 0.744898 0.000000
vt 0.067837 0.000000
vt 0.058098 0.000000
vt 0.365517 0.000000
vt 0.355526 0.000000
vt 0.360908 0.000000
vt 0.210176 0.000000
vt 0.205321 0.000000
vt 0.090818 0.000000
vt 0.085726 0.000000
vt 0.052847 0.000000
vt 0.087150 0.000000
vt 0.424789 0.000000
vt 0.366037 0.000000
vt 0.368654 0.000000
vt 0.183673 0.000000
vt 0.218641 0.000000
vt 0.219131 0.000000
vt 0.366704 0.000000
vt 0.364421 0.000000
vt 0.453538 0.000000
vt 0.217486 0.000000
vt 0.218618 0.000000
vt 0.040816 0.000000
vt 0.047352 0.000000
vt 0.052847 0.000000
vt 0.051020 0.000000
vt 0.365045 0.000000
vt 0.462690 0.000000
vt 0.173469 0.000000
vt 0.179729 0.000000
vt 0.196011 0.000000
vt 0.061224 0.000000
vt 0.364718 0.000000
vt 0.363613 0.000000
vt 0.470760 0.000000
vt 0.071429 0.000000
vt 0.352840 0.000000
vt 0.327101 0.000000
vt 0.561224 0.000000
vt 0.081633 0.000000
vt 0.275598 0.000000
vt 0.303695 0.000000
vt 0.296879 0.000000
vt 0.142857 0.000000
vt 0.150475 0.000000
vt 0.143935 0.000000
vt 0.146663 0.000000
vt 0.152026 0.000000
vt 0.132653 0.000000
vt 0.244205 0.000000
vt 0.202753 0.000000
vt 0.120694 0.000000
vt 0.112245 0.000000
vt 0.122449 0.000000
vt 0.571429 0.000000
vt 0.734694 0.000000
vt 0.581633 0.000000
vt 0.724490 0.000000
vt 0.714286 0.000000
vt 0.591837 0.000000
vt 0.704082 0.000000
vt 0.693878 0.000000
vt 0.602041 0.000000
vt 0.683673 0.000000
vt 0.673469 0.000000
vt 0.612245 0.000000
vt 0.663265 0.000000
vt 0.653061 0.000000
vt 0.642857 0.000000
vt 0.622449 0.000000
vt 0.632653 0.000000
vt 0.660945 0.000000
vt 0.630938 0.000000
vt 0.663257 0.000000
vt 0.719212 0.000000
vt 0.651050 0.000000
vt 0.649640 0.000000
vt 0.634596 0.000000
vt 0.536655 0.000000
vt 0.640977 0.000000
vt 0.619002 0.000000
vt 0.544326 0.000000
vt 0.625616 0.000000
vt 0.552991 0.000000
vt 0.608303 0.000000
vt 0.772352 0.000000
vt 0.753554 0.000000
vt 0.764287 0.000000
vt 0.567944 0.000000
vt 0.418118 0.000000
vt 0.574913 0.000000
vt 0.384615 0.000000
vt 0.615385 0.000000
vt 0.600000 0.000000
vt 0.135714 0.000000
vt 0.679245 0.000000
vt 0.698113 0.000000
vt 0.377358 0.000000
vt 0.188679 0.000000
vt 0.867925 0.000000
vt 0.886792 0.000000
vt 0.476190 0.000000
vt 0.561905 0.000000
vt 0.264286 0.000000
vt 0.278571 0.000000
vt 0.125436 0.000000
vt 0.839721 0.000000
vt 0.836237 0.000000
vt 0.888889 0.000000
vt 0.313274 0.000000
vt 0.316814 0.000000
vt 0.598230 0.000000
vt 0.517241 0.000000
vt 0.993103 0.000000
vt 0.503448 0.000000
vt 0.581882 0.000000
vt 0.404181 0.000000
vt 0.111498 0.000000
vt 0.853659 0.000000
vt 0.850174 0.000000
vt 0.341880 0.000000
vt 0.435897 0.000000
vt 0.452991 0.000000
vt 0.733333 0.000000
vt 0.761905 0.000000
vt 0.833333 0.000000
vt 0.166667 0.000000
vt 0.583333 0.000000
vt 0.632479 0.000000
vt 0.905983 0.000000
vt 0.914530 0.000000
vt 0.822300 0.000000
vt 0.815331 0.000000
vt 0.170732 0.000000
vt 0.300000 0.000000
vt 0.808362 0.000000
vt 0.531034 0.000000
vt 0.537931 0.000000
vt 0.972414 0.000000
vt 0.100000 0.000000
vt 0.800000 0.000000
vt 0.700000 0.000000
vt 0.557491 0.000000
vt 0.393728 0.000000
vt 0.386760 0.000000
vt 0.309735 0.000000
vt 0.145985 0.000000
vt 0.102190 0.000000
vt 0.635036 0.000000
vt 0.905923 0.000000
vt 0.891986 0.000000
vt 0.041812 0.000000
vt 0.692857 0.000000
vt 0.707143 0.000000
vt 0.721429 0.000000
vt 0.658537 0.000000
vt 0.334495 0.000000
vt 0.672474 0.000000
vt 0.555556 0.000000
vt 0.942857 0.000000
vt 0.952381 0.000000
vt 0.123810 0.000000
vt 0.803419 0.000000
vt 0.811966 0.000000
vt 0.769231 0.000000
vt 0.200000 0.000000
vt 0.337979 0.000000
vt 0.599303 0.000000
vt 0.592335 0.000000
vt 0.846154 0.000000
vt 0.854701 0.000000
vt 0.752137 0.000000
vt 0.293805 0.000000
vt 0.290266 0.000000
vt 0.967707 0.000000
vt 0.463717 0.000000
vt 0.460177 0.000000
vt 0.226277 0.000000
vt 0.240876 0.000000
vt 0.226277 0.000000
vt 0.240876 0.000000
vt 0.647788 0.000000
vt 0.640708 0.000000
vt 0.058394 0.000000
vt 0.065693 0.000000
vt 0.477876 0.000000
vt 0.470796 0.000000
vt 0.175182 0.000000
vt 0.182482 0.000000
vt 0.175182 0.000000
vt 0.182482 0.000000
vt 0.633628 0.000000
vt 0.632648 0.000000
vt 0.626549 0.000000
vt 0.416058 0.000000
vt 0.401460 0.000000
vt 0.492035 0.000000
vt 0.492035 0.000000
vt 0.883212 0.000000
vt 0.868613 0.000000
vt 0.619469 0.000000
vt 0.619438 0.000000
vt 0.614631 0.000000
vt 0.605310 0.000000
vt 0.480836 0.000000
vt 0.498258 0.000000
vt 0.480836 0.000000
vt 0.499115 0.000000
vt 0.506195 0.000000
vt 0.069686 0.000000
vt 0.080139 0.000000
vt 0.069686 0.000000
vt 0.520176 0.000000
vt 0.520354 0.000000
vt 0.517231 0.000000
vt 0.513274 0.000000
vt 0.972125 0.000000
vt 0.958188 0.000000
vt 0.944251 0.000000
vt 0.933798 0.000000
vt 0.534513 0.000000
vt 0.520354 0.000000
vt 0.534513 0.000000
vt 0.407665 0.000000
vt 0.414634 0.000000
vt 0.407666 0.000000
vt 0.576991 0.000000
vt 0.555752 0.000000
vt 0.108014 0.000000
vt 0.101045 0.000000
vt 0.554007 0.000000
vt 0.547038 0.000000
vt 0.714286 0.000000
vt 0.860627 0.000000
vt 0.335766 0.000000
vt 0.321168 0.000000
vt 0.379791 0.000000
vt 0.963504 0.000000
vt 0.978102 0.000000
vt 0.574913 0.000000
vt 0.043796 0.000000
vt 0.036496 0.000000
vt 0.204380 0.000000
vt 0.218978 0.000000
vt 0.204380 0.000000
vt 0.108314 0.000000
vt 0.160584 0.000000
vt 0.145985 0.000000
vt 0.088001 0.000000
vt 0.087591 0.000000
vt 0.027875 0.000000
vt 0.175221 0.000000
vt 0.173451 0.000000
vt 0.445993 0.000000
vt 0.459930 0.000000
vt 0.302655 0.000000
vt 0.300885 0.000000
vt 0.055749 0.000000
vt 0.029197 0.000000
vt 0.421603 0.000000
vt 0.432056 0.000000
vt 0.400000 0.000000
vt 0.919861 0.000000
vt 0.965517 0.000000
vt 0.855172 0.000000
vt 0.862069 0.000000
vt 0.121951 0.000000
vt 0.579310 0.000000
vt 0.586207 0.000000
vt 0.806897 0.000000
vt 0.815331 0.000000
vt 0.468966 0.000000
vt 0.475862 0.000000
vt 0.475862 0.000000
vt 0.787456 0.000000
vt 0.794425 0.000000
vt 0.787457 0.000000
vt 0.137931 0.000000
vt 0.144828 0.000000
vt 0.153310 0.000000
vt 0.146341 0.000000
vt 0.027586 0.000000
vt 0.034483 0.000000
vt 0.034483 0.000000
vt 0.320558 0.000000
vt 0.313589 0.000000
vt 0.222222 0.000000
vt 0.333333 0.000000
vt 0.923077 0.000000
vt 0.307692 0.000000
vt 0.230769 0.000000
vt 0.889655 0.000000
vt 0.882759 0.000000
vt 0.551724 0.000000
vt 0.558621 0.000000
vt 0.558621 0.000000
vt 0.076923 0.000000
vt 0.153846 0.000000
vt 0.834483 0.000000
vt 0.827586 0.000000
vt 0.834483 0.000000
vt 0.428571 0.000000
vt 0.006897 0.000000
vt 0.444444 0.000000
vt 0.444444 0.000000
vt 0.172414 0.000000
vt 0.165517 0.000000
vt 0.172414 0.000000
vt 0.439024 0.000000
vt 0.452962 0.000000
vt 0.448276 0.000000
vt 0.441379 0.000000
vt 0.448276 0.000000
vt 0.508711 0.000000
vt 0.996516 0.000000
vt 0.996516 0.000000
vt 0.351916 0.000000
vt 0.358885 0.000000
vt 0.351916 0.000000
vt 0.055172 0.000000
vt 0.062069 0.000000
vt 0.118467 0.000000
vt 0.630662 0.000000
vt 0.637631 0.000000
vt 0.461538 0.000000
vt 0.538462 0.000000
vt 0.843206 0.000000
vt 0.025177 0.000000
vt 0.588850 0.000000
vt 0.974822 0.000000
vt 0.409524 0.000000
vt 0.620209 0.000000
vt 0.613240 0.000000
vt 0.818182 0.000000
vt 0.727273 0.000000
vt 0.552381 0.000000
vt 0.139373 0.000000
vt 0.139373 0.000000
vt 0.638095 0.000000
vt 0.628571 0.000000
vt 0.780488 0.000000
vt 0.323810 0.000000
vt 0.731707 0.000000
vt 0.171429 0.000000
vt 0.180952 0.000000
vt 0.299652 0.000000
vt 0.780952 0.000000
vt 0.790476 0.000000
vt 0.268293 0.000000
vt 0.866667 0.000000
vt 0.951724 0.000000
vt 0.944828 0.000000
vt 0.951724 0.000000
vt 0.777778 0.000000
vt 0.666667 0.000000
vt 0.933333 0.000000
vt 0.565517 0.000000
vt 0.400697 0.000000
vt 0.400697 0.000000
vt 0.095238 0.000000
vt 0.104762 0.000000
vt 0.841379 0.000000
vt 0.841379 0.000000
vt 0.094077 0.000000
vt 0.094077 0.000000
vt 0.013793 0.000000
vt 0.874564 0.000000
vt 0.881533 0.000000
vt 0.455172 0.000000
vt 0.455172 0.000000
vt 0.540070 0.000000
vt 0.900000 0.000000
vt 0.234483 0.000000
vt 0.220690 0.000000
vt 0.850174 0.000000
vt 0.735043 0.000000
vt 0.726496 0.000000
vt 0.117241 0.000000
vt 0.124138 0.000000
vt 0.794872 0.000000
vt 0.372822 0.000000
vt 0.372822 0.000000
vt 0.658120 0.000000
vt 0.344948 0.000000
vt 0.344948 0.000000
vt 0.940171 0.000000
vt 0.931624 0.000000
vt 0.692308 0.000000
vt 0.700855 0.000000
vt 0.700855 0.000000
vt 0.700348 0.000000
vt 0.589744 0.000000
vt 0.598291 0.000000
vt 0.829060 0.000000
vt 0.837607 0.000000
vt 0.184669 0.000000
vt 0.177700 0.000000
vt 0.529915 0.000000
vt 0.521368 0.000000
vt 0.897436 0.000000
vt 0.212544 0.000000
vt 0.198606 0.000000
vt 0.119658 0.000000
vt 0.111111 0.000000
vt 0.623932 0.000000
vt 0.632479 0.000000
vt 0.254355 0.000000
vt 0.974359 0.000000
vt 0.965812 0.000000
vt 0.974359 0.000000
vt 0.240418 0.000000
vt 0.226481 0.000000
vt 0.256410 0.000000
vt 0.247863 0.000000
vt 0.564103 0.000000
vt 0.917241 0.000000
vt 0.903448 0.000000
vt 0.324941 0.000000
vt 0.008547 0.000000
vt 0.017094 0.000000
vt 0.085470 0.000000
vt 0.487179 0.000000
vt 0.495726 0.000000
vt 0.668966 0.000000
vt 0.696552 0.000000
vt 0.282051 0.000000
vt 0.290598 0.000000
vt 0.613793 0.000000
vt 0.641379 0.000000
vt 0.700000 0.000000
vt 0.724138 0.000000
vt 0.751724 0.000000
vt 0.416667 0.000000
vt 0.581761 0.000000
vt 0.498258 0.000000
vt 0.010453 0.000000
vt 0.113019 0.000000
vt 0.944251 0.000000
vt 0.085714 0.000000
vt 0.078571 0.000000
vt 0.986063 0.000000
vt 0.420690 0.000000
vt 0.393103 0.000000
vt 0.420690 0.000000
vt 0.087108 0.000000
vt 0.192857 0.000000
vt 0.310345 0.000000
vt 0.296552 0.000000
vt 0.307143 0.000000
vt 0.314286 0.000000
vt 0.529617 0.000000
vt 0.365517 0.000000
vt 0.337931 0.000000
vt 0.365517 0.000000
vt 0.042857 0.000000
vt 0.050000 0.000000
vt 0.867596 0.000000
vt 0.867596 0.000000
vt 0.107143 0.000000
vt 0.114983 0.000000
vt 0.075862 0.000000
vt 0.089655 0.000000
vt 0.846690 0.000000
vt 0.307552 0.000000
vt 0.289610 0.000000
vt 0.334520 0.000000
vt 0.365854 0.000000
vt 0.717949 0.000000
vt 0.726496 0.000000
vt 0.721254 0.000000
vt 0.735192 0.000000
vt 0.721254 0.000000
vt 0.991453 0.000000
vt 0.693380 0.000000
vt 0.707317 0.000000
vt 0.786325 0.000000
vt 0.794872 0.000000
vt 0.461538 0.000000
vt 0.863248 0.000000
vt 0.863248 0.000000
vt 0.018868 0.000000
vt 0.047788 0.000000
vt 0.044248 0.000000
vt 0.047788 0.000000
vt 0.649573 0.000000
vt 0.490566 0.000000
vt 0.132743 0.000000
vt 0.123894 0.000000
vt 0.301887 0.000000
vt 0.320755 0.000000
vt 0.146903 0.000000
vt 0.143363 0.000000
vt 0.581197 0.000000
vt 0.603774 0.000000
vt 0.622642 0.000000
vt 0.015929 0.000000
vt 0.019469 0.000000
vt 0.512821 0.000000
vt 0.773585 0.000000
vt 0.754717 0.000000
vt 0.161062 0.000000
vt 0.157522 0.000000
vt 0.025641 0.000000
vt 0.042735 0.000000
vt 0.150943 0.000000
vt 0.169811 0.000000
vt 0.001770 0.000000
vt 0.005310 0.000000
vt 0.102564 0.000000
vt 0.111111 0.000000
vt 0.239316 0.000000
vt 0.302655 0.000000
vt 0.189381 0.000000
vt 0.185841 0.000000
vt 0.214159 0.000000
vt 0.246018 0.000000
vt 0.246018 0.000000
vt 0.367521 0.000000
vt 0.253097 0.000000
vt 0.260177 0.000000
vt 0.270796 0.000000
vt 0.274336 0.000000
vt 0.274336 0.000000
vt 0.288496 0.000000
vt 0.284956 0.000000
vt 0.250000 0.000000
vt 0.166667 0.000000
vt 0.440708 0.000000
vt 0.444248 0.000000
vt 0.444248 0.000000
vt 0.916667 0.000000
vt 0.299115 0.000000
vt 0.466899 0.000000
vt 0.432056 0.000000
vt 0.522648 0.000000
vt 0.940767 0.000000
vt 0.940767 0.000000
vt 0.578397 0.000000
vt 0.132404 0.000000
vt 0.909091 0.000000
vt 0.829268 0.000000
vt 0.181818 0.000000
vt 0.606272 0.000000
vt 0.560976 0.000000
vt 0.801394 0.000000
vt 0.634146 0.000000
vt 0.627178 0.000000
vt 0.160279 0.000000
vt 0.108314 0.000000
vt 0.759582 0.000000
vt 0.773519 0.000000
vt 0.648084 0.000000
vt 0.662021 0.000000
vt 0.991608 0.000000
vt 0.745645 0.000000
vt 0.875862 0.000000
vt 0.868966 0.000000
vt 0.097345 0.000000
vt 0.079646 0.000000
vt 0.097345 0.000000
vt 0.986207 0.000000
vt 0.979310 0.000000
vt 0.054867 0.000000
vt 0.116814 0.000000
vt 0.820690 0.000000
vt 0.813793 0.000000
vt 0.139823 0.000000
vt 0.938053 0.000000
vt 0.959292 0.000000
vt 0.544828 0.000000
vt 0.153982 0.000000
vt 0.150442 0.000000
vt 0.909734 0.000000
vt 0.916814 0.000000
vt 0.916814 0.000000
vt 0.482759 0.000000
vt 0.489655 0.000000
vt 0.008850 0.000000
vt 0.012389 0.000000
vt 0.966372 0.000000
vt 0.973451 0.000000
vt 0.151724 0.000000
vt 0.158621 0.000000
vt 0.168142 0.000000
vt 0.164602 0.000000
vt 0.168142 0.000000
vt 0.899115 0.000000
vt 0.902655 0.000000
vt 0.902655 0.000000
vt 0.041379 0.000000
vt 0.048276 0.000000
vt 0.847788 0.000000
vt 0.844248 0.000000
vt 0.847788 0.000000
vt 0.884956 0.000000
vt 0.888496 0.000000
vt 0.888496 0.000000
vt 0.182301 0.000000
vt 0.178761 0.000000
vt 0.980531 0.000000
vt 0.987611 0.000000
vt 0.192920 0.000000
vt 0.196460 0.000000
vt 0.870796 0.000000
vt 0.874336 0.000000
vt 0.874336 0.000000
vt 0.856637 0.000000
vt 0.860177 0.000000
vt 0.860177 0.000000
vt 0.675214 0.000000
vt 0.267257 0.000000
vt 0.267257 0.000000
vt 0.746903 0.000000
vt 0.739823 0.000000
vt 0.948718 0.000000
vt 0.948718 0.000000
vt 0.433628 0.000000
vt 0.437168 0.000000
vt 0.437168 0.000000
vt 0.718584 0.000000
vt 0.711504 0.000000
vt 0.718584 0.000000
vt 0.606838 0.000000
vt 0.606838 0.000000
vt 0.306195 0.000000
vt 0.697345 0.000000
vt 0.704425 0.000000
vt 0.704425 0.000000
vt 0.529915 0.000000
vt 0.323894 0.000000
vt 0.320354 0.000000
vt 0.683186 0.000000
vt 0.690265 0.000000
vt 0.128205 0.000000
vt 0.578761 0.000000
vt 0.672566 0.000000
vt 0.676106 0.000000
vt 0.470085 0.000000
vt 0.007299 0.000000
vt 0.654867 0.000000
vt 0.661947 0.000000
vt 0.264957 0.000000
vt 0.992701 0.000000
vt 0.992701 0.000000
vt 0.449558 0.000000
vt 0.447788 0.000000
vt 0.402518 0.000000
vt 0.083333 0.000000
vt 0.083333 0.000000
vt 0.750000 0.000000
vt 0.833333 0.000000
vt 0.931035 0.000000
vt 0.222222 0.000000
vt 0.668966 0.000000
vt 0.724138 0.000000
vt 0.613793 0.000000
vt 0.411150 0.000000
vt 0.765517 0.000000
vt 0.779310 0.000000
vt 0.779310 0.000000
vt 0.515679 0.000000
vt 0.881533 0.000000
vt 0.383275 0.000000
vt 0.390244 0.000000
vt 0.383275 0.000000
vt 0.606272 0.000000
vt 0.801394 0.000000
vt 0.641115 0.000000
vt 0.227586 0.000000
vt 0.213793 0.000000
vt 0.227586 0.000000
vt 0.766551 0.000000
vt 0.766551 0.000000
vt 0.282759 0.000000
vt 0.255172 0.000000
vt 0.738676 0.000000
vt 0.752613 0.000000
vt 0.393103 0.000000
vt 0.895575 0.000000
vt 0.337931 0.000000
vt 0.881416 0.000000
vt 0.103448 0.000000
vt 0.867257 0.000000
vt 0.851327 0.000000
vt 0.856637 0.000000
vt 0.176991 0.000000
vt 0.669027 0.000000
vt 0.672566 0.000000
vt 0.286726 0.000000
vt 0.290266 0.000000
vt 0.686411 0.000000
vt 0.686411 0.000000
vt 0.456637 0.000000
vt 0.460177 0.000000
vt 0.846690 0.000000
vt 0.724739 0.000000
vt 0.331010 0.000000
vt 0.320558 0.000000
vt 0.188153 0.000000
vt 0.181185 0.000000
vt 0.204380 0.000000
vt 0.216028 0.000000
vt 0.202091 0.000000
vt 0.675958 0.000000
vt 0.240418 0.000000
vt 0.116814 0.000000
vt 0.037168 0.000000
vt 0.030088 0.000000
vt 0.037168 0.000000
vt 0.923894 0.000000
vt 0.938053 0.000000
vt 0.151724 0.000000
vt 0.966372 0.000000
vt 0.041379 0.000000
vt 0.980531 0.000000
vt 0.425087 0.000000
vt 0.892035 0.000000
vt 0.397213 0.000000
vt 0.877876 0.000000
vt 0.994690 0.000000
vt 0.863717 0.000000
vt 0.171681 0.000000
vt 0.641115 0.000000
vt 0.174216 0.000000
vt 0.167247 0.000000
vt 0.207080 0.000000
vt 0.207080 0.000000
vt 0.447619 0.000000
vt 0.438095 0.000000
vt 0.447619 0.000000
vt 0.679646 0.000000
vt 0.188153 0.000000
vt 0.504762 0.000000
vt 0.523810 0.000000
vt 0.361905 0.000000
vt 0.371429 0.000000
vt 0.371429 0.000000
vt 0.590476 0.000000
vt 0.665487 0.000000
vt 0.676190 0.000000
vt 0.276106 0.000000
vt 0.295238 0.000000
vt 0.295238 0.000000
vt 0.283186 0.000000
vt 0.219048 0.000000
vt 0.209524 0.000000
vt 0.828571 0.000000
vt 0.819048 0.000000
vt 0.828571 0.000000
vt 0.453097 0.000000
vt 0.133333 0.000000
vt 0.297345 0.000000
vt 0.904762 0.000000
vt 0.895238 0.000000
vt 0.904762 0.000000
vt 0.419048 0.000000
vt 0.980952 0.000000
vt 0.961905 0.000000
vt 0.980952 0.000000
vt 0.467257 0.000000
vt 0.057143 0.000000
vt 0.066667 0.000000
vt 0.334513 0.000000
vt 0.327434 0.000000
vt 0.647619 0.000000
vt 0.419469 0.000000
vt 0.412389 0.000000
vt 0.342857 0.000000
vt 0.637168 0.000000
vt 0.640619 0.000000
vt 0.640708 0.000000
vt 0.190476 0.000000
vt 0.362832 0.000000
vt 0.341593 0.000000
vt 0.362832 0.000000
vt 0.626549 0.000000
vt 0.876190 0.000000
vt 0.499115 0.000000
vt 0.114286 0.000000
vt 0.255474 0.000000
vt 0.270073 0.000000
vt 0.021898 0.000000
vt 0.291971 0.000000
vt 0.948905 0.000000
vt 0.948905 0.000000
vt 0.880342 0.000000
vt 0.880342 0.000000
vt 0.189781 0.000000
vt 0.379562 0.000000
vt 0.364964 0.000000
vt 0.072993 0.000000
vt 0.059829 0.000000
vt 0.897810 0.000000
vt 0.912409 0.000000
vt 0.459854 0.000000
vt 0.430657 0.000000
vt 0.518248 0.000000
vt 0.489051 0.000000
vt 0.489051 0.000000
vt 0.259145 0.000000
vt 0.291497 0.000000
vt 0.294587 0.000000
vt 0.576642 0.000000
vt 0.401709 0.000000
vt 0.074986 0.000000
vt 0.072815 0.000000
vt 0.238121 0.000000
vt 0.166667 0.000000
vt 0.835431 0.000000
vt 0.856307 0.000000
vt 0.958621 0.000000
vt 0.886091 0.000000
vt 0.884099 0.000000
vt 0.888889 0.000000
vt 0.399719 0.000000
vt 0.435308 0.000000
vt 0.647357 0.000000
vt 0.584238 0.000000
vt 0.771429 0.000000
vt 0.728571 0.000000
vt 0.742497 0.000000
vt 0.742857 0.000000
vt 0.848276 0.000000
vt 0.021429 0.000000
vt 0.035714 0.000000
vt 0.671429 0.000000
vt 0.685714 0.000000
vt 0.572414 0.000000
vt 0.150000 0.000000
vt 0.057143 0.000000
vt 0.793103 0.000000
vt 0.207143 0.000000
vt 0.207143 0.000000
vt 0.186207 0.000000
vt 0.462069 0.000000
vt 0.164286 0.000000
vt 0.241379 0.000000
vt 0.742318 0.000000
vt 0.514286 0.000000
vt 0.514286 0.000000
vt 0.456424 0.000000
vt 0.457143 0.000000
vt 0.457143 0.000000
vt 0.020690 0.000000
vt 0.399281 0.000000
vt 0.396432 0.000000
vt 0.114286 0.000000
vt 0.131034 0.000000
vt 0.128571 0.000000
vt 0.157143 0.000000
vt 0.185714 0.000000
vt 0.565853 0.000000
vt 0.571069 0.000000
vt 0.557143 0.000000
vt 0.235714 0.000000
vt 0.301439 0.000000
vt 0.041812 0.000000
vt 0.456424 0.000000
vt 0.390007 0.000000
vt 0.437092 0.000000
vt 0.432506 0.000000
vt 0.080139 0.000000
vt 0.989547 0.000000
vt 0.484321 0.000000
vt 0.405876 0.000000
vt 0.606272 0.000000
vt 0.108014 0.000000
vt 0.371026 0.000000
vt 0.629102 0.000000
vt 0.627178 0.000000
vt 0.701779 0.000000
vt 0.693380 0.000000
vt 0.513035 0.000000
vt 0.200160 0.000000
vt 0.580391 0.000000
vt 0.557458 0.000000
vt 0.490566 0.000000
vt 0.452830 0.000000
vt 0.230769 0.000000
vt 0.160279 0.000000
vt 0.339623 0.000000
vt 0.396226 0.000000
vt 0.641509 0.000000
vt 0.981132 0.000000
vt 0.792453 0.000000
vt 0.698113 0.000000
vt 0.728223 0.000000
vt 0.943396 0.000000
vt 0.905660 0.000000
vt 0.943396 0.000000
vt 0.226415 0.000000
vt 0.245283 0.000000
vt 0.245283 0.000000
vt 0.216028 0.000000
vt 0.849057 0.000000
vt 0.830189 0.000000
vt 0.849057 0.000000
vt 0.075472 0.000000
vt 0.094340 0.000000
vt 0.671378 0.000000
vt 0.010402 0.000000
vt 0.011793 0.000000
vt 0.291971 0.000000
vt 0.292706 0.000000
vt 0.436057 0.000000
vt 0.437079 0.000000
vt 0.206897 0.000000
vt 0.434483 0.000000
vt 0.985687 0.000000
vt 0.284672 0.000000
vt 0.051095 0.000000
vt 0.390476 0.000000
vt 0.542857 0.000000
vt 0.839416 0.000000
vt 0.619048 0.000000
vt 0.695238 0.000000
vt 0.810219 0.000000
vt 0.781022 0.000000
vt 0.781022 0.000000
vt 0.247619 0.000000
vt 0.228571 0.000000
vt 0.247619 0.000000
vt 0.751825 0.000000
vt 0.693431 0.000000
vt 0.693431 0.000000
vt 0.576642 0.000000
vt 0.161905 0.000000
vt 0.687411 0.000000
vt 0.847619 0.000000
vt 0.923810 0.000000
vt 0.009524 0.000000
vt 0.028571 0.000000
vt 0.028571 0.000000
vt 0.644599 0.000000
vt 0.672474 0.000000
vt 0.655052 0.000000
vt 0.668990 0.000000
vt 0.655052 0.000000
vt 0.324786 0.000000
vt 0.551724 0.000000
vt 0.636364 0.000000
vt 0.663869 0.000000
vt 0.019109 0.000000
vt 0.065570 0.000000
vt 0.075639 0.000000
vt 0.025177 0.000000
vt 0.152231 0.000000
vt 0.834673 0.000000
vt 0.683761 0.000000
vt 0.885714 0.000000
vt 0.820513 0.000000
vt 0.820513 0.000000
vt 0.393728 0.000000
vt 0.957265 0.000000
vt 0.547009 0.000000
vt 0.007143 0.000000
vt 0.068376 0.000000
vt 0.478632 0.000000
vt 0.366029 0.000000
vt 0.657143 0.000000
vt 0.657143 0.000000
vt 0.273504 0.000000
vt 0.582529 0.000000
vt 0.598921 0.000000
vt 0.958621 0.000000
vt 0.793104 0.000000
vt 0.528571 0.000000
vt 0.485714 0.000000
vt 0.457143 0.000000
vt 0.485714 0.000000
vt 0.416667 0.000000
vt 0.848276 0.000000
vt 0.080315 0.000000
vt 0.860627 0.000000
vt 0.268966 0.000000
vt 0.074986 0.000000
vt 0.221429 0.000000
vt 0.221429 0.000000
vt 0.212544 0.000000
vt 0.709402 0.000000
vt 0.914530 0.000000
vt 0.023009 0.000000
vt 0.439375 0.000000
vt 0.442383 0.000000
vt 0.641026 0.000000
vt 0.504274 0.000000
vt 0.080315 0.000000
vt 0.094017 0.000000
vt 0.851327 0.000000
vt 0.418803 0.000000
vt 0.837168 0.000000
vt 0.830088 0.000000
vt 0.350427 0.000000
vt 0.350427 0.000000
vt 0.367091 0.000000
vt 0.171681 0.000000
vt 0.390244 0.000000
vt 0.823009 0.000000
vt 0.974823 0.000000
vt 0.281416 0.000000
vt 0.359660 0.000000
vt 0.295575 0.000000
vt 0.620088 0.000000
vt 0.426549 0.000000
vt 0.891986 0.000000
vt 0.405310 0.000000
vt 0.412389 0.000000
vt 0.564460 0.000000
vt 0.336094 0.000000
vt 0.331010 0.000000
vt 0.398230 0.000000
vt 0.391150 0.000000
vt 0.398230 0.000000
vt 0.592335 0.000000
vt 0.673531 0.000000
vt 0.384071 0.000000
vt 0.307957 0.000000
vt 0.080315 0.000000
vt 0.501742 0.000000
vt 0.275256 0.000000
vt 0.215569 0.000000
vt 0.240769 0.000000
vt 0.194965 0.000000
vt 0.161618 0.000000
vt 0.331186 0.000000
vt 0.419710 0.000000
vt 0.439440 0.000000
vt 0.324941 0.000000
vt 0.433962 0.000000
vt 0.584906 0.000000
vt 0.283019 0.000000
vt 0.023009 0.000000
vt 0.735849 0.000000
vt 0.425087 0.000000
vt 0.132075 0.000000
vt 0.745133 0.000000
vt 0.732743 0.000000
vt 0.405310 0.000000
vt 0.391150 0.000000
vt 0.994690 0.000000
vt 0.877876 0.000000
vt 0.279646 0.000000
vt 0.709050 0.000000
vt 0.696877 0.000000
vt 0.350365 0.000000
vt 0.245216 0.000000
vt 0.233339 0.000000
vt 0.934307 0.000000
vt 0.259753 0.000000
vt 0.665487 0.000000
vt 0.274639 0.000000
vt 0.453097 0.000000
vt 0.654867 0.000000
vt 0.412389 0.000000
vt 0.366029 0.000000
vt 0.350365 0.000000
vt 0.482759 0.000000
vt 0.193103 0.000000
vt 0.476043 0.000000
vt 0.742857 0.000000
vt 0.580952 0.000000
vt 0.580952 0.000000
vt 0.380952 0.000000
vt 0.352381 0.000000
vt 0.533333 0.000000
vt 0.609524 0.000000
vt 0.733333 0.000000
vt 0.276190 0.000000
vt 0.304762 0.000000
vt 0.809524 0.000000
vt 0.809524 0.000000
vt 0.885714 0.000000
vt 0.838095 0.000000
vt 0.152381 0.000000
vt 0.123810 0.000000
vt 0.914286 0.000000
vt 0.914286 0.000000
vt 0.047619 0.000000
vt 0.990476 0.000000
vt 0.990476 0.000000
vt 0.076190 0.000000
vt 0.132580 0.000000
vt 0.327526 0.000000
vt 0.327526 0.000000
vt 0.367091 0.000000
vt 0.170863 0.000000
vt 0.394965 0.000000
vt 0.974823 0.000000
vt 0.542564 0.000000
vt 0.406127 0.000000
vt 0.397891 0.000000
vt 0.378370 0.000000
vt 0.079560 0.000000
vt 0.076923 0.000000
vt 0.633433 0.000000
vt 0.372767 0.000000
vt 0.025177 0.000000
vt 0.921215 0.000000
vt 0.915243 0.000000
vt 0.820471 0.000000
vt 0.083742 0.000000
vt 0.110202 0.000000
vt 0.292677 0.000000
vt 0.921140 0.000000
vt 0.905114 0.000000
vt 0.878311 0.000000
vt 0.915846 0.000000
vt 0.064286 0.000000
vt 0.064286 0.000000
vt 0.305756 0.000000
vt 0.273489 0.000000
vt 0.121429 0.000000
vt 0.121429 0.000000
vt 0.178571 0.000000
vt 0.014286 0.000000
vt 0.474031 0.000000
vt 0.324172 0.000000
vt 0.314286 0.000000
vt 0.314106 0.000000
vt 0.313887 0.000000
vt 0.307143 0.000000
vt 0.432056 0.000000
vt 0.579849 0.000000
vt 0.352092 0.000000
vt 0.316118 0.000000
vt 0.325473 0.000000
vt 0.821581 0.000000
vt 0.594405 0.000000
vt 0.358491 0.000000
vt 0.358491 0.000000
vt 0.660377 0.000000
vt 0.899663 0.000000
vt 0.877236 0.000000
vt 0.811321 0.000000
vt 0.261269 0.000000
vt 0.276610 0.000000
vt 0.415094 0.000000
vt 0.415094 0.000000
vt 0.207547 0.000000
vt 0.207547 0.000000
vt 0.528302 0.000000
vt 0.566038 0.000000
vt 0.566038 0.000000
vt 0.716981 0.000000
vt 0.716981 0.000000
vt 0.264151 0.000000
vt 0.248276 0.000000
vt 0.113208 0.000000
vt 0.453008 0.000000
vt 0.391150 0.000000
vt 0.394965 0.000000
vt 0.290995 0.000000
vt 0.270073 0.000000
vt 0.613953 0.000000
vt 0.682927 0.000000
vt 0.732743 0.000000
vt 0.277876 0.000000
vt 0.292035 0.000000
vt 0.467257 0.000000
vt 0.255248 0.000000
vt 0.633628 0.000000
vt 0.025177 0.000000
vt 0.151909 0.000000
vt 0.438095 0.000000
vt 0.982376 0.000000
vt 0.683944 0.000000
vt 0.648066 0.000000
vt 0.613892 0.000000
vt 0.554098 0.000000
vt 0.506896 0.000000
vt 0.552758 0.000000
vt 0.400910 0.000000
vt 0.597778 0.000000
vt 0.570370 0.000000
vt 0.219425 0.000000
vt 0.217736 0.000000
vt 0.198942 0.000000
vt 0.969192 0.000000
vt 0.957271 0.000000
vt 0.292857 0.000000
vt 0.332693 0.000000
vt 0.386908 0.000000
vt 0.299501 0.000000
vt 0.296214 0.000000
vt 0.293760 0.000000
vt 0.569096 0.000000
vt 0.568120 0.000000
vt 0.501676 0.000000
vt 0.923077 0.000000
vt 0.210875 0.000000
vt 0.255979 0.000000
vt 0.130740 0.000000
vt 0.151909 0.000000
vt 0.122647 0.000000
vt 0.015549 0.000000
vt 0.000421 0.000000
vt 0.771865 0.000000
vt 0.659024 0.000000
vt 0.003597 0.000000
vt 0.004937 0.000000
vt 0.438372 0.979178
vt 0.408291 0.850235
vt 0.408757 0.849820
vt 0.400310 0.852486
vt 0.402754 0.849623
vt 0.403197 0.850055
vt 0.403663 0.850426
vt 0.407818 0.850574
vt 0.407337 0.850838
vt 0.404136 0.850723
vt 0.404617 0.850945
vt 0.406849 0.851026
vt 0.406354 0.851139
vt 0.405105 0.851094
vt 0.408824 0.870767
vt 0.408731 0.870777
vt 0.408639 0.870767
vt 0.408547 0.870743
vt 0.408916 0.870742
vt 0.408457 0.870706
vt 0.408368 0.870655
vt 0.409098 0.870651
vt 0.408281 0.870590
vt 0.408152 0.870466
vt 0.409276 0.870502
vt 0.408073 0.870368
vt 0.409361 0.870407
vt 0.409439 0.870300
vt 0.408000 0.870258
vt 0.407872 0.869999
vt 0.409573 0.870050
vt 0.407770 0.869693
vt 0.409678 0.869751
vt 0.407699 0.869363
vt 0.409761 0.869349
vt 0.407360 0.862659
vt 0.408234 0.864345
vt 0.409007 0.870704
vt 0.409187 0.870584
vt 0.409883 0.868063
vt 0.409556 0.865825
vt 0.409665 0.866200
vt 0.408672 0.864655
vt 0.409246 0.865214
vt 0.409417 0.865496
vt 0.409009 0.864945
vt 0.407151 0.861907
vt 0.406705 0.860857
vt 0.406452 0.860420
vt 0.406187 0.860069
vt 0.405892 0.859782
vt 0.405545 0.859536
vt 0.405149 0.859332
vt 0.404938 0.859252
vt 0.404726 0.859194
vt 0.404514 0.859160
vt 0.404301 0.859148
vt 0.402596 0.859825
vt 0.402591 0.859830
vt 0.409514 0.859719
vt 0.409281 0.859506
vt 0.409036 0.859325
vt 0.403021 0.859534
vt 0.403448 0.859323
vt 0.408781 0.859177
vt 0.408513 0.859062
vt 0.403875 0.859192
vt 0.404088 0.859159
vt 0.403388 0.865435
vt 0.403433 0.865429
vt 0.403524 0.865429
vt 0.403616 0.865444
vt 0.403298 0.865457
vt 0.403708 0.865474
vt 0.403799 0.865520
vt 0.403119 0.865546
vt 0.403889 0.865580
vt 0.403979 0.865655
vt 0.403030 0.865612
vt 0.404067 0.865745
vt 0.402941 0.865694
vt 0.404187 0.865901
vt 0.402778 0.865895
vt 0.404259 0.866020
vt 0.404382 0.866291
vt 0.402644 0.866144
vt 0.404477 0.866604
vt 0.402540 0.866440
vt 0.404537 0.866930
vt 0.404987 0.873395
vt 0.403783 0.871178
vt 0.403208 0.865494
vt 0.402856 0.865788
vt 0.402326 0.869180
vt 0.402256 0.867915
vt 0.402454 0.869808
vt 0.402375 0.869509
vt 0.402702 0.870328
vt 0.402561 0.870079
vt 0.403098 0.870785
vt 0.402881 0.870564
vt 0.403446 0.871045
vt 0.403331 0.870973
vt 0.403672 0.871148
vt 0.403560 0.871104
vt 0.404139 0.878284
vt 0.403783 0.876877
vt 0.404514 0.878221
vt 0.406052 0.875965
vt 0.405600 0.875274
vt 0.405245 0.874417
vt 0.404622 0.883040
vt 0.404918 0.882999
vt 0.403442 0.884028
vt 0.411419 0.882994
vt 0.403076 0.887436
vt 0.404106 0.883242
vt 0.404352 0.883121
vt 0.403784 0.883500
vt 0.403993 0.883318
vt 0.403518 0.883860
vt 0.403600 0.883723
vt 0.403313 0.884459
vt 0.403211 0.885015
vt 0.403302 0.889467
vt 0.403134 0.888553
vt 0.404757 0.891067
vt 0.403427 0.889848
vt 0.403580 0.890178
vt 0.403968 0.890686
vt 0.403760 0.890457
vt 0.404466 0.890991
vt 0.404204 0.890864
vt 0.411419 0.891092
vt 0.405814 0.875640
vt 0.406305 0.876243
vt 0.406564 0.876471
vt 0.406829 0.876649
vt 0.407099 0.876775
vt 0.407237 0.876820
vt 0.411419 0.878186
vt 0.407658 0.876877
vt 0.407375 0.876851
vt 0.407516 0.876870
vt 0.407939 0.876863
vt 0.408213 0.876822
vt 0.408479 0.876754
vt 0.408738 0.876660
vt 0.408989 0.876537
vt 0.409233 0.876388
vt 0.409470 0.876202
vt 0.409704 0.875969
vt 0.409932 0.875689
vt 0.410375 0.874989
vt 0.410886 0.873856
vt 0.411214 0.872759
vt 0.438372 0.879756
vt 0.411713 0.869287
vt 0.438372 0.881065
vt 0.411705 0.867118
vt 0.438372 0.865108
vt 0.438372 0.894723
vt 0.438652 0.894723
vt 0.439368 0.896769
vt 0.439652 0.896504
vt 0.411419 0.895900
vt 0.439119 0.897094
vt 0.438408 0.899602
vt 0.438905 0.897478
vt 0.438727 0.897920
vt 0.404572 0.895896
vt 0.403539 0.897209
vt 0.438585 0.898422
vt 0.403861 0.895793
vt 0.404208 0.895862
vt 0.411419 0.905412
vt 0.403539 0.905412
vt 0.411419 0.910867
vt 0.438372 0.919453
vt 0.440362 0.920553
vt 0.440362 0.927482
vt 0.411293 0.918349
vt 0.403542 0.912838
vt 0.402903 0.913311
vt 0.400590 0.910866
vt 0.404249 0.912468
vt 0.438372 0.928581
vt 0.411544 0.923719
vt 0.411552 0.920818
vt 0.405022 0.912202
vt 0.404288 0.917757
vt 0.404636 0.917474
vt 0.406916 0.917412
vt 0.405022 0.917228
vt 0.406916 0.912176
vt 0.403976 0.918077
vt 0.411419 0.933398
vt 0.438372 0.934891
vt 0.403702 0.918434
vt 0.408378 0.919135
vt 0.403264 0.919262
vt 0.403464 0.918829
vt 0.402779 0.921170
vt 0.402961 0.920189
vt 0.408754 0.921156
vt 0.408613 0.920133
vt 0.402795 0.923208
vt 0.402718 0.922202
vt 0.408801 0.922202
vt 0.408729 0.923201
vt 0.403408 0.925182
vt 0.403025 0.924202
vt 0.408155 0.925117
vt 0.408514 0.924173
vt 0.403810 0.925822
vt 0.403663 0.925629
vt 0.404962 0.926558
vt 0.406279 0.926571
vt 0.405199 0.926610
vt 0.404143 0.926148
vt 0.403970 0.925995
vt 0.404527 0.926393
vt 0.404328 0.926281
vt 0.404738 0.926486
vt 0.405712 0.926653
vt 0.406782 0.926420
vt 0.407221 0.926199
vt 0.407010 0.926318
vt 0.407908 0.925547
vt 0.407597 0.925908
vt 0.407417 0.926062
vt 0.407760 0.925737
vt 0.408039 0.925341
vt 0.408027 0.918286
vt 0.408219 0.918676
vt 0.407674 0.917829
vt 0.407800 0.917964
vt 0.407397 0.917611
vt 0.407540 0.917711
vt 0.407085 0.917461
vt 0.407245 0.917527
vt 0.438372 0.939585
vt 0.411419 0.937596
vt 0.411215 0.926374
vt 0.438538 0.940021
vt 0.438372 0.947806
vt 0.438725 0.940386
vt 0.438935 0.940681
vt 0.439699 0.941139
vt 0.441529 0.941357
vt 0.442246 0.942331
vt 0.441652 0.941389
vt 0.442094 0.941767
vt 0.442192 0.942020
vt 0.441762 0.941436
vt 0.441862 0.941497
vt 0.441951 0.941572
vt 0.442028 0.941662
vt 0.442149 0.941886
vt 0.442256 0.947806
vt 0.439558 0.941107
vt 0.439422 0.941057
vt 0.439292 0.940989
vt 0.439167 0.940904
vt 0.439049 0.940801
vt 0.407662 0.912463
vt 0.411419 0.951401
vt 0.408342 0.912849
vt 0.408958 0.913336
vt 0.438372 0.959910
vt 0.411312 0.959481
vt 0.438372 0.966620
vt 0.438652 0.966773
vt 0.411419 0.945362
vt 0.411640 0.963248
vt 0.409510 0.913922
vt 0.409996 0.914608
vt 0.410895 0.967790
vt 0.411293 0.980403
vt 0.410417 0.915393
vt 0.410774 0.916279
vt 0.438372 0.994144
vt 0.411544 0.985773
vt 0.411599 0.961555
vt 0.410928 0.927513
vt 0.410559 0.928526
vt 0.410108 0.929413
vt 0.411139 0.933398
vt 0.408959 0.930809
vt 0.409574 0.930174
vt 0.449481 0.988690
vt 0.441601 0.988690
vt 0.441601 0.980487
vt 0.449481 0.979178
vt 0.404708 0.937596
vt 0.411458 0.965340
vt 0.403429 0.953634
vt 0.402967 0.954041
vt 0.400590 0.951401
vt 0.403898 0.953302
vt 0.449481 0.967886
vt 0.441444 0.963261
vt 0.449481 0.958662
vt 0.476435 0.959150
vt 0.476435 0.951777
vt 0.476435 0.937709
vt 0.449490 0.939490
vt 0.449300 0.938197
vt 0.476435 0.959529
vt 0.476435 0.945066
vt 0.476435 0.974178
vt 0.476566 0.982188
vt 0.449481 0.994144
vt 0.476435 0.994144
vt 0.404375 0.953043
vt 0.404860 0.952858
vt 0.443620 0.937949
vt 0.443451 0.939114
vt 0.443367 0.938420
vt 0.443416 0.939114
vt 0.443753 0.937439
vt 0.443264 0.937795
vt 0.443919 0.936978
vt 0.443107 0.937238
vt 0.444116 0.936566
vt 0.442896 0.936750
vt 0.444346 0.936202
vt 0.442630 0.936332
vt 0.444608 0.935887
vt 0.442310 0.935981
vt 0.444902 0.935620
vt 0.441936 0.935700
vt 0.445228 0.935402
vt 0.441508 0.935488
vt 0.445587 0.935232
vt 0.441026 0.935344
vt 0.445978 0.935111
vt 0.449481 0.927403
vt 0.440489 0.935270
vt 0.446401 0.935039
vt 0.439899 0.935264
vt 0.439254 0.935327
vt 0.439091 0.935312
vt 0.438641 0.935129
vt 0.438935 0.935275
vt 0.438785 0.935214
vt 0.438504 0.935022
vt 0.449481 0.920719
vt 0.449202 0.920566
vt 0.446837 0.935107
vt 0.447241 0.935230
vt 0.447612 0.935409
vt 0.447950 0.935642
vt 0.448256 0.935930
vt 0.448530 0.936274
vt 0.448771 0.936672
vt 0.448980 0.937126
vt 0.476435 0.922682
vt 0.476435 0.921373
vt 0.476435 0.908060
vt 0.476435 0.907716
vt 0.405352 0.952747
vt 0.405851 0.952710
vt 0.448537 0.896769
vt 0.448248 0.896504
vt 0.449481 0.894722
vt 0.476229 0.895054
vt 0.476187 0.896744
vt 0.449308 0.898422
vt 0.476315 0.898450
vt 0.449462 0.899602
vt 0.448788 0.897094
vt 0.448999 0.897478
vt 0.476715 0.900520
vt 0.477223 0.902101
vt 0.449173 0.897920
vt 0.477869 0.903469
vt 0.478243 0.904063
vt 0.478867 0.904842
vt 0.479322 0.905285
vt 0.479788 0.905656
vt 0.479664 0.907716
vt 0.480261 0.905953
vt 0.480273 0.905959
vt 0.487544 0.921373
vt 0.479219 0.922682
vt 0.487544 0.922682
vt 0.484926 0.922682
vt 0.484926 0.932910
vt 0.483268 0.923825
vt 0.483268 0.932910
vt 0.406103 0.952720
vt 0.406602 0.952796
vt 0.407094 0.952948
vt 0.407578 0.953176
vt 0.408055 0.953481
vt 0.408525 0.953861
vt 0.408984 0.954316
vt 0.409611 0.955109
vt 0.410324 0.956369
vt 0.410895 0.957859
vt 0.410774 0.978333
vt 0.410324 0.969283
vt 0.410417 0.977448
vt 0.409996 0.976662
vt 0.409611 0.970541
vt 0.409510 0.975976
vt 0.409202 0.971082
vt 0.408757 0.971564
vt 0.408958 0.975390
vt 0.408291 0.971979
vt 0.408342 0.974904
vt 0.407818 0.972318
vt 0.407337 0.972582
vt 0.407662 0.974517
vt 0.406849 0.972770
vt 0.406916 0.974230
vt 0.406354 0.972883
vt 0.406103 0.972911
vt 0.405022 0.974256
vt 0.405117 0.972839
vt 0.405601 0.972912
vt 0.405022 0.979282
vt 0.404458 0.979562
vt 0.404636 0.979454
vt 0.406916 0.979466
vt 0.403834 0.980139
vt 0.404127 0.979821
vt 0.403359 0.980950
vt 0.403578 0.980515
vt 0.408378 0.981189
vt 0.402855 0.982696
vt 0.403097 0.981685
vt 0.408613 0.982188
vt 0.402718 0.984257
vt 0.402779 0.983210
vt 0.408801 0.984257
vt 0.408754 0.983210
vt 0.403025 0.986256
vt 0.402795 0.985263
vt 0.408729 0.985255
vt 0.403663 0.987684
vt 0.403408 0.987237
vt 0.406279 0.988626
vt 0.408155 0.987171
vt 0.406782 0.988474
vt 0.403970 0.988050
vt 0.403810 0.987877
vt 0.404962 0.988612
vt 0.405199 0.988664
vt 0.404329 0.988335
vt 0.404143 0.988203
vt 0.404738 0.988540
vt 0.404527 0.988448
vt 0.405712 0.988707
vt 0.407010 0.988373
vt 0.408039 0.987395
vt 0.407417 0.988117
vt 0.407221 0.988253
vt 0.407908 0.987602
vt 0.407760 0.987791
vt 0.407597 0.987962
vt 0.408514 0.986227
vt 0.408219 0.980730
vt 0.407801 0.980019
vt 0.408027 0.980340
vt 0.407540 0.979766
vt 0.407674 0.979884
vt 0.407245 0.979582
vt 0.407397 0.979665
vt 0.407085 0.979515
vt 0.480929 0.923852
vt 0.480947 0.932910
vt 0.479210 0.932910
vt 0.487544 0.937709
vt 0.487544 0.939018
vt 0.476715 0.951929
vt 0.487544 0.957841
vt 0.484926 0.959150
vt 0.487544 0.959150
vt 0.484926 0.969378
vt 0.483268 0.960294
vt 0.483268 0.969378
vt 0.483268 0.969149
vt 0.411552 0.982872
vt 0.411215 0.988428
vt 0.410928 0.989567
vt 0.410559 0.990580
vt 0.410108 0.991467
vt 0.409574 0.992228
vt 0.408959 0.992863
vt 0.408261 0.993372
vt 0.407482 0.993755
vt 0.406620 0.994012
vt 0.405677 0.994144
vt 0.480929 0.960320
vt 0.480947 0.969378
vt 0.479210 0.969120
vt 0.479210 0.969378
vt 0.479219 0.959150
vt 0.375000 1.000000
vt 0.401134 0.990580
vt 0.401553 0.991467
vt 0.600688 0.992256
vt 0.601199 0.991123
vt 0.625000 1.000000
vt 0.600244 0.992956
vt 0.402050 0.992228
vt 0.402622 0.992863
vt 0.600016 0.993236
vt 0.599783 0.993469
vt 0.403271 0.993372
vt 0.403997 0.993755
vt 0.599545 0.993655
vt 0.599302 0.993804
vt 0.404799 0.994012
vt 0.599050 0.993927
vt 0.598792 0.994022
vt 0.598525 0.994089
vt 0.598251 0.994130
vt 0.597970 0.994144
vt 0.597828 0.994137
vt 0.594096 0.994144
vt 0.597688 0.994118
vt 0.476763 0.980924
vt 0.594789 0.983871
vt 0.594849 0.984197
vt 0.592852 0.983707
vt 0.595300 0.990662
vt 0.594096 0.988445
vt 0.594571 0.983287
vt 0.594694 0.983558
vt 0.592957 0.983411
vt 0.594421 0.983061
vt 0.594499 0.983168
vt 0.593168 0.983055
vt 0.593091 0.983162
vt 0.594246 0.982882
vt 0.594336 0.982965
vt 0.593253 0.982961
vt 0.594066 0.982762
vt 0.594157 0.982815
vt 0.593521 0.982761
vt 0.593431 0.982813
vt 0.593883 0.982702
vt 0.593975 0.982725
vt 0.593700 0.982702
vt 0.593790 0.982695
vt 0.593610 0.982724
vt 0.593342 0.982879
vt 0.592568 0.985182
vt 0.592688 0.986776
vt 0.592638 0.986447
vt 0.592874 0.987346
vt 0.592766 0.987075
vt 0.593194 0.987831
vt 0.593015 0.987595
vt 0.593644 0.988240
vt 0.593410 0.988053
vt 0.593872 0.988371
vt 0.593759 0.988312
vt 0.593984 0.988415
vt 0.595558 0.991684
vt 0.595913 0.992541
vt 0.596126 0.992907
vt 0.596364 0.993232
vt 0.596618 0.993510
vt 0.596877 0.993739
vt 0.597141 0.993916
vt 0.597412 0.994042
vt 0.597549 0.994087
vt 0.487544 0.974177
vt 0.485151 0.976445
vt 0.484574 0.976064
vt 0.483936 0.975777
vt 0.593896 0.994133
vt 0.593704 0.994101
vt 0.557927 0.994144
vt 0.483235 0.975585
vt 0.482474 0.975487
vt 0.595417 0.974853
vt 0.595038 0.976461
vt 0.594826 0.976427
vt 0.594929 0.974705
vt 0.594614 0.976415
vt 0.594449 0.974482
vt 0.594401 0.976426
vt 0.593975 0.974186
vt 0.593760 0.976590
vt 0.594187 0.976460
vt 0.593510 0.973815
vt 0.593334 0.976801
vt 0.593055 0.973372
vt 0.592909 0.977092
vt 0.592431 0.972592
vt 0.592696 0.977278
vt 0.592057 0.971998
vt 0.592057 0.978083
vt 0.592484 0.977506
vt 0.591410 0.970631
vt 0.591630 0.978824
vt 0.590903 0.969049
vt 0.563024 0.978333
vt 0.563890 0.963248
vt 0.590383 0.965383
vt 0.563765 0.964925
vt 0.590503 0.966980
vt 0.563374 0.966980
vt 0.590965 0.980345
vt 0.562667 0.977448
vt 0.562877 0.968566
vt 0.562235 0.969942
vt 0.561862 0.970541
vt 0.562246 0.976662
vt 0.561760 0.975976
vt 0.590775 0.981010
vt 0.563543 0.980403
vt 0.590492 0.982908
vt 0.561234 0.971330
vt 0.590422 0.985827
vt 0.563802 0.982872
vt 0.561208 0.975390
vt 0.560775 0.971781
vt 0.560592 0.974904
vt 0.590736 0.989143
vt 0.563794 0.985773
vt 0.560305 0.972158
vt 0.591017 0.990505
vt 0.563178 0.989567
vt 0.559912 0.974517
vt 0.559828 0.972459
vt 0.591194 0.991081
vt 0.559344 0.972685
vt 0.591411 0.991614
vt 0.562809 0.990580
vt 0.558852 0.972836
vt 0.559166 0.974230
vt 0.591685 0.992130
vt 0.562358 0.991467
vt 0.558353 0.972911
vt 0.592014 0.992630
vt 0.557272 0.974256
vt 0.557367 0.972839
vt 0.557851 0.972912
vt 0.592699 0.993458
vt 0.561824 0.992228
vt 0.557272 0.979282
vt 0.556708 0.979562
vt 0.556886 0.979454
vt 0.559166 0.979466
vt 0.556084 0.980139
vt 0.556377 0.979821
vt 0.555609 0.980950
vt 0.555828 0.980515
vt 0.560628 0.981189
vt 0.555105 0.982696
vt 0.555347 0.981685
vt 0.560863 0.982188
vt 0.554968 0.984257
vt 0.555029 0.983210
vt 0.561051 0.984257
vt 0.561004 0.983210
vt 0.555275 0.986256
vt 0.555045 0.985263
vt 0.560979 0.985255
vt 0.555913 0.987684
vt 0.555658 0.987237
vt 0.558529 0.988626
vt 0.560405 0.987171
vt 0.556220 0.988050
vt 0.556060 0.987877
vt 0.557212 0.988612
vt 0.557449 0.988664
vt 0.556578 0.988335
vt 0.556393 0.988203
vt 0.556988 0.988540
vt 0.556777 0.988448
vt 0.557962 0.988707
vt 0.559260 0.988373
vt 0.559032 0.988474
vt 0.560289 0.987395
vt 0.559667 0.988117
vt 0.559471 0.988253
vt 0.560158 0.987602
vt 0.560010 0.987791
vt 0.559847 0.987963
vt 0.560764 0.986227
vt 0.560469 0.980731
vt 0.560051 0.980019
vt 0.560277 0.980340
vt 0.559790 0.979766
vt 0.559924 0.979884
vt 0.559495 0.979582
vt 0.559647 0.979665
vt 0.559335 0.979515
vt 0.593018 0.993755
vt 0.561209 0.992863
vt 0.593177 0.993874
vt 0.481489 0.975563
vt 0.480592 0.975771
vt 0.479783 0.976111
vt 0.479061 0.976583
vt 0.478426 0.977187
vt 0.563465 0.988428
vt 0.593345 0.993971
vt 0.560511 0.993372
vt 0.593521 0.994047
vt 0.559732 0.993755
vt 0.477879 0.977923
vt 0.477420 0.978791
vt 0.477048 0.979792
vt 0.487544 0.982895
vt 0.514378 0.986187
vt 0.514291 0.982791
vt 0.514250 0.984481
vt 0.558870 0.994012
vt 0.514778 0.988257
vt 0.515285 0.989838
vt 0.515932 0.991205
vt 0.520291 0.994134
vt 0.516306 0.991799
vt 0.516713 0.992334
vt 0.525828 0.984471
vt 0.552467 0.985773
vt 0.525646 0.986563
vt 0.552773 0.988428
vt 0.525083 0.989013
vt 0.553040 0.989567
vt 0.553383 0.990580
vt 0.524512 0.990506
vt 0.553803 0.991467
vt 0.523799 0.991764
vt 0.554300 0.992228
vt 0.523172 0.992553
vt 0.554872 0.992863
vt 0.522713 0.993004
vt 0.522243 0.993381
vt 0.555521 0.993372
vt 0.521766 0.993682
vt 0.556247 0.993755
vt 0.521281 0.993908
vt 0.557049 0.994012
vt 0.517155 0.992809
vt 0.517385 0.993022
vt 0.520790 0.994059
vt 0.517850 0.993393
vt 0.518324 0.993690
vt 0.518804 0.993912
vt 0.439973 0.896297
vt 0.447920 0.896297
vt 0.447554 0.896150
vt 0.440329 0.896149
vt 0.440720 0.896061
vt 0.447150 0.896061
vt 0.446706 0.896031
vt 0.441147 0.896031
vt 0.445858 0.896139
vt 0.441592 0.896058
vt 0.441998 0.896139
vt 0.446263 0.896058
vt 0.445492 0.896274
vt 0.442365 0.896274
vt 0.442694 0.896462
vt 0.445165 0.896462
vt 0.442984 0.896704
vt 0.444875 0.896704
vt 0.443235 0.897000
vt 0.444625 0.897000
vt 0.443448 0.897350
vt 0.444413 0.897350
vt 0.443622 0.897753
vt 0.444240 0.897753
vt 0.443757 0.898211
vt 0.443931 0.899906
vt 0.479554 0.887121
vt 0.478867 0.887757
vt 0.476715 0.884888
vt 0.485097 0.887791
vt 0.484650 0.887348
vt 0.484180 0.886967
vt 0.480024 0.886788
vt 0.480500 0.886529
vt 0.483703 0.886663
vt 0.483219 0.886435
vt 0.480985 0.886344
vt 0.481477 0.886234
vt 0.482727 0.886282
vt 0.525606 0.954909
vt 0.561222 0.954304
vt 0.560775 0.953862
vt 0.560305 0.953481
vt 0.555679 0.953634
vt 0.554992 0.954270
vt 0.552840 0.951401
vt 0.556148 0.953302
vt 0.559828 0.953176
vt 0.559344 0.952948
vt 0.556625 0.953043
vt 0.557110 0.952858
vt 0.559099 0.952863
vt 0.558604 0.952748
vt 0.557602 0.952747
vt 0.593742 0.955650
vt 0.593055 0.956286
vt 0.590902 0.953417
vt 0.599285 0.956320
vt 0.598837 0.955877
vt 0.598368 0.955497
vt 0.594211 0.955317
vt 0.594688 0.955059
vt 0.597891 0.955192
vt 0.597406 0.954964
vt 0.595172 0.954874
vt 0.595664 0.954763
vt 0.596915 0.954812
vt 0.601731 0.930955
vt 0.590622 0.909802
vt 0.590622 0.862792
vt 0.483434 0.847996
vt 0.476715 0.846631
vt 0.482558 0.848094
vt 0.485872 0.848638
vt 0.485685 0.848468
vt 0.480940 0.849223
vt 0.480932 0.849235
vt 0.481317 0.848782
vt 0.485481 0.848322
vt 0.485266 0.848202
vt 0.481531 0.848585
vt 0.481762 0.848418
vt 0.485039 0.848111
vt 0.484801 0.848046
vt 0.482010 0.848281
vt 0.482275 0.848173
vt 0.484551 0.848009
vt 0.487544 0.865759
vt 0.485870 0.867764
vt 0.485585 0.867520
vt 0.485375 0.867387
vt 0.480940 0.868351
vt 0.480932 0.868363
vt 0.481317 0.867910
vt 0.485154 0.867282
vt 0.485039 0.867239
vt 0.481531 0.867714
vt 0.481762 0.867547
vt 0.484801 0.867175
vt 0.484551 0.867138
vt 0.482010 0.867409
vt 0.482275 0.867301
vt 0.482858 0.867173
vt 0.484021 0.867111
vt 0.517645 0.914636
vt 0.525606 0.934786
vt 0.525606 0.936095
vt 0.522299 0.942299
vt 0.525606 0.929602
vt 0.517485 0.901908
vt 0.517575 0.901886
vt 0.517620 0.901880
vt 0.517712 0.901880
vt 0.517804 0.901895
vt 0.517896 0.901925
vt 0.517987 0.901970
vt 0.517396 0.901945
vt 0.518077 0.902030
vt 0.517306 0.901996
vt 0.518166 0.902106
vt 0.517217 0.902063
vt 0.518254 0.902195
vt 0.517128 0.902144
vt 0.518374 0.902352
vt 0.516966 0.902346
vt 0.518446 0.902471
vt 0.518569 0.902742
vt 0.516832 0.902594
vt 0.516727 0.902891
vt 0.518664 0.903054
vt 0.518724 0.903380
vt 0.518736 0.903543
vt 0.519175 0.909846
vt 0.517971 0.907629
vt 0.517069 0.907014
vt 0.516641 0.906259
vt 0.516749 0.906529
vt 0.517043 0.902239
vt 0.516513 0.905631
vt 0.516443 0.904365
vt 0.516563 0.905959
vt 0.516890 0.906779
vt 0.517286 0.907236
vt 0.517631 0.907494
vt 0.517519 0.907423
vt 0.517747 0.907554
vt 0.517633 0.907496
vt 0.517859 0.907599
vt 0.517971 0.913327
vt 0.517726 0.922839
vt 0.521703 0.913321
vt 0.520751 0.912922
vt 0.521424 0.913270
vt 0.521563 0.913302
vt 0.525606 0.922839
vt 0.521845 0.913327
vt 0.521287 0.913226
vt 0.520239 0.912415
vt 0.520001 0.912091
vt 0.518810 0.959763
vt 0.519105 0.959723
vt 0.517630 0.960752
vt 0.525606 0.959718
vt 0.517264 0.964159
vt 0.525606 0.967816
vt 0.518294 0.959966
vt 0.518539 0.959844
vt 0.517971 0.960224
vt 0.518180 0.960042
vt 0.517705 0.960583
vt 0.517787 0.960446
vt 0.517500 0.961183
vt 0.517399 0.961739
vt 0.517490 0.966191
vt 0.517322 0.965277
vt 0.518944 0.967790
vt 0.517320 0.965248
vt 0.517615 0.966572
vt 0.517948 0.967181
vt 0.517768 0.966902
vt 0.518391 0.967587
vt 0.518156 0.967410
vt 0.518654 0.967714
vt 0.519539 0.973970
vt 0.520039 0.973933
vt 0.520291 0.973943
vt 0.525606 0.972624
vt 0.521281 0.974171
vt 0.520790 0.974019
vt 0.521766 0.974399
vt 0.522243 0.974704
vt 0.522713 0.975084
vt 0.523172 0.975539
vt 0.523799 0.976332
vt 0.524512 0.977592
vt 0.525083 0.979082
vt 0.525500 0.980704
vt 0.525786 0.982778
vt 0.552732 0.980366
vt 0.553640 0.977402
vt 0.553348 0.968615
vt 0.553994 0.969982
vt 0.552463 0.982857
vt 0.553270 0.978287
vt 0.552840 0.967034
vt 0.552312 0.963258
vt 0.552568 0.959833
vt 0.552440 0.964964
vt 0.552560 0.951401
vt 0.554077 0.976620
vt 0.525606 0.953160
vt 0.552560 0.947143
vt 0.554582 0.975941
vt 0.554368 0.970576
vt 0.555153 0.975365
vt 0.554992 0.971356
vt 0.555447 0.971799
vt 0.552355 0.961524
vt 0.552560 0.933398
vt 0.555792 0.974893
vt 0.556867 0.972689
vt 0.556499 0.974523
vt 0.556386 0.972467
vt 0.557355 0.972837
vt 0.552560 0.926051
vt 0.552952 0.958188
vt 0.555913 0.972170
vt 0.552560 0.939647
vt 0.519433 0.910868
vt 0.519788 0.911725
vt 0.553497 0.956646
vt 0.520493 0.912694
vt 0.554177 0.955338
vt 0.554568 0.954774
vt 0.521016 0.913099
vt 0.559489 0.947143
vt 0.560361 0.926051
vt 0.522126 0.913314
vt 0.522400 0.913273
vt 0.552560 0.898248
vt 0.525901 0.905738
vt 0.525074 0.910307
vt 0.524119 0.912140
vt 0.523891 0.912419
vt 0.552560 0.896939
vt 0.525372 0.899441
vt 0.524563 0.911439
vt 0.522667 0.913205
vt 0.522925 0.913110
vt 0.552560 0.891607
vt 0.525127 0.898536
vt 0.552560 0.885856
vt 0.555291 0.888736
vt 0.558101 0.886039
vt 0.552560 0.880533
vt 0.560362 0.879224
vt 0.524328 0.896960
vt 0.523701 0.896170
vt 0.525402 0.909210
vt 0.523177 0.912988
vt 0.523420 0.912839
vt 0.523658 0.912652
vt 0.560361 0.873185
vt 0.552560 0.873185
vt 0.522968 0.895628
vt 0.525892 0.903568
vt 0.522421 0.895429
vt 0.524991 0.898178
vt 0.552560 0.845383
vt 0.487544 0.853472
vt 0.524684 0.897548
vt 0.557072 0.855610
vt 0.555335 0.855610
vt 0.557054 0.846552
vt 0.555344 0.845383
vt 0.523922 0.896415
vt 0.559393 0.846526
vt 0.523468 0.895957
vt 0.523224 0.895776
vt 0.523462 0.895952
vt 0.522700 0.895512
vt 0.518701 0.895610
vt 0.518914 0.895645
vt 0.522421 0.900796
vt 0.522859 0.901106
vt 0.521886 0.905814
vt 0.523197 0.901395
vt 0.523744 0.902275
vt 0.523852 0.902650
vt 0.523433 0.901664
vt 0.523604 0.901946
vt 0.524070 0.904514
vt 0.523948 0.905799
vt 0.521957 0.906144
vt 0.523865 0.906202
vt 0.523761 0.906501
vt 0.522060 0.906450
vt 0.523627 0.906751
vt 0.522187 0.906708
vt 0.523549 0.906858
vt 0.523464 0.906953
vt 0.522340 0.906917
vt 0.523375 0.907034
vt 0.522468 0.907040
vt 0.523285 0.907102
vt 0.523194 0.907154
vt 0.522556 0.907105
vt 0.523103 0.907193
vt 0.522735 0.907194
vt 0.523011 0.907218
vt 0.522826 0.907218
vt 0.522919 0.907228
vt 0.522645 0.907157
vt 0.522260 0.906819
vt 0.521562 0.899199
vt 0.521481 0.898814
vt 0.521339 0.898358
vt 0.520893 0.897307
vt 0.520639 0.896871
vt 0.518489 0.895598
vt 0.520375 0.896520
vt 0.520079 0.896233
vt 0.519733 0.895987
vt 0.519336 0.895783
vt 0.519125 0.895702
vt 0.518276 0.895609
vt 0.518062 0.895643
vt 0.517635 0.895774
vt 0.487544 0.872601
vt 0.517209 0.895985
vt 0.487205 0.870240
vt 0.516784 0.896276
vt 0.516571 0.896462
vt 0.516359 0.896689
vt 0.515932 0.897267
vt 0.487249 0.900467
vt 0.514297 0.905011
vt 0.486752 0.902053
vt 0.561051 0.855610
vt 0.559393 0.855610
vt 0.561051 0.845383
vt 0.517579 0.913284
vt 0.517396 0.913230
vt 0.514497 0.914636
vt 0.517052 0.913058
vt 0.517220 0.913155
vt 0.516893 0.912939
vt 0.516574 0.912642
vt 0.515889 0.911813
vt 0.515560 0.911314
vt 0.515286 0.910797
vt 0.515069 0.910264
vt 0.514897 0.909703
vt 0.514892 0.909688
vt 0.514611 0.908327
vt 0.487544 0.915919
vt 0.487544 0.943818
vt 0.514497 0.947562
vt 0.487544 0.953042
vt 0.515131 0.958366
vt 0.522299 0.947562
vt 0.518701 0.954945
vt 0.522299 0.953600
vt 0.518326 0.955008
vt 0.517968 0.955102
vt 0.517628 0.955228
vt 0.517305 0.955386
vt 0.516854 0.955680
vt 0.516576 0.955914
vt 0.516316 0.956177
vt 0.515850 0.956792
vt 0.515457 0.957523
vt 0.514680 0.960379
vt 0.514488 0.962820
vt 0.518395 0.972586
vt 0.518759 0.972620
vt 0.518563 0.974266
vt 0.518048 0.972517
vt 0.518086 0.974525
vt 0.517718 0.972413
vt 0.517617 0.974857
vt 0.517405 0.972276
vt 0.516967 0.972005
vt 0.516930 0.975493
vt 0.516696 0.971783
vt 0.516505 0.975997
vt 0.516441 0.971529
vt 0.516115 0.976561
vt 0.516201 0.971245
vt 0.515434 0.977869
vt 0.515771 0.970584
vt 0.514890 0.979411
vt 0.515404 0.969800
vt 0.515098 0.968899
vt 0.514506 0.981055
vt 0.514292 0.982747
vt 0.487316 0.980716
vt 0.487109 0.979769
vt 0.514854 0.967883
vt 0.514549 0.965524
vt 0.486841 0.978915
vt 0.486511 0.978156
vt 0.486119 0.977491
vt 0.485666 0.976921
vt 0.514367 0.902092
vt 0.479507 0.948417
vt 0.514650 0.900194
vt 0.487640 0.898411
vt 0.514840 0.899528
vt 0.487766 0.896734
vt 0.515505 0.898008
vt 0.487724 0.895042
vt 0.484882 0.905050
vt 0.484416 0.905465
vt 0.487437 0.892967
vt 0.485327 0.904569
vt 0.485736 0.904028
vt 0.486110 0.903428
vt 0.486127 0.903394
vt 0.479664 0.915919
vt 0.479664 0.915713
vt 0.482479 0.906370
vt 0.480742 0.906175
vt 0.481230 0.906324
vt 0.483943 0.905804
vt 0.481726 0.906398
vt 0.482228 0.906398
vt 0.482974 0.906257
vt 0.483462 0.906068
vt 0.487020 0.891345
vt 0.486449 0.889855
vt 0.485736 0.888595
vt 0.485109 0.887802
vt 0.487044 0.869718
vt 0.486820 0.869171
vt 0.486544 0.868643
vt 0.486230 0.868176
vt 0.485877 0.867771
vt 0.487205 0.851111
vt 0.487044 0.850589
vt 0.486820 0.850043
vt 0.486544 0.849515
vt 0.486230 0.849048
vt 0.485877 0.848642
vt 0.487544 0.846252
vt 0.487544 0.831604
vt 0.487544 0.777691
vt 0.487544 0.830294
vt 0.487544 0.823636
vt 0.487544 0.773494
vt 0.487544 0.815678
vt 0.481741 0.819666
vt 0.487544 0.809141
vt 0.563669 0.845383
vt 0.487544 0.807832
vt 0.487544 0.792805
vt 0.487544 0.791496
vt 0.487544 0.791344
vt 0.487544 0.785458
vt 0.480833 0.777691
vt 0.481002 0.777691
vt 0.487544 0.754679
vt 0.484236 0.754679
vt 0.484236 0.760884
vt 0.476435 0.760884
vt 0.476435 0.766146
vt 0.484236 0.766146
vt 0.484236 0.772184
vt 0.476435 0.773494
vt 0.563643 0.885856
vt 0.563643 0.880533
vt 0.590622 0.883221
vt 0.563669 0.913275
vt 0.590622 0.913956
vt 0.563669 0.914584
vt 0.563643 0.891607
vt 0.560789 0.888736
vt 0.563669 0.898248
vt 0.563643 0.896939
vt 0.590622 0.894513
vt 0.590622 0.922281
vt 0.563669 0.932089
vt 0.590622 0.926749
vt 0.590622 0.918450
vt 0.476435 0.779742
vt 0.483364 0.787238
vt 0.476435 0.787238
vt 0.563669 0.945363
vt 0.556958 0.937596
vt 0.563669 0.937596
vt 0.561234 0.954316
vt 0.561861 0.955109
vt 0.562574 0.956369
vt 0.563145 0.957859
vt 0.563562 0.959481
vt 0.563849 0.961555
vt 0.590631 0.961848
vt 0.590622 0.953417
vt 0.590375 0.965274
vt 0.590417 0.963540
vt 0.591015 0.960204
vt 0.590622 0.949211
vt 0.590622 0.944743
vt 0.590622 0.940912
vt 0.590622 0.936418
vt 0.591559 0.958662
vt 0.592240 0.957354
vt 0.592630 0.956790
vt 0.590622 0.903641
vt 0.563669 0.861719
vt 0.590622 0.868944
vt 0.563669 0.860410
vt 0.597639 0.949211
vt 0.597639 0.936418
vt 0.590622 0.847765
vt 0.597639 0.926749
vt 0.597639 0.913956
vt 0.592612 0.895612
vt 0.592612 0.902541
vt 0.590622 0.877165
vt 0.590975 0.869745
vt 0.591185 0.870039
vt 0.594496 0.871690
vt 0.594506 0.877165
vt 0.594399 0.871245
vt 0.594442 0.871379
vt 0.593779 0.870716
vt 0.594344 0.871126
vt 0.594278 0.871021
vt 0.593902 0.870748
vt 0.594112 0.870855
vt 0.594201 0.870931
vt 0.594012 0.870794
vt 0.591949 0.870498
vt 0.590788 0.869380
vt 0.591808 0.870465
vt 0.591672 0.870416
vt 0.591542 0.870348
vt 0.591417 0.870263
vt 0.591299 0.870160
vt 0.595134 0.857992
vt 0.593397 0.857992
vt 0.595117 0.848934
vt 0.593406 0.847765
vt 0.599113 0.857992
vt 0.597455 0.857992
vt 0.597455 0.848908
vt 0.599113 0.847765
vt 0.601731 0.847765
vt 0.590754 0.864380
vt 0.601731 0.862792
vt 0.598228 0.864470
vt 0.590891 0.864488
vt 0.592739 0.864629
vt 0.593276 0.864703
vt 0.591035 0.864572
vt 0.591341 0.864671
vt 0.591185 0.864633
vt 0.592149 0.864623
vt 0.591504 0.864686
vt 0.593758 0.864847
vt 0.597837 0.864591
vt 0.594186 0.865059
vt 0.597478 0.864761
vt 0.594560 0.865340
vt 0.597152 0.864979
vt 0.594880 0.865690
vt 0.596596 0.865561
vt 0.476435 0.813295
vt 0.483451 0.813295
vt 0.476435 0.817789
vt 0.476435 0.821620
vt 0.483451 0.826088
vt 0.483274 0.826088
vt 0.476435 0.826088
vt 0.595701 0.868473
vt 0.595666 0.868473
vt 0.595617 0.867779
vt 0.595870 0.867308
vt 0.595514 0.867153
vt 0.596003 0.866798
vt 0.595357 0.866597
vt 0.596169 0.866337
vt 0.595146 0.866109
vt 0.596366 0.865925
vt 0.476435 0.846631
vt 0.480196 0.850832
vt 0.480629 0.849703
vt 0.480384 0.850222
vt 0.480379 0.850237
vt 0.479969 0.852486
vt 0.479969 0.860523
vt 0.476435 0.860523
vt 0.476435 0.865759
vt 0.480196 0.869960
vt 0.480629 0.868831
vt 0.480384 0.869350
vt 0.479969 0.871615
vt 0.479969 0.871817
vt 0.479969 0.879652
vt 0.476435 0.879652
vt 0.476435 0.884888
vt 0.478443 0.888260
vt 0.478052 0.888824
vt 0.477372 0.890132
vt 0.476827 0.891675
vt 0.449481 0.889268
vt 0.476443 0.893319
vt 0.476230 0.895011
vt 0.449481 0.879756
vt 0.441601 0.889268
vt 0.441601 0.881065
vt 0.449481 0.864729
vt 0.476435 0.831604
vt 0.476435 0.830294
vt 0.446863 0.864729
vt 0.446863 0.874957
vt 0.445205 0.865873
vt 0.445205 0.874957
vt 0.441156 0.864729
vt 0.411599 0.839811
vt 0.438372 0.864729
vt 0.442867 0.865899
vt 0.442884 0.874957
vt 0.441147 0.874957
vt 0.411419 0.823619
vt 0.411312 0.837737
vt 0.411458 0.843596
vt 0.411419 0.852486
vt 0.411419 0.815852
vt 0.411640 0.841504
vt 0.410895 0.846046
vt 0.410324 0.847540
vt 0.409611 0.848798
vt 0.411419 0.811655
vt 0.411184 0.862991
vt 0.410940 0.862085
vt 0.476435 0.792805
vt 0.476435 0.791496
vt 0.410804 0.861727
vt 0.410497 0.861097
vt 0.476435 0.787345
vt 0.410140 0.860510
vt 0.409735 0.859965
vt 0.476435 0.773651
vt 0.409202 0.849338
vt 0.410895 0.836115
vt 0.410324 0.834625
vt 0.409611 0.833365
vt 0.408984 0.832572
vt 0.408973 0.832561
vt 0.404708 0.815852
vt 0.400310 0.811655
vt 0.400310 0.817903
vt 0.407239 0.825399
vt 0.400310 0.825399
vt 0.400310 0.829657
vt 0.400590 0.829657
vt 0.402118 0.833305
vt 0.402742 0.832527
vt 0.401744 0.833899
vt 0.401098 0.835267
vt 0.400590 0.836851
vt 0.400318 0.838089
vt 0.400105 0.839781
vt 0.400062 0.841514
vt 0.402742 0.849612
vt 0.400310 0.857670
vt 0.401745 0.860816
vt 0.402384 0.860011
vt 0.402118 0.848832
vt 0.402171 0.860239
vt 0.401744 0.848238
vt 0.401098 0.846871
vt 0.400590 0.845290
vt 0.401318 0.861557
vt 0.400190 0.843220
vt 0.400653 0.863078
vt 0.400501 0.863583
vt 0.400192 0.865484
vt 0.400109 0.868560
vt 0.403583 0.876866
vt 0.403781 0.878379
vt 0.403392 0.876833
vt 0.403441 0.878505
vt 0.403208 0.876780
vt 0.403118 0.878662
vt 0.403033 0.876704
vt 0.402865 0.876607
vt 0.402666 0.878957
vt 0.402705 0.876488
vt 0.402388 0.879190
vt 0.402386 0.876191
vt 0.402128 0.879453
vt 0.401702 0.875363
vt 0.401663 0.880068
vt 0.401372 0.874863
vt 0.401269 0.880800
vt 0.401099 0.874346
vt 0.400944 0.881642
vt 0.400882 0.873814
vt 0.400492 0.883656
vt 0.400705 0.873238
vt 0.400300 0.886096
vt 0.400423 0.871876
vt 0.596858 0.865245
vt 0.598651 0.864398
vt 0.599087 0.864466
vt 0.599491 0.864589
vt 0.599862 0.864768
vt 0.600200 0.865001
vt 0.600506 0.865289
vt 0.600780 0.865633
vt 0.601021 0.866031
vt 0.601230 0.866484
vt 0.601550 0.867556
vt 0.601740 0.868848
vt 0.403531 0.895690
vt 0.403217 0.895552
vt 0.400310 0.897209
vt 0.402780 0.895281
vt 0.400310 0.910866
vt 0.402332 0.913887
vt 0.402508 0.895059
vt 0.401827 0.914566
vt 0.402253 0.894806
vt 0.401390 0.915348
vt 0.402014 0.894522
vt 0.401020 0.916232
vt 0.401583 0.893860
vt 0.400482 0.918311
vt 0.401216 0.893076
vt 0.400213 0.920802
vt 0.400911 0.892175
vt 0.400667 0.891159
vt 0.400361 0.888800
vt 0.400217 0.923719
vt 0.601731 0.895778
vt 0.601452 0.895626
vt 0.601731 0.916338
vt 0.601731 0.924297
vt 0.595928 0.920326
vt 0.601731 0.938800
vt 0.601731 0.946759
vt 0.595928 0.942788
vt 0.599297 0.956332
vt 0.599924 0.957125
vt 0.600637 0.958384
vt 0.601208 0.959875
vt 0.601625 0.961497
vt 0.601911 0.963571
vt 0.601953 0.965264
vt 0.595250 0.976519
vt 0.595913 0.974927
vt 0.595461 0.976599
vt 0.596416 0.974927
vt 0.595858 0.976803
vt 0.596915 0.974852
vt 0.596204 0.977049
vt 0.597406 0.974701
vt 0.598546 0.976246
vt 0.597891 0.974475
vt 0.596500 0.977337
vt 0.598368 0.974173
vt 0.596764 0.977687
vt 0.598825 0.976329
vt 0.597018 0.978124
vt 0.599297 0.973346
vt 0.597464 0.979174
vt 0.597606 0.979631
vt 0.598082 0.986960
vt 0.598011 0.986630
vt 0.600073 0.986616
vt 0.597687 0.980016
vt 0.598546 0.981612
vt 0.408261 0.931318
vt 0.407482 0.931701
vt 0.406620 0.931958
vt 0.405677 0.932089
vt 0.400310 0.933398
vt 0.400310 0.939647
vt 0.407239 0.947143
vt 0.400310 0.947143
vt 0.404799 0.931958
vt 0.403997 0.931701
vt 0.403271 0.931318
vt 0.402622 0.930809
vt 0.402050 0.930174
vt 0.401553 0.929413
vt 0.401133 0.928526
vt 0.400790 0.927513
vt 0.400523 0.926374
vt 0.400310 0.951401
vt 0.402118 0.955048
vt 0.402526 0.954515
vt 0.401744 0.955642
vt 0.401098 0.957011
vt 0.400590 0.958595
vt 0.400318 0.959833
vt 0.400105 0.961524
vt 0.400062 0.963258
vt 0.405105 0.972837
vt 0.404617 0.972689
vt 0.404249 0.974523
vt 0.404136 0.972467
vt 0.403542 0.974893
vt 0.403663 0.972170
vt 0.402903 0.975365
vt 0.403197 0.971799
vt 0.402332 0.975941
vt 0.402742 0.971356
vt 0.401827 0.976620
vt 0.402118 0.970576
vt 0.401390 0.977402
vt 0.401744 0.969982
vt 0.401020 0.978287
vt 0.401098 0.968615
vt 0.400482 0.980366
vt 0.400590 0.967034
vt 0.400213 0.982857
vt 0.400190 0.964964
vt 0.400217 0.985773
vt 0.400790 0.989567
vt 0.601527 0.990026
vt 0.602026 0.986554
vt 0.400523 0.988428
vt 0.602017 0.984385
vt 0.601497 0.980258
vt 0.601437 0.968996
vt 0.601828 0.966941
vt 0.601252 0.979352
vt 0.601116 0.978995
vt 0.600940 0.970582
vt 0.600809 0.978364
vt 0.598984 0.981922
vt 0.599322 0.982212
vt 0.599869 0.983092
vt 0.599977 0.983467
vt 0.599558 0.982481
vt 0.599729 0.982763
vt 0.600195 0.985330
vt 0.599990 0.987019
vt 0.599886 0.987317
vt 0.598185 0.987266
vt 0.599752 0.987567
vt 0.598312 0.987525
vt 0.599674 0.987674
vt 0.599589 0.987769
vt 0.598465 0.987733
vt 0.599500 0.987851
vt 0.598593 0.987857
vt 0.599410 0.987918
vt 0.599320 0.987971
vt 0.598681 0.987922
vt 0.599228 0.988010
vt 0.598860 0.988011
vt 0.599136 0.988034
vt 0.598951 0.988034
vt 0.599043 0.988044
vt 0.598770 0.987973
vt 0.598385 0.987635
vt 0.600453 0.977777
vt 0.600298 0.971958
vt 0.600047 0.977232
vt 0.599924 0.972557
vt 0.599826 0.976986
vt 0.599593 0.976773
vt 0.560361 0.920789
vt 0.561051 0.898248
vt 0.561051 0.908476
vt 0.559393 0.908475
vt 0.558101 0.891441
vt 0.557072 0.908475
vt 0.555335 0.908475
vt 0.560361 0.867923
vt 0.484926 0.831603
vt 0.484926 0.831861
vt 0.484926 0.841831
vt 0.483268 0.841831
vt 0.480946 0.841831
vt 0.479210 0.841831
vt 0.479210 0.841574
vt 0.480930 0.833001
vt 0.484926 0.803033
vt 0.483268 0.803033
vt 0.480947 0.803033
vt 0.479210 0.803033
vt 0.480929 0.793975
vt 0.403429 0.831891
vt 0.408525 0.832118
vt 0.408055 0.831737
vt 0.403898 0.831558
vt 0.404375 0.831299
vt 0.407578 0.831433
vt 0.407094 0.831204
vt 0.404860 0.831114
vt 0.405352 0.831003
vt 0.406602 0.831052
vt 0.596226 0.969435
vt 0.595964 0.969435
vt 0.595834 0.969422
vt 0.595327 0.969283
vt 0.596868 0.969280
vt 0.595080 0.969162
vt 0.594836 0.969006
vt 0.597118 0.969156
vt 0.594597 0.968815
vt 0.597484 0.968904
vt 0.594369 0.968593
vt 0.597721 0.968692
vt 0.594158 0.968342
vt 0.598045 0.968323
vt 0.593964 0.968063
vt 0.593627 0.967421
vt 0.598240 0.968043
vt 0.593362 0.966676
vt 0.598575 0.967401
vt 0.593153 0.965706
vt 0.598978 0.966087
vt 0.593086 0.964911
vt 0.599088 0.965306
vt 0.593108 0.964108
vt 0.599111 0.964512
vt 0.593220 0.963321
vt 0.599044 0.963731
vt 0.593362 0.962742
vt 0.598937 0.963154
vt 0.593627 0.961998
vt 0.598716 0.962397
vt 0.593964 0.961356
vt 0.598416 0.961700
vt 0.594158 0.961078
vt 0.598045 0.961111
vt 0.594369 0.960829
vt 0.597721 0.960740
vt 0.594597 0.960608
vt 0.594836 0.960418
vt 0.597484 0.960527
vt 0.595080 0.960263
vt 0.597241 0.960349
vt 0.595327 0.960143
vt 0.596994 0.960206
vt 0.595579 0.960057
vt 0.596742 0.960100
vt 0.595834 0.960005
vt 0.596094 0.959988
vt 0.596357 0.960006
vt 0.596486 0.960028
vt 0.598838 0.966662
vt 0.597344 0.869623
vt 0.597596 0.869447
vt 0.597746 0.869383
vt 0.597911 0.869335
vt 0.598092 0.869302
vt 0.598642 0.869506
vt 0.597084 0.870004
vt 0.598791 0.869599
vt 0.596989 0.870337
vt 0.598921 0.869704
vt 0.599035 0.869821
vt 0.599131 0.869951
vt 0.599209 0.870093
vt 0.599270 0.870248
vt 0.596966 0.870527
vt 0.599314 0.870415
vt 0.599340 0.870594
vt 0.599349 0.877165
vt 0.596958 0.877165
vt 0.597029 0.870163
vt 0.597155 0.869861
vt 0.483878 0.852318
vt 0.483978 0.852323
vt 0.483777 0.852323
vt 0.484079 0.852338
vt 0.484179 0.852363
vt 0.484481 0.852499
vt 0.484817 0.852845
vt 0.484577 0.852566
vt 0.484745 0.852739
vt 0.484881 0.852964
vt 0.484665 0.852646
vt 0.484984 0.853241
vt 0.482869 0.852987
vt 0.485055 0.853570
vt 0.482765 0.853285
vt 0.482694 0.853644
vt 0.485093 0.853951
vt 0.485100 0.860523
vt 0.482655 0.854061
vt 0.482648 0.860523
vt 0.483006 0.852747
vt 0.483272 0.852499
vt 0.483086 0.852650
vt 0.483175 0.852567
vt 0.483373 0.852444
vt 0.483676 0.852338
vt 0.483025 0.980725
vt 0.483336 0.980884
vt 0.482682 0.980630
vt 0.483616 0.981109
vt 0.483864 0.981399
vt 0.482308 0.980600
vt 0.484082 0.981754
vt 0.481833 0.980634
vt 0.484422 0.982660
vt 0.479858 0.982068
vt 0.481399 0.980726
vt 0.484545 0.983210
vt 0.479533 0.983015
vt 0.484696 0.984506
vt 0.479375 0.984197
vt 0.479674 0.982512
vt 0.484725 0.989091
vt 0.479358 0.989100
vt 0.480083 0.981682
vt 0.480658 0.981087
vt 0.519709 0.988629
vt 0.519202 0.988490
vt 0.520617 0.988535
vt 0.518955 0.988369
vt 0.520869 0.988429
vt 0.518712 0.988213
vt 0.521116 0.988288
vt 0.518356 0.987915
vt 0.521359 0.988111
vt 0.518136 0.987678
vt 0.521596 0.987899
vt 0.517933 0.987414
vt 0.521920 0.987530
vt 0.517580 0.986799
vt 0.522115 0.987250
vt 0.517296 0.986074
vt 0.522450 0.986608
vt 0.517095 0.985305
vt 0.522713 0.985869
vt 0.516983 0.984518
vt 0.522853 0.985295
vt 0.516961 0.983715
vt 0.522964 0.984514
vt 0.517028 0.982919
vt 0.522919 0.982938
vt 0.522986 0.983719
vt 0.517237 0.981949
vt 0.522812 0.982361
vt 0.517502 0.981205
vt 0.522591 0.981604
vt 0.517839 0.980563
vt 0.522291 0.980907
vt 0.518033 0.980285
vt 0.521920 0.980318
vt 0.518244 0.980036
vt 0.518472 0.979815
vt 0.521596 0.979947
vt 0.518711 0.979625
vt 0.521359 0.979734
vt 0.518955 0.979471
vt 0.521116 0.979556
vt 0.519202 0.979350
vt 0.520869 0.979414
vt 0.519454 0.979264
vt 0.519709 0.979213
vt 0.519969 0.979195
vt 0.520231 0.979213
vt 0.520361 0.979235
vt 0.520617 0.979307
vt 0.520361 0.988606
vt 0.405913 0.957977
vt 0.406174 0.958012
vt 0.406430 0.958084
vt 0.406681 0.958191
vt 0.406928 0.958333
vt 0.404767 0.958248
vt 0.407171 0.958511
vt 0.404524 0.958403
vt 0.407408 0.958724
vt 0.404285 0.958592
vt 0.407733 0.959095
vt 0.404056 0.958813
vt 0.408104 0.959684
vt 0.403651 0.959340
vt 0.408404 0.960381
vt 0.403315 0.959982
vt 0.408702 0.961522
vt 0.403050 0.960726
vt 0.408798 0.962496
vt 0.402840 0.961696
vt 0.408776 0.963291
vt 0.402774 0.962492
vt 0.408624 0.964264
vt 0.402907 0.964082
vt 0.408404 0.965023
vt 0.403050 0.964660
vt 0.408104 0.965720
vt 0.403315 0.965405
vt 0.407733 0.966307
vt 0.403651 0.966048
vt 0.407408 0.966677
vt 0.404056 0.966577
vt 0.407171 0.966888
vt 0.404285 0.966799
vt 0.406928 0.967065
vt 0.404524 0.966990
vt 0.406681 0.967206
vt 0.404767 0.967146
vt 0.406430 0.967313
vt 0.405015 0.967267
vt 0.406174 0.967383
vt 0.405913 0.967419
vt 0.405651 0.967419
vt 0.405522 0.967406
vt 0.405266 0.967354
vt 0.403845 0.966326
vt 0.402796 0.963295
vt 0.403845 0.959062
vt 0.405015 0.958127
vt 0.557772 0.967406
vt 0.557265 0.967267
vt 0.558931 0.967206
vt 0.557017 0.967146
vt 0.556774 0.966990
vt 0.559178 0.967065
vt 0.556535 0.966799
vt 0.559421 0.966888
vt 0.556306 0.966577
vt 0.559658 0.966676
vt 0.556095 0.966327
vt 0.555724 0.965740
vt 0.560177 0.966027
vt 0.555422 0.965041
vt 0.560513 0.965385
vt 0.555199 0.964276
vt 0.560775 0.964646
vt 0.555046 0.963295
vt 0.560916 0.964072
vt 0.555024 0.962492
vt 0.561026 0.963291
vt 0.555121 0.961500
vt 0.560982 0.961715
vt 0.555422 0.960346
vt 0.560874 0.961138
vt 0.555724 0.959647
vt 0.560354 0.959684
vt 0.560654 0.960381
vt 0.556095 0.959062
vt 0.559983 0.959095
vt 0.556306 0.958813
vt 0.559658 0.958724
vt 0.556535 0.958592
vt 0.556774 0.958403
vt 0.559421 0.958511
vt 0.557017 0.958248
vt 0.559178 0.958333
vt 0.557265 0.958127
vt 0.558931 0.958191
vt 0.557516 0.958041
vt 0.558680 0.958084
vt 0.557772 0.957990
vt 0.558031 0.957972
vt 0.558294 0.957990
vt 0.558552 0.958044
vt 0.561048 0.962496
vt 0.559983 0.966307
vt 0.558424 0.967383
vt 0.558163 0.967419
vt 0.445094 0.940264
vt 0.445346 0.940088
vt 0.445496 0.940024
vt 0.445661 0.939976
vt 0.445842 0.939943
vt 0.446392 0.940147
vt 0.444834 0.940645
vt 0.446540 0.940240
vt 0.444739 0.940978
vt 0.446671 0.940345
vt 0.446785 0.940463
vt 0.446881 0.940592
vt 0.446959 0.940735
vt 0.447020 0.940889
vt 0.444716 0.941169
vt 0.447064 0.941056
vt 0.447090 0.941235
vt 0.447099 0.947806
vt 0.444708 0.947806
vt 0.444779 0.940804
vt 0.444905 0.940502
vt 0.442333 0.900828
vt 0.442446 0.900900
vt 0.442546 0.900993
vt 0.442633 0.901106
vt 0.442067 0.900745
vt 0.442769 0.901394
vt 0.441062 0.901394
vt 0.442817 0.901569
vt 0.441014 0.901569
vt 0.442875 0.901982
vt 0.440978 0.901765
vt 0.442884 0.908589
vt 0.440947 0.902219
vt 0.440947 0.908589
vt 0.441198 0.901106
vt 0.441763 0.900745
vt 0.441285 0.900993
vt 0.441385 0.900900
vt 0.441498 0.900828
vt 0.441624 0.900776
vt 0.442207 0.900776
vt 0.445635 0.900900
vt 0.445748 0.900828
vt 0.445874 0.900776
vt 0.446013 0.900745
vt 0.445535 0.900993
vt 0.445447 0.901106
vt 0.446317 0.900745
vt 0.446883 0.901106
vt 0.446456 0.900776
vt 0.446582 0.900828
vt 0.446696 0.900900
vt 0.446796 0.900993
vt 0.447019 0.901394
vt 0.447067 0.901570
vt 0.445264 0.901569
vt 0.447124 0.901982
vt 0.447134 0.908589
vt 0.445197 0.908589
vt 0.445206 0.901982
vt 0.445312 0.901394
vt 0.482169 0.891477
vt 0.482299 0.891499
vt 0.482806 0.891677
vt 0.481140 0.891614
vt 0.483053 0.891819
vt 0.480892 0.891734
vt 0.483296 0.891998
vt 0.480649 0.891889
vt 0.483533 0.892210
vt 0.480410 0.892078
vt 0.483858 0.892582
vt 0.479970 0.892549
vt 0.484229 0.893171
vt 0.479776 0.892827
vt 0.484529 0.893867
vt 0.479440 0.893468
vt 0.484749 0.894625
vt 0.479175 0.894213
vt 0.484857 0.895201
vt 0.479032 0.894791
vt 0.484923 0.895982
vt 0.478921 0.895578
vt 0.484901 0.896777
vt 0.478899 0.896381
vt 0.484791 0.897558
vt 0.478965 0.897177
vt 0.484650 0.898132
vt 0.479174 0.898147
vt 0.484388 0.898871
vt 0.484052 0.899513
vt 0.479440 0.898891
vt 0.483858 0.899794
vt 0.479776 0.899534
vt 0.483533 0.900163
vt 0.480181 0.900063
vt 0.483296 0.900374
vt 0.480410 0.900286
vt 0.483053 0.900551
vt 0.480649 0.900476
vt 0.482806 0.900693
vt 0.480892 0.900632
vt 0.481140 0.900754
vt 0.482555 0.900799
vt 0.482548 0.900801
vt 0.482299 0.900870
vt 0.482038 0.900905
vt 0.481776 0.900905
vt 0.481647 0.900892
vt 0.481391 0.900840
vt 0.479970 0.899813
vt 0.480181 0.892299
vt 0.481647 0.891476
vt 0.483878 0.871447
vt 0.483978 0.871452
vt 0.484079 0.871467
vt 0.484179 0.871492
vt 0.483676 0.871467
vt 0.484481 0.871628
vt 0.484817 0.871973
vt 0.484577 0.871695
vt 0.484745 0.871867
vt 0.484665 0.871774
vt 0.484937 0.872224
vt 0.485024 0.872528
vt 0.482765 0.872414
vt 0.485078 0.872883
vt 0.482694 0.872772
vt 0.485100 0.873290
vt 0.482655 0.873190
vt 0.485100 0.879652
vt 0.482648 0.879652
vt 0.482933 0.871988
vt 0.483474 0.871527
vt 0.483006 0.871876
vt 0.483086 0.871778
vt 0.483272 0.871628
vt 0.483175 0.871696
vt 0.483575 0.871492
vt 0.483777 0.871452
vt 0.406044 0.836246
vt 0.406174 0.836269
vt 0.406430 0.836340
vt 0.406681 0.836447
vt 0.405015 0.836383
vt 0.406928 0.836589
vt 0.404767 0.836504
vt 0.407171 0.836767
vt 0.404524 0.836659
vt 0.407408 0.836980
vt 0.404285 0.836848
vt 0.404056 0.837069
vt 0.407733 0.837351
vt 0.408104 0.837940
vt 0.403474 0.837903
vt 0.403845 0.837318
vt 0.408404 0.838637
vt 0.403172 0.838602
vt 0.408702 0.839778
vt 0.402949 0.839367
vt 0.408798 0.840752
vt 0.402815 0.840150
vt 0.408776 0.841547
vt 0.402774 0.840748
vt 0.408624 0.842520
vt 0.402907 0.842338
vt 0.408404 0.843280
vt 0.403050 0.842917
vt 0.408104 0.843976
vt 0.403315 0.843661
vt 0.407733 0.844563
vt 0.403651 0.844304
vt 0.407408 0.844933
vt 0.404056 0.844833
vt 0.407171 0.845144
vt 0.404285 0.845055
vt 0.406928 0.845321
vt 0.404524 0.845246
vt 0.406681 0.845463
vt 0.404767 0.845402
vt 0.406174 0.845639
vt 0.405913 0.845675
vt 0.405522 0.845662
vt 0.405015 0.845523
vt 0.403845 0.844583
vt 0.402796 0.841551
vt 0.405266 0.836297
vt 0.405522 0.836246
vt 0.405781 0.836229
vt 0.875000 0.750000
vt 0.067693 0.000000
vt 0.556963 0.000000
vt 0.562705 0.000000
vt 0.632143 0.000000
vt 0.479452 0.000000
vt 0.502366 0.000000
vt 0.504485 0.000000
vt 0.515881 0.000000
vt 0.493658 0.000000
vt 0.488255 0.000000
vt 0.510114 0.000000
vt 0.523459 0.000000
vt 0.517012 0.000000
vt 0.522171 0.000000
vt 0.527219 0.000000
vt 0.972455 0.000000
vt 0.861096 0.000000
vt 0.824320 0.000000
vt 0.908490 0.000000
vt 0.946359 0.000000
vt 0.941550 0.000000
vt 0.930856 0.000000
vt 0.939658 0.000000
vt 0.961795 0.000000
vt 0.961616 0.000000
vt 0.679651 0.000000
vt 0.699980 0.000000
vt 0.751938 0.000000
vt 0.754008 0.000000
vt 0.393984 0.000000
vt 0.393037 0.000000
vt 0.404724 0.000000
vt 0.410611 0.000000
vt 0.404028 0.000000
vt 0.397088 0.000000
vt 0.397410 0.000000
vt 0.398606 0.000000
vt 0.396174 0.000000
vt 0.394351 0.000000
vt 0.393914 0.000000
vt 0.393877 0.000000
vt 0.393838 0.000000
vt 0.426697 0.000000
vt 0.417628 0.000000
vt 0.393712 0.000000
vt 0.393273 0.000000
vt 0.415194 0.000000
vt 0.416687 0.000000
vt 0.393742 0.000000
vt 0.397879 0.000000
vt 0.396941 0.000000
vt 0.414303 0.000000
vt 0.414503 0.000000
vt 0.414012 0.000000
vt 0.413990 0.000000
vt 0.414751 0.000000
vt 0.415048 0.000000
vt 0.414208 0.000000
vt 0.414085 0.000000
vt 0.415395 0.000000
vt 0.414382 0.000000
vt 0.415783 0.000000
vt 0.414606 0.000000
vt 0.416204 0.000000
vt 0.417146 0.000000
vt 0.418222 0.000000
vt 0.423376 0.000000
vt 0.427532 0.000000
vt 0.428585 0.000000
vt 0.429516 0.000000
vt 0.430325 0.000000
vt 0.431035 0.000000
vt 0.431668 0.000000
vt 0.432223 0.000000
vt 0.432648 0.000000
vt 0.432747 0.000000
vt 0.401295 0.000000
vt 0.664773 0.000000
vt 0.443573 0.000000
vt 0.450516 0.000000
vt 0.484893 0.000000
vt 0.654734 0.000000
vt 0.560966 0.000000
vt 0.215980 0.000000
vt 0.243008 0.000000
vt 0.244255 0.000000
vt 0.262334 0.000000
vt 0.304646 0.000000
vt 0.338180 0.000000
vt 0.308392 0.000000
vt 0.354287 0.000000
vt 0.203647 0.000000
vt 0.003596 0.000000
vt 0.015126 0.000000
vt 0.031742 0.000000
vt 0.079204 0.000000
vt 0.075283 0.000000
vt 0.046066 0.000000
vt 0.219451 0.000000
vt 0.219897 0.000000
vt 0.218021 0.000000
vt 0.215615 0.000000
vt 0.212233 0.000000
vt 0.089966 0.000000
vt 0.083144 0.000000
vt 0.367727 0.000000
vt 0.366766 0.000000
vt 0.443233 0.000000
vt 0.544980 0.000000
vt 0.369218 0.000000
vt 0.219901 0.000000
vt 0.197611 0.000000
vt 0.207477 0.000000
vt 0.215251 0.000000
vt 0.034291 0.000000
vt 0.363640 0.000000
vt 0.169689 0.000000
vt 0.496165 0.000000
vt 0.555692 0.000000
vt 0.160990 0.000000
vt 0.081943 0.000000
vt 0.273681 0.000000
vt 0.110167 0.000000
vt 0.657169 0.000000
vt 0.654732 0.000000
vt 0.648760 0.000000
vt 0.641325 0.000000
vt 0.636686 0.000000
vt 0.616113 0.000000
vt 0.664105 0.000000
vt 0.596849 0.000000
vt 0.512427 0.000000
vt 0.474328 0.000000
vt 0.651774 0.000000
vt 0.797515 0.000000
vt 0.531618 0.000000
vt 0.479672 0.000000
vt 0.564627 0.000000
vt 0.759135 0.000000
vt 0.748063 0.000000
vt 0.539845 0.000000
vt 0.547645 0.000000
vt 0.805008 0.000000
vt 0.827329 0.000000
vt 0.820273 0.000000
vt 0.813910 0.000000
vt 0.820966 0.000000
vt 0.791310 0.000000
vt 0.753941 0.000000
vt 0.785937 0.000000
vt 0.788062 0.000000
vt 0.789853 0.000000
vt 0.697582 0.000000
vt 0.737018 0.000000
vt 0.677280 0.000000
vt 0.660944 0.000000
vt 0.666300 0.000000
vt 0.655954 0.000000
vt 0.783479 0.000000
vt 0.660759 0.000000
vt 0.779177 0.000000
vt 0.775919 0.000000
vt 0.682317 0.000000
vt 0.087959 0.000000
vt 0.278453 0.000000
vt 0.222655 0.000000
vt 0.255227 0.000000
vt 0.333333 0.000000
vt 0.331183 0.000000
vt 0.298341 0.000000
vt 0.256933 0.000000
vt 0.459602 0.000000
vt 0.594965 0.000000
vt 0.170863 0.000000
vt 0.613448 0.000000
vt 0.335635 0.000000
vt 0.363126 0.000000
vt 0.440590 0.000000
vt 0.434879 0.000000
vt 0.370594 0.000000
vt 0.427934 0.000000
vt 0.413634 0.000000
vt 0.896294 0.000000
vt 0.940908 0.000000
vt 0.581892 0.000000
vt 0.685089 0.000000
vt 0.548520 0.000000
vt 0.015840 0.000000
s 1
usemtl Material.001
f 6/1/1 9/2/1 2/3/1
f 13/4/2 23/5/2 9/2/2
f 26/6/3 17/7/3 23/5/3
f 3067/8/4 3181/9/4 3068/10/4
f 4438/11/4 4439/12/4 4576/13/4
f 4444/14/4 4433/15/4 4441/16/4
f 2768/17/4 2787/18/4 2773/19/4
f 4026/20/4 4022/21/4 4023/22/4
f 4201/23/4 4184/24/4 4188/25/4
f 3834/26/4 3833/27/4 3832/28/4
f 3530/29/4 3569/30/4 3555/31/4
f 3502/32/4 3507/33/4 3503/34/4
f 3550/35/4 3548/36/4 3660/37/4
f 2433/38/4 2415/39/4 2413/40/4
f 2439/41/4 2446/42/4 2438/43/4
f 2485/44/4 2464/45/4 2484/46/4
f 2602/47/4 2604/48/4 2600/49/4
f 2680/50/4 2692/51/4 2691/52/4
f 4360/53/4 4359/54/4 4397/55/4
f 3835/56/4 3822/57/4 3823/58/4
f 3644/59/4 3574/60/4 3723/61/4
f 3699/62/4 3705/63/4 3704/64/4
f 3678/65/4 3683/66/4 3684/67/4
f 3147/68/4 2333/69/4 3153/70/4
f 2445/71/4 2437/72/4 2540/73/4
f 2457/74/4 2447/75/4 2456/76/4
f 2471/77/4 2465/78/4 2477/79/4
f 2511/80/4 2502/81/4 2512/82/4
f 2605/83/4 2566/84/4 2637/85/4
f 2703/86/4 2699/87/4 2702/88/4
f 2722/89/4 2720/90/4 2721/91/4
f 2732/92/4 2730/93/4 2733/94/4
f 2746/95/4 2748/96/4 2745/97/4
f 2498/98/4 2500/99/4 2499/100/4
f 2491/101/4 2495/102/4 2494/103/4
f 3219/104/4 3286/105/4 3285/106/4
f 3220/107/4 3292/108/4 3218/109/4
f 4569/110/4 4553/111/4 4551/112/4
f 2344/113/4 2342/114/4 2340/115/4
f 2466/116/4 2483/117/4 2480/118/4
f 2562/119/4 2552/120/4 2555/121/4
f 2644/122/4 2643/123/4 2627/124/4
f 3044/125/4 3058/126/4 3043/127/4
f 2864/128/4 2839/129/4 2980/130/4
f 3510/131/4 3485/132/4 3489/133/4
f 3328/134/4 3361/135/4 3332/136/4
f 3605/137/4 3620/138/4 3611/139/4
f 3747/140/4 3772/141/4 3775/142/4
f 3956/143/4 4002/144/4 3988/145/4
f 3957/146/4 4003/147/4 3990/148/4
f 4147/149/4 4152/150/4 4154/151/4
f 4274/152/4 4277/153/4 4285/154/4
f 4473/155/4 4468/156/4 4469/157/4
f 23/5/5 2/158/5 9/159/5
f 13/160/6 20/161/6 26/6/6
s 0
f 8/162/2 4/163/2 118/164/2
f 8/162/2 118/164/2 117/165/2
f 8/162/2 117/165/2 115/166/2
f 12/167/2 8/162/2 115/166/2
f 4583/168/2 15/169/2 112/170/2
f 110/171/2 4585/172/2 4586/173/2
f 110/171/2 4590/174/2 4585/172/2
f 4587/175/2 4589/176/2 4588/177/2
f 4590/174/2 108/178/2 4592/179/2
f 4587/175/2 4591/180/2 4589/176/2
f 4595/181/2 108/178/2 107/182/2
f 4593/183/2 4594/184/2 4591/180/2
f 4600/185/2 107/182/2 4599/186/2
f 4596/187/2 4598/188/2 4594/184/2
f 4597/189/2 4602/190/2 4598/188/2
f 4601/191/2 4603/192/2 4602/190/2
f 75/193/2 72/194/2 71/195/2
f 77/196/2 75/193/2 71/195/2
f 4604/197/2 4605/198/2 4603/192/2
f 79/199/2 77/196/2 71/195/2
f 4606/200/2 4610/201/2 4605/198/2
f 4607/202/2 29/203/2 4608/204/2
f 4612/205/2 29/203/2 4611/206/2
f 71/195/2 4614/207/2 4613/208/2
f 4614/207/2 71/195/2 4616/209/2
f 4612/205/2 4617/210/2 29/203/2
f 71/195/2 4618/211/2 4616/209/2
f 4620/212/4 4617/210/4 4619/213/4
f 71/195/2 4621/214/2 4618/211/2
f 98/215/2 4620/212/2 4622/216/2
f 84/217/2 4621/214/2 71/195/2
f 30/218/2 29/203/2 98/215/2
f 86/219/2 84/217/2 71/195/2
f 30/218/2 98/215/2 96/220/2
f 88/221/2 86/219/2 71/195/2
f 30/218/2 96/220/2 95/222/2
f 91/223/2 88/221/2 71/195/2
f 30/218/2 95/222/2 93/224/2
f 93/224/2 91/223/2 71/195/2
f 30/218/2 93/224/2 71/195/2
f 32/225/2 30/218/2 71/195/2
f 35/226/2 32/225/2 71/195/2
f 37/227/2 35/226/2 71/195/2
f 37/227/2 71/195/2 69/228/2
f 38/229/2 37/227/2 69/228/2
f 38/229/2 69/228/2 67/230/2
f 38/229/2 67/230/2 64/231/2
f 40/232/2 38/229/2 64/231/2
f 40/232/2 64/231/2 62/233/2
f 40/232/2 62/233/2 60/234/2
f 40/232/2 60/234/2 58/235/2
f 42/236/2 40/232/2 58/235/2
f 42/236/2 58/235/2 57/237/2
f 42/236/2 57/237/2 54/238/2
f 45/239/2 42/236/2 54/238/2
f 45/239/2 54/238/2 53/240/2
f 45/239/2 53/240/2 51/241/2
f 47/242/2 45/239/2 51/241/2
f 47/242/2 51/241/2 49/243/2
f 131/244/2 129/245/2 126/246/2
f 131/244/2 126/246/2 125/247/2
f 125/247/2 123/248/2 121/163/2
f 125/247/2 121/163/2 143/164/2
f 131/244/2 125/247/2 143/164/2
f 4639/249/2 131/244/2 143/164/2
f 4628/250/7 4630/251/7 4634/252/7
f 4637/253/2 4638/254/2 4635/255/2
f 137/256/2 4650/257/2 4649/258/2
f 133/259/2 4634/252/2 4643/260/2
f 4647/261/2 4641/262/2 4648/263/2
f 4645/264/2 4646/265/2 4644/266/2
f 137/256/2 143/164/2 4651/267/2
f 141/268/2 4653/269/2 4657/270/2
f 4650/257/2 137/256/2 4670/271/2
f 133/259/2 4643/260/2 4665/272/2
f 4669/273/2 4648/263/2 4671/274/2
f 4645/264/2 4672/275/2 4667/276/2
f 137/256/2 4652/277/2 4673/278/2
f 4676/279/2 4677/280/2 139/281/2
f 212/282/2 210/283/2 208/284/2
f 212/282/2 208/284/2 206/285/2
f 212/282/2 4680/286/2 4678/287/2
f 4681/288/2 206/285/2 204/289/2
f 204/289/2 4683/290/2 4684/291/2
f 204/289/2 202/292/2 214/293/2
f 202/292/2 4692/294/2 4686/295/2
f 202/292/2 4694/296/2 4695/297/2
f 200/298/2 4700/299/2 4701/300/2
f 218/301/2 4696/302/2 4699/303/2
f 200/298/2 4710/304/2 4712/305/2
f 4707/306/2 4699/303/2 4709/307/2
f 198/308/2 4740/309/2 4742/310/2
f 4736/311/2 4739/312/2 4745/313/2
f 4750/314/2 4738/315/2 195/316/2
f 4754/317/2 303/318/2 220/319/2
f 4749/320/2 303/318/2 4755/321/2
f 220/319/2 303/318/2 301/322/2
f 305/323/2 303/318/2 195/316/2
f 220/319/2 301/322/2 299/324/2
f 307/325/2 305/323/2 195/316/2
f 220/319/2 299/324/2 297/326/2
f 309/327/2 307/325/2 195/316/2
f 309/327/2 195/316/2 194/328/2
f 220/319/2 297/326/2 295/329/2
f 222/330/2 220/319/2 295/329/2
f 311/331/2 309/327/2 194/328/2
f 222/330/2 295/329/2 293/332/2
f 314/333/2 311/331/2 194/328/2
f 222/330/2 293/332/2 291/334/2
f 315/335/2 314/333/2 194/328/2
f 222/330/2 291/334/2 289/336/2
f 317/337/2 315/335/2 194/328/2
f 224/338/2 222/330/2 289/336/2
f 317/337/2 194/328/2 192/339/2
f 224/338/2 289/336/2 288/340/2
f 319/341/2 317/337/2 192/339/2
f 224/338/2 288/340/2 286/342/2
f 321/343/2 319/341/2 192/339/2
f 227/344/2 224/338/2 286/342/2
f 321/343/2 192/339/2 190/345/2
f 227/344/2 286/342/2 283/346/2
f 323/347/2 321/343/2 190/345/2
f 227/344/2 283/346/2 281/348/2
f 326/349/2 323/347/2 190/345/2
f 228/350/2 227/344/2 281/348/2
f 228/350/2 281/348/2 279/351/2
f 326/349/2 190/345/2 187/352/2
f 327/164/2 326/349/2 187/352/2
f 228/350/2 279/351/2 327/164/2
f 228/350/2 327/164/2 187/352/2
f 230/353/2 228/350/2 187/352/2
f 230/353/2 187/352/2 186/354/2
f 232/355/2 230/353/2 183/356/2
f 183/356/2 230/353/2 186/354/2
f 232/355/2 183/356/2 182/357/2
f 234/358/2 232/355/2 182/357/2
f 234/358/2 182/357/2 180/359/2
f 4760/360/7 4759/361/7 180/359/7
f 4759/361/2 236/362/2 234/358/2
f 236/362/2 4765/363/2 4764/364/2
f 4771/365/2 4768/366/2 236/362/2
f 239/367/2 4775/368/2 4774/369/2
f 175/370/2 4776/371/2 4777/372/2
f 277/373/8 4781/374/8 4782/375/8
f 4789/376/9 4773/377/9 4787/378/9
f 4788/379/2 4790/380/2 175/370/2
f 277/373/2 4798/381/2 4799/382/2
f 4800/383/2 4796/384/2 277/373/2
f 4803/385/2 4804/386/2 4805/387/2
f 174/388/2 4809/389/2 4810/390/2
f 4816/391/2 4814/392/2 4813/393/2
f 4820/394/2 4815/395/2 174/388/2
f 149/396/2 4822/397/2 4800/398/2
f 152/399/2 149/396/2 277/373/2
f 4814/392/2 4824/400/2 4823/401/2
f 172/402/2 4827/403/2 4826/404/2
f 153/405/2 152/399/2 277/373/2
f 4831/406/2 4830/407/2 4829/408/2
f 156/409/2 153/405/2 277/373/2
f 4836/410/2 4834/411/2 241/412/2
f 158/413/2 156/409/2 277/373/2
f 4837/414/4 4835/415/4 4838/416/4
f 167/417/2 4841/418/2 4840/419/2
f 277/373/2 4843/420/2 4842/421/2
f 165/422/2 4845/423/2 4847/424/2
f 4843/420/2 277/373/2 4848/425/2
f 161/426/2 4848/425/2 277/373/2
f 165/422/2 163/427/2 241/412/2
f 163/427/2 161/426/2 277/373/2
f 163/427/2 277/373/2 241/412/2
f 243/428/2 241/412/2 277/373/2
f 243/428/2 277/373/2 276/429/2
f 245/430/2 243/428/2 276/429/2
f 245/430/2 276/429/2 274/431/2
f 245/430/2 274/431/2 272/432/2
f 247/433/2 245/430/2 272/432/2
f 247/433/2 272/432/2 270/434/2
f 247/433/2 270/434/2 268/435/2
f 249/436/2 247/433/2 268/435/2
f 249/436/2 268/435/2 266/437/2
f 249/436/2 266/437/2 264/438/2
f 251/439/2 249/436/2 264/438/2
f 251/439/2 264/438/2 262/440/2
f 251/439/2 262/440/2 260/441/2
f 251/439/2 260/441/2 258/442/2
f 254/443/2 251/439/2 258/442/2
f 254/443/2 258/442/2 256/444/2
f 333/339/2 332/417/2 330/163/2
f 333/339/2 330/163/2 343/164/2
f 4881/445/2 4853/446/2 4872/447/2
f 4880/448/2 4855/449/2 4879/450/2
f 4863/451/2 4864/452/2 4865/453/2
f 4859/454/2 4860/455/2 4861/456/2
f 4856/457/2 4857/458/2 338/428/2
f 4906/459/2 4903/460/2 4886/461/2
f 1233/462/4 1218/463/4 1234/464/4
f 1305/163/4 1310/465/4 1313/466/4
f 474/163/4 477/467/4 479/164/4
f 994/163/4 997/467/4 999/164/4
f 1700/428/4 1702/324/4 1701/432/4
f 1518/219/4 1516/163/4 1517/240/4
f 1069/468/4 1070/417/4 1099/467/4
f 1348/469/4 1349/470/4 1335/471/4
f 1325/472/4 1358/473/4 1359/474/4
f 835/475/4 841/476/4 842/428/4
f 1084/339/4 1082/477/4 1083/478/4
f 591/479/4 669/480/4 668/481/4
f 572/240/4 577/482/4 578/164/4
f 2243/483/4 2244/484/4 2279/485/4
f 728/486/4 771/487/4 727/488/4
f 640/489/4 639/464/4 622/490/4
f 1716/163/4 1721/465/4 1724/466/4
f 785/163/4 788/467/4 790/164/4
f 1756/491/4 1836/492/4 1835/493/4
f 773/163/4 778/465/4 781/466/4
f 917/494/4 923/495/4 924/496/4
f 1011/240/4 1016/482/4 1017/164/4
f 857/497/4 882/164/4 859/498/4
f 124/462/4 101/463/4 127/464/4
f 983/163/4 988/499/4 987/219/4
f 992/219/4 990/163/4 991/240/4
f 1018/163/4 1023/465/4 1026/466/4
f 1004/428/4 1006/324/4 1005/432/4
f 1032/500/4 1038/219/4 1037/501/4
f 2002/502/4 2030/503/4 2031/504/4
f 2168/505/4 2167/506/4 2100/507/4
f 1159/428/4 1129/468/4 1130/417/4
f 883/163/4 886/508/4 893/164/4
f 1732/428/4 1734/324/4 1733/432/4
f 1261/505/4 1260/506/4 1192/507/4
f 171/506/4 170/509/4 55/507/4
f 1002/339/4 1000/163/4 1007/164/4
f 525/510/4 526/511/4 564/512/4
f 1895/486/4 1938/487/4 1894/488/4
f 1940/163/4 1945/465/4 1948/466/4
f 884/513/4 891/514/4 890/515/4
f 1286/163/4 1291/465/4 1294/466/4
f 209/219/4 205/163/4 207/240/4
f 2138/516/4 2122/517/4 2121/518/4
f 1524/428/4 1526/324/4 1525/432/4
f 1419/519/4 1420/483/4 1456/485/4
f 1510/163/4 1513/467/4 1515/164/4
f 1043/163/4 1048/465/4 1051/466/4
f 1540/520/4 1539/521/4 1565/522/4
f 2071/500/4 2077/219/4 2076/501/4
f 1676/523/4 1675/524/4 1582/525/4
f 1164/526/4 1165/527/4 1166/528/4
f 1650/529/4 1612/530/4 1651/531/4
f 1280/163/4 1283/467/4 1285/164/4
f 1684/163/4 1689/465/4 1692/466/4
f 1708/245/4 1705/248/4 1714/268/4
f 1698/339/4 1696/163/4 1703/164/4
f 2052/515/4 2051/467/4 2050/353/4
f 1741/532/4 1742/219/4 1744/482/4
f 1730/339/4 1728/163/4 1735/164/4
f 877/533/4 878/534/4 802/535/4
f 2043/219/4 2041/163/4 2042/240/4
f 1298/163/4 1303/499/4 1302/219/4
f 2019/536/4 2020/537/4 2016/538/4
f 1522/339/4 1520/163/4 1527/164/4
f 2058/500/4 2064/219/4 2063/501/4
f 2045/163/4 2047/539/4 2048/508/4
f 434/520/4 433/521/4 459/522/4
f 11/532/4 14/219/4 18/482/4
f 1779/540/4 1810/541/4 1809/542/4
f 966/543/4 967/544/4 957/545/4
f 320/519/4 322/483/4 369/467/4
f 1414/546/10 4733/547/10 4746/546/10
f 3950/547/10 4746/546/10 4733/547/10
f 1528/163/11 3294/163/11 3292/548/11
f 1444/549/12 3820/550/12 3813/549/12
f 1547/551/13 4881/552/13 4869/553/13
f 3434/554/13 4869/553/13 4881/552/13
f 4092/555/14 4740/556/14 4097/556/14
f 1462/556/14 4742/555/14 1463/555/14
f 1535/557/15 3356/558/15 3347/557/15
f 1447/559/16 3817/560/16 3896/559/16
f 1542/561/17 4878/562/17 4853/563/17
f 3408/564/17 4853/563/17 4878/562/17
f 4069/565/18 4737/565/18 4738/566/18
f 1459/567/18 4750/567/18 4738/566/18
f 1559/568/19 4893/569/19 1558/569/19
f 3494/569/19 4892/568/19 3497/568/19
f 1447/559/20 3895/570/20 1448/571/20
f 1572/572/21 3288/573/21 1571/573/21
f 4119/574/22 4749/575/22 4755/576/22
f 1457/577/22 4755/576/22 4749/575/22
f 1629/578/23 2991/579/23 2953/580/23
f 1449/581/24 3893/582/24 1450/582/24
f 1584/583/25 3297/584/25 3167/585/25
f 3881/586/26 4751/587/26 4752/588/26
f 1451/589/26 3882/589/26 4752/588/26
f 1681/590/27 3001/591/27 1680/591/27
f 4106/577/28 4757/485/28 4105/485/28
f 1456/485/28 4756/577/28 1457/577/28
f 1679/592/29 3054/593/29 1678/593/29
f 3879/594/30 4751/587/30 3880/595/30
f 1452/595/30 4753/596/30 1453/596/30
f 1623/597/31 2817/598/31 2798/599/31
f 3934/600/32 4758/601/32 3938/601/32
f 1454/601/32 4754/600/32 1455/600/32
f 1589/602/33 3214/603/33 1588/603/33
f 1517/240/6 3705/219/6 1518/219/6
f 1636/604/34 2902/605/34 1635/605/34
f 1525/432/3 3560/324/3 3596/606/3
f 1670/492/35 3114/607/35 3119/492/35
f 1554/608/36 4897/609/36 1553/609/36
f 3535/609/37 4905/608/37 3498/608/37
f 1619/610/38 2779/518/38 2771/610/38
f 1577/611/39 3252/612/39 3250/611/39
f 1640/489/40 2873/613/40 1639/464/40
f 1533/614/41 3320/615/41 1532/615/41
f 1545/616/42 4870/617/42 4871/618/42
f 3433/617/42 4871/618/42 4870/617/42
f 1/163/3 4569/163/3 4555/619/3
f 1540/520/43 4882/620/43 4867/621/43
f 3661/620/43 4867/621/43 4882/620/43
f 1/163/5 4557/164/5 4569/163/5
f 3384/521/44 4852/622/44 4850/521/44
f 4852/622/44 3387/623/44 1538/623/44
f 19/164/45 4560/482/45 4557/164/45
f 1581/624/46 3169/525/46 3084/624/46
f 267/625/47 4239/626/47 4238/625/47
f 1627/627/48 2844/628/48 2834/627/48
f 316/629/49 4387/630/49 4388/629/49
f 1583/631/50 3167/585/50 3168/631/50
f 426/615/51 4156/632/51 425/632/51
f 1625/633/52 2825/634/52 2819/633/52
f 477/467/5 4099/635/5 3915/467/5
f 1678/593/53 3083/636/53 1677/636/53
f 564/512/54 3714/637/54 3713/512/54
f 1676/523/55 3103/524/55 1675/524/55
f 551/638/56 3831/639/56 552/639/56
f 1592/479/57 3221/640/57 1591/640/57
f 532/641/58 3737/642/58 533/642/58
f 1643/541/59 2838/542/59 1642/542/59
f 544/643/60 3790/514/60 3784/643/60
f 1664/506/61 3113/505/61 3122/644/61
f 519/645/62 3724/646/62 520/647/62
f 1660/648/63 3102/649/63 3092/650/63
f 496/651/64 3828/652/64 497/652/64
f 1596/653/65 3225/654/65 1595/654/65
f 484/655/66 3710/656/66 485/657/66
f 1610/658/67 2860/659/67 1609/659/67
f 571/660/1 3571/661/1 572/240/1
f 1693/543/6 2675/662/6 1694/662/6
f 668/481/68 3487/480/68 3489/481/68
f 1688/663/69 2681/664/69 2622/663/69
f 760/665/70 3161/666/70 3162/665/70
f 1701/432/3 2513/324/3 2516/432/3
f 732/667/71 2965/668/71 733/669/71
f 1709/244/5 2506/259/5 2478/244/5
f 772/164/72 2810/487/72 2786/164/72
f 1717/670/6 2470/671/6 1718/671/6
f 752/672/73 3106/673/73 3109/674/73
f 683/163/74 2786/164/74 2764/163/74
f 1732/428/1 2448/675/1 1731/301/1
f 684/676/75 2764/163/75 2785/676/75
f 1739/240/76 3651/677/76 1740/678/76
f 704/679/5 3223/680/5 3121/681/5
f 1793/682/77 3318/683/77 3430/682/77
f 720/684/78 2964/685/78 2886/686/78
f 1798/687/79 3375/688/79 1849/689/79
f 1615/690/80 2791/691/80 2804/692/80
f 691/693/81 2963/694/81 692/694/81
f 1757/695/82 3547/491/82 1756/491/82
f 1647/696/83 2968/697/83 2901/696/83
f 779/698/84 4460/699/84 780/699/84
f 1833/481/85 3492/700/85 3488/481/85
f 1690/698/84 2682/699/84 1691/699/84
f 790/164/3 4133/164/3 4172/701/3
f 1809/542/86 3328/702/86 1808/702/86
f 1696/163/3 2511/163/3 2512/703/3
f 785/163/6 4213/539/6 786/539/6
f 1829/509/87 3471/506/87 3466/509/87
f 1696/163/5 2607/417/5 2511/163/5
f 828/635/88 4066/704/88 829/704/88
f 1813/705/89 3335/706/89 1812/706/89
f 1712/256/5 2539/707/5 2497/708/5
f 840/709/90 3972/476/90 841/476/90
f 1762/654/91 3546/710/91 1761/711/91
f 1705/248/92 2501/163/92 1704/163/92
f 849/712/93 3974/713/93 3977/712/93
f 1825/714/94 3457/648/94 3484/714/94
f 1704/163/6 2517/164/6 1715/164/6
f 820/715/95 4056/661/95 821/240/95
f 1821/432/96 3411/716/96 3399/432/96
f 1726/662/1 2479/164/1 1727/164/1
f 807/717/97 4050/718/97 808/718/97
f 1776/659/98 3360/719/98 1775/719/98
f 1720/663/1 2463/465/1 1721/465/1
f 860/720/99 3959/721/99 861/721/99
f 1774/339/100 3380/722/100 1773/722/100
f 1735/164/6 2443/324/6 1734/324/6
f 869/723/101 4004/324/101 4002/723/101
f 1932/724/102 2973/725/102 2835/726/102
f 1743/727/5 2437/728/5 2427/727/5
f 877/533/103 3956/729/103 3958/533/103
f 1900/669/104 2928/730/104 1901/730/104
f 1788/731/105 3266/597/105 3253/732/105
f 799/733/106 4058/734/106 800/734/106
f 1919/672/6 3228/735/6 1920/736/6
f 1754/603/107 3517/737/107 1753/738/107
f 883/163/108 3775/539/108 885/539/108
f 1852/739/109 2780/676/109 2793/739/109
f 1839/740/110 3464/741/110 3476/740/110
f 883/163/5 3772/513/5 3747/163/5
f 1887/684/111 2908/742/111 1888/743/111
f 1802/605/112 3363/744/112 1801/744/112
f 892/745/113 3717/514/113 891/514/113
f 1876/746/114 3170/747/114 3075/746/114
f 1835/493/115 3539/492/115 3486/748/115
f 956/749/116 3645/750/116 3632/749/116
f 1863/751/117 3172/752/117 1864/752/117
f 1806/464/118 3332/462/118 1805/462/118
f 960/753/119 3602/536/119 961/536/119
f 1948/466/5 2697/699/5 2615/466/5
f 1784/754/120 3249/610/120 3248/755/120
f 947/756/121 3676/728/121 948/219/121
f 2016/538/122 2588/545/122 2589/538/122
f 1780/757/123 3265/690/123 3303/758/123
f 976/759/124 3605/760/124 3608/759/124
f 2009/761/125 2582/762/125 2010/763/125
f 1820/764/126 3399/432/126 3392/764/126
f 939/765/127 3634/766/127 940/766/127
f 2022/767/128 2553/768/128 2023/768/128
f 1767/769/129 3538/770/129 1766/770/129
f 933/771/130 3633/772/130 3631/771/130
f 2030/503/131 2554/773/131 2559/503/131
f 1769/774/132 3536/775/132 1768/775/132
f 906/776/133 3582/777/133 3581/776/133
f 2001/778/134 2580/779/134 2002/502/134
f 1773/722/135 3391/780/135 1772/780/135
f 924/496/136 3688/698/136 925/698/136
f 2038/781/137 2586/782/137 2529/783/137
f 1771/784/138 3454/785/138 1770/785/138
f 910/786/139 3584/787/139 3586/786/139
f 1994/532/1 2564/788/1 1995/788/1
f 1929/789/140 3195/790/140 3023/789/140
f 990/163/3 3183/163/3 3181/791/3
f 1953/792/6 2510/793/6 1954/793/6
f 1935/512/54 2824/637/54 2830/512/54
f 990/163/5 3285/164/5 3183/163/5
f 1959/670/141 2522/794/141 1960/794/141
f 1922/638/56 3308/639/56 1923/639/56
f 999/164/5 2857/514/5 2766/164/5
f 1986/795/142 2581/796/142 1987/796/142
f 1907/797/143 3031/798/143 1908/798/143
f 1007/164/6 2752/324/6 1006/324/6
f 1971/799/144 2544/800/144 1972/800/144
f 1905/801/145 2988/802/145 1906/802/145
f 1015/727/5 2749/728/5 2743/727/5
f 2053/514/6 2488/803/6 2052/515/6
f 1909/804/146 3061/805/146 1910/805/146
f 1028/662/1 2742/164/1 1029/164/1
f 2061/806/1 2485/240/1 2060/240/1
f 1903/641/58 2932/642/58 1904/642/58
f 1022/663/1 2728/465/1 1023/465/1
f 2077/219/147 2431/501/147 2076/501/147
f 1915/643/60 3099/514/60 3096/643/60
f 1036/353/3 1037/501/3 4659/807/3
f 4659/807/3 2717/353/3 4657/353/3
f 2132/808/148 2376/809/148 2368/579/148
f 1895/486/149 2885/510/149 1896/510/149
f 1044/670/6 4665/670/6 4666/810/6
f 2677/670/6 4666/810/6 4665/670/6
f 2183/591/150 2375/811/150 2182/592/150
f 1890/645/151 2874/646/151 1891/647/151
f 1063/812/152 2631/813/152 2663/812/152
f 2185/814/153 2367/590/153 2184/590/153
f 1884/815/154 2941/816/154 2960/817/154
f 1070/417/155 2647/468/155 2649/417/155
f 2089/738/156 2435/818/156 2088/818/156
f 1866/651/64 3301/652/64 1867/652/64
f 1077/539/157 2635/819/157 2627/539/157
f 2122/517/158 3216/731/158 3210/517/158
f 1880/820/159 3086/821/159 3012/820/159
f 1087/822/6 2686/823/6 1088/823/6
f 2136/744/160 2351/824/160 2135/824/160
f 1882/825/161 3005/826/161 2987/827/161
f 1117/828/162 4274/829/162 1118/829/162
f 2175/830/163 2394/740/163 2391/831/163
f 1854/655/66 2827/656/66 1855/657/66
f 1125/832/164 4285/513/164 4289/832/164
f 2093/640/165 2417/833/165 2092/833/165
f 1860/834/166 3021/835/166 1861/835/166
f 1237/542/167 4788/702/167 1236/702/167
f 3967/702/167 4795/542/167 3985/542/167
f 2171/700/168 2399/836/168 2397/700/168
f 1948/466/1 2639/543/1 1949/543/1
f 3877/539/1 4813/837/1 4823/838/1
f 1281/539/1 4813/837/1 4802/839/1
f 2118/840/169 3207/754/169 3235/840/169
f 1942/671/1 2696/664/1 1943/664/1
f 1295/543/6 3755/662/6 1296/662/6
f 2114/540/170 3312/757/170 3238/540/170
f 2013/750/171 2577/841/171 2584/842/171
f 1290/663/69 3759/664/69 3720/663/69
f 2157/843/172 2372/844/172 2370/845/172
f 2039/846/1 2534/164/1 2040/164/1
f 1303/499/5 3650/164/5 3578/499/5
f 2155/847/173 2365/848/173 2362/847/173
f 2017/849/174 2763/850/174 2018/753/174
f 1311/698/84 4884/699/84 1312/699/84
f 3450/699/84 4883/851/84 3448/698/84
f 2101/770/175 2432/507/175 2100/507/175
f 2026/852/176 2560/544/176 2555/853/176
f 1318/854/3 2768/163/3 2767/854/3
f 2198/855/177 3203/856/177 3199/857/177
f 2004/858/178 2599/756/178 2005/756/178
f 1317/163/5 3017/859/5 2768/163/5
f 2204/860/179 2869/861/179 2822/860/179
f 2033/760/180 2550/662/180 2562/760/180
f 1331/862/181 3232/863/181 1332/863/181
f 2207/864/182 2801/865/182 2796/864/182
f 1996/866/183 2570/765/183 1997/765/183
f 1344/867/184 3047/868/184 1345/868/184
f 2192/869/185 3665/870/185 2193/870/185
f 1990/772/186 2574/871/186 2572/772/186
f 1353/872/187 3062/873/187 3069/872/187
f 2211/874/188 2816/875/188 2784/874/188
f 1955/876/189 2533/877/189 1956/877/189
f 1323/878/190 3187/879/190 1324/879/190
f 2188/880/191 3144/881/191 2189/881/191
f 1963/777/192 2525/882/192 2524/883/192
f 1393/625/193 3810/626/193 3808/625/193
f 2216/625/193 2772/626/193 2776/625/193
f 1967/787/194 2528/884/194 2527/787/194
f 1417/629/49 4739/630/49 4745/885/49
f 3946/630/49 4745/885/49 4739/630/49
f 2221/886/195 2807/887/195 2800/886/195
f 1981/495/196 2609/496/196 1982/496/196
f 1515/164/5 3779/514/5 3699/164/5
f 2226/888/197 2997/889/197 2227/890/197
f 1977/891/198 2592/465/198 1978/465/198
f 2228/892/199 2999/893/199 2229/893/199
f 2231/894/200 3014/895/200 2232/896/200
f 2064/219/147 2455/501/147 2063/501/147
f 1523/301/6 3644/339/6 1522/339/6
f 2236/897/201 3025/898/201 3089/897/201
f 2071/500/202 2430/899/202 2422/900/202
f 1612/530/203 2811/540/203 2863/530/203
f 2260/901/204 2875/902/204 2261/903/204
f 2080/904/1 2423/499/1 2079/499/1
f 2240/629/205 3039/905/205 3040/629/205
f 2129/683/206 2356/906/206 2337/683/206
f 1685/670/3 2606/163/3 2637/670/3
f 2244/484/207 3024/483/207 3032/484/207
f 2127/634/208 2336/682/208 2335/907/208
f 1684/163/5 2684/164/5 2606/163/5
f 10/678/6 4561/532/6 11/532/6
f 2186/689/209 2364/814/209 2185/814/209
f 109/808/148 4512/809/148 4513/579/148
f 2134/908/210 2358/687/210 2133/687/210
f 199/591/211 4510/909/211 197/910/211
f 2141/911/212 2344/428/212 2140/428/212
f 1699/301/6 2605/339/6 1698/339/6
f 33/738/156 4571/818/156 31/818/156
f 2095/912/213 2413/479/213 2094/479/213
f 1715/164/214 2492/913/214 1714/268/214
f 116/744/160 4492/824/160 114/824/160
f 2168/505/215 2398/914/215 2405/505/215
f 1707/246/6 2505/915/6 1706/247/6
f 185/830/216 4543/740/216 4534/831/216
f 2146/916/217 2340/541/217 2145/541/217
f 1722/698/84 2471/699/84 1723/699/84
f 124/462/218 4478/917/218 122/917/218
f 2164/649/219 2393/918/219 2385/649/219
f 1735/164/3 2436/163/3 2445/164/3
f 41/640/165 4568/833/165 39/833/165
f 2150/919/220 2354/920/220 2149/920/220
f 1728/163/5 2452/417/5 2436/163/5
f 178/700/221 4536/836/221 4538/700/221
f 2099/921/222 2410/653/222 2098/653/222
f 1736/163/3 3660/163/3 3566/922/3
f 87/840/169 4576/754/169 4462/840/169
f 2160/923/223 2382/924/223 2377/923/223
f 1736/163/5 3572/164/5 3660/163/5
f 81/540/170 4483/757/170 4482/540/170
f 2152/925/224 2369/926/224 2350/925/224
f 1745/164/45 3652/482/45 3572/164/45
f 209/219/1 4575/728/1 4439/927/1
f 2158/844/225 2380/928/225 2372/844/225
f 1925/929/226 3311/930/226 3174/929/226
f 238/931/227 4368/932/227 4321/933/227
f 2110/719/228 3319/339/228 2109/339/228
f 1937/934/229 2865/935/229 2805/934/229
f 235/936/230 4411/855/230 4413/936/230
f 2203/861/231 2870/937/231 2869/861/231
f 1917/938/232 3131/939/232 3112/938/232
f 246/940/233 4280/860/233 4255/940/233
f 2326/941/234 3007/942/234 2327/942/234
f 1897/511/235 2890/943/235 1898/943/235
f 253/944/236 4250/945/236 4261/944/236
f 2323/946/237 2934/947/237 2324/948/237
f 1892/949/238 2842/950/238 1893/950/238
f 217/951/239 4429/952/239 219/952/239
f 2328/953/240 3090/954/240 2329/954/240
f 1868/955/241 3305/956/241 1869/956/241
f 261/957/242 4240/958/242 4348/959/242
f 2321/960/243 2920/961/243 2322/962/243
f 1856/963/244 2833/964/244 1857/964/244
f 396/965/245 4312/966/245 4310/967/245
f 2317/968/246 2976/969/246 2318/970/246
f 1950/662/1 2761/164/1 1951/164/1
f 273/971/247 4242/972/247 4260/971/247
f 2330/973/248 3057/974/248 2331/974/248
f 1944/663/1 2616/465/1 1945/465/1
f 280/975/249 4252/976/249 282/976/249
f 2313/977/250 2892/978/250 2314/979/250
f 2019/536/251 2549/537/251 2020/537/251
f 290/890/252 4364/892/252 292/892/252
f 2309/980/253 2898/981/253 2310/982/253
f 2006/219/254 2612/983/254 2007/983/254
f 294/893/255 4374/984/255 296/985/255
f 2302/986/256 3132/987/256 3197/986/256
f 2035/988/257 2545/759/257 2548/989/257
f 348/990/258 4293/991/258 349/992/258
f 2299/993/259 3137/994/259 3133/995/259
f 1998/766/260 2576/996/260 1999/997/260
f 320/519/261 4390/998/261 4382/519/261
f 2296/999/262 3135/1000/262 2297/1001/262
f 1992/699/263 2571/1002/263 2569/699/263
f 328/1003/264 4378/1004/264 4379/1003/264
f 2294/1005/265 3140/1006/265 2295/1006/265
f 1965/1007/266 2523/776/266 2532/1007/266
f 367/601/267 4392/1008/267 368/1008/267
f 2291/1009/268 3142/1010/268 2292/1010/268
f 1983/698/269 2595/1011/269 1984/1011/269
f 422/163/5 4237/1012/5 4089/163/5
f 2287/1013/270 3148/1014/270 2288/1014/270
f 1969/1015/271 2526/786/271 2762/1015/271
f 473/1016/11 4089/163/11 4100/1017/11
f 2263/1018/5 2911/1019/5 2769/1018/5
f 2042/240/3 2491/163/3 2494/240/3
f 441/551/13 4208/554/13 4209/551/13
f 2267/549/272 2783/550/272 2814/549/272
f 2041/163/5 2498/164/5 2491/163/5
f 429/557/15 4162/558/15 4158/557/15
f 2285/556/14 3151/555/14 2286/555/14
f 2050/353/273 2495/353/273 2509/1020/273
f 436/561/17 4190/564/17 4189/561/17
f 2270/559/274 2806/560/274 2866/559/274
f 2058/500/275 2444/1021/275 2057/1022/275
f 453/568/276 4222/569/276 452/569/276
f 2282/567/18 3134/565/18 2283/565/18
f 2065/1023/277 2441/1024/277 2458/1023/277
f 466/572/278 4170/573/278 465/573/278
f 2272/581/24 2823/582/24 2273/582/24
f 2074/806/1 2446/240/1 2073/240/1
f 560/725/279 3751/1025/279 3746/725/279
f 2274/589/26 2836/595/26 2275/595/26
f 556/665/70 3803/666/70 3804/665/70
f 2279/485/28 3091/577/28 2280/577/28
f 3/777/6 4554/1026/6 5/660/6
f 535/802/280 3754/1027/280 536/797/280
f 2277/601/32 3022/600/32 2278/600/32
f 24/525/281 4544/631/281 4545/525/281
f 537/798/282 3767/1028/282 538/804/282
f 18/482/3 4563/727/3 4560/482/3
f 103/634/283 4516/627/283 4477/907/283
f 533/642/284 3739/1029/284 534/801/284
f 106/578/23 4513/579/23 4494/580/23
f 100/1030/285 4485/463/285 4484/1030/285
f 540/1031/286 3782/1032/286 541/1033/286
f 21/809/287 4523/624/287 4512/809/287
f 196/636/288 4530/523/288 193/523/288
f 528/667/71 3733/668/71 529/669/71
f 27/583/25 4573/584/25 4574/585/25
f 114/824/289 4495/1034/289 113/1034/289
f 568/164/72 3703/487/72 3702/164/72
f 201/590/27 4508/591/27 199/591/27
f 191/524/290 4525/1035/290 189/741/290
f 548/672/291 3785/673/291 3787/674/291
f 197/910/292 4522/636/292 196/636/292
f 92/1036/293 4463/1037/293 4577/1038/293
f 480/163/74 3702/164/74 3691/163/74
f 99/490/294 4484/1030/294 4464/490/294
f 176/914/295 4537/481/295 4535/914/295
f 522/950/296 3701/488/296 523/488/296
f 36/602/33 4546/603/33 34/603/33
f 46/711/297 4552/912/297 44/912/297
f 481/676/75 3691/163/75 3692/676/75
f 120/604/298 4490/605/298 119/605/298
f 138/706/299 4472/1039/299 136/916/299
f 501/679/5 3841/680/5 3800/679/5
f 181/492/35 4532/607/35 4540/492/35
f 169/918/300 4531/509/300 4542/1040/300
f 516/684/78 3732/685/78 3744/686/78
f 90/610/301 4577/1038/301 4438/610/301
f 144/919/302 4498/1041/302 4488/919/302
f 505/1042/303 3781/1043/303 3898/1044/303
f 128/489/304 4470/613/304 127/464/304
f 162/1045/305 4529/714/305 4521/1046/305
f 508/1047/306 3766/1048/306 3765/1047/306
f 44/912/213 4551/479/213 43/479/213
f 159/1049/307 4518/1050/307 4519/1049/307
f 512/816/308 3748/825/308 3738/1051/308
f 173/505/215 4535/914/215 4539/505/215
f 409/1052/309 4313/960/309 410/960/309
f 510/826/310 3761/820/310 3753/1053/310
f 136/916/217 4469/541/217 134/541/217
f 405/1054/311 4306/968/311 406/968/311
f 492/1055/312 3798/751/312 493/751/312
f 168/649/219 4542/1040/219 4526/649/219
f 401/1056/313 4299/977/313 402/977/313
f 488/693/81 3743/694/81 489/694/81
f 83/690/80 4465/691/80 4467/692/80
f 397/1057/314 4308/1058/314 398/980/314
f 576/727/5 3682/219/5 3629/727/5
f 144/919/220 4489/920/220 142/920/220
f 269/1059/315 4238/625/315 4246/1059/315
f 587/603/107 3513/737/107 586/738/107
f 52/921/316 4548/653/316 50/653/316
f 380/1060/317 4445/1061/317 381/1009/317
f 674/740/110 3462/741/110 3474/740/110
f 147/925/224 4496/926/224 4491/925/224
f 308/547/318 4391/1062/318 4385/1063/318
f 635/605/112 3354/744/112 634/744/112
f 151/1064/319 4504/764/319 4500/1065/319
f 356/550/320 4244/1066/320 4241/1067/320
f 670/836/321 3523/492/321 3490/1068/321
f 155/432/322 4507/1069/322 4509/432/322
f 448/608/36 4227/609/36 447/609/36
f 639/464/118 3330/462/118 638/462/118
f 80/1070/323 4479/1071/323 78/658/323
f 471/611/39 4078/612/39 4080/611/39
f 617/754/120 3247/610/120 3246/754/120
f 59/1072/324 4565/1073/324 56/1073/324
f 427/614/325 4155/615/325 426/615/325
f 74/719/326 4497/339/326 73/339/326
f 439/616/42 4207/617/42 4233/1074/42
f 613/757/123 3263/690/123 3275/758/123
f 63/1075/327 4541/1076/327 61/1076/327
f 434/520/43 4193/620/43 4186/520/43
f 652/1077/328 3372/1064/328 3377/1077/328
f 68/780/329 4511/1078/329 66/784/329
f 432/623/44 4194/521/44 4236/623/44
f 654/764/330 3395/432/330 3390/764/330
f 240/937/331 4321/933/331 4340/1079/331
f 477/467/1 4108/514/1 478/514/1
f 606/722/135 3389/780/135 605/780/135
f 233/855/177 4455/856/177 4411/855/177
f 565/935/332 3713/512/332 3694/935/332
f 604/784/138 3477/785/138 603/785/138
f 244/860/179 4339/861/179 4280/860/179
f 553/930/333 3831/639/333 3801/930/333
f 762/789/140 3078/790/140 3027/789/140
f 229/1080/334 4453/1081/334 4454/1082/334
f 545/939/335 3784/643/335 3783/939/335
f 768/512/54 2853/637/54 2852/512/54
f 414/1083/336 4369/1084/336 415/941/336
f 525/510/337 3727/511/337 526/511/337
f 755/638/56 3281/639/56 756/639/56
f 413/948/338 4320/1083/338 414/1083/338
f 520/647/339 3777/949/339 521/949/339
f 740/797/143 3028/798/143 741/798/143
f 250/864/182 4251/865/182 4257/864/182
f 497/652/340 3829/1085/340 498/955/340
f 738/801/145 2986/802/145 739/802/145
f 416/942/341 4395/1086/341 417/953/341
f 485/657/342 3709/1087/342 486/963/342
f 742/804/146 3077/805/146 743/805/146
f 411/962/343 4319/946/343 412/946/343
f 572/240/76 3646/677/76 573/678/76
f 736/641/58 2951/642/58 737/642/58
f 221/869/185 4446/870/185 223/870/185
f 628/628/344 3383/578/344 3355/628/344
f 748/643/60 3097/514/60 3095/643/60
f 418/954/345 4404/1088/345 419/973/345
f 624/463/346 3282/1089/346 3280/463/346
f 728/486/149 2881/510/149 729/510/149
f 408/1090/347 4316/1052/347 409/1052/347
f 620/1037/348 3255/1091/348 3242/1037/348
f 723/645/151 2871/646/151 724/647/151
f 404/1092/349 4329/1054/349 405/1054/349
f 642/542/86 3322/702/86 641/702/86
f 717/815/154 2950/816/154 2925/817/154
f 421/1093/350 4405/974/350 4412/1093/350
f 664/509/87 3469/506/87 3465/509/87
f 699/651/64 3273/652/64 700/652/64
f 257/874/188 4243/875/188 4247/874/188
f 646/705/89 3333/706/89 645/706/89
f 713/820/159 3085/821/159 3011/820/159
f 400/1094/351 4298/1056/351 401/1056/351
f 594/654/91 3544/710/91 593/711/91
f 715/825/161 2993/826/161 2985/827/161
f 215/880/352 4434/881/352 216/881/352
f 660/714/94 3458/648/94 3479/714/94
f 687/655/66 2849/656/66 688/657/66
f 265/626/353 4347/1095/353 4239/626/353
f 649/1041/354 3368/925/354 3416/1096/354
f 693/834/166 3026/835/166 694/835/166
f 278/886/195 4249/887/195 4256/886/195
f 657/928/355 3436/923/355 3410/928/355
f 781/466/1 4349/543/1 782/543/1
f 388/994/356 4452/1001/356 4418/994/356
f 651/926/357 3377/1077/357 3366/926/357
f 775/671/1 4459/664/1 776/664/1
f 385/1006/358 4424/999/358 386/999/358
f 598/1097/359 3511/1098/359 597/1098/359
f 790/164/5 4173/514/5 4133/164/5
f 284/539/360 4279/1099/360 285/1100/360
f 609/659/98 3350/719/98 608/719/98
f 833/1101/361 4039/1102/361 4112/1103/361
f 383/1104/362 4425/1005/362 384/1005/362
f 601/1076/363 3521/1105/363 600/1072/363
f 836/1106/364 3955/1107/364 837/1107/364
f 287/888/197 4366/890/197 290/890/197
f 765/724/102 2966/725/102 2855/726/102
f 824/1108/365 4077/1109/365 825/1110/365
f 292/892/366 4373/893/366 294/893/366
f 733/669/367 2915/730/367 734/730/367
f 845/467/368 4111/1111/368 4005/467/368
f 379/1112/369 4436/1060/369 380/1060/369
f 752/672/6 3224/735/6 753/736/6
f 853/1113/370 3989/219/370 3957/1113/370
f 298/894/371 4377/1114/371 300/1114/371
f 685/739/109 2785/676/109 2802/739/109
f 816/339/372 4032/1115/372 817/1116/372
f 306/1062/373 4384/1117/373 4391/1062/373
f 720/684/374 2904/742/374 721/743/374
f 812/1118/375 4033/1119/375 4027/1118/375
f 350/901/204 4295/902/204 351/903/204
f 709/746/114 3156/747/114 3066/746/114
f 865/1120/376 3970/1121/376 3982/1122/376
f 355/1066/377 4245/1123/377 4244/1066/377
f 696/751/117 3158/752/117 697/752/117
f 803/1124/378 4075/417/378 804/417/378
f 313/630/379 4386/1125/379 4387/630/379
f 781/466/5 4460/699/5 4263/466/5
f 873/1126/380 3981/1127/380 3968/1128/380
f 376/555/381 4427/1013/381 377/1013/381
f 786/539/1 4232/635/1 787/635/1
f 324/484/382 4383/483/382 4393/484/382
f 829/704/383 4054/1129/383 830/1129/383
f 880/1130/384 3948/1131/384 3930/1132/384
f 359/560/385 4248/1133/385 4259/560/385
f 842/428/376 3972/476/376 3984/428/376
f 795/1134/386 4102/1135/386 796/1135/386
f 331/1136/387 4375/1137/387 4372/1136/387
f 850/1138/380 3977/712/380 3983/1138/380
f 888/353/273 3833/353/273 3773/1020/273
f 346/1139/388 4314/1140/388 4327/1139/388
f 821/240/389 4060/1141/389 822/1141/389
f 374/1142/390 4422/1143/390 4423/1144/390
f 809/1145/391 4050/718/391 4047/1145/391
f 958/538/122 3627/545/122 3622/538/122
f 336/1146/392 4365/1147/392 4354/1148/392
f 861/721/393 3988/514/393 862/514/393
f 951/761/394 3638/762/394 952/763/394
f 371/574/395 4414/1149/395 372/567/395
f 870/1150/396 4002/723/396 4043/1150/396
f 964/767/128 3604/768/128 965/768/128
f 361/571/397 4345/1151/397 362/581/397
f 878/534/398 3958/533/398 3954/534/398
f 972/503/131 3612/773/131 3610/503/131
f 363/582/399 4337/589/399 364/589/399
f 800/734/400 4094/1152/400 801/1152/400
f 943/778/134 3668/779/134 944/502/134
f 368/1008/401 4448/467/401 369/467/401
f 884/513/402 3775/539/402 3772/513/402
f 980/781/403 3587/782/403 3588/783/403
f 366/596/404 4355/601/404 367/601/404
f 936/532/1 3623/788/1 937/788/1
f 443/1153/405 4211/1154/405 4212/1153/405
f 893/164/6 3698/745/6 892/745/6
f 895/792/6 3559/793/6 896/793/6
f 425/632/406 4163/1155/406 424/1155/406
f 961/536/407 3599/537/407 962/537/407
f 901/670/141 3592/794/141 902/794/141
f 447/609/408 4231/1156/408 446/1156/408
f 948/219/254 3690/983/254 949/983/254
f 928/795/142 3639/796/142 929/796/142
f 470/1157/409 4080/611/409 4086/1158/409
f 969/1159/410 3611/852/410 3614/1160/410
f 913/799/144 3607/800/144 914/800/144
f 438/1161/411 4233/1074/411 4192/1161/411
f 977/988/257 3608/759/257 3601/989/257
f 987/219/412 3425/353/412 986/353/412
f 451/1162/413 4226/1163/413 450/1163/413
f 940/766/260 3635/996/260 941/997/260
f 994/163/3 2766/164/3 2765/163/3
f 433/521/414 4186/520/414 4194/521/414
f 934/699/263 3631/771/263 3626/699/263
f 994/163/6 3067/539/6 995/539/6
f 431/1164/415 4236/623/415 4160/1164/415
f 898/877/416 3577/1165/416 899/1165/416
f 467/1166/417 4581/1167/417 4126/1166/417
f 907/1007/266 3581/776/266 3590/1007/266
f 455/1168/418 4224/1169/418 454/1169/418
f 925/698/269 3673/1011/269 926/1011/269
f 1003/301/6 2754/339/6 1002/339/6
f 457/1170/419 4218/1171/419 456/1172/419
f 911/1015/420 3586/786/420 3585/1015/420
f 4602/1173/1 2737/660/1 4598/1174/1
f 1010/660/1 4598/1174/1 4594/1175/1
f 458/1176/421 4217/1170/421 457/1170/421
f 920/465/422 3671/1177/422 921/1177/422
f 2724/163/3 2721/1178/3 4663/1179/3
f 2721/1178/3 4660/670/3 4663/1179/3
f 459/522/423 4191/1176/423 458/1176/423
f 983/163/424 3530/164/424 989/164/424
f 1018/163/5 2742/164/5 2724/163/5
f 475/539/1 4099/635/1 476/635/1
f 984/500/6 3529/163/6 983/163/6
f 4655/1180/202 2715/900/202 4654/1181/202
f 1033/899/425 2719/899/425 4655/1180/425
f 558/789/140 3805/790/140 3763/789/140
f 991/240/6 3219/219/6 992/219/6
f 2712/1182/1 4675/499/1 4674/1183/1
f 1041/904/1 2711/904/1 4674/1183/1
f 563/637/426 3715/1184/426 3714/637/426
f 2743/727/3 2744/1185/3 4599/1186/3
f 2744/1185/3 4600/1187/3 4599/1186/3
f 1048/465/427 4645/1188/427 4668/1189/427
f 4645/1188/427 2759/465/427 4668/1189/427
f 536/797/143 3762/798/143 537/798/143
f 1023/465/427 2729/698/427 1024/698/427
f 1111/324/428 2664/1120/428 2694/324/428
f 534/801/145 3749/802/145 535/802/145
f 4653/1190/147 4658/1191/147 1037/501/147
f 2718/501/147 4658/1191/147 4653/1190/147
f 1109/514/429 2661/1192/429 2662/514/429
f 538/804/146 3768/805/146 539/805/146
f 1045/671/1 2702/664/1 1046/664/1
f 1106/1193/430 2659/1194/430 2660/1195/430
f 550/1196/431 3830/638/431 551/638/431
f 1056/1197/432 2628/1198/432 1057/1198/432
f 1102/1199/433 2672/1200/433 1103/1200/433
f 531/1201/434 3742/641/434 532/641/434
f 1071/1202/435 2649/417/435 2644/1202/435
f 1058/829/436 2636/1203/436 1059/1134/436
f 542/1204/437 3790/514/437 543/514/437
f 1078/1205/438 2627/539/438 2625/1206/438
f 1066/1152/439 2650/832/439 2645/1152/439
f 524/486/440 3731/510/440 525/510/440
f 1082/477/441 2617/899/441 4415/477/441
f 1099/467/442 2692/713/442 1100/713/442
f 503/539/443 3786/1207/443 3789/539/443
f 1171/324/428 4403/1120/428 4333/324/428
f 518/1208/444 3725/645/444 519/645/444
f 1169/514/429 4401/1192/429 4402/514/429
f 1073/717/445 2642/1209/445 2655/717/445
f 507/1048/446 3769/1210/446 3766/1048/446
f 1166/528/447 4351/528/447 4352/1211/447
f 2665/1212/448 4628/353/448 2688/353/448
f 1094/353/448 4630/1213/448 1095/1213/448
f 513/815/154 3738/1051/154 3741/817/154
f 2657/1214/449 4626/1215/449 4627/301/449
f 1091/301/449 4626/1215/449 1092/1216/449
f 484/655/450 3693/1217/450 3711/655/450
f 1162/1199/433 4358/1200/433 1163/1200/433
f 2653/1218/451 4624/635/451 4625/1219/451
f 2687/1110/451 2653/1218/451 4625/1219/451
f 509/820/452 3765/1047/452 3761/820/452
f 1118/829/436 4276/1203/436 1119/1134/436
f 1164/526/453 4371/527/453 1165/527/453
f 511/825/161 3753/1053/161 3748/825/161
f 1126/1152/454 4289/832/454 4287/1220/454
f 1122/813/455 4281/409/455 4284/813/455
f 495/1221/456 3796/651/456 496/651/456
f 1159/428/457 4580/713/457 1160/713/457
f 1129/468/458 4292/1222/458 4303/468/458
f 490/834/166 3764/835/166 491/835/166
f 1133/717/459 4290/1223/459 4282/717/459
f 1136/819/460 4330/1224/460 4275/819/460
f 570/777/6 3593/660/6 571/660/6
f 4784/1225/461 4360/1226/461 4579/428/461
f 4359/1227/461 4784/1225/461 4783/1227/461
f 1141/899/462 4267/1228/462 4265/899/462
f 579/809/287 3447/624/287 3404/809/287
f 4370/1212/448 4781/353/448 4350/353/448
f 1154/353/448 4782/1213/448 1155/1213/448
f 4215/508/1 4844/1229/1 4842/508/1
f 1146/508/1 4842/508/1 4844/1229/1
f 581/525/281 3527/631/281 3528/1230/281
f 4398/1231/449 4799/1216/449 4798/301/449
f 1151/301/449 4799/1216/449 1152/1216/449
f 1222/683/206 4020/906/206 3939/683/206
f 626/634/283 3353/627/283 3284/907/283
f 4332/635/451 4797/635/451 4796/1232/451
f 1149/1110/451 4801/1110/451 4796/1232/451
f 4759/1233/463 4762/1234/463 1220/634/463
f 4762/1234/463 4759/1233/463 4117/682/463
f 585/818/464 3525/1235/464 584/584/464
f 1225/808/148 4128/809/148 4051/579/148
f 1279/689/209 4041/814/209 1278/814/209
f 682/1236/465 3401/590/465 681/590/465
f 1223/906/466 4028/1237/466 4020/906/466
f 1217/1030/467 4764/1030/467 4763/1238/467
f 3918/490/294 4770/490/294 4763/1238/294
f 623/1030/285 3280/463/285 3278/1030/285
f 1276/591/150 4127/811/150 1275/592/150
f 1227/908/210 4021/687/210 1226/687/210
f 680/591/211 3403/909/211 679/910/211
f 1278/814/153 4052/590/153 1277/590/153
f 1212/610/301 4775/1036/301 4774/610/301
f 3900/1036/301 4774/610/301 4775/1036/301
f 678/636/288 3444/523/288 677/523/288
f 1181/738/156 4203/818/156 1180/818/156
f 1187/912/213 4188/479/213 1186/479/213
f 633/824/289 3382/1034/289 632/1034/289
f 1268/830/468 4176/740/468 4146/831/468
f 1261/505/215 4153/914/215 4147/505/215
f 676/524/290 3462/741/290 675/741/290
f 1233/462/218 4006/917/218 1232/917/218
f 1239/916/217 4794/541/217 1238/541/217
f 3973/541/217 4793/1239/217 3992/916/217
f 589/833/469 3656/1240/469 588/602/469
f 1185/640/165 4200/833/165 1184/833/165
f 1257/649/219 4137/918/219 4138/649/219
f 637/917/470 3346/604/470 636/604/470
f 1264/700/168 4150/836/168 4151/700/168
f 619/1036/293 3242/1037/293 3239/1038/293
f 1211/754/169 4772/754/169 4773/1241/169
f 3909/840/169 4787/840/169 4773/1241/169
f 1243/919/220 4815/919/220 4809/1242/220
f 4018/920/220 4810/1243/220 4809/1242/220
f 672/607/471 3470/830/471 3467/607/471
f 1206/540/170 4812/757/170 4807/540/170
f 3994/757/170 4807/540/170 4812/757/170
f 1191/921/316 4182/653/316 1190/653/316
f 641/702/472 3326/489/472 640/489/472
f 1250/843/172 4124/844/172 4090/845/172
f 1253/923/223 4134/924/223 4143/923/223
f 667/914/295 3489/481/295 3485/914/295
f 1249/848/173 4067/848/173 4828/1244/173
f 4828/1244/173 4055/847/173 4827/1245/173
f 1245/925/224 4817/926/224 4819/925/224
f 4016/926/224 4819/925/224 4817/926/224
f 593/711/297 3551/912/297 592/912/297
f 1193/770/175 4198/507/175 1192/507/175
f 1251/844/225 4129/928/225 4124/844/225
f 645/706/473 3351/1039/473 644/916/473
f 3892/635/5 4806/1246/5 4803/635/5
f 1282/635/5 4803/635/5 4806/1246/5
f 1202/719/228 4834/339/228 1201/339/228
f 4017/339/228 4836/719/228 4113/719/228
f 615/691/474 3241/840/474 3254/691/474
f 1296/662/1 3757/164/1 1297/164/1
f 1294/466/5 3776/699/5 3721/466/5
f 663/918/300 3465/509/300 3473/1040/300
f 1290/663/1 3722/465/1 1291/465/1
f 3531/661/475 4888/1247/475 4885/240/475
f 1300/240/475 4885/240/475 4888/1247/475
f 648/919/302 3416/1096/302 3339/919/302
f 3450/699/5 4862/1248/5 4863/1249/5
f 1312/699/5 4863/1249/5 4862/1248/5
f 1313/466/1 3426/543/1 1314/543/1
f 659/924/476 3479/714/476 3443/924/476
f 1340/1250/477 3072/1251/477 3017/859/477
f 3449/664/1 4890/671/1 3440/671/1
f 1307/671/1 4891/1252/1 1308/664/1
f 597/1098/478 3512/1253/478 596/921/478
f 1332/863/479 3150/1254/479 1333/1254/479
f 1336/1255/480 3189/471/480 3190/1255/480
f 611/1070/481 3274/540/481 3272/1070/481
f 1345/868/482 3081/1256/482 1346/1256/482
f 1362/1257/483 2858/164/483 1363/164/483
f 653/1064/319 3390/764/319 3372/1064/319
f 1354/1258/484 3069/872/484 3058/1258/484
f 1349/470/485 3070/469/485 3063/1259/485
f 655/432/486 3405/1260/486 3395/432/486
f 1361/1261/487 3035/1262/487 3004/1263/487
f 1327/1264/488 3663/1265/488 1328/1266/488
f 603/785/489 3478/1267/489 602/1075/489
f 1324/879/490 3662/472/490 1325/472/490
f 1357/1268/491 3044/1269/491 3046/1270/491
f 607/339/100 3376/722/100 606/722/100
f 1497/1052/309 3870/960/309 1498/960/309
f 1319/1271/492 3079/1272/492 1320/1272/492
f 605/780/329 3406/784/329 604/784/329
f 1493/1054/493 3876/968/493 1494/968/493
f 1378/931/227 3920/932/227 3912/933/227
f 764/725/279 2946/1025/279 2966/725/279
f 1489/1056/313 3856/977/313 1490/977/313
f 1376/936/230 2475/855/230 2481/936/230
f 759/666/494 3160/929/494 3161/666/494
f 1485/1057/495 3863/1058/495 1486/980/495
f 1382/940/233 3839/860/233 3844/940/233
f 739/802/280 3002/797/280 740/797/280
f 1394/1059/315 3808/625/315 3807/1059/315
f 1386/944/236 3819/945/236 3814/944/236
f 741/798/282 3045/804/282 742/804/282
f 4082/1061/496 4703/1009/496 4702/1273/496
f 1467/1060/317 4711/1060/317 4702/1273/317
f 1367/951/239 4681/1274/239 4680/1275/239
f 2536/952/497 4680/1275/497 4681/1274/497
f 737/642/284 2940/801/284 738/801/284
f 1413/547/318 4735/1062/318 4733/547/318
f 3943/1062/318 4733/547/318 4735/1062/318
f 1390/957/242 3809/958/242 3811/959/242
f 771/487/498 2803/934/498 2810/487/498
f 1443/550/320 3821/1066/320 3820/550/320
f 1484/965/499 3869/966/499 3866/967/499
f 744/1031/286 3093/1032/286 745/1033/286
f 1396/971/247 3826/972/247 3818/971/247
f 731/943/500 2900/667/500 732/667/500
f 1524/428/1 3597/301/1 1523/301/1
f 1399/975/501 3840/976/501 1400/976/501
f 751/673/502 3110/938/502 3106/673/502
f 1531/632/503 3420/1155/503 1530/1155/503
f 3922/892/504 4696/890/504 3924/890/504
f 1404/890/504 4698/892/504 1405/892/504
f 726/950/296 2841/488/296 727/488/296
f 1553/609/408 4900/1276/408 1552/1156/408
f 3507/1277/408 4900/1276/408 4897/609/408
f 1406/893/255 4709/985/255 1407/985/255
f 3937/984/255 4706/893/255 3925/893/255
f 702/956/505 3223/680/505 703/680/505
f 1576/1157/409 3250/611/409 3264/1158/409
f 4715/1278/258 3851/1279/258 3853/991/258
f 3852/990/506 4715/1278/506 4714/990/506
f 708/747/507 3100/1280/507 3156/747/507
f 1544/1161/411 4871/618/411 4868/1161/411
f 3437/1074/411 4868/1161/411 4871/618/411
f 1419/519/508 4732/998/508 4734/519/508
f 3949/998/508 4734/519/508 4732/998/508
f 719/685/509 2914/1281/509 2964/685/509
f 1557/1162/510 4895/1163/510 1556/1163/510
f 3495/1163/413 4896/1162/413 3496/1162/413
f 1423/1003/264 4724/1004/264 4722/1003/264
f 3935/1004/264 4722/1003/264 4724/1004/264
f 716/816/308 2985/827/308 2950/816/308
f 1539/521/414 4867/621/414 4850/521/414
f 3398/520/414 4850/521/414 4867/621/414
f 1510/163/3 3699/164/3 3704/163/3
f 714/826/511 3011/820/511 2993/826/511
f 1537/1164/512 3387/623/512 3364/1164/512
f 1510/163/6 3793/539/6 1511/539/6
f 690/964/513 2846/693/513 691/693/513
f 1628/628/344 2953/580/344 2844/628/344
f 1518/219/1 3700/164/1 1519/164/1
f 695/1055/312 3157/751/312 696/751/312
f 1631/687/79 2949/688/79 1683/689/79
f 1527/164/6 4898/164/6 4901/1282/6
f 3657/164/6 4901/1282/6 4898/164/6
f 778/465/427 4381/698/427 779/698/427
f 1667/481/514 3116/700/514 3117/481/514
f 1550/1154/515 4873/1283/515 4876/1154/515
f 3439/1283/515 4876/1154/515 4873/1283/515
f 1642/542/86 2839/702/86 1641/702/86
f 1546/617/516 4869/553/516 4870/617/516
f 3435/551/517 4870/617/517 4869/553/517
f 835/475/518 4104/1216/518 4045/475/518
f 1663/509/87 3122/644/87 3111/509/87
f 1533/614/519 3359/1284/519 3327/614/519
f 827/1285/520 4062/635/520 828/635/520
f 1646/705/89 2882/706/89 1645/706/89
f 1558/569/521 4896/1162/521 1557/1162/521
f 3496/1162/521 4893/569/521 3494/569/521
f 839/1286/522 3966/709/522 840/709/522
f 1595/654/91 3220/711/91 1594/711/91
f 1571/573/523 3428/1287/523 1570/1287/523
f 848/713/524 4044/1288/524 3974/713/524
f 1659/714/94 3092/650/94 3163/714/94
f 3493/1169/418 4886/1168/418 3534/1168/418
f 1561/1168/418 4906/1169/418 1560/1169/418
f 856/432/525 3953/1289/525 3940/432/525
f 1569/1290/526 3358/1291/526 1568/1292/526
f 819/823/527 4049/715/527 820/715/527
f 1656/928/528 3082/923/528 3053/928/528
f 3533/1171/419 4880/1170/419 3482/1170/419
f 1563/1170/419 4874/1172/419 1562/1172/419
f 814/1293/529 4023/1294/529 4110/1295/529
f 1609/659/98 2859/719/98 1608/719/98
f 1567/1296/530 3386/1297/530 1566/1298/530
f 859/498/364 3952/720/364 860/720/364
f 1685/670/6 2674/671/6 1686/671/6
f 3482/1170/421 4879/1299/421 3451/1176/421
f 1564/1176/421 4880/1170/421 1563/1170/421
f 806/1300/531 4057/717/531 807/717/531
f 4851/1301/532 3397/522/532 4854/522/532
f 1566/1298/532 3386/1297/532 4851/1301/532
f 868/324/368 4109/1302/368 4004/324/368
f 1700/428/1 2640/301/1 1699/301/1
f 3451/1176/423 4854/522/423 3397/522/423
f 1565/522/423 4879/1299/423 1564/1176/423
f 876/729/370 3987/1303/370 3956/729/370
f 1707/246/533 2490/245/533 2476/246/533
f 1622/731/105 2798/599/105 2799/732/105
f 798/812/534 4061/733/534 799/733/534
f 1724/466/5 2471/699/5 2462/466/5
f 1588/603/535 3295/737/535 1587/738/535
f 792/1304/536 4101/1305/536 793/1306/536
f 1730/339/1 2452/417/1 1729/417/1
f 1673/740/110 3098/741/110 3129/740/110
f 891/514/6 3771/803/6 890/515/6
f 1737/777/6 3598/660/6 1738/660/6
f 1635/605/112 2969/744/112 1634/744/112
f 955/750/171 3637/841/171 3645/750/171
f 1748/525/281 3542/631/281 3543/525/281
f 1669/836/537 3119/492/537 3115/1068/537
f 981/846/1 3565/164/1 982/164/1
f 1843/636/288 3445/523/288 1842/523/288
f 1639/464/118 2883/462/118 1638/462/118
f 959/849/174 3653/753/174 960/753/174
f 1800/824/538 3367/908/538 1799/908/538
f 1618/754/120 2771/610/120 2773/754/120
f 968/852/176 3613/544/176 3611/852/176
f 1841/524/290 3464/741/290 1840/741/290
f 1647/696/539 2906/705/539 1646/705/539
f 946/858/540 3677/756/540 947/756/540
f 1756/491/541 3659/1240/541 1755/602/541
f 1614/757/542 2804/692/542 2812/758/542
f 975/760/180 3603/662/180 3605/760/180
f 1832/914/295 3488/481/295 3491/914/295
f 1649/1307/543 2958/529/543 2927/1307/543
f 938/866/183 3630/765/183 939/765/183
f 1761/711/297 3553/912/297 1760/912/297
f 1651/531/544 2948/1064/544 2942/1308/544
f 932/772/186 3636/871/186 3633/772/186
f 1812/706/473 3331/1039/473 1811/916/473
f 1653/764/126 3000/432/126 2990/764/126
f 897/876/189 3591/877/189 898/877/189
f 1828/918/300 3466/509/300 3475/1040/300
f 1600/769/129 3289/770/129 1599/770/129
f 905/777/545 3580/882/545 3582/777/545
f 1815/919/302 3423/1041/302 3340/919/302
f 1602/774/132 3165/775/132 1601/775/132
f 908/884/546 3590/1007/546 3583/884/546
f 1824/1045/305 3484/714/305 3455/1046/305
f 1606/722/135 2989/780/135 1605/780/135
f 909/787/547 3583/884/547 3584/787/547
f 1817/1309/548 3371/1310/548 3370/1311/548
f 1604/784/138 3071/785/138 1603/785/138
f 923/495/549 3687/496/549 924/496/549
f 1822/716/550 3431/1050/550 3411/716/550
f 1694/662/1 2684/164/1 1695/164/1
f 915/663/551 3615/1312/551 916/1312/551
f 1926/666/494 3174/929/494 3175/666/494
f 1688/663/1 2624/465/1 1689/465/1
f 919/891/198 3686/465/198 920/465/198
f 1938/487/498 2805/934/498 2813/487/498
f 1703/164/6 2513/324/6 1702/324/6
f 997/467/1 2857/514/1 998/514/1
f 1898/943/552 2903/1313/552 1899/667/552
f 1710/259/553 2493/1314/553 2506/259/553
f 1005/432/3 2752/324/3 2751/432/3
f 1918/673/554 3112/938/554 3107/673/554
f 1724/466/1 2482/543/1 1725/543/1
f 1013/532/1 2756/532/1 2748/1315/1
f 1869/956/505 3227/680/505 1870/680/505
f 1718/671/1 2477/664/1 1719/664/1
f 1027/543/6 2732/662/6 1028/662/6
f 1875/747/507 3104/1280/507 3170/747/507
f 1733/432/6 2447/428/6 1732/428/6
f 1022/663/69 2733/664/69 2727/663/69
f 1886/685/509 2916/1281/509 2971/685/509
f 1740/678/6 3681/532/6 1741/532/6
f 1036/353/6 4661/806/6 1035/806/6
f 2722/806/6 4657/353/6 2717/353/6
f 1857/964/513 2845/693/513 1858/693/513
f 1797/808/148 3414/809/148 3394/808/148
f 1044/670/3 4636/1316/3 4634/1317/3
f 2676/1178/3 4643/1318/3 4634/1317/3
f 1945/465/427 2651/698/427 1946/698/427
f 1795/906/466 3381/1237/466 3338/906/466
f 2679/1319/5 4640/1320/5 4639/1321/5
f 1043/163/5 4639/1321/5 4640/1320/5
f 2015/545/555 2587/749/555 2588/545/555
f 1846/591/150 3413/811/150 1845/592/150
f 2705/543/1 4635/466/1 2760/466/1
f 1051/466/1 4637/543/1 1052/543/1
f 2007/983/556 2597/1322/556 2008/1322/556
f 1848/814/153 3393/590/153 1847/590/153
f 1113/164/557 2695/1323/557 2619/164/557
f 2020/537/558 2546/1324/558 2021/1325/558
f 1753/738/156 3518/818/156 1752/818/156
f 1112/1323/559 2694/324/559 2695/1323/559
f 2028/482/560 2556/1159/560 2558/1187/560
f 1787/517/158 3253/732/158 3257/1326/158
f 1110/1120/561 2662/514/561 2664/1120/561
f 2036/1327/562 2548/989/562 2542/1327/562
f 1801/744/160 3365/824/160 1800/824/160
f 1108/1192/563 2660/1195/563 2661/1192/563
f 1999/997/564 2575/466/564 2000/466/564
f 1838/830/163 3476/740/163 3472/831/163
f 1104/515/565 2666/432/565 1105/432/565
f 1993/1328/566 2569/699/566 2567/1328/566
f 1805/462/567 3336/917/567 1804/917/567
f 1055/1329/568 2618/1197/568 1056/1197/568
f 1957/1165/569 2514/1330/569 1958/1330/569
f 1758/640/570 3554/695/570 1757/695/570
f 1062/813/455 2633/409/455 2631/813/455
f 1984/1011/571 2591/1331/571 1985/1331/571
f 1784/754/169 3248/755/169 3244/1332/169
f 1100/713/572 2670/1333/572 1101/1334/572
f 1970/1335/573 2762/1015/573 2541/1335/573
f 1779/540/170 3303/758/170 3302/540/170
f 1069/468/458 2646/1222/458 2647/468/458
f 1974/1312/574 2585/494/574 1975/494/574
f 1766/770/175 3515/507/175 1765/507/175
f 4633/1336/575 2690/1337/575 2691/467/575
f 2689/1227/576 4633/1336/576 4632/1227/576
f 2042/240/6 2496/219/6 2043/219/6
f 1928/790/577 3176/665/577 3195/790/577
f 1076/819/578 2632/1224/578 2635/819/578
f 2051/467/6 2495/353/6 2050/353/6
f 1933/1184/579 2835/726/579 2832/1338/579
f 1081/899/462 2620/1228/462 2617/899/462
f 2058/500/202 2459/899/202 2450/500/202
f 1912/1033/580 3105/1339/580 1913/1204/580
f 2671/1286/581 4629/1340/581 2667/1340/581
f 1096/1340/581 4642/1286/581 1097/1286/581
f 2067/904/1 2441/1024/1 2066/499/1
f 1901/730/582 2919/1201/582 1902/1201/582
f 2652/1341/583 4626/1215/583 2658/1342/583
f 1092/1216/583 4631/1341/583 1093/1343/583
f 2075/353/6 2438/1344/6 2074/806/6
f 1920/736/584 3212/1345/584 1921/1196/584
f 2656/301/585 4624/635/585 2654/635/585
f 1090/635/585 4627/301/585 1091/301/585
f 2125/598/586 2334/633/586 2333/598/586
f 1894/488/587 2982/486/587 1895/486/587
f 1088/823/588 2687/1110/588 1089/1110/588
f 2088/818/589 2435/818/589 2400/1346/589
f 1872/1207/590 3120/679/590 3124/1207/590
f 1086/508/1 4416/822/1 1087/822/1
f 2121/518/591 3210/517/591 3236/518/591
f 1888/743/592 2878/1208/592 1889/1208/592
f 1173/164/557 4334/1323/557 4269/164/557
f 2174/607/471 2391/831/471 2406/1347/471
f 1853/1217/593 2793/739/593 2797/1217/593
f 1116/1306/594 4272/828/594 1117/828/594
f 2092/833/595 2419/1240/595 2091/602/595
f 1879/821/596 3055/1348/596 3086/821/596
f 1161/1334/597 4367/1199/597 1162/1199/597
f 2143/702/472 2339/489/472 2142/489/472
f 1864/752/598 3173/1221/598 1865/1221/598
f 1124/513/599 4291/812/599 4285/513/599
f 2117/691/600 3235/840/600 3215/691/600
f 1859/694/601 2955/834/601 1860/834/601
f 1142/477/1 4234/478/1 1143/478/1
f 2113/1070/481 3238/540/481 3258/1070/481
f 1940/163/3 2613/163/3 2604/1349/3
f 1132/1223/602 4288/1202/602 4290/1223/602
f 2103/775/603 2403/769/603 2102/769/603
f 1940/163/5 2761/164/5 2613/163/5
f 1139/1350/604 4277/1205/604 4271/1351/604
f 2105/785/605 2392/1352/605 2104/774/605
f 2010/763/606 2583/1353/606 2011/1353/606
f 1157/1286/607 4783/1227/607 1158/1227/607
f 4359/1227/607 4786/1286/607 4361/1286/607
f 2107/780/329 2373/1078/329 2106/784/329
f 2024/543/608 2553/768/608 2551/543/608
f 4350/353/609 4780/1343/609 4353/1343/609
f 1153/1343/609 4781/353/609 1154/353/609
f 2197/856/610 3204/1080/610 3203/856/610
f 2031/504/611 2559/503/611 2552/1354/611
f 1175/624/46 4178/525/46 4145/624/46
f 2195/1081/612 3666/1355/612 3667/1081/612
f 3939/683/77 4118/1356/77 4761/1357/77
f 4118/1356/77 4760/682/77 4761/1357/77
f 2206/865/613 2868/940/613 2801/865/613
f 2002/502/614 2596/1358/614 2003/1358/614
f 1218/463/346 4766/1089/346 4765/463/346
f 3998/1089/346 4765/463/346 4766/1089/346
f 2191/952/615 3141/869/615 2192/869/615
f 1987/796/616 2578/1359/616 1988/1359/616
f 2210/875/617 2790/944/617 2816/875/617
f 1954/793/1 2519/876/1 1955/876/1
f 1180/818/589 4203/818/589 4204/1360/589
f 2187/163/6 3237/880/6 2188/880/6
f 1960/794/618 2521/1361/618 1961/1361/618
f 1226/687/79 4025/689/79 1279/689/79
f 2308/1057/619 2913/965/619 2917/1362/619
f 1980/1363/620 2590/495/620 1981/495/620
f 1272/523/55 4141/524/55 1271/524/55
f 2305/1364/621 2933/1365/621 2921/1364/621
f 1976/1366/622 2602/1367/622 2600/1368/622
f 1229/744/160 4013/824/160 1228/824/160
f 2214/1095/623 2777/957/623 2770/1369/623
f 2045/163/108 2480/539/108 2047/539/108
f 1214/1037/348 4771/1091/348 4768/1370/348
f 3905/1091/348 4768/1370/348 4771/1091/348
f 2303/1371/624 3197/986/624 2936/1371/624
f 2045/163/5 2483/513/5 2466/163/5
f 1267/607/471 4146/831/471 4149/607/471
f 2220/887/625 2795/971/625 2807/887/625
f 2054/745/113 2467/514/113 2053/514/113
f 1184/833/469 4181/1240/469 1183/602/469
f 2223/976/626 2821/539/626 2224/539/626
f 2062/353/6 2451/1344/6 2061/806/6
f 1232/917/470 4008/604/470 1231/604/470
f 2225/1100/627 2984/888/627 2226/888/627
f 2069/163/3 2433/163/3 2420/1372/3
f 1263/481/85 4151/700/85 4152/481/85
f 2230/985/345 3009/894/345 2231/894/345
f 2069/163/5 2424/1022/5 2433/163/5
f 1236/702/628 4790/489/628 1235/489/628
f 3986/489/628 4788/702/628 3967/702/628
f 2235/898/629 3015/1373/629 3025/898/629
f 2078/1023/6 2429/219/6 2077/219/6
f 1210/840/600 4787/840/600 4789/1374/600
f 3903/691/474 4804/691/474 4789/1374/474
f 2259/992/630 2879/901/630 2260/901/630
f 2083/624/46 2409/525/46 2383/624/46
f 1259/509/631 4148/506/631 4166/509/631
f 2239/905/632 3041/1375/632 3039/905/632
f 2085/631/50 2407/583/50 2408/631/50
f 1189/654/91 4199/710/91 1188/711/91
f 2243/483/633 3016/519/633 3024/483/633
f 2126/633/52 2335/907/52 2334/633/52
f 1241/705/634 4811/705/634 4791/1376/634
f 4009/706/89 4792/706/89 4791/1376/89
f 2257/1377/635 2974/1139/635 2891/1377/635
f 2181/593/53 2378/636/53 2180/636/53
f 1255/714/94 4136/648/94 4140/714/94
f 2247/1137/636 3013/1003/636 3008/1137/636
f 2179/523/55 2388/1378/55 2178/524/55
f 1244/1041/637 4819/925/637 4820/1041/637
f 4014/925/637 4820/1041/637 4819/925/637
f 2255/1140/638 2924/1379/638 2929/1380/638
f 2140/428/639 2346/1381/639 2139/1381/639
f 1252/928/528 4143/923/528 4129/928/528
f 2249/1147/640 2998/1136/640 2996/1147/640
f 2094/479/57 2415/640/57 2093/640/57
f 1206/540/481 4807/540/481 4808/1382/481
f 3991/1070/481 4816/1383/481 4808/1382/481
f 2253/1384/641 2939/1385/641 2962/1386/641
f 2145/541/642 2341/1387/642 2144/542/642
f 1247/1077/357 4826/1077/357 4818/1388/357
f 4016/926/357 4817/926/357 4818/1388/357
f 2251/1389/643 2994/1146/643 2935/1389/643
f 2167/506/644 2405/505/644 2389/644/644
f 1192/507/645 4179/921/645 1191/921/645
f 5/660/1 4558/661/1 7/240/1
f 2149/920/646 2347/705/646 2148/705/646
f 1203/659/98 4831/659/98 4830/1390/98
f 4113/719/98 4836/719/98 4830/1390/98
f 31/818/589 4571/818/589 4572/1391/589
f 2163/648/63 2385/649/63 2387/648/63
f 1195/775/603 4165/769/603 1194/769/603
f 111/1392/647 4506/1236/647 203/1236/647
f 2098/653/65 2418/654/65 2097/654/65
f 1201/339/100 4834/339/100 4835/1393/100
f 4029/722/100 4838/722/100 4835/1393/100
f 184/607/648 4534/831/648 4532/607/648
f 2112/658/67 3268/659/67 2111/659/67
f 1197/785/605 4847/785/605 4839/1394/605
f 4174/1352/605 4841/774/605 4839/1394/605
f 39/833/469 4549/602/469 36/602/469
f 2320/1052/309 2931/960/309 2321/960/309
f 1199/780/329 4845/784/329 1198/784/329
f 4132/1395/329 4845/784/329 4846/780/329
f 122/917/470 4487/604/470 120/604/470
f 2316/1054/493 2899/968/493 2317/968/493
f 1280/163/3 3756/164/3 3758/163/3
f 130/702/472 4476/489/472 128/489/472
f 2312/1056/313 2893/977/313 2313/977/313
f 3878/1396/6 4833/539/6 4832/1397/6
f 1280/163/6 3758/163/6 4832/1397/6
f 85/691/474 4462/840/474 4465/691/474
f 2308/1057/649 2975/980/649 2309/980/649
f 1294/466/1 3778/543/1 1295/543/1
f 81/540/481 4482/540/481 4481/1398/481
f 2217/1059/650 2776/625/650 2778/1059/650
f 1288/671/1 3759/664/1 1289/664/1
f 55/507/651 4550/921/651 52/921/651
f 2290/1060/317 3149/1009/317 2291/1009/317
f 1302/219/652 3578/499/652 3558/728/652
f 65/785/489 4528/1075/489 63/1075/489
f 2266/550/320 2781/1066/320 2783/550/320
f 1310/465/427 3316/465/427 4860/1399/427
f 3448/698/427 4861/1400/427 4860/1399/427
f 205/163/3 4444/163/3 4441/1401/3
f 11/532/1 4562/728/1 14/219/1
f 1339/1251/653 3192/1402/653 3072/1251/653
f 205/163/5 4440/164/5 4444/163/5
f 22/624/46 4545/525/46 4523/624/46
f 1343/1403/654 3043/867/654 1344/867/654
f 237/932/655 4413/936/655 4368/932/655
f 104/627/48 4517/628/48 4516/627/48
f 1330/1404/656 3206/862/656 1331/862/656
f 225/1355/657 4446/870/657 4447/1405/657
f 25/631/50 4574/585/50 4544/631/50
f 1352/873/658 3064/1406/658 3062/873/658
f 252/945/659 4257/864/659 4250/945/659
f 102/1089/660 4477/907/660 4486/1407/660
f 1360/1262/661 3049/474/661 3035/1262/661
f 216/881/662 4437/951/662 217/951/662
f 203/1236/465 4505/590/465 201/590/465
f 1322/1408/663 3186/878/663 1323/878/663
f 259/958/664 4247/874/664 4240/958/664
f 113/1034/665 4493/1392/665 111/1392/665
f 1379/937/331 3912/933/331 3887/1079/331
f 395/966/666 4318/1364/666 4312/966/666
f 193/523/55 4527/524/55 191/524/55
f 1375/855/177 2473/856/177 2475/855/177
f 393/1365/667 4322/1371/667 4324/1365/667
f 97/1091/668 4464/490/668 4466/1091/668
f 1381/860/179 3886/861/179 3839/860/179
f 391/1409/669 4456/1410/669 4457/1409/669
f 43/479/57 4553/640/57 41/640/57
f 1373/1080/334 2472/1081/334 2474/1082/334
f 271/972/670 4246/1059/670 4242/972/670
f 134/541/642 4475/1387/642 132/542/642
f 1502/1083/336 3921/1084/336 1503/941/336
f 278/886/671 4254/975/671 280/975/671
f 171/506/61 4539/505/61 4533/644/61
f 1501/948/672 3913/1083/672 1502/1083/672
f 351/903/673 4302/1019/673 352/1019/673
f 142/920/646 4515/705/646 140/705/646
f 1384/864/182 3837/865/182 3897/864/182
f 318/998/674 4388/629/674 4390/998/674
f 166/648/63 4526/649/63 4524/650/63
f 1504/942/341 4001/1086/341 1505/953/341
f 347/1377/675 4301/990/675 348/990/675
f 50/653/65 4547/654/65 48/654/65
f 1499/962/343 3911/946/343 1500/946/343
f 325/1004/676 4393/484/676 4378/1004/676
f 160/1050/677 4521/1046/677 4518/1050/677
f 1369/869/185 2503/870/185 1370/870/185
f 344/1379/678 4317/1384/678 4326/1411/678
f 157/1069/679 4519/1049/679 4507/1069/679
f 1506/954/345 3964/1088/345 1507/973/345
f 340/1385/680 4578/1389/680 4323/1412/680
f 56/1073/681 4566/507/681 55/507/681
f 1496/1090/347 3873/1052/347 1497/1052/347
f 444/1154/515 4210/1283/515 4211/1154/515
f 78/658/67 4474/659/67 76/659/67
f 1492/1092/349 3859/1054/349 1493/1054/349
f 440/617/517 4209/551/517 4207/617/517
f 407/970/682 4307/1090/682 408/1090/682
f 1509/1093/350 3962/974/350 4121/1413/350
f 427/614/683 4157/1284/683 4159/614/683
f 403/979/684 4300/1414/684 404/1092/684
f 1388/874/188 3812/875/188 3827/874/188
f 452/569/521 4230/1162/521 451/1162/521
f 399/982/685 4328/1094/685 400/1094/685
f 1488/1094/351 3860/1056/351 1489/1056/351
f 465/573/523 4169/1287/523 464/1287/523
f 382/1010/686 4428/1104/686 383/1104/686
f 1365/880/191 4684/881/191 1366/881/191
f 2487/881/191 4683/880/191 2486/880/191
f 463/1290/526 4167/1291/526 462/1292/526
f 378/1014/687 4435/1112/687 379/1112/687
f 1392/626/353 3806/1095/353 3810/626/353
f 461/1296/530 4235/1297/530 460/1298/530
f 304/1117/688 4394/1415/688 4384/1117/688
f 4030/1410/689 4686/987/689 4692/1410/689
f 1478/987/689 4692/1410/689 4686/987/689
f 460/1298/532 4185/522/532 459/522/532
f 354/1123/690 4228/1018/690 4245/1123/690
f 1398/886/195 3815/887/195 3825/886/195
f 479/164/5 4108/514/5 3890/164/5
f 312/1125/691 4389/546/691 4386/1125/691
f 4107/994/356 4691/994/356 4690/1416/356
f 1474/1001/356 4693/1001/356 4690/1416/356
f 559/1025/692 3763/789/692 3751/1025/692
f 358/1133/693 4258/549/693 4248/1133/693
f 4064/999/694 4695/999/694 4694/1417/694
f 1472/1006/695 4705/1006/695 4694/1417/695
f 554/929/226 3801/930/226 3802/929/226
f 373/565/696 4421/1142/696 374/1142/696
f 1401/539/360 3885/1099/360 1402/1100/360
f 566/934/229 3694/935/229 3696/934/229
f 450/1163/697 4225/1418/697 449/1418/697
f 4093/1005/362 4700/1104/362 4081/1104/362
f 1470/1104/362 4701/1005/362 1471/1005/362
f 539/805/698 3899/1031/698 540/1031/698
f 437/564/699 4192/1161/699 4190/564/699
f 3884/1419/197 4696/890/197 4697/1420/197
f 1403/888/197 3883/888/197 4697/1420/197
f 546/938/232 3783/939/232 3788/938/232
f 469/1421/700 4086/1158/700 4083/1421/700
f 3925/893/701 4706/893/701 4699/1422/701
f 1405/892/199 4698/892/199 4699/1422/199
f 526/511/235 3729/943/235 527/943/235
f 430/558/702 4160/1164/702 4162/558/702
f 4085/1060/369 4712/1423/369 4084/1112/369
f 1466/1112/369 4711/1060/369 1467/1060/369
f 521/949/238 3697/950/238 522/950/238
f 561/724/102 3746/725/102 3716/726/102
f 1408/894/703 4708/894/703 4707/1424/703
f 3936/1114/703 4723/1114/703 4707/1424/703
f 498/955/241 3848/956/241 499/956/241
f 529/669/104 3736/730/104 530/730/104
f 1412/1062/704 4731/1117/704 4735/1062/704
f 4000/1117/704 4735/1062/704 4731/1117/704
f 504/1043/705 3789/539/705 3781/1043/705
f 548/672/6 3842/735/6 549/736/6
f 1437/901/706 3850/902/706 1438/903/706
f 514/1281/707 3741/817/707 3735/1281/707
f 482/739/109 3692/676/109 3695/739/109
f 1442/1066/377 3822/1425/377 3821/1066/377
f 486/963/244 3708/964/244 487/964/244
f 516/684/374 3728/742/374 517/743/374
f 1416/630/379 4736/1125/379 4739/630/379
f 3945/1125/379 4739/630/379 4736/1125/379
f 491/835/708 3888/1055/708 492/1055/708
f 493/751/117 3799/752/117 494/752/117
f 4079/1426/709 4742/555/709 4092/555/709
f 1463/555/710 4741/1013/710 1464/1013/710
f 573/678/6 3707/532/6 574/532/6
f 577/482/3 3629/727/3 3647/1187/3
f 1421/484/711 4730/483/711 4744/484/711
f 3999/483/711 4744/484/711 4730/483/711
f 630/808/148 3404/809/148 3402/579/148
f 679/910/292 3446/636/292 678/636/292
f 1446/560/385 3816/1133/385 3817/560/385
f 586/738/156 3524/818/156 585/818/156
f 622/490/294 3278/1030/294 3251/490/294
f 1425/1136/387 4725/1137/387 4726/1136/387
f 3928/1137/387 4726/1136/387 4725/1137/387
f 634/744/160 3369/824/160 633/824/160
f 618/610/301 3239/1038/301 3247/610/301
f 1433/1139/388 4721/1427/388 4716/1139/388
f 3871/1140/388 4716/1139/388 4721/1427/388
f 673/830/216 3474/740/216 3470/830/216
f 592/912/213 3549/479/213 591/479/213
f 4097/556/712 4743/1142/712 4063/1142/712
f 1461/1142/712 4740/556/712 1462/556/712
f 638/462/218 3334/917/218 637/917/218
f 666/505/215 3485/914/215 3510/505/215
f 1427/1146/392 4727/1147/392 4728/1146/392
f 3923/1147/392 4728/1146/392 4727/1147/392
f 590/640/165 3545/833/165 589/833/165
f 644/916/217 3324/541/217 643/541/217
f 4037/567/713 4748/574/713 4119/574/713
f 1458/574/713 4750/567/713 1459/567/713
f 669/480/714 3490/1068/714 3487/480/714
f 662/649/219 3473/1040/219 3461/649/219
f 1448/571/397 3894/581/397 1449/581/397
f 617/754/169 3246/754/169 3240/1428/169
f 648/919/220 3341/920/220 647/920/220
f 1450/582/399 3882/589/399 1451/589/399
f 612/540/170 3275/758/170 3274/540/170
f 596/921/222 3500/653/222 595/653/222
f 4105/485/715 4754/600/715 3934/600/715
f 1455/600/715 4757/485/715 1456/485/715
f 761/790/577 3162/665/577 3078/790/577
f 658/923/223 3443/924/223 3436/923/223
f 3938/601/404 4753/596/404 3879/594/404
f 1453/596/404 4758/601/404 1454/601/404
f 766/1184/579 2855/726/579 2854/1338/579
f 650/925/224 3366/926/224 3368/925/224
f 1513/467/1 3779/514/1 1514/514/1
f 745/1033/580 3101/1339/580 746/1204/580
f 656/1260/716 3410/928/716 3405/1260/716
f 1522/339/1 3654/417/1 1521/417/1
f 734/730/582 2926/1201/582 735/1201/582
f 600/1072/324 3522/1073/324 599/1073/324
f 1530/1155/717 3421/1012/717 1529/1012/717
f 753/736/584 3211/1345/584 754/1196/584
f 608/719/228 3415/339/228 607/339/228
f 1548/554/718 4872/1153/718 4881/552/718
f 3453/1153/719 4881/552/719 4872/1153/719
f 727/488/587 2979/486/587 728/486/587
f 602/1075/327 3520/1076/327 601/1076/327
f 1556/1163/720 4894/1429/720 1555/1418/720
f 3514/1418/721 4895/1163/721 3495/1163/721
f 705/1207/590 3121/681/590 3108/1207/590
f 769/935/332 2852/512/332 2851/935/332
f 1543/564/722 4868/1161/722 4878/562/722
f 3481/1161/722 4878/562/722 4868/1161/722
f 721/743/592 2877/1208/592 722/1208/592
f 757/930/333 3281/639/333 3283/930/333
f 1575/1421/700 3264/1158/700 3259/1421/700
f 686/1217/593 2802/739/593 2809/1217/593
f 749/939/335 3095/643/335 3127/939/335
f 1536/558/702 3364/1164/702 3356/558/702
f 712/821/596 3048/1348/596 3085/821/596
f 729/510/723 2905/511/723 730/511/723
f 1560/1169/724 4892/568/724 1559/568/724
f 3497/568/724 4906/1169/724 3493/1169/724
f 697/752/598 3159/1221/598 698/1221/598
f 724/647/339 2978/1430/339 725/949/339
f 1572/572/725 3260/1166/725 3262/572/725
f 692/694/601 2977/834/601 693/834/601
f 707/1280/726 3126/1431/726 3100/1280/726
f 1570/1287/727 3427/1290/727 1569/1290/727
f 774/670/3 4214/163/3 4216/670/3
f 700/652/340 3276/1085/340 701/955/340
f 3534/1168/728 4886/1168/728 4875/1432/728
f 1562/1172/728 4874/1172/728 4875/1432/728
f 773/163/5 4420/164/5 4214/163/5
f 688/657/342 2848/1087/342 689/963/342
f 1568/1292/729 3357/1296/729 1567/1296/729
f 788/467/5 4232/635/5 4161/467/5
f 782/543/6 4408/662/6 783/662/6
f 1580/809/287 3084/624/287 3020/809/287
f 831/301/730 4054/1129/730 4103/301/730
f 777/663/69 4459/664/69 4262/663/69
f 1582/525/281 3168/631/281 3169/525/281
f 858/1433/731 3963/1106/731 836/1106/731
f 834/1216/732 4112/1103/732 4104/1216/732
f 1626/634/283 2834/627/283 2825/634/283
f 843/1434/733 3984/428/733 3978/1435/733
f 825/1110/734 4072/1436/734 826/1436/734
f 1586/818/589 3297/584/589 1585/584/589
f 822/1141/735 4071/1437/735 823/1437/735
f 837/1107/99 3961/1438/99 838/1438/99
f 1624/598/586 2819/633/586 2817/598/586
f 851/1334/736 3983/1138/736 3971/1333/736
f 846/1439/101 4005/467/101 4003/1439/101
f 1680/591/150 3030/592/150 1679/592/150
f 857/497/737 3940/432/737 3846/1440/737
f 854/1200/738 3957/1113/738 3960/1200/738
f 1677/636/288 3074/523/288 1676/523/288
f 814/1293/739 4022/1441/739 815/1441/739
f 817/1116/740 4034/1442/740 818/1442/740
f 1633/824/538 2959/908/538 1632/908/538
f 810/539/741 4047/1145/741 4035/539/741
f 813/1294/742 4027/1118/742 4023/1294/742
f 1675/524/290 3098/741/290 1674/741/290
f 862/514/522 3965/1443/522 863/1444/522
f 882/164/731 3941/498/731 859/498/731
f 1590/833/469 3226/602/469 1589/602/469
f 871/1323/524 4043/1150/524 3975/1445/524
f 866/1446/733 3982/1122/733 3976/1446/733
f 1637/917/470 2889/604/470 1636/604/470
f 879/1131/743 3954/534/743 3948/1131/743
f 804/417/744 4095/1447/744 805/1447/744
f 1620/518/591 2792/517/591 2779/518/591
f 801/1152/745 4074/1448/745 802/535/745
f 874/1449/746 3968/1128/746 3969/1450/746
f 1671/607/471 3123/830/471 3114/607/471
f 793/1306/747 4040/1451/747 794/1451/747
f 881/1452/5 3930/1132/5 3845/1453/5
f 1641/702/628 2864/489/628 1640/489/628
f 796/1135/748 4053/1454/748 797/1454/748
f 1666/914/295 3117/481/295 3118/914/295
f 957/545/555 3632/749/555 3627/545/555
f 889/467/6 3833/353/6 888/353/6
f 1594/711/297 3220/711/297 3218/1455/297
f 949/983/556 3675/1322/556 950/1322/556
f 952/763/606 3643/1353/606 953/1353/606
f 1645/706/473 2872/1039/473 1644/916/473
f 962/537/558 3609/1324/558 963/1325/558
f 966/543/749 3604/768/749 3621/543/749
f 1616/691/600 2787/840/600 2791/691/600
f 970/482/560 3614/1160/560 3616/1187/560
f 973/504/750 3610/503/750 3620/1354/750
f 1662/918/300 3111/509/300 3128/1040/300
f 978/1327/562 3601/989/562 3619/1327/562
f 944/502/751 3674/1358/751 945/1358/751
f 1648/697/752 2927/1307/752 2968/697/752
f 941/997/753 3642/466/753 942/466/753
f 929/796/616 3640/1359/616 930/1359/616
f 1658/924/476 3163/714/476 3073/924/476
f 935/1328/566 3626/699/566 3624/1328/566
f 896/793/1 3562/876/1 897/876/1
f 1650/529/754 2942/1308/754 2958/529/754
f 899/1165/569 3576/1330/569 900/1330/569
f 902/794/618 3579/1361/618 903/1361/618
f 1598/507/645 3234/1253/645 1597/921/645
f 926/1011/571 3669/1331/571 927/1331/571
f 922/1363/620 3672/495/620 923/495/620
f 1612/530/755 2862/1456/755 1611/1457/755
f 912/1335/756 3585/1015/756 3594/1335/756
f 918/1366/757 3678/1458/757 3679/891/757
f 1652/1064/319 2990/764/319 2948/1064/319
f 916/1312/758 3648/494/758 917/494/758
f 987/219/652 3480/1024/652 3419/219/652
f 1654/432/486 3029/1260/486 3000/432/486
f 985/240/475 3286/661/475 3418/1459/475
f 995/539/1 3067/539/1 3068/1460/1
f 1601/775/603 3166/769/603 1600/769/603
f 992/219/1 3285/164/1 993/164/1
f 1603/785/605 3164/774/605 1602/774/605
f 1000/163/3 2746/163/3 2745/1461/3
f 2750/428/1 4615/1462/1 4613/428/1
f 1004/428/1 4613/428/1 4615/1462/1
f 1607/339/100 2947/722/100 1606/722/100
f 1000/163/5 2753/417/5 2746/163/5
f 2736/677/76 4604/1463/76 4601/1464/76
f 1011/240/76 4597/1465/76 4601/1464/76
f 1605/780/329 2989/780/329 3019/1395/329
f 1009/777/3 2741/163/3 2734/777/3
f 1019/670/6 4660/670/6 4662/1466/6
f 2720/1467/6 4662/1466/6 4660/670/6
f 1692/466/5 2682/699/5 2623/466/5
f 1008/163/5 4583/1468/5 4584/1469/5
f 2740/1470/5 4584/1469/5 4583/1468/5
f 1033/899/5 2723/240/5 2719/899/5
f 1698/339/1 2607/417/1 1697/417/1
f 2758/1187/45 4590/1471/45 4592/1472/45
f 1016/482/45 4592/1472/45 4590/1471/45
f 1042/164/6 2711/904/6 1041/904/6
f 1714/268/759 2492/913/759 2502/1473/759
f 1024/698/84 2730/699/84 1025/699/84
f 1049/698/84 2703/699/84 1050/699/84
f 1706/247/760 2489/248/760 1705/248/760
f 1030/163/3 4652/1474/3 4673/1475/3
f 4651/163/1 4673/1475/1 4652/1474/1
f 1084/339/3 4400/339/3 4397/1476/3
f 1721/465/427 2465/698/427 1722/698/427
f 1030/163/5 4656/1022/5 4651/163/5
f 2709/1022/5 4651/163/5 4656/1022/5
f 1084/339/5 2619/164/5 4400/339/5
f 1744/482/3 2427/727/3 3652/482/3
f 2716/219/6 4676/1023/6 2714/1023/6
f 1039/1023/6 4677/219/6 1038/219/6
f 1083/478/761 2621/1329/761 1055/1329/761
f 1796/1237/762 3394/808/762 3381/1237/762
f 2704/1477/6 4648/1478/6 4641/1479/6
f 1053/662/6 4648/1478/6 4671/1480/6
f 1059/1134/763 2629/1481/763 1060/1482/763
f 1746/809/287 3456/624/287 3414/809/287
f 2702/664/69 2701/1483/69 4672/1484/69
f 2701/1483/69 4667/663/69 4672/1484/69
f 1067/1485/764 2645/1152/764 2648/1486/764
f 1794/683/206 3338/906/206 3318/683/206
f 1105/432/765 2693/1193/765 1106/1193/765
f 1074/1487/766 2655/717/766 2630/1487/766
f 1792/634/463 3430/682/463 3310/907/463
f 1101/1334/597 2669/1199/597 1102/1199/597
f 1080/1228/767 2634/1350/767 2620/1228/767
f 1750/583/25 3540/584/25 3541/585/25
f 1064/513/599 2663/812/599 2643/513/599
f 1172/1323/559 4333/324/559 4334/1323/559
f 1847/590/768 3400/591/768 1846/591/768
f 2689/1227/607 4642/1286/607 2671/1286/607
f 1097/1286/607 4632/1227/607 1098/1227/607
f 1170/1120/561 4402/514/561 4403/1120/561
f 1845/592/29 3407/593/29 1844/593/29
f 2688/353/609 4631/1341/609 2652/1341/609
f 1093/1343/609 4628/353/609 1094/353/609
f 1168/1192/563 4356/1195/563 4401/1192/563
f 1849/689/209 3374/814/209 1848/814/209
f 1144/339/3 4201/339/3 4196/1476/3
f 1115/1488/769 4270/1306/769 1116/1306/769
f 1789/597/31 3307/598/31 3266/597/31
f 1144/339/5 4269/164/5 4201/339/5
f 1123/812/770 4284/813/770 4291/812/770
f 1799/908/771 3388/687/771 1798/687/771
f 1143/478/6 4266/163/6 1114/163/6
f 1160/713/572 4363/1334/572 1161/1334/572
f 1755/602/33 3506/603/33 1754/603/33
f 1130/417/772 4303/468/772 4286/417/772
f 1803/604/773 3344/605/773 1802/605/773
f 1163/1200/774 4362/526/774 1164/526/774
f 1137/539/157 4275/819/157 4273/539/157
f 1836/492/35 3468/607/35 3539/492/35
f 1119/1134/763 4343/1481/763 1120/1482/763
f 1156/1340/581 4786/1286/581 1157/1286/581
f 4361/1286/581 4785/1340/581 4357/1340/581
f 1785/610/38 3245/518/38 3249/610/38
f 1127/1485/775 4287/1220/775 4304/1486/775
f 4353/1343/583 4780/1343/583 4779/1489/583
f 1152/1216/583 4799/1216/583 4779/1489/583
f 1807/489/304 3362/464/304 1806/464/304
f 1134/1487/766 4282/717/766 4283/1487/766
f 4396/301/585 4797/635/585 4332/635/585
f 1150/635/585 4798/301/585 1151/301/585
f 1760/912/213 3548/479/213 1759/479/213
f 1140/1228/767 4271/1351/767 4267/1228/767
f 4331/1110/588 4801/1110/588 4800/1490/588
f 1148/823/588 4822/1491/588 4800/1490/588
f 1831/505/215 3491/914/215 3516/505/215
f 1177/631/50 4206/583/50 4177/631/50
f 4341/1492/6 4822/1491/6 4821/1493/6
f 4221/1494/6 4341/1492/6 4821/1493/6
f 1811/916/217 3361/541/217 1810/541/217
f 1219/1089/660 4767/1495/660 4766/1089/660
f 4116/907/660 4766/1089/660 4767/1495/660
f 1224/1237/762 4051/579/762 4028/1237/762
f 1827/649/219 3475/1040/219 3463/649/219
f 1274/593/53 4144/636/53 1273/636/53
f 1178/583/25 4205/1235/25 4206/583/25
f 1781/690/80 3256/691/80 3265/690/80
f 1215/1091/668 4770/490/668 4771/1091/668
f 3918/490/668 4771/1091/668 4770/490/668
f 1277/590/27 4091/591/27 1276/591/27
f 1815/919/220 3343/920/220 1814/920/220
f 1186/479/57 4184/640/57 1185/640/57
f 1275/592/29 4130/593/29 1274/593/29
f 1764/921/222 3505/653/222 1763/653/222
f 1238/541/642 4795/542/642 1237/542/642
f 3985/542/642 4794/541/642 3973/541/642
f 1183/602/33 4183/603/33 1182/603/33
f 1778/1070/323 3298/1071/323 1777/658/323
f 1260/506/61 4147/505/61 4148/506/61
f 1231/604/34 4019/605/34 1230/605/34
f 1768/775/603 3537/769/603 1767/769/603
f 1242/920/646 4811/705/646 1241/705/646
f 4007/705/646 4810/1243/646 4018/920/646
f 1266/492/35 4149/607/35 4154/492/35
f 1775/719/228 3422/339/228 1774/339/228
f 1256/648/63 4138/649/63 4136/648/63
f 1235/489/40 4790/489/40 4778/1496/40
f 3980/613/304 4776/464/304 4778/1496/304
f 1770/785/605 3483/774/605 1769/774/605
f 1190/653/65 4180/654/65 1189/654/65
f 1208/690/80 4804/691/80 4805/690/80
f 3904/1497/776 3917/692/776 4805/690/776
f 1772/780/329 3412/784/329 1771/784/329
f 1204/658/67 4824/658/67 4825/1498/67
f 4114/659/67 4831/659/67 4825/1498/67
f 1247/1077/777 4827/1245/777 4826/1077/777
f 4055/847/777 4826/1077/777 4827/1245/777
f 1930/1025/692 3023/789/692 2945/1025/692
f 1283/467/1 3797/514/1 1284/514/1
f 1249/848/778 4090/845/778 4067/848/778
f 1936/935/332 2830/512/332 2865/935/332
f 1291/465/427 3740/698/427 1292/698/427
f 1205/1070/323 4816/1383/323 4814/1499/323
f 4115/658/323 4824/658/323 4814/1499/323
f 1924/930/333 3308/639/333 3311/930/333
f 1306/670/3 3233/163/3 3287/670/3
f 1287/670/3 3649/163/3 3628/670/3
f 1906/802/280 3006/797/280 1907/797/280
f 1316/164/5 4855/1500/5 4866/1501/5
f 4889/164/2 4866/1501/2 4855/1500/2
f 1286/163/5 3757/164/5 3649/163/5
f 1910/805/698 3194/1031/698 1911/1031/698
f 1333/1254/779 3188/1502/779 1334/1503/779
f 1300/240/5 4903/353/5 4885/240/5
f 3532/353/5 4885/240/5 4903/353/5
f 1916/939/335 3096/643/335 3131/939/335
f 1346/1256/780 3059/1504/780 1347/1504/780
f 3442/662/6 4865/1505/6 4864/1506/6
f 1314/543/6 3426/543/6 4864/1506/6
f 1896/510/337 2909/511/337 1897/511/337
f 1355/1507/781 3058/1258/781 3080/1507/781
f 1309/663/69 4859/1508/69 4858/1509/69
f 3314/1483/69 4858/1509/69 4859/1508/69
f 1891/647/339 2981/949/339 1892/949/339
f 1337/1510/782 3190/1255/782 3191/1511/782
f 1874/1280/726 3130/1431/726 3104/1280/726
f 1325/472/783 3205/1512/783 1326/1513/783
f 1341/1514/234 3036/1515/234 1342/1516/234
f 1867/652/340 3304/955/340 1868/955/340
f 1377/932/655 2481/936/655 3920/932/655
f 1350/1517/784 3063/1259/784 3065/1518/784
f 1885/1281/707 2960/817/707 2916/1281/707
f 1371/1355/657 2503/870/657 2504/1405/657
f 1328/1266/785 3209/1519/785 1329/1519/785
f 1878/1348/786 3060/1520/786 3055/1348/786
f 1385/945/659 3897/864/659 3819/945/659
f 1358/473/787 3046/1270/787 3051/473/787
f 1883/816/308 2987/827/308 2941/816/308
f 1366/881/662 4685/951/662 1367/951/662
f 2535/951/662 4684/881/662 2487/881/662
f 1320/1272/788 3184/1521/788 1321/1521/788
f 1881/826/511 3012/820/511 3005/826/511
f 1389/958/664 3827/874/664 3809/958/664
f 1495/970/789 3864/1090/789 1496/1090/789
f 1855/657/342 2826/963/342 1856/963/342
f 1483/966/666 4123/1364/666 3869/966/666
f 1491/979/684 3861/1414/684 1492/1092/684
f 1861/835/708 3193/1055/708 1862/1055/708
f 1481/1365/667 3914/1371/667 3907/1365/667
f 1487/982/685 3858/1094/685 1488/1094/685
f 1949/543/6 2685/662/6 1950/662/6
f 1395/972/670 3807/1059/670 3826/972/670
f 4081/1104/686 4704/1010/686 4088/1010/686
f 1469/1010/686 4700/1104/686 1470/1104/686
f 1944/663/69 2696/664/69 2608/663/69
f 1398/886/790 3843/975/790 1399/975/790
f 4084/1112/687 4710/1014/687 4087/1014/687
f 1465/1014/687 4712/1423/687 1466/1112/687
f 2014/749/116 2584/842/116 2587/749/116
f 1438/903/673 3855/1019/673 1439/1019/673
f 1411/1117/791 4747/1415/791 4731/1117/791
f 3933/1415/791 4731/1117/791 4747/1415/791
f 2018/753/792 2543/536/792 2019/536/792
f 1418/998/793 4745/885/793 4732/998/793
f 3944/629/674 4732/998/674 4745/885/674
f 1441/1123/690 3824/1018/690 3823/1522/690
f 2005/756/121 2598/219/121 2006/219/121
f 1434/1377/675 4714/990/675 1435/990/675
f 3852/990/675 4717/1377/675 3862/1377/675
f 1415/1125/794 4746/546/794 4736/1125/794
f 3947/546/794 4736/1125/794 4746/546/794
f 2027/1159/410 2555/853/410 2556/1159/410
f 1422/1004/795 4744/484/795 4724/1004/795
f 3932/484/795 4724/1004/795 4744/484/795
f 1445/1133/796 3813/549/796 3816/1133/796
f 2034/759/797 2562/760/797 2545/759/797
f 1431/1379/798 4718/1384/798 4720/1379/798
f 4122/1384/798 4720/1379/798 4718/1384/798
f 4063/1142/799 4737/565/799 4069/565/799
f 1460/565/799 4743/1142/799 1461/1142/799
f 1997/765/127 2573/766/127 1998/766/127
f 1429/1385/800 4729/1389/800 4719/1523/800
f 3916/1389/800 4719/1523/800 4729/1389/800
f 1511/539/1 3793/539/1 3794/1524/1
f 1991/771/801 2572/772/801 2571/1002/801
f 1517/240/3 3685/163/3 3723/661/3
f 1552/1156/5 4900/1276/5 4877/1525/5
f 3439/1283/5 4873/1283/5 4877/1525/5
f 1956/877/416 2515/1165/416 1957/1165/416
f 1516/163/5 3700/164/5 3685/163/5
f 1578/612/802 3291/1016/802 3252/612/802
f 1964/776/803 2524/883/803 2523/776/803
f 1525/432/6 3574/428/6 1524/428/6
f 1555/1418/804 4905/608/804 1554/608/804
f 3498/608/805 4894/1429/805 3514/1418/805
f 1982/496/136 2610/698/136 1983/698/136
f 1549/1153/405 4876/1154/405 4872/1153/405
f 3438/1526/806 4872/1153/806 4876/1154/806
f 1534/1284/807 3347/557/807 3359/1284/807
f 1968/786/139 2527/787/139 2526/786/139
f 1532/615/51 3321/632/51 1531/632/51
f 1541/620/808 4853/563/808 4882/620/808
f 3409/561/808 4882/620/808 4853/563/808
f 1978/465/809 2593/1177/809 1979/1177/809
f 1573/1166/417 3261/1167/417 3260/1166/417
f 1574/1167/810 3259/1421/810 3261/1167/810
f 1973/663/551 2557/1312/551 1974/1312/551
f 1630/808/148 3020/809/148 2991/579/148
f 1683/689/209 2954/814/209 1682/814/209
f 2055/164/811 2484/508/811 2464/164/811
f 1682/814/153 2992/590/153 1681/590/153
f 1632/908/210 2952/687/210 1631/687/210
f 2048/508/5 2508/635/5 2484/508/5
f 1587/738/156 3296/818/156 1586/818/156
f 1593/912/213 3293/479/213 1592/479/213
f 2068/164/3 2440/163/3 2439/164/3
f 1621/517/158 2799/732/158 2792/517/158
f 1665/505/215 3118/914/215 3113/505/215
f 2056/163/5 2444/1021/5 2440/163/5
f 1634/744/160 2923/824/160 1633/824/160
f 1644/916/812 2980/541/812 1643/541/812
f 2065/1023/6 2449/219/6 2064/219/6
f 1672/830/163 3129/740/163 3123/830/163
f 1661/649/813 3128/1040/813 3102/649/813
f 2072/899/5 2446/240/5 2430/899/5
f 1638/462/567 2907/917/567 1637/917/567
f 1597/921/316 3213/653/316 1596/653/316
f 2081/164/6 2426/904/6 2080/904/6
f 1591/640/165 3222/833/165 1590/833/165
f 1657/923/223 3073/924/223 3082/923/223
f 2131/1237/762 2368/579/762 2361/1237/762
f 1668/700/221 3115/1068/221 3116/700/221
f 1655/1260/716 3053/928/716 3029/1260/716
f 2082/809/287 2383/624/287 2376/809/287
f 1617/840/169 2773/754/169 2787/840/169
f 1611/1457/814 2861/658/814 1610/658/814
f 2130/906/466 2361/1237/466 2356/906/466
f 1613/540/170 2812/758/170 2811/540/170
f 1608/719/228 2967/339/228 1607/339/228
f 2084/525/281 2408/631/281 2409/525/281
f 1599/770/175 3290/507/175 1598/507/175
f 1689/465/427 2673/698/427 1690/698/427
f 2128/682/77 2337/683/77 2336/682/77
f 1692/466/1 2638/543/1 1693/543/1
f 1711/1314/815 2497/708/815 2493/1314/815
f 2086/583/25 2401/1235/25 2407/583/25
f 1686/671/1 2681/664/1 1687/664/1
f 1725/543/6 2469/662/6 1726/662/6
f 2184/590/768 2371/591/768 2183/591/768
f 1701/432/6 2566/428/6 1700/428/6
f 1720/663/69 2477/664/69 2461/663/69
f 2182/592/29 2374/593/29 2181/593/29
f 1708/245/816 2478/244/816 2490/245/816
f 1733/432/3 2443/324/3 2460/432/3
f 2124/597/31 2333/598/31 3230/599/31
f 1717/670/3 2453/163/3 2456/1467/3
f 1741/532/1 3681/532/1 2540/1527/1
f 2180/636/288 2379/523/288 2179/523/288
f 1716/163/5 2479/164/5 2453/163/5
f 1747/624/46 3543/525/46 3456/624/46
f 2135/824/538 2357/908/538 2134/908/538
f 1749/631/50 3541/585/50 3542/631/50
f 2178/524/290 2386/1035/290 2177/741/290
f 1791/633/52 3310/907/52 3309/633/52
f 2091/602/33 2411/603/33 2090/603/33
f 1731/301/6 2457/339/6 1730/339/6
f 1844/593/53 3432/636/53 1843/636/53
f 2138/516/817 2355/605/817 2137/605/817
f 1738/660/1 3573/240/1 1739/240/1
f 1842/523/55 3460/524/55 1841/524/55
f 2173/492/35 2406/1347/35 2395/492/35
f 1790/598/586 3309/633/586 3307/598/586
f 2120/610/38 3236/518/38 3208/610/38
f 1752/818/589 3518/818/589 3519/1346/589
f 1834/700/818 3486/748/818 3492/700/818
f 2142/489/819 2342/911/819 2141/911/819
f 1786/518/591 3257/1326/591 3245/518/591
f 1759/479/57 3550/640/57 1758/640/57
f 2169/914/295 2396/481/295 2398/914/295
f 1810/541/642 3323/542/642 1809/542/642
f 2096/711/297 2414/912/297 2095/912/297
f 1837/607/471 3472/831/471 3468/607/471
f 1830/506/644 3516/505/644 3471/506/644
f 2147/706/473 2343/916/473 2146/916/473
f 1804/917/470 3349/604/470 1803/604/470
f 1814/920/646 3348/705/646 1813/705/646
f 2165/918/300 2390/509/300 2393/918/300
f 1808/702/472 3329/489/472 1807/489/472
f 1826/648/63 3463/649/63 3457/648/63
f 2116/690/80 3215/691/80 3229/692/80
f 1782/691/600 3243/840/600 3256/691/600
f 1763/653/65 3658/654/65 1762/654/65
f 2150/919/302 2352/1041/302 2349/919/302
f 1778/1070/481 3302/540/481 3300/1070/481
f 1816/1041/820 3370/1311/820 3423/1041/820
f 2161/924/476 2384/714/476 2382/924/476
f 1765/507/645 3499/921/645 1764/921/645
f 1823/1050/677 3455/1046/677 3431/1050/677
f 2100/507/645 2412/921/645 2099/921/645
f 1819/1528/821 3392/764/821 3379/1528/821
f 1818/1310/822 3379/1528/822 3371/1310/822
f 2153/926/357 2360/1077/357 2369/926/357
f 1931/725/279 2945/1025/279 2973/725/279
f 1777/658/67 3429/659/67 1776/659/67
f 2154/1077/777 2362/847/777 2360/1077/777
f 1927/665/70 3175/666/70 3176/665/70
f 1934/637/823 2832/1338/823 2824/637/823
f 2156/848/778 2370/845/778 2365/848/778
f 1908/798/282 3056/804/282 1909/804/282
f 1921/1196/431 3306/638/431 1922/638/431
f 2113/1070/323 3267/658/323 2112/658/323
f 1904/642/284 2943/801/284 1905/801/284
f 1902/1201/824 2961/641/824 1903/641/824
f 2201/931/227 3202/932/227 2938/931/227
f 1911/1031/286 3094/1033/286 1912/1033/286
f 1913/1204/437 3099/514/437 1914/514/437
f 2199/936/230 3199/857/230 3201/936/230
f 1899/667/71 2972/669/71 1900/669/71
f 1873/1431/825 3124/1207/825 3130/1431/825
f 2205/940/233 2822/860/233 2868/940/233
f 1939/164/72 2813/487/72 2782/164/72
f 1889/1208/826 2884/645/826 1890/645/826
f 2325/1083/336 2956/941/336 2326/941/336
f 1919/672/73 3107/673/73 3125/672/73
f 1877/1520/827 3075/746/827 3060/1520/827
f 2324/948/672 2937/1083/672 2325/1083/672
f 1850/163/74 2782/164/74 2774/163/74
f 1854/655/450 2797/1217/450 2818/655/450
f 2322/962/828 2922/946/828 2323/946/828
f 1893/950/296 2843/488/296 1894/488/296
f 1865/1221/456 3299/651/456 1866/651/456
f 2318/970/789 2912/1090/789 2319/1090/789
f 1851/676/75 2774/163/75 2780/676/75
f 1941/670/6 2683/671/6 1942/671/6
f 2209/944/236 2808/945/236 2790/944/236
f 1871/679/5 3227/680/5 3120/679/5
f 2012/841/829 2583/1353/829 2577/841/829
f 2190/951/239 3153/952/239 2191/952/239
f 1887/684/78 2971/685/78 2887/684/78
f 2040/164/830 2531/849/830 2017/849/830
f 2332/1093/350 3057/974/350 3200/1413/350
f 1862/1055/312 3171/751/312 1863/751/312
f 2025/544/831 2551/543/831 2560/544/831
f 2314/979/684 2897/1092/684 2315/1092/684
f 1858/693/81 2970/694/81 1859/694/81
f 2003/1358/832 2611/858/832 2004/858/832
f 2310/982/833 2894/1094/833 2311/1094/833
f 1946/698/84 2697/699/84 1947/699/84
f 2213/957/834 2789/958/834 2777/957/834
f 1953/792/3 2499/163/3 2500/792/3
f 2032/662/835 2552/1354/835 2550/662/835
f 2307/965/499 2930/966/499 2913/965/499
f 1952/163/5 2589/538/5 2499/163/5
f 2039/846/836 2529/783/836 2520/846/836
f 2219/971/247 2788/972/247 2795/971/247
f 2008/1322/837 2614/761/837 2009/761/837
f 1995/788/838 2568/866/838 1996/866/838
f 2300/1410/839 3133/995/839 3177/1529/839
f 2021/1325/840 2563/767/840 2022/767/840
f 1989/871/841 2578/1359/841 2574/871/841
f 2298/994/356 3135/1000/356 3137/994/356
f 2029/773/842 2558/1187/842 2554/773/842
f 1962/882/843 2521/1361/843 2525/882/843
f 2222/975/249 2820/976/249 2223/976/249
f 2037/782/844 2542/1327/844 2586/782/844
f 1966/884/546 2532/1007/546 2528/884/546
f 2292/1010/686 3152/1104/686 2293/1104/686
f 2000/466/845 2579/778/845 2001/778/845
f 1972/800/846 2561/663/846 1973/663/846
f 2227/890/504 2995/892/504 2228/892/504
f 1994/532/847 2567/1328/847 2565/532/847
f 2046/513/402 2480/539/402 2483/513/402
f 2229/893/255 3037/985/255 2230/985/255
f 1958/1330/848 2530/670/848 1959/670/848
f 2288/1014/849 3145/1112/849 2289/1112/849
f 1985/1331/850 2641/795/850 1986/795/850
f 2055/164/6 2468/745/6 2054/745/6
f 2234/1373/851 3033/1530/851 3015/1373/851
f 1971/799/852 2541/1335/852 2547/799/852
f 2062/353/3 2455/501/3 2454/353/3
f 2264/1123/853 2769/1018/853 2775/1425/853
f 1979/1177/854 2594/1363/854 1980/1363/854
f 2071/500/275 2424/1022/275 2070/1022/275
f 2238/1375/855 3038/1531/855 3041/1375/855
f 1975/494/6 2602/1367/6 1976/1366/6
f 2078/1023/277 2423/499/277 2425/1023/277
f 2258/990/856 2876/992/856 2259/992/856
f 2043/219/1 2498/164/1 2044/164/1
f 2123/731/105 3230/599/105 3216/731/105
f 2242/519/508 3088/998/508 3016/519/508
f 2051/467/857 2488/803/857 2507/467/857
f 2090/603/535 2434/738/535 2089/738/535
f 2268/1133/796 2814/549/796 2794/1532/796
f 2059/899/5 2485/240/5 2459/899/5
f 2176/740/110 2386/1035/110 2394/740/110
f 2246/1003/858 3010/1004/858 3013/1003/858
f 2068/164/6 2442/904/6 2067/904/6
f 2137/605/112 2353/744/112 2136/744/112
f 2270/559/20 2829/570/20 2271/571/20
f 2075/353/3 2431/501/3 2428/353/3
f 2172/836/321 2395/492/321 2399/836/321
f 2283/565/799 3154/1142/799 2284/1142/799
f 2133/687/79 2359/689/79 2186/689/79
f 2119/754/120 3208/610/120 3207/754/120
f 2280/577/22 3196/574/22 2281/574/22
f 2115/757/123 3229/692/123 3312/757/123
f 2275/595/30 2983/594/30 2276/596/30
f 2139/1381/859 2348/516/859 2138/516/859
f 2102/769/129 2404/770/129 2101/770/129
f 2278/600/715 3087/485/715 2279/485/715
f 2170/481/85 2397/700/85 2396/481/85
f 2104/774/132 2402/775/132 2103/775/132
f 2276/596/404 2944/601/404 2277/601/404
f 2144/542/86 2338/702/86 2143/702/86
f 2108/722/135 3337/722/135 2363/1533/135
f 2166/509/631 2389/644/631 2390/509/631
f 2106/784/138 2381/785/138 2105/785/138
f 2148/705/89 2345/706/89 2147/706/89
f 2200/932/655 3201/936/655 3202/932/655
f 2097/654/91 2416/711/91 2096/711/91
f 2196/1080/334 3667/1081/334 3204/1080/334
f 2162/714/94 2387/648/94 2384/714/94
f 2194/1355/657 3665/870/657 3666/1355/657
f 2151/1041/354 2350/925/354 2352/1041/354
f 2208/945/659 2796/864/659 2808/945/659
f 2159/928/528 2377/923/528 2380/928/528
f 2189/881/662 3147/951/662 2190/951/662
f 2111/659/98 3269/719/98 2110/719/98
f 2187/163/860 3200/1413/860 3198/163/860
f 2109/339/100 3337/722/100 2108/722/100
f 2212/958/664 2784/874/664 2789/958/664
f 2202/937/331 2938/931/331 2870/937/331
f 2306/966/666 2921/1364/666 2930/966/666
f 2327/942/341 3034/953/341 2328/953/341
f 2304/1365/667 2936/1371/667 2933/1365/667
f 2329/954/345 3042/973/345 2330/973/345
f 2218/972/861 2778/1059/861 2788/972/861
f 2319/1090/862 2918/1052/862 2320/1052/862
f 2221/886/863 2815/975/863 2222/975/863
f 2315/1092/864 2895/1054/864 2316/1054/864
f 2224/539/360 2867/1100/360 2225/1100/360
f 2311/1094/865 2896/1056/865 2312/1056/865
f 2232/896/866 3033/1530/866 2233/1530/866
f 2215/626/867 2770/1369/867 2772/626/867
f 2261/903/673 2911/1019/673 2262/1019/673
f 2301/987/689 3177/1529/689 3132/987/689
f 2237/1531/868 3089/897/868 3038/1531/868
f 2295/1006/358 3155/999/358 2296/999/358
f 2241/998/674 3040/629/674 3088/998/674
f 2293/1104/362 3139/1005/362 2294/1005/362
f 2257/1377/675 2910/990/675 2258/990/675
f 2289/1112/369 3146/1060/369 2290/1060/369
f 2245/1004/795 3032/484/795 3010/1004/795
f 2265/1066/869 2775/1425/869 2781/1066/869
f 2256/1139/388 2929/1380/388 2974/1139/388
f 2286/555/709 3143/1013/709 2287/1013/709
f 2248/1136/387 3008/1137/387 2998/1136/387
f 2269/560/385 2794/1532/385 2806/560/385
f 2254/1379/870 2962/1386/870 2924/1379/870
f 2284/1142/871 3138/556/871 2285/556/871
f 2252/1385/680 2935/1389/680 2939/1385/680
f 2281/574/713 3136/567/713 2282/567/713
f 2250/1146/392 2996/1147/392 2994/1146/392
f 2271/571/397 2828/581/397 2272/581/397
f 16/727/5 4562/728/5 4563/727/5
f 2273/582/399 2831/589/399 2274/589/399
f 34/603/107 4570/738/107 33/738/107
f 7/240/76 4559/678/76 10/678/76
f 188/740/110 4525/1035/110 4543/740/110
f 105/628/344 4494/580/344 4517/628/344
f 119/605/112 4499/744/112 116/744/112
f 101/463/346 4486/1407/346 4485/463/346
f 179/836/537 4540/492/537 4536/836/537
f 94/1037/348 4466/1091/348 4463/1037/348
f 127/464/118 4473/462/118 124/462/118
f 89/754/120 4438/610/120 4576/754/120
f 177/481/85 4538/700/85 4537/481/85
f 82/757/542 4467/692/542 4483/757/542
f 132/542/872 4468/702/872 130/702/872
f 150/1077/328 4500/1065/328 4502/1077/328
f 170/509/87 4533/644/87 4531/509/87
f 154/764/330 4509/432/330 4504/764/330
f 140/705/89 4471/706/89 138/706/89
f 70/722/135 4503/780/135 68/780/135
f 48/654/91 4567/711/91 46/711/91
f 66/784/138 4520/785/138 65/785/138
f 164/714/94 4524/650/94 4529/714/94
f 231/856/610 4454/1082/610 4455/856/610
f 146/1041/637 4491/925/637 4498/1041/637
f 226/1081/612 4447/1405/612 4453/1081/612
f 148/926/357 4502/1077/357 4496/926/357
f 248/865/873 4255/940/873 4251/865/873
f 219/952/615 4432/869/615 221/869/615
f 76/659/98 4514/719/98 74/719/98
f 255/875/617 4261/944/617 4243/875/617
f 61/1076/363 4564/1072/363 59/1072/363
f 213/163/874 4412/1093/874 4410/163/874
f 73/339/100 4501/722/100 70/722/100
f 213/163/6 4433/880/6 215/880/6
f 207/240/6 4575/728/6 209/219/6
f 397/1057/619 4310/967/619 4315/1057/619
f 242/861/231 4340/1079/231 4339/861/231
f 394/1364/621 4324/1365/621 4318/1364/621
f 415/941/234 4380/942/234 416/942/234
f 263/1095/623 4348/959/623 4347/1095/623
f 412/946/875 4325/948/875 413/948/875
f 392/1371/876 4457/1409/876 4322/1371/876
f 417/953/240 4458/954/240 418/954/240
f 275/887/877 4260/971/877 4249/887/877
f 410/960/243 4311/962/243 411/962/243
f 282/976/878 4253/539/878 284/539/878
f 406/968/246 4309/970/246 407/970/246
f 285/1100/627 4338/888/627 287/888/627
f 419/973/879 4405/974/879 420/974/879
f 296/985/880 4376/894/880 298/894/880
f 402/977/881 4297/979/881 403/979/881
f 349/992/630 4294/901/630 350/901/630
f 398/980/882 4305/982/882 399/982/882
f 322/483/883 4382/519/883 4383/483/883
f 390/1410/839 4409/993/839 4456/1410/839
f 347/1377/635 4327/1139/635 4296/1377/635
f 389/993/259 4418/994/259 4409/993/259
f 329/1137/884 4379/1003/884 4375/1137/884
f 386/999/262 4452/1001/262 387/1001/262
f 345/1140/638 4326/1411/638 4314/1140/638
f 384/1005/265 4431/1006/265 385/1006/265
f 334/1147/640 4372/1136/640 4365/1147/640
f 381/1009/268 4426/1010/268 382/1010/268
f 341/1384/641 4323/1412/641 4317/1384/641
f 300/1114/885 4394/1415/885 302/1415/885
f 337/1389/643 4354/1148/643 4578/1389/643
f 377/1013/270 4443/1014/270 378/1014/270
f 424/1155/717 4237/1012/717 423/1012/717
f 353/1018/5 4302/1019/5 4228/1018/5
f 442/554/719 4212/1153/719 4208/554/719
f 310/546/10 4385/1063/10 4389/546/10
f 466/572/725 4126/1166/725 4131/572/725
f 357/549/12 4241/1067/12 4258/549/12
f 454/1169/724 4223/568/724 453/568/724
f 375/556/14 4430/555/14 376/555/14
f 464/1287/727 4168/1290/727 463/1290/727
f 360/559/274 4259/560/274 4278/559/274
f 456/1172/728 4219/1168/728 455/1168/728
f 372/567/18 4451/1534/18 373/565/18
f 462/1292/729 4164/1296/729 461/1296/729
f 360/559/20 4346/571/20 361/571/20
f 479/164/3 3890/164/3 3849/1535/3
f 370/577/22 4450/574/22 371/574/22
f 474/163/6 4038/539/6 475/539/6
f 362/581/24 4344/582/24 363/582/24
f 557/790/577 3804/665/577 3805/790/577
f 364/589/26 4336/595/26 365/595/26
f 562/1184/579 3716/726/579 3715/1184/579
f 369/467/886 4449/577/886 370/577/886
f 541/1033/580 3780/1204/580 542/1204/580
f 365/595/30 4335/596/30 366/596/30
f 530/730/582 3734/1201/582 531/1201/582
f 445/1283/5 4231/1156/5 4210/1283/5
f 549/736/584 3836/1196/584 550/1196/584
f 472/612/802 4100/1017/802 4078/612/802
f 523/488/587 3726/486/587 524/486/587
f 449/1418/805 4229/608/805 448/608/805
f 502/1207/887 3800/679/887 3786/1207/887
f 428/1284/807 4158/557/807 4157/1284/807
f 517/743/888 3730/1208/888 518/1208/888
f 435/620/808 4189/561/808 4193/620/808
f 483/1217/593 3695/739/593 3693/1217/593
f 468/1167/810 4083/1421/810 4581/1167/810
f 506/1210/889 3898/1044/889 3769/1210/889
f 555/666/494 3802/929/494 3803/666/494
f 494/752/598 3795/1221/598 495/1221/598
f 567/487/498 3696/934/498 3703/487/498
f 489/694/601 3750/834/601 490/834/601
f 527/943/500 3745/667/500 528/667/500
f 569/163/3 3568/163/3 3563/619/3
f 547/673/502 3788/938/502 3785/673/502
f 569/163/5 3570/164/5 3568/163/5
f 499/956/505 3841/680/505 500/680/505
f 578/164/45 3647/1187/45 3570/164/45
f 515/685/509 3735/1281/509 3732/685/509
f 629/578/23 3402/579/23 3383/578/23
f 487/964/513 3706/693/513 488/693/513
f 583/583/25 3525/1235/25 3526/585/25
f 574/532/1 3707/532/1 3712/1315/1
f 681/590/27 3396/591/27 680/591/27
f 580/624/46 3528/1230/46 3447/624/46
f 631/1392/647 3373/1236/647 682/1236/647
f 627/627/48 3355/628/48 3353/627/48
f 588/602/33 3501/603/33 587/603/33
f 582/631/50 3526/585/50 3527/631/50
f 636/604/298 3342/605/298 635/605/298
f 625/1089/660 3284/907/660 3282/1089/660
f 671/492/35 3467/607/35 3523/492/35
f 632/1034/665 3378/1392/665 631/1392/665
f 640/489/304 3352/464/304 639/464/304
f 677/523/55 3459/524/55 676/524/55
f 621/1091/668 3251/490/668 3255/1091/668
f 614/690/80 3254/691/80 3263/690/80
f 591/479/57 3552/640/57 590/640/57
f 611/1070/323 3270/1071/323 610/658/323
f 643/541/642 3325/542/642 642/542/642
f 763/1025/692 3027/789/692 2946/1025/692
f 665/506/644 3510/505/644 3469/506/644
f 758/929/226 3283/930/226 3160/929/226
f 647/920/646 3345/705/646 646/705/646
f 770/934/229 2851/935/229 2803/934/229
f 661/648/63 3461/649/63 3458/648/63
f 743/805/698 3179/1031/698 744/1031/698
f 595/653/65 3655/654/65 594/654/65
f 750/938/232 3127/939/232 3110/938/232
f 599/1073/890 3509/1097/890 598/1097/890
f 730/511/235 2888/943/235 731/943/235
f 610/658/67 3424/659/67 609/659/67
f 725/949/238 2840/950/238 726/950/238
f 767/637/823 2854/1338/823 2853/637/823
f 701/955/241 3277/956/241 702/956/241
f 754/1196/431 3279/638/431 755/638/431
f 718/1281/707 2925/817/707 2914/1281/707
f 735/1201/434 2957/641/434 736/641/434
f 711/1348/786 3076/1520/786 3048/1348/786
f 746/1204/437 3097/514/437 747/514/437
f 689/963/244 2847/964/244 690/964/244
f 706/1431/825 3108/1207/825 3126/1431/825
f 694/835/708 3178/1055/708 695/1055/708
f 722/1208/826 2880/645/826 723/645/826
f 783/662/1 4420/164/1 784/164/1
f 710/1520/827 3066/746/827 3076/1520/827
f 777/663/1 4264/465/1 778/465/1
f 687/655/450 2809/1217/450 2850/655/450
f 792/1304/891 3834/163/891 3832/1304/891
f 698/1221/456 3271/651/456 699/651/456
f 791/163/892 4045/475/892 3834/163/892
f 774/670/6 4216/670/6 4407/1536/6
f 826/1436/893 4096/1285/893 827/1285/893
f 788/467/1 4173/514/1 789/514/1
f 838/1438/393 3990/1286/393 839/1286/393
f 832/1537/894 4103/301/894 4039/1102/894
f 847/1288/396 4003/1439/396 4044/1288/396
f 857/497/1 3891/1433/1 858/1433/1
f 855/1289/398 3960/1200/398 3953/1289/398
f 844/1111/895 3978/1435/895 4111/1111/895
f 818/1442/896 4048/823/896 819/823/896
f 881/1452/1 3847/164/1 882/164/1
f 823/1437/897 4076/1108/897 824/1108/897
f 805/1447/898 4059/1300/898 806/1300/898
f 852/219/899 3971/1333/899 3989/219/899
f 867/1302/895 3976/1446/895 4109/1302/895
f 815/1441/900 4026/339/900 816/339/900
f 875/1303/899 3969/1450/899 3987/1303/899
f 811/1119/901 4035/539/901 4033/1119/901
f 797/1454/902 4065/812/902 798/812/902
f 863/1444/90 3970/1121/90 864/1121/90
f 889/467/857 3771/803/857 3770/467/857
f 872/1127/93 3975/1445/93 3981/1127/93
f 954/841/829 3643/1353/829 3637/841/829
f 802/535/903 4073/1124/903 803/1124/903
f 982/164/830 3589/849/830 959/849/830
f 967/544/831 3621/543/831 3613/544/831
f 794/1451/904 4031/1134/904 795/1134/904
f 945/1358/832 3689/858/832 946/858/832
f 886/508/811 3718/508/811 3684/1538/811
f 886/508/5 3774/635/5 3718/508/5
f 974/662/905 3620/1354/905 3603/662/905
f 895/792/3 3555/163/3 3569/792/3
f 981/846/836 3588/783/836 3561/846/836
f 894/163/5 3622/538/5 3555/163/5
f 937/788/838 3625/866/838 938/866/838
f 950/1322/906 3719/761/906 951/761/906
f 931/871/841 3640/1359/841 3636/871/841
f 963/1325/840 3606/767/840 964/767/840
f 904/882/907 3579/1361/907 3580/882/907
f 971/773/908 3616/1187/908 3612/773/908
f 914/800/846 3617/663/846 915/663/846
f 979/782/844 3619/1327/844 3587/782/844
f 988/499/5 3530/164/5 3480/1024/5
f 942/466/845 3641/778/845 943/778/845
f 997/467/5 3182/635/5 2856/467/5
f 936/532/909 3624/1328/909 3618/532/909
f 1005/432/6 4621/1539/6 4618/1540/6
f 2750/428/6 4616/1541/6 4618/1540/6
f 900/1330/848 3575/670/848 901/670/848
f 4622/1542/6 1013/532/6 4620/1543/6
f 2757/1544/6 4622/1542/6 4620/1543/6
f 927/1331/850 4582/795/850 928/795/850
f 1026/466/1 2726/543/1 1027/543/1
f 913/799/910 3594/1335/910 3600/799/910
f 1020/671/1 2733/664/1 1021/664/1
f 921/1177/911 3670/1363/911 922/1363/911
f 2722/806/1 4664/1545/1 4661/806/1
f 1035/806/1 4661/806/1 4664/1545/1
f 917/494/6 3680/1367/6 918/1366/6
f 4638/1546/5 4647/1547/5 2760/466/5
f 4647/1547/5 4638/1546/5 1051/466/5
f 985/240/5 3425/353/5 3286/661/5
f 1103/1200/912 2668/515/912 1104/515/912
f 1002/339/1 2753/417/1 1001/417/1
f 1060/1482/913 2633/409/913 1061/409/913
f 2735/1548/6 4611/660/6 4607/1549/6
f 1009/777/6 2734/777/6 4608/1550/6
f 1026/466/5 2730/699/5 2725/466/5
f 1068/1222/914 2648/1486/914 2646/1222/914
f 1032/500/275 4656/1022/275 1031/1022/275
f 2709/1022/275 4654/1181/275 2715/900/275
f 1075/1224/915 2630/1487/915 2632/1224/915
f 2710/499/277 4676/1023/277 4675/499/277
f 1039/1023/277 4675/499/277 4676/1023/277
f 2667/1340/916 4630/1213/916 2665/1212/916
f 1095/1213/917 4629/1340/917 1096/1340/917
f 2708/164/1 4650/1551/1 4670/1552/1
f 1053/662/1 4670/1552/1 4650/1551/1
f 1085/1553/6 4419/508/6 1086/508/6
f 1047/663/1 4667/663/1 4646/1554/1
f 2759/465/1 4644/465/1 4646/1554/1
f 1165/527/918 4351/528/918 1166/528/918
f 1082/477/1 4417/478/1 1083/478/1
f 1131/1202/435 4286/417/435 4288/1202/435
f 1057/1198/919 2626/829/919 1058/829/919
f 1138/1205/920 4273/539/920 4277/1205/920
f 1065/832/164 2643/513/164 2650/832/164
f 1142/477/441 4265/899/441 4220/477/441
f 1072/1209/921 2644/1202/921 2642/1209/921
f 1174/809/287 4145/624/287 4128/809/287
f 1079/1350/604 2625/1206/604 2634/1350/604
f 1176/525/281 4177/631/281 4178/525/281
f 1114/163/922 4268/1488/922 1115/1488/922
f 1217/1030/285 4765/463/285 4764/1030/285
f 3996/463/285 4764/1030/285 4765/463/285
f 1120/1482/923 4281/409/923 1121/409/923
f 1273/636/288 4135/523/288 1272/523/288
f 1128/1222/924 4304/1486/924 4292/1222/924
f 1228/824/538 4012/908/538 1227/908/538
f 1135/1224/915 4283/1487/915 4330/1224/915
f 1271/524/290 4139/1035/290 1270/741/290
f 4357/1340/917 4782/1213/917 4370/1212/917
f 1155/1213/917 4785/1340/917 1156/1340/917
f 1214/1037/293 4768/1370/293 4769/1555/293
f 3900/1036/293 4775/1036/293 4769/1555/293
f 4215/508/6 4843/1556/6 4848/1557/6
f 1145/1553/6 4849/1558/6 4848/1557/6
f 1262/914/925 4152/481/925 4153/914/925
f 1182/603/535 4202/738/535 1181/738/535
f 1188/711/297 4187/912/297 1187/912/297
f 1269/740/110 4139/1035/110 4176/740/110
f 1240/706/299 4793/1239/299 1239/916/299
f 3992/916/299 4792/706/299 4009/706/299
f 1230/605/926 4015/744/926 1229/744/926
f 1258/918/300 4166/509/300 4137/918/300
f 1265/836/537 4154/492/537 4150/836/537
f 1243/919/302 4820/1041/302 4815/919/302
f 4010/1096/302 4815/919/302 4820/1041/302
f 4777/1559/927 3979/1560/927 3997/462/927
f 3980/613/118 4777/1559/118 4776/464/118
f 1254/924/476 4140/714/476 4134/924/476
f 1211/754/120 4774/610/120 4772/754/120
f 3902/610/120 4772/754/120 4774/610/120
f 1287/670/6 3752/671/6 1288/671/6
f 1207/757/542 4805/690/542 4812/757/542
f 3917/692/542 4812/757/542 4805/690/542
f 3558/728/412 3532/353/412 4904/1561/412
f 4903/353/412 4904/1561/412 3532/353/412
f 1194/769/129 4197/770/129 1193/770/129
f 3452/164/1 4887/1562/1 3442/662/1
f 1315/662/1 4889/164/1 1316/164/1
f 1196/774/132 4841/774/132 4840/1563/132
f 4174/1352/132 4840/1563/132 4841/774/132
f 1309/663/1 3316/465/1 1310/465/1
f 1200/722/135 4838/722/135 4837/1564/135
f 4068/780/135 4846/780/135 4837/1564/135
f 1338/1402/928 3191/1511/928 3192/1402/928
f 1198/784/138 4847/785/138 1197/785/138
f 4142/785/138 4845/784/138 4125/1078/138
f 1342/1516/929 3052/1403/929 1343/1403/929
f 1285/164/5 3797/514/5 3756/164/5
f 1329/1519/930 3664/1404/930 1330/1404/930
f 1292/698/84 3776/699/84 1293/699/84
f 1351/1406/931 3065/1518/931 3064/1406/931
f 1298/163/424 3650/164/424 1304/164/424
f 1359/474/932 3051/473/932 3049/474/932
f 1299/500/6 3595/163/6 1298/163/6
f 1321/1521/933 3185/1408/933 1322/1408/933
f 4857/1565/6 3441/1566/6 4890/671/6
f 1306/670/6 3287/670/6 4856/1567/6
f 1374/856/610 2474/1082/610 2473/856/610
f 1335/471/934 3188/1502/934 3189/471/934
f 1372/1081/612 2504/1405/612 2472/1081/612
f 1363/164/935 3003/1514/935 1341/1514/935
f 1383/865/873 3844/940/873 3837/865/873
f 1348/469/936 3059/1504/936 3070/469/936
f 2536/952/615 4679/1568/615 4678/952/615
f 1368/952/615 4678/952/615 4679/1568/615
f 1356/1269/937 3080/1507/937 3044/1269/937
f 1387/875/617 3814/944/617 3812/875/617
f 1326/1513/938 3231/1264/938 1327/1264/938
f 1364/163/860 4121/1413/860 4120/163/860
f 1364/163/6 4120/163/6 4682/1569/6
f 2486/880/6 4682/1569/6 4120/163/6
f 1362/1257/939 3004/1263/939 2837/1257/939
f 1485/1057/619 3866/967/619 3872/1057/619
f 1318/854/940 3050/1271/940 1319/1271/940
f 1482/1364/621 3907/1365/621 4123/1364/621
f 1380/861/231 3887/1079/231 3886/861/231
f 1391/1095/623 3811/959/623 3806/1095/623
f 1503/941/234 3927/942/234 1504/942/234
f 4688/1570/624 4046/986/624 3914/1371/624
f 4687/986/624 4046/986/624 4688/1570/624
f 1500/946/237 3908/948/237 1501/948/237
f 1397/887/625 3818/971/625 3815/887/625
f 1505/953/240 3951/954/240 1506/954/240
f 1400/976/878 3838/539/878 1401/539/878
f 1498/960/243 3867/962/243 1499/962/243
f 1402/1100/627 3883/888/627 1403/888/627
f 1494/968/246 3865/970/246 1495/970/246
f 1407/985/880 4708/894/880 1408/894/880
f 3929/894/880 4709/985/880 3937/984/880
f 1507/973/248 3962/974/248 1508/974/248
f 1436/992/941 3854/901/941 1437/901/941
f 1490/977/881 3857/979/881 1491/979/881
f 1420/483/942 4734/519/942 4730/483/942
f 3942/519/942 4730/483/942 4734/519/942
f 1486/980/882 3875/982/882 1487/982/882
f 1434/1377/635 4716/1139/635 4717/1377/635
f 3874/1139/943 4717/1377/943 4716/1139/943
f 4042/987/256 4687/986/256 4686/987/256
f 1479/986/256 4686/987/256 4687/986/256
f 1424/1137/884 4722/1003/884 4725/1137/884
f 3931/1003/884 4725/1137/884 4722/1003/884
f 4036/993/839 4692/1410/839 4689/993/839
f 1477/1410/839 4689/993/839 4692/1410/839
f 1432/1140/638 4720/1379/638 4721/1427/638
f 3868/1411/638 4721/1427/638 4720/1379/638
f 4107/994/259 4689/993/259 4691/994/259
f 1476/993/259 4691/994/259 4689/993/259
f 1426/1147/640 4726/1136/640 4727/1147/640
f 3926/1136/640 4727/1147/640 4726/1136/640
f 4070/1001/944 4695/999/944 4064/999/944
f 1473/999/944 4693/1001/944 1474/1001/944
f 1430/1384/945 4719/1523/945 4718/1384/945
f 3906/1412/945 4718/1384/945 4719/1523/945
f 4098/1006/265 4701/1005/265 4093/1005/265
f 1471/1005/265 4705/1006/265 1472/1006/265
f 1428/1389/643 4728/1146/643 4729/1389/643
f 3919/1146/643 4729/1389/643 4728/1146/643
f 4088/1010/268 4703/1009/268 4082/1061/268
f 1468/1009/268 4704/1010/268 1469/1010/268
f 1513/467/5 3835/635/5 3760/467/5
f 1409/1114/946 4747/1415/946 1410/1415/946
f 3933/1415/946 4723/1114/946 3936/1114/946
f 1527/164/3 4899/163/3 4898/164/3
f 3503/1461/3 3657/164/3 4898/164/3
f 4087/1014/270 4710/1014/270 4713/1571/270
f 1464/1013/270 4741/1013/270 4713/1571/270
f 3654/417/5 3504/1572/5 4902/1573/5
f 3504/1572/5 4899/163/5 4902/1573/5
f 1440/1018/5 3855/1019/5 3824/1018/5
f 1528/163/5 3421/1012/5 3294/163/5
s 1
f 6/1/1 13/4/1 9/2/1
f 13/4/2 26/6/2 23/5/2
f 26/6/3 20/161/3 17/7/3
f 3067/8/4 3180/1574/4 3181/9/4
f 4484/1575/4 4485/1576/4 4439/12/4
f 4575/1577/4 4481/1578/4 4482/1579/4
f 4575/1577/4 4482/1579/4 4483/1580/4
f 4464/1581/4 4484/1575/4 4439/12/4
f 4466/1582/4 4464/1581/4 4439/12/4
f 4575/1577/4 4483/1580/4 4467/1583/4
f 4575/1577/4 4467/1583/4 4465/1584/4
f 4463/1585/4 4466/1582/4 4439/12/4
f 4577/1586/4 4463/1585/4 4439/12/4
f 4575/1577/4 4465/1584/4 4462/1587/4
f 4575/1577/4 4462/1587/4 4576/13/4
f 4577/1586/4 4439/12/4 4438/11/4
f 4439/12/4 4575/1577/4 4576/13/4
f 4300/1588/4 4297/1589/4 4299/1590/4
f 4299/1590/4 4298/1591/4 4329/1592/4
f 4298/1591/4 4328/1593/4 4329/1592/4
f 4328/1593/4 4305/1594/4 4309/1595/4
f 4305/1594/4 4308/1596/4 4309/1595/4
f 4308/1596/4 4315/1597/4 4316/1598/4
f 4315/1597/4 4310/1599/4 4313/1600/4
f 4313/1600/4 4310/1599/4 4311/1601/4
f 4310/1599/4 4312/1602/4 4311/1601/4
f 4312/1602/4 4318/1603/4 4319/1604/4
f 4311/1601/4 4312/1602/4 4319/1604/4
f 4318/1603/4 4324/1605/4 4325/1606/4
f 4324/1605/4 4322/1607/4 4320/1608/4
f 4324/1605/4 4320/1608/4 4325/1606/4
f 4322/1607/4 4457/1609/4 4410/1610/4
f 4329/1592/4 4300/1588/4 4299/1590/4
f 4309/1595/4 4306/1611/4 4328/1593/4
f 4306/1611/4 4329/1592/4 4328/1593/4
f 4316/1598/4 4307/1612/4 4308/1596/4
f 4307/1612/4 4309/1595/4 4308/1596/4
f 4313/1600/4 4316/1598/4 4315/1597/4
f 4325/1606/4 4319/1604/4 4318/1603/4
f 4369/1613/4 4320/1608/4 4322/1607/4
f 4395/1614/4 4380/1615/4 4412/1616/4
f 4380/1615/4 4369/1613/4 4322/1607/4
f 4404/1617/4 4458/1618/4 4405/1619/4
f 4458/1618/4 4395/1614/4 4405/1619/4
f 4412/1616/4 4405/1619/4 4395/1614/4
f 4410/1610/4 4412/1616/4 4322/1607/4
f 4322/1607/4 4412/1616/4 4380/1615/4
f 4433/15/4 4410/1610/4 4457/1609/4
f 4433/15/4 4457/1609/4 4456/1620/4
f 4433/15/4 4456/1620/4 4409/1621/4
f 4433/15/4 4409/1621/4 4418/1622/4
f 4433/15/4 4418/1622/4 4452/1623/4
f 4433/15/4 4452/1623/4 4424/1624/4
f 4433/15/4 4424/1624/4 4431/1625/4
f 4433/15/4 4431/1625/4 4425/1626/4
f 4433/15/4 4425/1626/4 4428/1627/4
f 4433/15/4 4428/1627/4 4426/1628/4
f 4433/15/4 4426/1628/4 4445/1629/4
f 4433/15/4 4445/1629/4 4441/16/4
f 4445/1629/4 4436/1630/4 4441/16/4
f 4423/1631/4 4422/1632/4 4441/16/4
f 4444/14/4 4446/1633/4 4432/1634/4
f 4444/14/4 4432/1634/4 4429/1635/4
f 4430/1636/4 4423/1631/4 4441/16/4
f 4427/1637/4 4430/1636/4 4441/16/4
f 4444/14/4 4429/1635/4 4437/1638/4
f 4444/14/4 4437/1638/4 4434/1639/4
f 4443/1640/4 4427/1637/4 4441/16/4
f 4435/1641/4 4443/1640/4 4441/16/4
f 4444/14/4 4434/1639/4 4433/15/4
f 4436/1630/4 4435/1641/4 4441/16/4
f 4388/1642/4 4387/1643/4 4386/1644/4
f 4386/1644/4 4389/1645/4 4390/1646/4
f 4389/1645/4 4385/1647/4 4390/1646/4
f 4385/1647/4 4391/1648/4 4383/1649/4
f 4391/1648/4 4384/1650/4 4383/1649/4
f 4384/1650/4 4394/1651/4 4393/1652/4
f 4394/1651/4 4377/1653/4 4378/1654/4
f 4377/1653/4 4376/1655/4 4375/1656/4
f 4376/1655/4 4374/1657/4 4375/1656/4
f 4374/1657/4 4373/1658/4 4372/1659/4
f 4373/1658/4 4364/1660/4 4365/1661/4
f 4374/1657/4 4372/1659/4 4375/1656/4
f 4364/1660/4 4366/1662/4 4365/1661/4
f 4366/1662/4 4338/1663/4 4302/1664/4
f 4394/1651/4 4378/1654/4 4393/1652/4
f 4390/1646/4 4388/1642/4 4386/1644/4
f 4383/1649/4 4382/1665/4 4385/1647/4
f 4382/1665/4 4390/1646/4 4385/1647/4
f 4393/1652/4 4383/1649/4 4384/1650/4
f 4375/1656/4 4379/1666/4 4377/1653/4
f 4379/1666/4 4378/1654/4 4377/1653/4
f 4365/1661/4 4372/1659/4 4373/1658/4
f 4578/1667/4 4354/1668/4 4366/1662/4
f 4354/1668/4 4365/1661/4 4366/1662/4
f 4317/1669/4 4323/1670/4 4366/1662/4
f 4323/1670/4 4578/1667/4 4366/1662/4
f 4314/1671/4 4326/1672/4 4317/1669/4
f 4296/1673/4 4327/1674/4 4302/1664/4
f 4327/1674/4 4314/1671/4 4302/1664/4
f 4293/1675/4 4301/1676/4 4302/1664/4
f 4301/1676/4 4296/1673/4 4302/1664/4
f 4295/1677/4 4294/1678/4 4302/1664/4
f 4294/1678/4 4293/1675/4 4302/1664/4
f 4229/1679/4 4228/1680/4 4227/1681/4
f 4228/1680/4 4302/1664/4 4338/1663/4
f 4227/1681/4 4228/1680/4 4254/1682/4
f 4314/1671/4 4317/1669/4 4302/1664/4
f 4317/1669/4 4366/1662/4 4302/1664/4
f 4253/1683/4 4228/1680/4 4279/1684/4
f 4338/1663/4 4279/1684/4 4228/1680/4
f 4212/1685/4 4211/1686/4 4189/1687/4
f 4211/1686/4 4210/1688/4 4194/1689/4
f 4209/1690/4 4208/1691/4 4233/1692/4
f 4208/1691/4 4212/1685/4 4233/1692/4
f 4233/1692/4 4207/1693/4 4209/1690/4
f 4190/1694/4 4192/1695/4 4233/1692/4
f 4193/1696/4 4189/1687/4 4211/1686/4
f 4189/1687/4 4190/1694/4 4233/1692/4
f 4194/1689/4 4186/1697/4 4211/1686/4
f 4186/1697/4 4193/1696/4 4211/1686/4
f 4160/1698/4 4236/1699/4 4163/1700/4
f 4236/1699/4 4194/1689/4 4163/1700/4
f 4160/1698/4 4163/1700/4 4162/1701/4
f 4158/1702/4 4162/1701/4 4163/1700/4
f 4159/1703/4 4157/1704/4 4163/1700/4
f 4157/1704/4 4158/1702/4 4163/1700/4
f 4159/1703/4 4163/1700/4 4156/1705/4
f 4156/1705/4 4155/1706/4 4159/1703/4
f 4237/1707/4 4163/1700/4 4194/1689/4
f 4189/1687/4 4233/1692/4 4212/1685/4
f 4194/1689/4 4210/1688/4 4237/1707/4
f 4228/1680/4 4253/1683/4 4252/1708/4
f 4228/1680/4 4252/1708/4 4254/1682/4
f 4227/1681/4 4254/1682/4 4256/1709/4
f 4227/1681/4 4256/1709/4 4249/1710/4
f 4227/1681/4 4249/1710/4 4260/1711/4
f 4227/1681/4 4260/1711/4 4242/1712/4
f 4227/1681/4 4242/1712/4 4246/1713/4
f 4231/1714/4 4227/1681/4 4347/1715/4
f 4227/1681/4 4246/1713/4 4238/1716/4
f 4227/1681/4 4238/1716/4 4239/1717/4
f 4227/1681/4 4239/1717/4 4347/1715/4
f 4231/1714/4 4347/1715/4 4348/1718/4
f 4231/1714/4 4348/1718/4 4240/1719/4
f 4231/1714/4 4240/1719/4 4247/1720/4
f 4231/1714/4 4247/1720/4 4243/1721/4
f 4231/1714/4 4243/1721/4 4261/1722/4
f 4231/1714/4 4261/1722/4 4250/1723/4
f 4231/1714/4 4250/1723/4 4257/1724/4
f 4231/1714/4 4257/1724/4 4251/1725/4
f 4231/1714/4 4251/1725/4 4255/1726/4
f 4231/1714/4 4255/1726/4 4280/1727/4
f 4231/1714/4 4280/1727/4 4339/1728/4
f 4231/1714/4 4339/1728/4 4340/1729/4
f 4231/1714/4 4340/1729/4 4216/1730/4
f 4340/1729/4 4321/1731/4 4216/1730/4
f 4231/1714/4 4216/1730/4 4213/1732/4
f 4321/1731/4 4368/1733/4 4407/1734/4
f 4321/1731/4 4407/1734/4 4216/1730/4
f 4210/1688/4 4231/1714/4 4213/1732/4
f 4237/1707/4 4210/1688/4 4213/1732/4
f 4171/1735/4 4172/1736/4 4065/1737/4
f 4172/1736/4 4061/1738/4 4065/1737/4
f 4213/1732/4 4171/1735/4 4237/1707/4
f 4089/1739/4 4237/1707/4 4171/1735/4
f 4171/1735/4 4065/1737/4 4053/1740/4
f 4089/1739/4 4171/1735/4 4101/1741/4
f 4171/1735/4 4053/1740/4 4102/1742/4
f 4171/1735/4 4102/1742/4 4031/1743/4
f 4100/1744/4 4089/1739/4 4099/1745/4
f 4171/1735/4 4031/1743/4 4040/1746/4
f 4171/1735/4 4040/1746/4 4101/1741/4
f 4099/1745/4 4080/1747/4 4078/1748/4
f 4108/1749/4 4089/1739/4 4101/1741/4
f 4099/1745/4 4078/1748/4 4100/1744/4
f 4108/1749/4 3915/1750/4 4099/1745/4
f 4108/1749/4 4099/1745/4 4089/1739/4
f 4101/1741/4 3832/28/4 4108/1749/4
f 4108/1749/4 3832/28/4 3890/1751/4
f 3832/28/4 3833/27/4 3890/1751/4
f 3770/1752/4 3771/1753/4 3717/1754/4
f 3890/1751/4 3833/27/4 3805/1755/4
f 3833/27/4 3770/1752/4 3805/1755/4
f 3829/1756/4 3828/1757/4 3849/1758/4
f 3848/1759/4 3829/1756/4 3849/1758/4
f 3770/1752/4 3717/1754/4 3698/1760/4
f 3770/1752/4 3698/1760/4 3751/1761/4
f 3805/1755/4 3770/1752/4 3763/1762/4
f 3841/1763/4 3848/1759/4 3849/1758/4
f 3789/1764/4 3786/1765/4 3787/1766/4
f 3786/1765/4 3800/1767/4 3787/1766/4
f 3841/1763/4 3849/1758/4 3842/1768/4
f 3849/1758/4 3890/1751/4 3842/1768/4
f 3781/1769/4 3789/1764/4 3787/1766/4
f 3698/1760/4 3683/66/4 3682/1770/4
f 3763/1762/4 3770/1752/4 3751/1761/4
f 3683/66/4 3680/1771/4 3682/1770/4
f 3898/1772/4 3781/1769/4 3768/1773/4
f 3766/1774/4 3769/1775/4 3768/1773/4
f 3769/1775/4 3898/1772/4 3768/1773/4
f 3761/1776/4 3765/1777/4 3762/1778/4
f 3765/1777/4 3766/1774/4 3767/1779/4
f 3767/1779/4 3766/1774/4 3768/1773/4
f 3748/1780/4 3753/1781/4 3754/1782/4
f 3753/1781/4 3761/1776/4 3754/1782/4
f 3748/1780/4 3754/1782/4 3749/1783/4
f 3741/1784/4 3738/1785/4 3737/1786/4
f 3738/1785/4 3748/1780/4 3749/1783/4
f 3737/1786/4 3738/1785/4 3739/1787/4
f 3732/1788/4 3735/1789/4 3777/1790/4
f 3735/1789/4 3741/1784/4 3726/1791/4
f 3777/1790/4 3735/1789/4 3697/1792/4
f 3728/1793/4 3744/1794/4 3777/1790/4
f 3744/1794/4 3732/1788/4 3777/1790/4
f 3725/1795/4 3730/1796/4 3728/1793/4
f 3777/1790/4 3724/1797/4 3728/1793/4
f 3724/1797/4 3725/1795/4 3728/1793/4
f 3701/1798/4 3697/1792/4 3726/1791/4
f 3731/1799/4 3726/1791/4 3737/1786/4
f 3729/1800/4 3727/1801/4 3734/1802/4
f 3727/1801/4 3731/1799/4 3734/1802/4
f 3733/1803/4 3745/1804/4 3729/1800/4
f 3734/1802/4 3736/1805/4 3733/1803/4
f 3737/1786/4 3742/1806/4 3731/1799/4
f 3742/1806/4 3734/1802/4 3731/1799/4
f 3749/1783/4 3739/1787/4 3738/1785/4
f 3762/1778/4 3754/1782/4 3761/1776/4
f 3767/1779/4 3762/1778/4 3765/1777/4
f 3782/1807/4 3899/1808/4 3787/1766/4
f 3899/1808/4 3768/1773/4 3787/1766/4
f 3790/1809/4 3780/1810/4 3787/1766/4
f 3780/1810/4 3782/1807/4 3787/1766/4
f 3783/1811/4 3784/1812/4 3787/1766/4
f 3784/1812/4 3790/1809/4 3787/1766/4
f 3785/1813/4 3788/1814/4 3783/1811/4
f 3787/1766/4 3785/1813/4 3783/1811/4
f 3734/1802/4 3733/1803/4 3729/1800/4
f 3726/1791/4 3741/1784/4 3737/1786/4
f 3735/1789/4 3726/1791/4 3697/1792/4
f 3781/1769/4 3787/1766/4 3768/1773/4
f 3680/1771/4 3648/1815/4 3629/1816/4
f 3751/1761/4 3698/1760/4 3746/1817/4
f 3648/1815/4 3615/1818/4 3559/1819/4
f 3746/1817/4 3698/1760/4 3682/1770/4
f 3615/1818/4 3617/1820/4 3559/1819/4
f 3617/1820/4 3607/1821/4 3559/1819/4
f 3787/1766/4 3800/1767/4 3842/1768/4
f 3800/1767/4 3841/1763/4 3842/1768/4
f 3583/1822/4 3590/1823/4 3591/1824/4
f 3590/1823/4 3581/1825/4 3575/1826/4
f 3591/1824/4 3590/1823/4 3577/1827/4
f 3581/1825/4 3582/1828/4 3580/1829/4
f 3580/1829/4 3579/1830/4 3592/1831/4
f 3592/1831/4 3575/1826/4 3581/1825/4
f 3575/1826/4 3576/1832/4 3590/1823/4
f 3576/1832/4 3577/1827/4 3590/1823/4
f 3591/1824/4 3562/1833/4 3559/1819/4
f 3591/1824/4 3559/1819/4 3583/1822/4
f 3580/1829/4 3592/1831/4 3581/1825/4
f 3584/1834/4 3583/1822/4 3559/1819/4
f 3586/1835/4 3584/1834/4 3559/1819/4
f 3585/1836/4 3586/1835/4 3559/1819/4
f 3594/1837/4 3585/1836/4 3559/1819/4
f 3600/1838/4 3594/1837/4 3559/1819/4
f 3607/1821/4 3600/1838/4 3559/1819/4
f 3836/1839/4 3842/1768/4 3890/1751/4
f 3559/1819/4 3569/30/4 3568/1840/4
f 3830/1841/4 3836/1839/4 3890/1751/4
f 3831/1842/4 3830/1841/4 3890/1751/4
f 3682/1770/4 3680/1771/4 3629/1816/4
f 3569/30/4 3529/1843/4 3447/1844/4
f 3417/1845/4 3418/1846/4 3219/104/4
f 3629/1816/4 3648/1815/4 3570/1847/4
f 3529/1843/4 3417/1845/4 3402/1848/4
f 3570/1847/4 3648/1815/4 3559/1819/4
f 3801/1849/4 3831/1842/4 3890/1751/4
f 3802/1850/4 3801/1849/4 3890/1751/4
f 3417/1845/4 3219/104/4 3355/1851/4
f 3219/104/4 3180/1574/4 3078/1852/4
f 3570/1847/4 3559/1819/4 3568/1840/4
f 3803/1853/4 3802/1850/4 3890/1751/4
f 3804/1854/4 3803/1853/4 3890/1751/4
f 3180/1574/4 3067/8/4 3078/1852/4
f 3067/8/4 2765/1855/4 2946/1856/4
f 3805/1755/4 3804/1854/4 3890/1751/4
f 3568/1840/4 3569/30/4 3447/1844/4
f 3447/1844/4 3529/1843/4 3404/1857/4
f 3716/1858/4 3746/1817/4 3682/1770/4
f 3715/1859/4 3716/1858/4 3682/1770/4
f 3714/1860/4 3715/1859/4 3682/1770/4
f 3712/1861/4 3694/1862/4 3713/1863/4
f 3682/1770/4 3712/1861/4 3713/1863/4
f 2857/1864/4 2856/1865/4 3182/1866/4
f 3182/1866/4 3068/10/4 3181/9/4
f 3182/1866/4 3181/9/4 3183/1867/4
f 2857/1864/4 3182/1866/4 3183/1867/4
f 3682/1770/4 3713/1863/4 3714/1860/4
f 3570/1847/4 3647/1868/4 3629/1816/4
f 3404/1857/4 3529/1843/4 3402/1848/4
f 3402/1848/4 3417/1845/4 3383/1869/4
f 3512/1870/4 3511/1871/4 3563/1872/4
f 3500/1873/4 3512/1870/4 3563/1872/4
f 3425/1874/4 3419/1875/4 3480/1876/4
f 3480/1876/4 3530/29/4 3440/1877/4
f 3530/29/4 3555/31/4 3556/1878/4
f 3628/1879/4 3622/1880/4 3627/1881/4
f 3425/1874/4 3480/1876/4 3441/1882/4
f 3622/1880/4 3628/1879/4 3595/1883/4
f 3286/105/4 3425/1874/4 3287/1884/4
f 3622/1880/4 3595/1883/4 3555/31/4
f 3285/106/4 3286/105/4 3287/1884/4
f 3555/31/4 3595/1883/4 3556/1878/4
f 3183/1867/4 3285/106/4 3287/1884/4
f 2857/1864/4 3183/1867/4 3050/1885/4
f 3530/29/4 3556/1878/4 3440/1877/4
f 2766/1886/4 2857/1864/4 2767/1887/4
f 3655/1888/4 3500/1873/4 3563/1872/4
f 3544/1889/4 3655/1888/4 3563/1872/4
f 3625/1890/4 3623/1891/4 3624/1892/4
f 3623/1891/4 3618/1893/4 3624/1892/4
f 3630/1894/4 3625/1890/4 3626/1895/4
f 3625/1890/4 3624/1892/4 3626/1895/4
f 3634/1896/4 3630/1894/4 3631/1897/4
f 3630/1894/4 3626/1895/4 3631/1897/4
f 3635/1898/4 3634/1896/4 3633/1899/4
f 3634/1896/4 3631/1897/4 3633/1899/4
f 3642/1900/4 3635/1898/4 3636/1901/4
f 3635/1898/4 3633/1899/4 3636/1901/4
f 3641/1902/4 3642/1900/4 3640/1903/4
f 3642/1900/4 3636/1901/4 3640/1903/4
f 3668/1904/4 3641/1902/4 3640/1903/4
f 3668/1904/4 3640/1903/4 3639/1905/4
f 3674/1906/4 3668/1904/4 3639/1905/4
f 3674/1906/4 3639/1905/4 4582/1907/4
f 3689/1908/4 3674/1906/4 4582/1907/4
f 3689/1908/4 4582/1907/4 3684/67/4
f 4582/1907/4 3669/1909/4 3684/67/4
f 3677/1910/4 3689/1908/4 3718/1911/4
f 3689/1908/4 3684/67/4 3718/1911/4
f 3669/1909/4 3673/1912/4 3684/67/4
f 3676/1913/4 3677/1910/4 3718/1911/4
f 3688/1914/4 3687/1915/4 3684/67/4
f 3687/1915/4 3672/1916/4 3686/1917/4
f 3684/67/4 3687/1915/4 3686/1917/4
f 3673/1912/4 3688/1914/4 3684/67/4
f 3672/1916/4 3670/1918/4 3686/1917/4
f 3670/1918/4 3671/1919/4 3686/1917/4
f 3686/1917/4 3679/1920/4 3678/65/4
f 3678/65/4 3684/67/4 3686/1917/4
f 3774/1921/4 3773/1922/4 3834/26/4
f 3690/1923/4 3676/1913/4 3718/1911/4
f 3675/1924/4 3690/1923/4 3718/1911/4
f 3719/1925/4 3675/1924/4 3718/1911/4
f 3638/1926/4 3719/1925/4 3718/1911/4
f 3643/1927/4 3638/1926/4 3718/1911/4
f 3637/1928/4 3643/1927/4 3718/1911/4
f 3645/1929/4 3637/1928/4 3718/1911/4
f 3632/1930/4 3645/1929/4 3718/1911/4
f 3627/1881/4 3632/1930/4 3628/1879/4
f 3632/1930/4 3718/1911/4 3628/1879/4
f 3752/1931/4 3718/1911/4 3774/1921/4
f 3718/1911/4 3752/1931/4 3628/1879/4
f 3758/1932/4 3834/26/4 3878/1933/4
f 3834/26/4 3758/1932/4 3774/1921/4
f 3878/1933/4 3834/26/4 3877/1934/4
f 3551/1935/4 3544/1889/4 3563/1872/4
f 3549/1936/4 3551/1935/4 3563/1872/4
f 4054/1937/4 4066/1938/4 4133/1939/4
f 4133/1939/4 4132/1940/4 4068/1941/4
f 4133/1939/4 4068/1941/4 4104/1942/4
f 4068/1941/4 4029/1943/4 4045/1944/4
f 4103/1945/4 4054/1937/4 4133/1939/4
f 4039/1946/4 4103/1945/4 4133/1939/4
f 4068/1941/4 4045/1944/4 4104/1942/4
f 4029/1943/4 4017/1947/4 4045/1944/4
f 4017/1947/4 4113/1948/4 3877/1934/4
f 4045/1944/4 4017/1947/4 3877/1934/4
f 4112/1949/4 4039/1946/4 4133/1939/4
f 4104/1942/4 4112/1949/4 4133/1939/4
f 4113/1948/4 4114/1950/4 3877/1934/4
f 4114/1950/4 4115/1951/4 3877/1934/4
f 3834/26/4 4045/1944/4 3877/1934/4
f 4115/1951/4 3991/1952/4 3877/1934/4
f 3991/1952/4 3993/1953/4 3877/1934/4
f 3993/1953/4 3994/1954/4 3892/1955/4
f 3877/1934/4 3993/1953/4 3892/1955/4
f 3917/1956/4 3904/1957/4 3892/1955/4
f 3994/1954/4 3917/1956/4 3892/1955/4
f 3774/1921/4 3758/1932/4 3752/1931/4
f 3758/1932/4 3756/1958/4 3759/1959/4
f 3756/1958/4 3757/1960/4 3755/1961/4
f 3480/1876/4 3440/1877/4 3441/1882/4
f 3756/1958/4 3755/1961/4 3759/1959/4
f 3755/1961/4 3778/1962/4 3776/1963/4
f 3778/1962/4 3721/1964/4 3776/1963/4
f 3549/1936/4 3563/1872/4 3568/1840/4
f 3552/1965/4 3549/1936/4 3568/1840/4
f 3545/1966/4 3552/1965/4 3568/1840/4
f 3656/1967/4 3545/1966/4 3568/1840/4
f 3501/1968/4 3656/1967/4 3568/1840/4
f 3513/1969/4 3501/1968/4 3568/1840/4
f 3524/1970/4 3513/1969/4 3568/1840/4
f 3525/1971/4 3524/1970/4 3568/1840/4
f 3526/1972/4 3525/1971/4 3568/1840/4
f 3527/1973/4 3526/1972/4 3568/1840/4
f 3527/1973/4 3568/1840/4 3528/1974/4
f 3383/1869/4 3417/1845/4 3355/1851/4
f 3528/1974/4 3568/1840/4 3447/1844/4
f 3355/1851/4 3219/104/4 3162/1975/4
f 3162/1975/4 3219/104/4 3078/1852/4
f 3162/1975/4 3353/1976/4 3355/1851/4
f 3353/1976/4 3162/1975/4 3161/1977/4
f 3353/1976/4 3160/1978/4 3284/1979/4
f 3160/1978/4 3353/1976/4 3161/1977/4
f 3284/1979/4 3160/1978/4 3283/1980/4
f 3282/1981/4 3284/1979/4 3283/1980/4
f 3280/1982/4 3282/1981/4 3281/1983/4
f 3278/1984/4 3280/1982/4 3279/1985/4
f 3282/1981/4 3283/1980/4 3281/1983/4
f 3251/1986/4 3278/1984/4 3279/1985/4
f 3280/1982/4 3281/1983/4 3279/1985/4
f 3255/1987/4 3251/1986/4 3211/1988/4
f 3242/1989/4 3255/1987/4 3224/1990/4
f 3251/1986/4 3279/1985/4 3211/1988/4
f 3239/1991/4 3242/1989/4 3224/1990/4
f 3247/1992/4 3239/1991/4 3224/1990/4
f 3255/1987/4 3211/1988/4 3224/1990/4
f 3223/1993/4 3240/1994/4 3246/1995/4
f 3246/1995/4 3247/1992/4 3223/1993/4
f 3121/1996/4 3223/1993/4 3224/1990/4
f 3224/1990/4 3223/1993/4 3247/1992/4
f 3126/1997/4 3108/1998/4 3109/1999/4
f 3108/1998/4 3121/1996/4 3109/1999/4
f 3156/2000/4 3100/2001/4 3109/1999/4
f 3100/2001/4 3126/1997/4 3109/1999/4
f 3076/2002/4 3066/2003/4 3077/2004/4
f 3066/2003/4 3156/2000/4 3109/1999/4
f 3085/2005/4 3048/2006/4 3045/2007/4
f 3048/2006/4 3076/2002/4 3077/2004/4
f 2993/2008/4 3011/2009/4 3002/2010/4
f 3011/2009/4 3085/2005/4 3028/2011/4
f 3002/2010/4 3011/2009/4 3028/2011/4
f 2950/2012/4 2985/2013/4 2986/2014/4
f 2985/2013/4 2993/2008/4 3002/2010/4
f 2914/2015/4 2925/2016/4 2979/2017/4
f 2925/2016/4 2950/2012/4 2951/2018/4
f 2979/2017/4 2951/2018/4 2881/2019/4
f 2886/2020/4 2964/2021/4 2978/2022/4
f 2964/2021/4 2914/2015/4 2840/2023/4
f 2877/2024/4 2904/2025/4 2871/2026/4
f 2904/2025/4 2886/2020/4 2871/2026/4
f 2871/2026/4 2880/2027/4 2877/2024/4
f 2840/2023/4 2978/2022/4 2964/2021/4
f 2978/2022/4 2871/2026/4 2886/2020/4
f 2979/2017/4 2841/2028/4 2840/2023/4
f 2905/2029/4 2881/2019/4 2957/2030/4
f 2957/2030/4 2881/2019/4 2951/2018/4
f 2900/2031/4 2888/2032/4 2926/2033/4
f 2888/2032/4 2905/2029/4 2926/2033/4
f 2915/2034/4 2965/2035/4 2900/2031/4
f 2957/2030/4 2926/2033/4 2905/2029/4
f 2926/2033/4 2915/2034/4 2900/2031/4
f 2940/2036/4 2951/2018/4 2950/2012/4
f 3002/2010/4 2986/2014/4 2985/2013/4
f 2986/2014/4 2940/2036/4 2950/2012/4
f 3045/2007/4 3028/2011/4 3085/2005/4
f 3179/2037/4 3077/2004/4 3109/1999/4
f 3077/2004/4 3045/2007/4 3048/2006/4
f 3101/2038/4 3093/2039/4 3109/1999/4
f 3093/2039/4 3179/2037/4 3109/1999/4
f 3095/2040/4 3097/2041/4 3109/1999/4
f 3097/2041/4 3101/2038/4 3109/1999/4
f 3110/2042/4 3127/2043/4 3095/2040/4
f 3109/1999/4 3106/2044/4 3095/2040/4
f 3106/2044/4 3110/2042/4 3095/2040/4
f 2979/2017/4 2840/2023/4 2914/2015/4
f 2951/2018/4 2979/2017/4 2925/2016/4
f 3066/2003/4 3109/1999/4 3077/2004/4
f 3755/1961/4 3776/1963/4 3759/1959/4
f 3740/2045/4 3722/2046/4 3720/2047/4
f 3740/2045/4 3720/2047/4 3759/1959/4
f 3776/1963/4 3740/2045/4 3759/1959/4
f 3758/1932/4 3759/1959/4 3752/1931/4
f 3628/1879/4 3649/2048/4 3650/2049/4
f 3425/1874/4 3441/1882/4 3287/1884/4
f 3628/1879/4 3650/2049/4 3595/1883/4
f 3557/2050/4 3531/2051/4 3442/2052/4
f 3531/2051/4 3452/2053/4 3442/2052/4
f 3556/1878/4 3557/2050/4 3440/1877/4
f 3442/2052/4 3426/2054/4 3450/2055/4
f 3426/2054/4 3315/2056/4 3317/2057/4
f 3426/2054/4 3317/2057/4 3450/2055/4
f 3109/1999/4 3121/1996/4 3224/1990/4
f 3078/1852/4 3067/8/4 3027/2058/4
f 3027/2058/4 3067/8/4 2946/1856/4
f 2966/2059/4 2946/1856/4 2765/1855/4
f 2855/2060/4 2966/2059/4 2765/1855/4
f 2854/2061/4 2855/2060/4 2765/1855/4
f 2853/2062/4 2854/2061/4 2765/1855/4
f 2852/2063/4 2853/2062/4 2765/1855/4
f 2851/2064/4 2852/2063/4 2765/1855/4
f 2803/2065/4 2851/2064/4 2765/1855/4
f 2810/2066/4 2803/2065/4 2765/1855/4
f 2786/2067/4 2810/2066/4 2765/1855/4
f 2764/2068/4 2786/2067/4 2765/1855/4
f 3448/2069/4 3316/2070/4 3314/2071/4
f 3316/2070/4 3313/2072/4 3314/2071/4
f 3442/2052/4 3450/2055/4 3449/2073/4
f 3450/2055/4 3448/2069/4 3449/2073/4
f 2/2074/4 2847/2075/4 2848/2076/4
f 2822/2077/4 2869/2078/4 6/2079/4
f 2868/2080/4 2822/2077/4 6/2079/4
f 2/2074/4 2848/2076/4 2849/2081/4
f 2/2074/4 2849/2081/4 2850/2082/4
f 2801/2083/4 2868/2080/4 6/2079/4
f 2796/2084/4 2801/2083/4 6/2079/4
f 2/2074/4 2850/2082/4 2809/2085/4
f 2/2074/4 2809/2085/4 2802/2086/4
f 2808/2087/4 2796/2084/4 6/2079/4
f 2790/2088/4 2808/2087/4 6/2079/4
f 2/2074/4 2802/2086/4 2785/2089/4
f 2/2074/4 2785/2089/4 2764/2068/4
f 2816/2090/4 2790/2088/4 6/2079/4
f 2784/2091/4 2816/2090/4 6/2079/4
f 6/2079/4 2/2074/4 2768/17/4
f 2/2074/4 2764/2068/4 2765/1855/4
f 2/2074/4 2765/1855/4 2766/1886/4
f 2789/2092/4 2784/2091/4 6/2079/4
f 2777/2093/4 2789/2092/4 6/2079/4
f 2/2074/4 2766/1886/4 2767/1887/4
f 3557/2050/4 3442/2052/4 3449/2073/4
f 3448/2069/4 3314/2071/4 3449/2073/4
f 2770/2094/4 2777/2093/4 6/2079/4
f 2772/2095/4 2770/2094/4 2769/2096/4
f 2770/2094/4 6/2079/4 2769/2096/4
f 3557/2050/4 3449/2073/4 3440/1877/4
f 2776/2097/4 2772/2095/4 2769/2096/4
f 3183/1867/4 3287/1884/4 3079/2098/4
f 2995/2099/4 2997/2100/4 2996/2101/4
f 2997/2100/4 2984/2102/4 2911/2103/4
f 3037/2104/4 2999/2105/4 2998/2106/4
f 2999/2105/4 2995/2099/4 2996/2101/4
f 2998/2106/4 2999/2105/4 2996/2101/4
f 3014/2107/4 3009/2108/4 3013/2109/4
f 3009/2108/4 3037/2104/4 3008/2110/4
f 3013/2109/4 3009/2108/4 3008/2110/4
f 3015/2111/4 3033/2112/4 3010/2113/4
f 3033/2112/4 3014/2107/4 3013/2109/4
f 3089/2114/4 3025/2115/4 3016/2116/4
f 3025/2115/4 3015/2111/4 3024/2117/4
f 3016/2116/4 3025/2115/4 3024/2117/4
f 3041/2118/4 3038/2119/4 3016/2116/4
f 3038/2119/4 3089/2114/4 3016/2116/4
f 3040/2120/4 3039/2121/4 3041/2118/4
f 3016/2116/4 3088/2122/4 3041/2118/4
f 3088/2122/4 3040/2120/4 3041/2118/4
f 3032/2123/4 3024/2117/4 3015/2111/4
f 3013/2109/4 3010/2113/4 3033/2112/4
f 3010/2113/4 3032/2123/4 3015/2111/4
f 2998/2106/4 3008/2110/4 3037/2104/4
f 2994/2124/4 2996/2101/4 2997/2100/4
f 2939/2125/4 2935/2126/4 2997/2100/4
f 2935/2126/4 2994/2124/4 2997/2100/4
f 2924/2127/4 2962/2128/4 2974/2129/4
f 2962/2128/4 2939/2125/4 2997/2100/4
f 2974/2129/4 2929/2130/4 2924/2127/4
f 2910/2131/4 2891/2132/4 2911/2103/4
f 2891/2132/4 2974/2129/4 2911/2103/4
f 2879/2133/4 2876/2134/4 2911/2103/4
f 2876/2134/4 2910/2131/4 2911/2103/4
f 2911/2103/4 2875/2135/4 2879/2133/4
f 2911/2103/4 2974/2129/4 2962/2128/4
f 2962/2128/4 2997/2100/4 2911/2103/4
f 2911/2103/4 2984/2102/4 2769/2096/4
f 2984/2102/4 2867/2136/4 2769/2096/4
f 2769/2096/4 2867/2136/4 2821/2137/4
f 2769/2096/4 2821/2137/4 2820/2138/4
f 2769/2096/4 2820/2138/4 2815/2139/4
f 2769/2096/4 2815/2139/4 2800/2140/4
f 2769/2096/4 2800/2140/4 2807/2141/4
f 2769/2096/4 2807/2141/4 2795/2142/4
f 2769/2096/4 2795/2142/4 2788/2143/4
f 2769/2096/4 2788/2143/4 2778/2144/4
f 2769/2096/4 2778/2144/4 2776/2097/4
f 3183/1867/4 3079/2098/4 3050/1885/4
f 3233/2145/4 3150/2146/4 3232/2147/4
f 3233/2145/4 3232/2147/4 3206/2148/4
f 2775/2149/4 2769/2096/4 6/2079/4
f 2781/2150/4 2775/2149/4 2774/2151/4
f 2775/2149/4 6/2079/4 2774/2151/4
f 3233/2145/4 3206/2148/4 3664/2152/4
f 3233/2145/4 3664/2152/4 3209/2153/4
f 3235/2154/4 3142/2155/4 3149/2156/4
f 3215/2157/4 3235/2154/4 3149/2156/4
f 3215/2157/4 3149/2156/4 3146/2158/4
f 3229/2159/4 3215/2157/4 3145/2160/4
f 3215/2157/4 3146/2158/4 3145/2160/4
f 3312/2161/4 3229/2159/4 3143/2162/4
f 3229/2159/4 3145/2160/4 3148/2163/4
f 3229/2159/4 3148/2163/4 3143/2162/4
f 3238/2164/4 3312/2161/4 3151/2165/4
f 3312/2161/4 3143/2162/4 3151/2165/4
f 3258/2166/4 3238/2164/4 3138/2167/4
f 3238/2164/4 3151/2165/4 3138/2167/4
f 3267/2168/4 3258/2166/4 3154/2169/4
f 3258/2166/4 3138/2167/4 3154/2169/4
f 3268/2170/4 3267/2168/4 3136/2171/4
f 3267/2168/4 3154/2169/4 3134/2172/4
f 3269/2173/4 3268/2170/4 3196/2174/4
f 3267/2168/4 3134/2172/4 3136/2171/4
f 3319/2175/4 3269/2173/4 3176/2176/4
f 3268/2170/4 3136/2171/4 3196/2174/4
f 3394/2177/4 2363/2178/4 3381/2179/4
f 2363/2178/4 3337/2180/4 3381/2179/4
f 3337/2180/4 3319/2175/4 3338/2181/4
f 3269/2173/4 3196/2174/4 3091/2182/4
f 3269/2173/4 3091/2182/4 3176/2176/4
f 3175/2183/4 3318/2184/4 3176/2176/4
f 3338/2181/4 3381/2179/4 3337/2180/4
f 3318/2184/4 3175/2183/4 3430/2185/4
f 3310/2186/4 3174/2187/4 3311/2188/4
f 3174/2187/4 3310/2186/4 3430/2185/4
f 3091/2182/4 3087/2189/4 3195/2190/4
f 3318/2184/4 3338/2181/4 3319/2175/4
f 3174/2187/4 3430/2185/4 3175/2183/4
f 3087/2189/4 3022/2191/4 3195/2190/4
f 3310/2186/4 3311/2188/4 3309/2192/4
f 3022/2191/4 2944/2193/4 3023/2194/4
f 3308/2195/4 3309/2192/4 3311/2188/4
f 3318/2184/4 3319/2175/4 3176/2176/4
f 3309/2192/4 3308/2195/4 3307/2196/4
f 3307/2196/4 3308/2195/4 3306/2197/4
f 2944/2193/4 2983/2198/4 2945/2199/4
f 3307/2196/4 3306/2197/4 3266/2200/4
f 2983/2198/4 2836/2201/4 2835/2202/4
f 3266/2200/4 3306/2197/4 3212/2203/4
f 3253/2204/4 3266/2200/4 3212/2203/4
f 2836/2201/4 2831/2205/4 2835/2202/4
f 3257/2206/4 3253/2204/4 3212/2203/4
f 3176/2176/4 3091/2182/4 3195/2190/4
f 2831/2205/4 2823/2207/4 2832/2208/4
f 3245/2209/4 3257/2206/4 3228/2210/4
f 2823/2207/4 2828/2211/4 2824/2212/4
f 3249/2213/4 3245/2209/4 3228/2210/4
f 3257/2206/4 3212/2203/4 3228/2210/4
f 2828/2211/4 2829/2214/4 2824/2212/4
f 3195/2190/4 3022/2191/4 3023/2194/4
f 3227/2215/4 3244/2216/4 3248/2217/4
f 3248/2217/4 3249/2213/4 3227/2215/4
f 2829/2214/4 2866/2218/4 2830/2219/4
f 3120/2220/4 3227/2215/4 3228/2210/4
f 3228/2210/4 3227/2215/4 3249/2213/4
f 3130/2221/4 3124/2222/4 3125/2223/4
f 3124/2222/4 3120/2220/4 3125/2223/4
f 3170/2224/4 3104/2225/4 3125/2223/4
f 3104/2225/4 3130/2221/4 3125/2223/4
f 3060/2226/4 3075/2227/4 3061/2228/4
f 3075/2227/4 3170/2224/4 3125/2223/4
f 3086/2229/4 3055/2230/4 3056/2231/4
f 3055/2230/4 3060/2226/4 3061/2228/4
f 3005/2232/4 3012/2233/4 3006/2234/4
f 3012/2233/4 3086/2229/4 3031/2235/4
f 3006/2234/4 3012/2233/4 3031/2235/4
f 2941/2236/4 2987/2237/4 2988/2238/4
f 2987/2237/4 3005/2232/4 3006/2234/4
f 2916/2239/4 2960/2240/4 2982/2241/4
f 2960/2240/4 2941/2236/4 2932/2242/4
f 2982/2241/4 2960/2240/4 2932/2242/4
f 2887/2243/4 2971/2244/4 2981/2245/4
f 2971/2244/4 2916/2239/4 2842/2246/4
f 2878/2247/4 2908/2248/4 2874/2249/4
f 2908/2248/4 2887/2243/4 2874/2249/4
f 2874/2249/4 2884/2250/4 2878/2247/4
f 2842/2246/4 2981/2245/4 2971/2244/4
f 2981/2245/4 2874/2249/4 2887/2243/4
f 2982/2241/4 2843/2251/4 2842/2246/4
f 2909/2252/4 2885/2253/4 2961/2254/4
f 2885/2253/4 2982/2241/4 2932/2242/4
f 2961/2254/4 2885/2253/4 2932/2242/4
f 2903/2255/4 2890/2256/4 2919/2257/4
f 2890/2256/4 2909/2252/4 2919/2257/4
f 2928/2258/4 2972/2259/4 2903/2255/4
f 2961/2254/4 2919/2257/4 2909/2252/4
f 2919/2257/4 2928/2258/4 2903/2255/4
f 2943/2260/4 2932/2242/4 2941/2236/4
f 3006/2234/4 2988/2238/4 2987/2237/4
f 2988/2238/4 2943/2260/4 2941/2236/4
f 3056/2231/4 3031/2235/4 3086/2229/4
f 3194/2261/4 3061/2228/4 3125/2223/4
f 3061/2228/4 3056/2231/4 3055/2230/4
f 3105/2262/4 3094/2263/4 3125/2223/4
f 3094/2263/4 3194/2261/4 3125/2223/4
f 3096/2264/4 3099/2265/4 3125/2223/4
f 3099/2265/4 3105/2262/4 3125/2223/4
f 3112/2266/4 3131/2267/4 3096/2264/4
f 3125/2223/4 3107/2268/4 3096/2264/4
f 3107/2268/4 3112/2266/4 3096/2264/4
f 2982/2241/4 2842/2246/4 2916/2239/4
f 3075/2227/4 3125/2223/4 3061/2228/4
f 2866/2218/4 2806/2269/4 2865/2270/4
f 3023/2194/4 2944/2193/4 2945/2199/4
f 2806/2269/4 2794/2271/4 2865/2270/4
f 3287/1884/4 3233/2145/4 3209/2153/4
f 3287/1884/4 3209/2153/4 3663/2272/4
f 3287/1884/4 3663/2272/4 3231/2273/4
f 3287/1884/4 3231/2273/4 3205/2274/4
f 3228/2210/4 3125/2223/4 3120/2220/4
f 3287/1884/4 3205/2274/4 3662/2275/4
f 3287/1884/4 3662/2275/4 3187/2276/4
f 2945/2199/4 2983/2198/4 2973/2277/4
f 2973/2277/4 2983/2198/4 2835/2202/4
f 2794/2271/4 2814/2278/4 2805/2279/4
f 2835/2202/4 2831/2205/4 2832/2208/4
f 2832/2208/4 2823/2207/4 2824/2212/4
f 2814/2278/4 2783/2280/4 2813/2281/4
f 2824/2212/4 2829/2214/4 2830/2219/4
f 2783/2280/4 2781/2150/4 2813/2281/4
f 2830/2219/4 2866/2218/4 2865/2270/4
f 3287/1884/4 3187/2276/4 3186/2282/4
f 3287/1884/4 3186/2282/4 3185/2283/4
f 3287/1884/4 3185/2283/4 3184/2284/4
f 3287/1884/4 3184/2284/4 3079/2098/4
f 2865/2270/4 2794/2271/4 2805/2279/4
f 2805/2279/4 2814/2278/4 2813/2281/4
f 2857/1864/4 3050/1885/4 2767/1887/4
f 2768/17/4 3017/2285/4 2947/2286/4
f 3017/2285/4 3019/2287/4 2989/2288/4
f 2/2074/4 2767/1887/4 2768/17/4
f 3017/2285/4 2989/2288/4 2947/2286/4
f 2813/2281/4 2781/2150/4 2782/2289/4
f 2782/2289/4 2781/2150/4 2774/2151/4
f 2768/17/4 2947/2286/4 2967/2290/4
f 2768/17/4 2967/2290/4 2859/2291/4
f 2768/17/4 2859/2291/4 2860/2292/4
f 2774/2151/4 6/2079/4 2771/2293/4
f 6/2079/4 2768/17/4 2773/19/4
f 2768/17/4 2860/2292/4 2861/2294/4
f 2768/17/4 2861/2294/4 2862/2295/4
f 2991/2296/4 2955/2297/4 2953/2298/4
f 2955/2297/4 2970/2299/4 2953/2298/4
f 2953/2298/4 2970/2299/4 2844/2300/4
f 2970/2299/4 2845/2301/4 2844/2300/4
f 2844/2300/4 2845/2301/4 2833/2302/4
f 2834/2303/4 2844/2300/4 2833/2302/4
f 2834/2303/4 2833/2302/4 2826/2304/4
f 2825/2305/4 2834/2303/4 2826/2304/4
f 2825/2305/4 2826/2304/4 2827/2306/4
f 2819/2307/4 2825/2305/4 2827/2306/4
f 2819/2307/4 2827/2306/4 2818/2308/4
f 2817/2309/4 2819/2307/4 2818/2308/4
f 2817/2309/4 2818/2308/4 2798/2310/4
f 2818/2308/4 2797/2311/4 2798/2310/4
f 2798/2310/4 2797/2311/4 2799/2312/4
f 2797/2311/4 2793/2313/4 2799/2312/4
f 2799/2312/4 2793/2313/4 2792/2314/4
f 2793/2313/4 2780/2315/4 2792/2314/4
f 2768/17/4 2862/2295/4 2863/2316/4
f 2768/17/4 2863/2316/4 2811/2317/4
f 2792/2314/4 2780/2315/4 2779/2318/4
f 2780/2315/4 2774/2151/4 2779/2318/4
f 2768/17/4 2811/2317/4 2812/2319/4
f 2768/17/4 2812/2319/4 2804/2320/4
f 2771/2293/4 2779/2318/4 2774/2151/4
f 2773/19/4 2771/2293/4 6/2079/4
f 2768/17/4 2804/2320/4 2791/2321/4
f 2768/17/4 2791/2321/4 2787/18/4
f 4058/2322/4 4061/1738/4 4172/1736/4
f 4133/1939/4 4066/1938/4 4062/2323/4
f 4133/1939/4 4062/2323/4 4096/2324/4
f 4094/2325/4 4058/2322/4 4172/1736/4
f 4074/2326/4 4094/2325/4 4172/1736/4
f 4133/1939/4 4096/2324/4 4072/2327/4
f 4133/1939/4 4072/2327/4 4077/2328/4
f 4074/2326/4 4172/1736/4 4073/2329/4
f 4172/1736/4 4133/1939/4 4071/2330/4
f 4073/2329/4 4172/1736/4 4075/2331/4
f 4075/2331/4 4172/1736/4 4095/2332/4
f 4133/1939/4 4077/2328/4 4076/2333/4
f 4133/1939/4 4076/2333/4 4071/2330/4
f 4095/2332/4 4172/1736/4 4071/2330/4
f 4071/2330/4 4060/2334/4 4095/2332/4
f 4059/2335/4 4095/2332/4 4060/2334/4
f 4059/2335/4 4060/2334/4 4057/2336/4
f 4060/2334/4 4056/2337/4 4057/2336/4
f 4057/2336/4 4056/2337/4 4050/2338/4
f 4056/2337/4 4049/2339/4 4050/2338/4
f 4050/2338/4 4049/2339/4 4047/2340/4
f 4049/2339/4 4048/2341/4 4047/2340/4
f 4047/2340/4 4048/2341/4 4035/2342/4
f 4048/2341/4 4034/2343/4 4035/2342/4
f 4035/2342/4 4034/2343/4 4033/2344/4
f 4034/2343/4 4032/2345/4 4033/2344/4
f 4033/2344/4 4032/2345/4 4027/2346/4
f 4032/2345/4 4026/20/4 4027/2346/4
f 4022/21/4 4110/2347/4 4023/22/4
f 4027/2346/4 4026/20/4 4023/22/4
f 4179/2348/4 4198/2349/4 4196/2350/4
f 4201/23/4 4204/2351/4 4203/2352/4
f 4201/23/4 4203/2352/4 4202/2353/4
f 4182/2354/4 4179/2348/4 4196/2350/4
f 4180/2355/4 4182/2354/4 4196/2350/4
f 4201/23/4 4202/2353/4 4183/2356/4
f 4201/23/4 4183/2356/4 4181/2357/4
f 4199/2358/4 4180/2355/4 4196/2350/4
f 4187/2359/4 4199/2358/4 4196/2350/4
f 4201/23/4 4181/2357/4 4200/2360/4
f 4201/23/4 4200/2360/4 4184/24/4
f 4187/2359/4 4196/2350/4 4188/25/4
f 4196/2350/4 4201/23/4 4188/25/4
f 3834/26/4 3773/1922/4 3833/27/4
f 3530/29/4 3529/1843/4 3569/30/4
f 3502/32/4 3508/2361/4 3507/33/4
f 3660/37/4 3519/2362/4 3518/2363/4
f 3660/37/4 3518/2363/4 3517/2364/4
f 3499/2365/4 3515/2366/4 3566/2367/4
f 3505/2368/4 3499/2365/4 3566/2367/4
f 3660/37/4 3517/2364/4 3506/2369/4
f 3660/37/4 3506/2369/4 3659/2370/4
f 3658/2371/4 3505/2368/4 3566/2367/4
f 3546/2372/4 3658/2371/4 3566/2367/4
f 3660/37/4 3659/2370/4 3547/2373/4
f 3660/37/4 3547/2373/4 3554/2374/4
f 3553/2375/4 3546/2372/4 3566/2367/4
f 3548/36/4 3553/2375/4 3566/2367/4
f 3566/2367/4 3660/37/4 3548/36/4
f 3660/37/4 3554/2374/4 3550/35/4
f 2412/2376/4 2432/2377/4 2420/2378/4
f 2433/38/4 2400/2379/4 2435/2380/4
f 2433/38/4 2435/2380/4 2434/2381/4
f 2410/2382/4 2412/2376/4 2420/2378/4
f 2418/2383/4 2410/2382/4 2420/2378/4
f 2433/38/4 2434/2381/4 2411/2384/4
f 2433/38/4 2411/2384/4 2419/2385/4
f 2416/2386/4 2418/2383/4 2420/2378/4
f 2414/2387/4 2416/2386/4 2420/2378/4
f 2433/38/4 2419/2385/4 2417/2388/4
f 2433/38/4 2417/2388/4 2415/39/4
f 2414/2387/4 2420/2378/4 2413/40/4
f 2420/2378/4 2433/38/4 2413/40/4
f 2439/41/4 2440/2389/4 2446/42/4
f 2485/44/4 2451/2390/4 2464/45/4
f 2602/47/4 2603/2391/4 2604/48/4
f 2691/52/4 2690/2392/4 2676/2393/4
f 2690/2392/4 2689/2394/4 2676/2393/4
f 2680/50/4 2659/2395/4 2693/2396/4
f 2658/2397/4 2657/2398/4 2676/2393/4
f 2652/2399/4 2658/2397/4 2676/2393/4
f 2680/50/4 2693/2396/4 2666/2400/4
f 2680/50/4 2666/2400/4 2668/2401/4
f 2688/2402/4 2652/2399/4 2676/2393/4
f 2665/2403/4 2688/2402/4 2676/2393/4
f 2680/50/4 2668/2401/4 2672/2404/4
f 2680/50/4 2672/2404/4 2669/2405/4
f 2667/2406/4 2665/2403/4 2676/2393/4
f 2671/2407/4 2667/2406/4 2676/2393/4
f 2676/2393/4 2680/50/4 2691/52/4
f 2680/50/4 2669/2405/4 2670/2408/4
f 2680/50/4 2670/2408/4 2692/51/4
f 2689/2394/4 2671/2407/4 2676/2393/4
f 4400/2409/4 4352/2410/4 4351/2411/4
f 4400/2409/4 4351/2411/4 4371/2412/4
f 4399/2413/4 4398/2414/4 4397/55/4
f 4353/2415/4 4399/2413/4 4397/55/4
f 4400/2409/4 4371/2412/4 4362/2416/4
f 4400/2409/4 4362/2416/4 4358/2417/4
f 4350/2418/4 4353/2415/4 4397/55/4
f 4370/2419/4 4350/2418/4 4397/55/4
f 4400/2409/4 4358/2417/4 4367/2420/4
f 4400/2409/4 4367/2420/4 4363/2421/4
f 4357/2422/4 4370/2419/4 4397/55/4
f 4361/2423/4 4357/2422/4 4397/55/4
f 4397/55/4 4400/2409/4 4579/2424/4
f 4400/2409/4 4363/2421/4 4580/2425/4
f 4400/2409/4 4580/2425/4 4579/2424/4
f 4359/54/4 4361/2423/4 4397/55/4
f 4579/2424/4 4360/53/4 4397/55/4
f 3835/56/4 3794/2426/4 3822/57/4
f 3685/2427/4 3654/2428/4 3644/59/4
f 3644/59/4 3597/2429/4 3574/60/4
f 3723/61/4 3685/2427/4 3644/59/4
f 3699/62/4 3700/2430/4 3705/63/4
f 3678/65/4 3680/1771/4 3683/66/4
f 3949/2431/4 3944/2432/4 3946/2433/4
f 3946/2433/4 3945/2434/4 3949/2431/4
f 3945/2434/4 3947/2435/4 3949/2431/4
f 3947/2435/4 3950/2436/4 3949/2431/4
f 3950/2436/4 3943/2437/4 3942/2438/4
f 3949/2431/4 3950/2436/4 3942/2438/4
f 3943/2437/4 4000/2439/4 3999/2440/4
f 4000/2439/4 3933/2441/4 3932/2442/4
f 3999/2440/4 4000/2439/4 3932/2442/4
f 3933/2441/4 3936/2443/4 3935/2444/4
f 3936/2443/4 3929/2445/4 3928/2446/4
f 3929/2445/4 3937/2447/4 3928/2446/4
f 3937/2447/4 3925/2448/4 3926/2449/4
f 3926/2449/4 3925/2448/4 3923/2450/4
f 3925/2448/4 3922/2451/4 3923/2450/4
f 3922/2451/4 3924/2452/4 3923/2450/4
f 3924/2452/4 3884/2453/4 3923/2450/4
f 3884/2453/4 3883/2454/4 3855/2455/4
f 3884/2453/4 3855/2455/4 3874/2456/4
f 4122/2457/4 3884/2453/4 3868/2458/4
f 3936/2443/4 3928/2446/4 3931/2459/4
f 3999/2440/4 3942/2438/4 3943/2437/4
f 3935/2444/4 3932/2442/4 3933/2441/4
f 3931/2459/4 3935/2444/4 3936/2443/4
f 3926/2449/4 3928/2446/4 3937/2447/4
f 3916/2460/4 3919/2461/4 3884/2453/4
f 3919/2461/4 3923/2450/4 3884/2453/4
f 4122/2457/4 3906/2462/4 3884/2453/4
f 3906/2462/4 3916/2460/4 3884/2453/4
f 3871/2463/4 3868/2458/4 3884/2453/4
f 3862/2464/4 3874/2456/4 3855/2455/4
f 3874/2456/4 3871/2463/4 3884/2453/4
f 3851/2465/4 3852/2466/4 3855/2455/4
f 3852/2466/4 3862/2464/4 3855/2455/4
f 3854/2467/4 3853/2468/4 3851/2465/4
f 3855/2455/4 3850/2469/4 3854/2467/4
f 3835/56/4 3823/58/4 3824/2470/4
f 3855/2455/4 3854/2467/4 3851/2465/4
f 3760/2471/4 3835/56/4 3810/2472/4
f 3835/56/4 3824/2470/4 3815/2473/4
f 3835/56/4 3807/2474/4 3808/2475/4
f 3779/2476/4 3760/2471/4 3806/2477/4
f 3807/2474/4 3835/56/4 3826/2478/4
f 3843/2479/4 3824/2470/4 3840/2480/4
f 3453/2481/4 3438/2482/4 3409/2483/4
f 3438/2482/4 3439/2484/4 3384/2485/4
f 3384/2485/4 3439/2484/4 3421/2486/4
f 3435/2487/4 3434/2488/4 3437/2489/4
f 3434/2488/4 3453/2481/4 3437/2489/4
f 3437/2489/4 3433/2490/4 3435/2487/4
f 3408/2491/4 3481/2492/4 3437/2489/4
f 3661/2493/4 3409/2483/4 3438/2482/4
f 3409/2483/4 3408/2491/4 3437/2489/4
f 3384/2485/4 3398/2494/4 3438/2482/4
f 3398/2494/4 3661/2493/4 3438/2482/4
f 3364/2495/4 3387/2496/4 3420/2497/4
f 3387/2496/4 3385/2498/4 3420/2497/4
f 3385/2498/4 3384/2485/4 3420/2497/4
f 3409/2483/4 3437/2489/4 3453/2481/4
f 3356/2499/4 3364/2495/4 3420/2497/4
f 3359/2500/4 3347/2501/4 3420/2497/4
f 3347/2501/4 3356/2499/4 3420/2497/4
f 3320/2502/4 3327/2503/4 3321/2504/4
f 3327/2503/4 3359/2500/4 3420/2497/4
f 3420/2497/4 3321/2504/4 3327/2503/4
f 3421/2486/4 3420/2497/4 3384/2485/4
f 3217/2505/4 3218/109/4 3292/108/4
f 3293/2506/4 3217/2505/4 3292/108/4
f 3293/2506/4 3292/108/4 3221/2507/4
f 3292/108/4 3294/2508/4 3226/2509/4
f 3221/2507/4 3292/108/4 3222/2510/4
f 3222/2510/4 3292/108/4 3226/2509/4
f 3214/2511/4 3226/2509/4 3294/2508/4
f 3295/2512/4 3214/2511/4 3294/2508/4
f 3296/2513/4 3295/2512/4 3294/2508/4
f 3297/2514/4 3296/2513/4 3294/2508/4
f 3167/2515/4 3297/2514/4 3294/2508/4
f 3168/2516/4 3167/2515/4 3294/2508/4
f 3169/2517/4 3168/2516/4 3294/2508/4
f 3084/2518/4 3169/2517/4 3294/2508/4
f 3020/2519/4 3084/2518/4 3193/2520/4
f 3084/2518/4 3294/2508/4 3193/2520/4
f 3172/2521/4 3360/2522/4 3429/2523/4
f 2955/2297/4 2991/2296/4 3021/2524/4
f 2991/2296/4 3020/2519/4 3021/2524/4
f 3360/2522/4 3172/2521/4 3171/2525/4
f 3294/2508/4 3421/2486/4 3422/2526/4
f 3360/2522/4 3294/2508/4 3422/2526/4
f 3294/2508/4 3360/2522/4 3171/2525/4
f 3421/2486/4 3439/2484/4 3391/2527/4
f 3193/2520/4 3021/2524/4 3020/2519/4
f 3171/2525/4 3193/2520/4 3294/2508/4
f 3439/2484/4 3508/2361/4 3454/2528/4
f 3422/2526/4 3421/2486/4 3380/2529/4
f 3508/2361/4 3502/32/4 3567/2530/4
f 3380/2529/4 3421/2486/4 3391/2527/4
f 3173/2531/4 3172/2521/4 3429/2523/4
f 3502/32/4 3504/2532/4 3567/2530/4
f 3504/2532/4 3654/2428/4 3598/2533/4
f 3299/2534/4 3173/2531/4 3298/2535/4
f 3298/2535/4 3173/2531/4 3429/2523/4
f 3301/2536/4 3299/2534/4 3300/2537/4
f 3301/2536/4 3300/2537/4 3302/2538/4
f 3391/2527/4 3439/2484/4 3412/2539/4
f 3654/2428/4 3685/2427/4 3681/2540/4
f 3412/2539/4 3439/2484/4 3454/2528/4
f 3685/2427/4 3700/2430/4 3681/2540/4
f 3304/2541/4 3301/2536/4 3302/2538/4
f 3256/2542/4 3305/2543/4 3265/2544/4
f 3244/2216/4 3227/2215/4 3243/2545/4
f 3227/2215/4 3305/2543/4 3256/2542/4
f 3243/2545/4 3227/2215/4 3256/2542/4
f 3305/2543/4 3304/2541/4 3265/2544/4
f 3700/2430/4 3699/62/4 2460/2546/4
f 3454/2528/4 3508/2361/4 3483/2547/4
f 3699/62/4 3779/2476/4 2460/2546/4
f 3483/2547/4 3508/2361/4 3567/2530/4
f 3265/2544/4 3304/2541/4 3303/2548/4
f 3303/2548/4 3304/2541/4 3302/2538/4
f 3300/2537/4 3299/2534/4 3298/2535/4
f 3567/2530/4 3504/2532/4 3598/2533/4
f 3598/2533/4 3654/2428/4 3651/2549/4
f 3651/2549/4 3654/2428/4 3681/2540/4
f 3824/2470/4 3855/2455/4 3883/2454/4
f 3824/2470/4 3883/2454/4 3885/2550/4
f 3824/2470/4 3885/2550/4 3838/2551/4
f 3824/2470/4 3838/2551/4 3840/2480/4
f 3536/2552/4 3483/2547/4 3567/2530/4
f 3824/2470/4 3843/2479/4 3825/2553/4
f 3824/2470/4 3825/2553/4 3815/2473/4
f 3537/2554/4 3536/2552/4 3567/2530/4
f 3566/2367/4 3515/2366/4 3538/2555/4
f 3538/2555/4 3537/2554/4 3567/2530/4
f 3835/56/4 3815/2473/4 3818/2556/4
f 3567/2530/4 3566/2367/4 3538/2555/4
f 3651/2549/4 3573/2557/4 3598/2533/4
f 3835/56/4 3818/2556/4 3826/2478/4
f 3681/2540/4 3700/2430/4 2460/2546/4
f 2445/71/4 2540/73/4 2443/2558/4
f 2540/73/4 3681/2540/4 2460/2546/4
f 3835/56/4 3808/2475/4 3810/2472/4
f 2540/73/4 2460/2546/4 2443/2558/4
f 3760/2471/4 3810/2472/4 3806/2477/4
f 2447/75/4 2460/2546/4 3779/2476/4
f 2456/76/4 2447/75/4 3779/2476/4
f 3779/2476/4 3806/2477/4 3811/2559/4
f 3779/2476/4 3811/2559/4 3809/2560/4
f 2470/2561/4 2456/76/4 3912/2562/4
f 2456/76/4 3779/2476/4 3886/2563/4
f 3844/2564/4 3779/2476/4 3837/2565/4
f 2476/2566/4 2470/2561/4 2481/2567/4
f 3779/2476/4 3844/2564/4 3839/2568/4
f 3779/2476/4 3809/2560/4 3827/2569/4
f 3779/2476/4 3827/2569/4 3812/2570/4
f 2505/2571/4 2476/2566/4 2475/2572/4
f 3779/2476/4 3839/2568/4 3886/2563/4
f 2501/2573/4 2489/2574/4 2505/2571/4
f 2502/81/4 2492/2575/4 2512/82/4
f 2492/2575/4 2517/2576/4 2518/2577/4
f 2512/82/4 2492/2575/4 2518/2577/4
f 2501/2573/4 2505/2571/4 2472/2578/4
f 2517/2576/4 2501/2573/4 2503/2579/4
f 2456/76/4 3886/2563/4 3887/2580/4
f 3779/2476/4 3812/2570/4 3814/2581/4
f 3779/2476/4 3814/2581/4 3819/2582/4
f 3779/2476/4 3819/2582/4 3897/2583/4
f 3779/2476/4 3897/2583/4 3837/2565/4
f 2513/2584/4 2518/2577/4 2516/2585/4
f 2518/2577/4 2517/2576/4 2516/2585/4
f 2456/76/4 3887/2580/4 3912/2562/4
f 2516/2585/4 2517/2576/4 2535/2586/4
f 2470/2561/4 3912/2562/4 3920/2587/4
f 2470/2561/4 3920/2587/4 2481/2567/4
f 2566/84/4 2516/2585/4 2486/2588/4
f 2476/2566/4 2481/2567/4 2475/2572/4
f 2637/85/4 2566/84/4 2486/2588/4
f 2505/2571/4 2475/2572/4 2473/2589/4
f 2674/2590/4 2637/85/4 2619/2591/4
f 2505/2571/4 2473/2589/4 2474/2592/4
f 2505/2571/4 2474/2592/4 2472/2578/4
f 2624/2593/4 2622/2594/4 2673/2595/4
f 2622/2594/4 2681/2596/4 2673/2595/4
f 2501/2573/4 2472/2578/4 2504/2597/4
f 2682/2598/4 2673/2595/4 2681/2596/4
f 2501/2573/4 2504/2597/4 2503/2579/4
f 2517/2576/4 2503/2579/4 2538/2599/4
f 2517/2576/4 2538/2599/4 2536/2600/4
f 2517/2576/4 2536/2600/4 2535/2586/4
f 2538/2599/4 2537/2601/4 2536/2600/4
f 2516/2585/4 2535/2586/4 2487/2602/4
f 2516/2585/4 2487/2602/4 2486/2588/4
f 2637/85/4 2486/2588/4 4400/2409/4
f 4082/2603/4 2486/2588/4 4088/2604/4
f 4120/2605/4 4121/2606/4 3914/2607/4
f 4121/2606/4 3962/2608/4 4001/2609/4
f 3914/2607/4 4121/2606/4 3927/2610/4
f 3962/2608/4 3964/2611/4 3951/2612/4
f 3951/2612/4 4001/2609/4 3962/2608/4
f 4001/2609/4 3927/2610/4 4121/2606/4
f 3927/2610/4 3921/2613/4 3914/2607/4
f 3921/2613/4 3913/2614/4 3914/2607/4
f 3914/2607/4 3913/2614/4 3907/2615/4
f 3913/2614/4 3908/2616/4 3907/2615/4
f 3908/2616/4 3911/2617/4 4123/2618/4
f 3911/2617/4 3867/2619/4 3869/2620/4
f 3867/2619/4 3870/2621/4 3869/2620/4
f 3911/2617/4 3869/2620/4 4123/2618/4
f 3870/2621/4 3873/2622/4 3872/2623/4
f 3873/2622/4 3864/2624/4 3863/2625/4
f 3864/2624/4 3865/2626/4 3863/2625/4
f 3865/2626/4 3876/2627/4 3875/2628/4
f 3863/2625/4 3865/2626/4 3875/2628/4
f 3876/2627/4 3859/2629/4 3860/2630/4
f 3859/2629/4 3861/2631/4 3856/2632/4
f 3861/2631/4 3857/2633/4 3856/2632/4
f 3856/2632/4 3860/2630/4 3859/2629/4
f 3860/2630/4 3858/2634/4 3876/2627/4
f 3858/2634/4 3875/2628/4 3876/2627/4
f 3863/2625/4 3872/2623/4 3873/2622/4
f 3872/2623/4 3866/2635/4 3870/2621/4
f 3866/2635/4 3869/2620/4 3870/2621/4
f 4123/2618/4 3907/2615/4 3908/2616/4
f 3914/2607/4 4046/2636/4 4120/2605/4
f 4120/2605/4 4046/2636/4 4042/2637/4
f 2486/2588/4 4120/2605/4 4042/2637/4
f 2486/2588/4 4042/2637/4 4030/2638/4
f 2486/2588/4 4030/2638/4 4036/2639/4
f 2486/2588/4 4036/2639/4 4107/2640/4
f 2486/2588/4 4082/2603/4 4085/2641/4
f 2486/2588/4 4107/2640/4 4070/2642/4
f 2486/2588/4 4070/2642/4 4064/2643/4
f 2486/2588/4 4064/2643/4 4098/2644/4
f 2486/2588/4 4098/2644/4 4093/2645/4
f 2486/2588/4 4093/2645/4 4081/2646/4
f 2486/2588/4 4081/2646/4 4088/2604/4
f 2486/2588/4 4085/2641/4 4400/2409/4
f 2637/85/4 4400/2409/4 2619/2591/4
f 4085/2641/4 4084/2647/4 4400/2409/4
f 4084/2647/4 4087/2648/4 4400/2409/4
f 4087/2648/4 4079/2649/4 4269/2650/4
f 4400/2409/4 4087/2648/4 4269/2650/4
f 4079/2649/4 4092/2651/4 4269/2650/4
f 4400/2409/4 4269/2650/4 4334/2652/4
f 4092/2651/4 4097/2653/4 4201/23/4
f 4097/2653/4 4063/2654/4 4201/23/4
f 4269/2650/4 4092/2651/4 4201/23/4
f 4063/2654/4 4069/2655/4 4201/23/4
f 4069/2655/4 4037/2656/4 4201/23/4
f 4020/2657/4 3938/2658/4 3939/2659/4
f 2638/2660/4 2623/2661/4 2682/2598/4
f 2675/2662/4 2638/2660/4 2682/2598/4
f 2675/2662/4 2682/2598/4 2681/2596/4
f 3821/2663/4 3822/57/4 3794/2426/4
f 3821/2663/4 3794/2426/4 3820/2664/4
f 3794/2426/4 3793/2665/4 3816/2666/4
f 3820/2664/4 3794/2426/4 3813/2667/4
f 3813/2667/4 3794/2426/4 3816/2666/4
f 3817/2668/4 3816/2666/4 3793/2665/4
f 3896/2669/4 3817/2668/4 3793/2665/4
f 3895/2670/4 3896/2669/4 3793/2665/4
f 3894/2671/4 3895/2670/4 3793/2665/4
f 3893/2672/4 3894/2671/4 3793/2665/4
f 3882/2673/4 3893/2672/4 3793/2665/4
f 3881/2674/4 3882/2673/4 3793/2665/4
f 3880/2675/4 3881/2674/4 3793/2665/4
f 3879/2676/4 3880/2675/4 3793/2665/4
f 3938/2658/4 3879/2676/4 3939/2659/4
f 3879/2676/4 3793/2665/4 3797/2677/4
f 3757/1960/4 3705/63/4 3649/2048/4
f 3705/63/4 3757/1960/4 3704/64/4
f 3793/2665/4 3704/64/4 3756/1958/4
f 3650/2049/4 3723/61/4 3574/60/4
f 3723/61/4 3650/2049/4 3649/2048/4
f 3650/2049/4 3574/60/4 3578/2678/4
f 3705/63/4 3723/61/4 3649/2048/4
f 3578/2678/4 3596/2679/4 3532/2680/4
f 3596/2679/4 3578/2678/4 3574/60/4
f 3532/2680/4 3596/2679/4 3482/2681/4
f 3596/2679/4 3560/2682/4 3535/2683/4
f 3560/2682/4 3657/2684/4 3535/2683/4
f 3532/2680/4 3482/2681/4 3531/2051/4
f 3657/2684/4 3503/34/4 3507/33/4
f 3657/2684/4 3507/33/4 3535/2683/4
f 3596/2679/4 3535/2683/4 3498/2685/4
f 3596/2679/4 3498/2685/4 3514/2686/4
f 3596/2679/4 3514/2686/4 3495/2687/4
f 3596/2679/4 3495/2687/4 3496/2688/4
f 3596/2679/4 3496/2688/4 3494/2689/4
f 3596/2679/4 3494/2689/4 3497/2690/4
f 3596/2679/4 3497/2690/4 3493/2691/4
f 3596/2679/4 3493/2691/4 3534/2692/4
f 3596/2679/4 3534/2692/4 3533/2693/4
f 3596/2679/4 3533/2693/4 3482/2681/4
f 3482/2681/4 3451/2694/4 3531/2051/4
f 3531/2051/4 3451/2694/4 3452/2053/4
f 3451/2694/4 3397/2695/4 3452/2053/4
f 3252/2696/4 3291/2697/4 3225/2698/4
f 3291/2697/4 3220/107/4 3225/2698/4
f 3250/2699/4 3252/2696/4 3225/2698/4
f 3250/2699/4 3225/2698/4 3213/2700/4
f 3264/2701/4 3250/2699/4 3213/2700/4
f 3264/2701/4 3213/2700/4 3234/2702/4
f 3259/2703/4 3264/2701/4 3234/2702/4
f 3259/2703/4 3234/2702/4 3261/2704/4
f 3234/2702/4 3290/2705/4 3261/2704/4
f 3261/2704/4 3290/2705/4 3260/2706/4
f 3290/2705/4 3289/2707/4 3262/2708/4
f 3260/2706/4 3290/2705/4 3262/2708/4
f 3289/2707/4 3166/2709/4 3288/2710/4
f 3262/2708/4 3289/2707/4 3288/2710/4
f 3166/2709/4 3165/2711/4 3428/2712/4
f 3288/2710/4 3166/2709/4 3428/2712/4
f 3165/2711/4 3164/2713/4 3233/2145/4
f 3428/2712/4 3165/2711/4 3427/2714/4
f 3427/2714/4 3165/2711/4 3358/2715/4
f 3164/2713/4 3071/2716/4 3233/2145/4
f 3165/2711/4 3233/2145/4 3358/2715/4
f 3018/2717/4 3019/2287/4 3017/2285/4
f 3071/2716/4 3018/2717/4 3072/2718/4
f 3233/2145/4 3071/2716/4 3072/2718/4
f 3018/2717/4 3017/2285/4 3072/2718/4
f 3072/2718/4 3192/2719/4 3233/2145/4
f 3357/2720/4 3358/2715/4 3233/2145/4
f 3386/2721/4 3357/2720/4 3233/2145/4
f 3192/2719/4 3191/2722/4 3233/2145/4
f 3191/2722/4 3190/2723/4 3233/2145/4
f 3397/2695/4 3386/2721/4 3452/2053/4
f 3386/2721/4 3233/2145/4 3452/2053/4
f 3190/2723/4 3189/2724/4 3233/2145/4
f 3188/2725/4 3150/2146/4 3233/2145/4
f 3189/2724/4 3188/2725/4 3233/2145/4
f 3934/2726/4 3938/2658/4 4020/2657/4
f 3532/2680/4 3558/2727/4 3578/2678/4
f 4105/2728/4 3934/2726/4 4028/2729/4
f 3704/64/4 3757/1960/4 3756/1958/4
f 4106/2730/4 4105/2728/4 4051/2731/4
f 3793/2665/4 3756/1958/4 3797/2677/4
f 4119/2732/4 4106/2730/4 4128/2733/4
f 3879/2676/4 3797/2677/4 3939/2659/4
f 3996/2734/4 3797/2677/4 3995/2735/4
f 4037/2656/4 4119/2732/4 4145/2736/4
f 3797/2677/4 3996/2734/4 3998/2737/4
f 3797/2677/4 3998/2737/4 4116/2738/4
f 3797/2677/4 4116/2738/4 4117/2739/4
f 3797/2677/4 4117/2739/4 4118/2740/4
f 3939/2659/4 3797/2677/4 4118/2740/4
f 3797/2677/4 3792/2741/4 3791/2742/4
f 3791/2742/4 3892/1955/4 3900/2743/4
f 3892/1955/4 3904/1957/4 3903/2744/4
f 3892/1955/4 3903/2744/4 3909/2745/4
f 3797/2677/4 3791/2742/4 3900/2743/4
f 3995/2735/4 3797/2677/4 3918/2746/4
f 3892/1955/4 3909/2745/4 3901/2747/4
f 3892/1955/4 3901/2747/4 3902/2748/4
f 3892/1955/4 3902/2748/4 3900/2743/4
f 3900/2743/4 3910/2749/4 3797/2677/4
f 3910/2749/4 3905/2750/4 3797/2677/4
f 3905/2750/4 3918/2746/4 3797/2677/4
f 3934/2726/4 4020/2657/4 4028/2729/4
f 4105/2728/4 4028/2729/4 4051/2731/4
f 4106/2730/4 4051/2731/4 4128/2733/4
f 4119/2732/4 4128/2733/4 4145/2736/4
f 4037/2656/4 4145/2736/4 4201/23/4
f 4145/2736/4 4178/2751/4 4201/23/4
f 4178/2751/4 4177/2752/4 4201/23/4
f 4177/2752/4 4206/2753/4 4201/23/4
f 4206/2753/4 4205/2754/4 4201/23/4
f 4205/2754/4 4204/2351/4 4201/23/4
f 4334/2652/4 4333/2755/4 4400/2409/4
f 4333/2755/4 4403/2756/4 4400/2409/4
f 4403/2756/4 4402/2757/4 4400/2409/4
f 4402/2757/4 4401/2758/4 4400/2409/4
f 4401/2758/4 4356/2759/4 4400/2409/4
f 4356/2759/4 4352/2410/4 4400/2409/4
f 2674/2590/4 2619/2591/4 2680/50/4
f 2619/2591/4 2695/2760/4 2680/50/4
f 2695/2760/4 2694/2761/4 2680/50/4
f 2694/2761/4 2664/2762/4 2680/50/4
f 2664/2762/4 2662/2763/4 2680/50/4
f 2662/2763/4 2661/2764/4 2680/50/4
f 2661/2764/4 2660/2765/4 2680/50/4
f 2660/2765/4 2659/2395/4 2680/50/4
f 2674/2590/4 2680/50/4 2679/2766/4
f 2674/2590/4 2679/2766/4 2708/2767/4
f 2681/2596/4 2674/2590/4 2743/2768/4
f 2674/2590/4 2708/2767/4 2707/2769/4
f 2674/2590/4 2707/2769/4 2709/2770/4
f 2675/2662/4 2681/2596/4 2749/2771/4
f 2674/2590/4 2709/2770/4 2719/2772/4
f 2709/2770/4 2715/2773/4 2719/2772/4
f 2674/2590/4 2719/2772/4 2723/2774/4
f 2684/2775/4 2675/2662/4 20/161/4
f 2674/2590/4 2723/2774/4 2724/2776/4
f 2674/2590/4 2724/2776/4 2742/2777/4
f 2674/2590/4 2742/2777/4 2741/2778/4
f 2674/2590/4 2741/2778/4 2740/2779/4
f 2674/2590/4 2740/2779/4 2738/2780/4
f 2674/2590/4 2738/2780/4 2743/2768/4
f 2738/2780/4 2758/2781/4 2744/2782/4
f 2681/2596/4 2743/2768/4 2749/2771/4
f 2738/2780/4 2744/2782/4 2743/2768/4
f 2675/2662/4 2749/2771/4 20/161/4
f 2749/2771/4 2746/95/4 20/161/4
f 2746/95/4 2753/2783/4 20/161/4
f 2754/2784/4 2755/2785/4 2750/2786/4
f 2751/2787/4 2752/2788/4 2747/2789/4
f 2747/2789/4 2745/97/4 2748/96/4
f 2747/2789/4 2748/96/4 2756/2790/4
f 2751/2787/4 2747/2789/4 2756/2790/4
f 2497/2791/4 2539/2792/4 2496/2793/4
f 2539/2792/4 2511/80/4 2500/99/4
f 2453/2794/4 2454/2795/4 2452/2796/4
f 2506/2797/4 2493/2798/4 2497/2791/4
f 2479/2799/4 2478/2800/4 2507/2801/4
f 2478/2800/4 2506/2797/4 2507/2801/4
f 2458/2802/4 2436/2803/4 2452/2796/4
f 2436/2803/4 2458/2802/4 2442/2804/4
f 2506/2797/4 2497/2791/4 2494/103/4
f 2458/2802/4 2452/2796/4 2449/2805/4
f 2454/2795/4 2453/2794/4 2451/2390/4
f 2736/2806/4 2739/2807/4 2737/2808/4
f 3572/2809/4 3652/2810/4 2427/2811/4
f 3540/2812/4 3519/2362/4 3660/37/4
f 3541/2813/4 3540/2812/4 3660/37/4
f 3542/2814/4 3541/2813/4 3660/37/4
f 3543/2815/4 3542/2814/4 3660/37/4
f 3456/2816/4 3543/2815/4 3660/37/4
f 3414/2817/4 3456/2816/4 2381/2818/4
f 3456/2816/4 3660/37/4 2421/2819/4
f 2363/2178/4 3394/2177/4 2366/2820/4
f 3394/2177/4 3414/2817/4 2373/2821/4
f 2366/2820/4 3394/2177/4 2373/2821/4
f 3456/2816/4 2421/2819/4 2392/2822/4
f 3660/37/4 3572/2809/4 2426/2823/4
f 2425/2824/4 3572/2809/4 2429/2825/4
f 3572/2809/4 2425/2824/4 2426/2823/4
f 3572/2809/4 2427/2811/4 2429/2825/4
f 2381/2818/4 2373/2821/4 3414/2817/4
f 2427/2811/4 2437/72/4 2428/2826/4
f 2429/2825/4 2427/2811/4 2428/2826/4
f 2437/72/4 2436/2803/4 2438/43/4
f 2392/2822/4 2381/2818/4 3456/2816/4
f 2402/2827/4 2392/2822/4 2421/2819/4
f 2402/2827/4 2421/2819/4 2403/2828/4
f 2437/72/4 2438/43/4 2428/2826/4
f 2403/2828/4 2421/2819/4 2404/2829/4
f 2420/2378/4 2432/2377/4 2404/2829/4
f 2404/2829/4 2421/2819/4 2420/2378/4
f 2438/43/4 2436/2803/4 2439/41/4
f 2453/2794/4 2479/2799/4 2468/2830/4
f 2439/41/4 2436/2803/4 2442/2804/4
f 2449/2805/4 2452/2796/4 2454/2795/4
f 2511/80/4 2607/2831/4 2585/2832/4
f 2607/2831/4 2606/2833/4 2603/2391/4
f 2426/2823/4 2421/2819/4 3660/37/4
f 2425/2824/4 2423/2834/4 2426/2823/4
f 2428/2826/4 2431/2835/4 2429/2825/4
f 2451/2390/4 2453/2794/4 2464/45/4
f 2606/2833/4 2684/2775/4 2683/2836/4
f 2464/45/4 2453/2794/4 2468/2830/4
f 2468/2830/4 2479/2799/4 2507/2801/4
f 2458/2802/4 2441/2837/4 2442/2804/4
f 2454/2795/4 2455/2838/4 2449/2805/4
f 2507/2801/4 2506/2797/4 2495/102/4
f 2495/102/4 2506/2797/4 2494/103/4
f 2494/103/4 2497/2791/4 2496/2793/4
f 2488/2839/4 2467/2840/4 2468/2830/4
f 2507/2801/4 2488/2839/4 2468/2830/4
f 2496/2793/4 2539/2792/4 2500/99/4
f 2500/99/4 2511/80/4 2510/2841/4
f 2510/2841/4 2511/80/4 2585/2832/4
f 2585/2832/4 2607/2831/4 2602/47/4
f 2510/2841/4 2561/2842/4 2544/2843/4
f 2533/2844/4 2519/2845/4 2510/2841/4
f 2514/2846/4 2515/2847/4 2532/2848/4
f 2515/2847/4 2533/2844/4 2532/2848/4
f 2514/2846/4 2532/2848/4 2530/2849/4
f 2522/2850/4 2530/2849/4 2523/2851/4
f 2523/2851/4 2530/2849/4 2532/2848/4
f 2525/2852/4 2521/2853/4 2522/2850/4
f 2523/2851/4 2524/2854/4 2525/2852/4
f 2528/2855/4 2532/2848/4 2533/2844/4
f 2523/2851/4 2525/2852/4 2522/2850/4
f 2533/2844/4 2510/2841/4 2528/2855/4
f 2561/2842/4 2510/2841/4 2557/2856/4
f 2557/2856/4 2510/2841/4 2585/2832/4
f 2527/2857/4 2528/2855/4 2510/2841/4
f 2526/2858/4 2527/2857/4 2510/2841/4
f 2762/2859/4 2526/2858/4 2510/2841/4
f 2541/2860/4 2762/2859/4 2510/2841/4
f 2547/2861/4 2541/2860/4 2510/2841/4
f 2544/2843/4 2547/2861/4 2510/2841/4
f 2602/47/4 2607/2831/4 2603/2391/4
f 2603/2391/4 2606/2833/4 2683/2836/4
f 2683/2836/4 2684/2775/4 20/161/4
f 2616/2862/4 2608/2863/4 2651/2864/4
f 2608/2863/4 2696/2865/4 2651/2864/4
f 2696/2865/4 2683/2836/4 20/161/4
f 2639/2866/4 2615/2867/4 2697/2868/4
f 2697/2868/4 2651/2864/4 2696/2865/4
f 2697/2868/4 2696/2865/4 2685/2869/4
f 2685/2869/4 2696/2865/4 20/161/4
f 2685/2869/4 2639/2866/4 2697/2868/4
f 2761/2870/4 2685/2869/4 20/161/4
f 2600/49/4 2604/48/4 2601/2871/4
f 2604/48/4 2613/2872/4 2599/2873/4
f 2601/2871/4 2604/48/4 2592/2874/4
f 2595/2875/4 2604/48/4 2591/2876/4
f 2593/2877/4 2592/2874/4 2604/48/4
f 2590/2878/4 2594/2879/4 2604/48/4
f 2594/2879/4 2593/2877/4 2604/48/4
f 2610/2880/4 2609/2881/4 2604/48/4
f 2609/2881/4 2590/2878/4 2604/48/4
f 2604/48/4 2595/2875/4 2610/2880/4
f 2591/2876/4 2604/48/4 2641/2882/4
f 2604/48/4 2599/2873/4 2611/2883/4
f 2641/2882/4 2604/48/4 2611/2883/4
f 2581/2884/4 2641/2882/4 2596/2885/4
f 2578/2886/4 2581/2884/4 2580/2887/4
f 2641/2882/4 2611/2883/4 2596/2885/4
f 2574/2888/4 2578/2886/4 2575/2889/4
f 2717/2890/4 2718/2891/4 2716/2892/4
f 2714/2893/4 2710/2894/4 2712/2895/4
f 2714/2893/4 2712/2895/4 2711/2896/4
f 2564/2897/4 2565/2898/4 2567/2899/4
f 2568/2900/4 2564/2897/4 2567/2899/4
f 2568/2900/4 2567/2899/4 2569/2901/4
f 2570/2902/4 2568/2900/4 2569/2901/4
f 2570/2902/4 2569/2901/4 2571/2903/4
f 2573/2904/4 2570/2902/4 2571/2903/4
f 2573/2904/4 2571/2903/4 2572/2905/4
f 2576/2906/4 2573/2904/4 2572/2905/4
f 2677/2907/4 2676/2393/4 2687/2908/4
f 2676/2393/4 2657/2398/4 2656/2909/4
f 2676/2393/4 2656/2909/4 2654/2910/4
f 2676/2393/4 2654/2910/4 2653/2911/4
f 2687/2908/4 2676/2393/4 2653/2911/4
f 2686/2912/4 4416/2913/4 4419/2914/4
f 2687/2908/4 2686/2912/4 2677/2907/4
f 2686/2912/4 4419/2914/4 2677/2907/4
f 4461/2915/4 4397/55/4 4331/2916/4
f 4397/55/4 4398/2414/4 4396/2917/4
f 4397/55/4 4396/2917/4 4332/2918/4
f 4397/55/4 4332/2918/4 4331/2916/4
f 4461/2915/4 4331/2916/4 4342/2919/4
f 4341/2920/4 4221/2921/4 4215/2922/4
f 4461/2915/4 4342/2919/4 4341/2920/4
f 4461/2915/4 4341/2920/4 4215/2922/4
f 4195/2923/4 4196/2350/4 4197/2924/4
f 4196/2350/4 4198/2349/4 4197/2924/4
f 4195/2923/4 4197/2924/4 4165/2925/4
f 4195/2923/4 4165/2925/4 4175/2926/4
f 4195/2923/4 4175/2926/4 4174/2927/4
f 4195/2923/4 4174/2927/4 4173/2928/4
f 4174/2927/4 4142/2929/4 4173/2928/4
f 4125/2930/4 4132/1940/4 4133/1939/4
f 4142/2929/4 4125/2930/4 4133/1939/4
f 4173/2928/4 4142/2929/4 4133/1939/4
f 4215/2922/4 4195/2923/4 4214/2931/4
f 4214/2931/4 4195/2923/4 4173/2928/4
f 4173/2928/4 4161/2932/4 4232/2933/4
f 4232/2933/4 4213/1732/4 4216/1730/4
f 4232/2933/4 4216/1730/4 4214/2931/4
f 4173/2928/4 4232/2933/4 4214/2931/4
f 4461/2915/4 4215/2922/4 4214/2931/4
f 4461/2915/4 4214/2931/4 4420/2934/4
f 4419/2914/4 4461/2915/4 4420/2934/4
f 2677/2907/4 4419/2914/4 4420/2934/4
f 2700/2935/4 2677/2907/4 4420/2934/4
f 2713/2936/4 2700/2935/4 4569/110/4
f 2700/2935/4 4420/2934/4 4408/2937/4
f 4408/2937/4 4349/2938/4 4460/2939/4
f 4349/2938/4 4263/2940/4 4460/2939/4
f 2700/2935/4 4408/2937/4 4459/2941/4
f 2711/2896/4 2713/2936/4 4569/110/4
f 2700/2935/4 4459/2941/4 4569/110/4
f 4512/2942/4 4459/2941/4 4406/2943/4
f 4381/2944/4 4264/2945/4 4262/2946/4
f 4408/2937/4 4460/2939/4 4459/2941/4
f 4460/2939/4 4381/2944/4 4459/2941/4
f 2714/2893/4 2711/2896/4 4557/2947/4
f 4459/2941/4 4512/2942/4 4523/2948/4
f 4494/2949/4 4406/2943/4 4440/2950/4
f 2716/2892/4 2714/2893/4 4563/2951/4
f 4406/2943/4 4494/2949/4 4513/2952/4
f 4517/2953/4 4440/2950/4 4516/2954/4
f 4381/2944/4 4262/2946/4 4459/2941/4
f 4440/2950/4 4517/2953/4 4494/2949/4
f 2717/2890/4 2716/2892/4 4563/2951/4
f 4516/2954/4 4440/2950/4 4477/2955/4
f 2722/89/4 2717/2890/4 4562/2956/4
f 4406/2943/4 4407/1734/4 4368/1733/4
f 4406/2943/4 4513/2952/4 4512/2942/4
f 2720/90/4 2722/89/4 4562/2956/4
f 4569/110/4 4459/2941/4 4523/2948/4
f 4406/2943/4 4368/1733/4 4413/2957/4
f 4406/2943/4 4413/2957/4 4444/14/4
f 4413/2957/4 4411/2958/4 4444/14/4
f 2731/2959/4 2720/90/4 4562/2956/4
f 2734/2960/4 2731/2959/4 4562/2956/4
f 4411/2958/4 4455/2961/4 4444/14/4
f 4455/2961/4 4454/2962/4 4444/14/4
f 2735/2963/4 2734/2960/4 4562/2956/4
f 2737/2808/4 2735/2963/4 4562/2956/4
f 2711/2896/4 4569/110/4 4557/2947/4
f 4454/2962/4 4453/2964/4 4444/14/4
f 4447/2965/4 4446/1633/4 4444/14/4
f 4453/2964/4 4447/2965/4 4444/14/4
f 2736/2806/4 2737/2808/4 4562/2956/4
f 2757/2966/4 2736/2806/4 4562/2956/4
f 2714/2893/4 4557/2947/4 4563/2951/4
f 4440/2950/4 4439/12/4 4477/2955/4
f 4439/12/4 4485/1576/4 4486/2967/4
f 4406/2943/4 4444/14/4 4440/2950/4
f 2756/2790/4 2757/2966/4 4562/2956/4
f 2751/2787/4 2756/2790/4 4562/2956/4
f 4439/12/4 4486/2967/4 4477/2955/4
f 2750/2786/4 2751/2787/4 4562/2956/4
f 2717/2890/4 4563/2951/4 4562/2956/4
f 4523/2948/4 4545/2968/4 4569/110/4
f 4545/2968/4 4544/2969/4 4569/110/4
f 4544/2969/4 4574/2970/4 4569/110/4
f 4573/2971/4 4572/2972/4 4569/110/4
f 4574/2970/4 4573/2971/4 4569/110/4
f 4557/2947/4 4560/2973/4 4563/2951/4
f 2754/2784/4 2750/2786/4 17/7/4
f 2750/2786/4 4562/2956/4 17/7/4
f 4562/2956/4 4561/2974/4 17/7/4
f 4559/2975/4 4558/2976/4 4554/2977/4
f 4556/2978/4 4555/2979/4 4565/2980/4
f 4555/2979/4 4566/2981/4 4565/2980/4
f 4556/2978/4 4565/2980/4 4564/2982/4
f 4556/2978/4 4564/2982/4 4541/2983/4
f 4556/2978/4 4541/2983/4 4528/2984/4
f 4556/2978/4 4528/2984/4 4520/2985/4
f 4556/2978/4 4520/2985/4 4511/2986/4
f 4554/2977/4 4556/2978/4 17/7/4
f 4556/2978/4 4511/2986/4 17/7/4
f 4511/2986/4 4503/2987/4 17/7/4
f 4559/2975/4 4554/2977/4 17/7/4
f 4561/2974/4 4559/2975/4 17/7/4
f 4480/2988/4 4481/1578/4 4575/1577/4
f 4442/2989/4 4441/16/4 4414/2990/4
f 4441/16/4 4422/1632/4 4421/2991/4
f 4479/2992/4 4480/2988/4 4575/1577/4
f 4441/16/4 4421/2991/4 4451/2993/4
f 4474/2994/4 4479/2992/4 4575/1577/4
f 4441/16/4 4451/2993/4 4414/2990/4
f 4514/2995/4 4474/2994/4 4575/1577/4
f 4497/2996/4 4514/2995/4 4575/1577/4
f 4442/2989/4 4414/2990/4 4450/2997/4
f 4501/2998/4 4497/2996/4 4575/1577/4
f 4442/2989/4 4450/2997/4 4449/2999/4
f 4501/2998/4 4575/1577/4 4503/2987/4
f 4575/1577/4 4442/2989/4 17/7/4
f 4503/2987/4 4575/1577/4 17/7/4
f 4442/2989/4 4449/2999/4 4448/3000/4
f 4442/2989/4 4448/3000/4 4392/3001/4
f 4442/2989/4 4392/3001/4 17/7/4
f 4392/3001/4 4355/3002/4 17/7/4
f 4245/3003/4 4228/1680/4 4225/3004/4
f 4228/1680/4 4229/1679/4 4225/3004/4
f 4244/3005/4 4245/3003/4 4225/3004/4
f 4244/3005/4 4225/3004/4 4226/3006/4
f 4241/3007/4 4244/3005/4 4226/3006/4
f 4241/3007/4 4226/3006/4 4230/3008/4
f 4258/3009/4 4241/3007/4 4230/3008/4
f 4258/3009/4 4230/3008/4 4248/3010/4
f 4230/3008/4 4222/3011/4 4248/3010/4
f 4248/3010/4 4222/3011/4 4259/3012/4
f 4222/3011/4 4223/3013/4 4259/3012/4
f 4259/3012/4 4223/3013/4 4278/3014/4
f 4223/3013/4 4224/3015/4 4278/3014/4
f 4278/3014/4 4224/3015/4 4346/3016/4
f 4224/3015/4 4219/3017/4 4346/3016/4
f 4346/3016/4 4219/3017/4 4345/3018/4
f 4219/3017/4 4218/3019/4 4345/3018/4
f 4345/3018/4 4218/3019/4 4344/3020/4
f 4218/3019/4 4217/3021/4 4344/3020/4
f 4344/3020/4 4217/3021/4 4337/3022/4
f 4217/3021/4 4191/3023/4 4336/3024/4
f 4337/3022/4 4217/3021/4 4336/3024/4
f 4191/3023/4 4185/3025/4 4335/3026/4
f 4336/3024/4 4191/3023/4 4335/3026/4
f 4355/3002/4 4335/3026/4 4185/3025/4
f 2576/2906/4 2572/2905/4 2574/2888/4
f 2575/2889/4 2576/2906/4 2574/2888/4
f 2579/3027/4 2575/2889/4 2578/2886/4
f 2580/2887/4 2579/3027/4 2578/2886/4
f 2596/2885/4 2580/2887/4 2581/2884/4
f 2598/3028/4 2599/2873/4 2613/2872/4
f 2612/3029/4 2598/3028/4 2613/2872/4
f 2597/3030/4 2612/3029/4 2613/2872/4
f 2614/3031/4 2597/3030/4 2613/2872/4
f 2582/3032/4 2614/3031/4 2613/2872/4
f 2583/3033/4 2582/3032/4 2613/2872/4
f 2577/3034/4 2583/3033/4 2613/2872/4
f 2584/3035/4 2577/3034/4 2613/2872/4
f 2587/3036/4 2584/3035/4 2613/2872/4
f 2588/3037/4 2587/3036/4 2613/2872/4
f 2589/3038/4 2588/3037/4 2613/2872/4
f 2491/101/4 2498/98/4 6/2079/4
f 2498/98/4 2499/100/4 6/2079/4
f 2589/3038/4 2613/2872/4 20/161/4
f 2613/2872/4 2761/2870/4 20/161/4
f 4086/3039/4 4080/1747/4 4099/1745/4
f 4086/3039/4 4099/1745/4 4083/3040/4
f 4099/1745/4 4038/3041/4 4581/3042/4
f 4083/3040/4 4099/1745/4 4581/3042/4
f 3889/3043/4 3849/1758/4 3796/3044/4
f 3849/1758/4 3828/1757/4 3796/3044/4
f 4126/3045/4 4581/3042/4 4038/3041/4
f 3889/3043/4 3796/3044/4 3795/3046/4
f 4131/3047/4 4126/3045/4 4038/3041/4
f 3889/3043/4 3795/3046/4 3799/3048/4
f 4170/3049/4 4131/3047/4 4038/3041/4
f 3889/3043/4 3799/3048/4 3798/3050/4
f 4169/3051/4 4170/3049/4 4038/3041/4
f 3889/3043/4 3798/3050/4 3888/3052/4
f 4168/3053/4 4169/3051/4 4038/3041/4
f 3889/3043/4 3888/3052/4 3764/3054/4
f 4167/3055/4 4168/3053/4 4038/3041/4
f 4038/3041/4 3889/3043/4 2/2074/4
f 3889/3043/4 3764/3054/4 2/2074/4
f 4164/3056/4 4167/3055/4 4038/3041/4
f 4235/3057/4 4164/3056/4 4038/3041/4
f 4185/3025/4 4235/3057/4 4038/3041/4
f 4355/3002/4 4185/3025/4 2/2074/4
f 4185/3025/4 4038/3041/4 2/2074/4
f 3764/3054/4 3750/3058/4 2/2074/4
f 2508/3059/4 2509/3060/4 2491/101/4
f 2508/3059/4 2491/101/4 6/2079/4
f 2484/46/4 2508/3059/4 6/2079/4
f 2485/44/4 2484/46/4 6/2079/4
f 2459/3061/4 2485/44/4 6/2079/4
f 2444/3062/4 2450/3063/4 2459/3061/4
f 2444/3062/4 2459/3061/4 6/2079/4
f 2440/2389/4 2444/3062/4 6/2079/4
f 2446/42/4 2440/2389/4 6/2079/4
f 2430/3064/4 2446/42/4 6/2079/4
f 2424/3065/4 2422/3066/4 2430/3064/4
f 2401/3067/4 2400/2379/4 2433/38/4
f 2424/3065/4 2430/3064/4 6/2079/4
f 2407/3068/4 2401/3067/4 2433/38/4
f 2433/38/4 2424/3065/4 6/2079/4
f 2408/3069/4 2407/3068/4 2433/38/4
f 2409/3070/4 2408/3069/4 2433/38/4
f 2383/3071/4 2409/3070/4 2433/38/4
f 2376/3072/4 2383/3071/4 2433/38/4
f 2376/3072/4 2433/38/4 6/2079/4
f 2368/3073/4 2376/3072/4 6/2079/4
f 2499/100/4 2589/3038/4 6/2079/4
f 6/2079/4 2589/3038/4 20/161/4
f 3142/2155/4 3235/2154/4 3152/3074/4
f 3235/2154/4 3207/3075/4 3152/3074/4
f 3152/3074/4 3207/3075/4 3139/3076/4
f 3207/3075/4 3208/3077/4 3140/3078/4
f 3139/3076/4 3207/3075/4 3140/3078/4
f 3208/3077/4 3236/3079/4 3155/3080/4
f 3140/3078/4 3208/3077/4 3155/3080/4
f 3236/3079/4 3210/3081/4 3237/3082/4
f 3155/3080/4 3236/3079/4 3237/3082/4
f 3210/3081/4 3216/3083/4 3237/3082/4
f 3135/3084/4 3155/3080/4 3237/3082/4
f 3216/3083/4 3230/3085/4 3237/3082/4
f 3137/3086/4 3135/3084/4 3237/3082/4
f 3230/3085/4 2333/69/4 3144/3087/4
f 3237/3082/4 3230/3085/4 3144/3087/4
f 3133/3088/4 3137/3086/4 3237/3082/4
f 2333/69/4 2334/3089/4 3153/70/4
f 3177/3090/4 3133/3088/4 3237/3082/4
f 3132/3091/4 3177/3090/4 3237/3082/4
f 2933/3092/4 2936/3093/4 2937/3094/4
f 2936/3093/4 3197/3095/4 3198/3096/4
f 3696/3097/4 3694/1862/4 3712/1861/4
f 3703/3098/4 3696/3097/4 3712/1861/4
f 3702/3099/4 3703/3098/4 3712/1861/4
f 3702/3099/4 3712/1861/4 3691/3100/4
f 3712/1861/4 3707/3101/4 3691/3100/4
f 3646/3102/4 3571/3103/4 3593/3104/4
f 3692/3105/4 3691/3100/4 3707/3101/4
f 3695/3106/4 3692/3105/4 3707/3101/4
f 3693/3107/4 3695/3106/4 3707/3101/4
f 3711/3108/4 3693/3107/4 3707/3101/4
f 3710/3109/4 3711/3108/4 3707/3101/4
f 3709/3110/4 3710/3109/4 3707/3101/4
f 3708/3111/4 3709/3110/4 3707/3101/4
f 3706/3112/4 3708/3111/4 3707/3101/4
f 3743/3113/4 3706/3112/4 3707/3101/4
f 3750/3058/4 3743/3113/4 3707/3101/4
f 3750/3058/4 3707/3101/4 2/2074/4
f 3707/3101/4 3646/3102/4 2/2074/4
f 3646/3102/4 3593/3104/4 2/2074/4
f 3593/3104/4 3564/3114/4 2/2074/4
f 3564/3114/4 3563/1872/4 3522/3115/4
f 3563/1872/4 3511/1871/4 3509/3116/4
f 3563/1872/4 3509/3116/4 3522/3115/4
f 3564/3114/4 3522/3115/4 3521/3117/4
f 3564/3114/4 3521/3117/4 3520/3118/4
f 3564/3114/4 3520/3118/4 3478/3119/4
f 3564/3114/4 3478/3119/4 3477/3120/4
f 3564/3114/4 3477/3120/4 3406/3121/4
f 3564/3114/4 3406/3121/4 2/2074/4
f 3406/3121/4 3389/3122/4 2/2074/4
f 3241/3123/4 3240/1994/4 3223/1993/4
f 3241/3123/4 3223/1993/4 3254/3124/4
f 3223/1993/4 3277/3125/4 3254/3124/4
f 3254/3124/4 3277/3125/4 3263/3126/4
f 3277/3125/4 3276/3127/4 3263/3126/4
f 3263/3126/4 3276/3127/4 3275/3128/4
f 3276/3127/4 3273/3129/4 3274/3130/4
f 3275/3128/4 3276/3127/4 3274/3130/4
f 3273/3129/4 3271/3131/4 3272/3132/4
f 3274/3130/4 3273/3129/4 3272/3132/4
f 3271/3131/4 3159/3133/4 3270/3134/4
f 3272/3132/4 3271/3131/4 3270/3134/4
f 3159/3133/4 3158/3135/4 3424/3136/4
f 3270/3134/4 3159/3133/4 3424/3136/4
f 3158/3135/4 3157/3137/4 3350/3138/4
f 3424/3136/4 3158/3135/4 3350/3138/4
f 3157/3137/4 3178/3139/4 3415/3140/4
f 3350/3138/4 3157/3137/4 3415/3140/4
f 3178/3139/4 3026/3141/4 2/2074/4
f 3415/3140/4 3178/3139/4 2/2074/4
f 3376/3142/4 3415/3140/4 2/2074/4
f 3389/3122/4 3376/3142/4 2/2074/4
f 3026/3141/4 2977/3143/4 2/2074/4
f 2846/3144/4 2847/2075/4 2/2074/4
f 6/2079/4 2869/2078/4 2870/3145/4
f 6/2079/4 2870/3145/4 2938/3146/4
f 2963/3147/4 2846/3144/4 2/2074/4
f 2977/3143/4 2963/3147/4 2/2074/4
f 6/2079/4 2938/3146/4 3202/3148/4
f 6/2079/4 3202/3148/4 3201/3149/4
f 2/2074/4 17/7/4 4355/3002/4
f 6/2079/4 3201/3149/4 2356/3150/4
f 6/2079/4 2356/3150/4 2361/3151/4
f 3201/3149/4 3199/3152/4 2356/3150/4
f 6/2079/4 2361/3151/4 2368/3073/4
f 3199/3152/4 3203/3153/4 2337/3154/4
f 3203/3153/4 3204/3155/4 2337/3154/4
f 2753/2783/4 2754/2784/4 17/7/4
f 3198/3096/4 3200/3156/4 2936/3093/4
f 3200/3156/4 3057/3157/4 3034/3158/4
f 2936/3093/4 3200/3156/4 3007/3159/4
f 3057/3157/4 3042/3160/4 3090/3161/4
f 3090/3161/4 3034/3158/4 3057/3157/4
f 3034/3158/4 3007/3159/4 3200/3156/4
f 3007/3159/4 2956/3162/4 2936/3093/4
f 2956/3162/4 2937/3094/4 2936/3093/4
f 2933/3092/4 2937/3094/4 2934/3163/4
f 2934/3163/4 2922/3164/4 2921/3165/4
f 2922/3164/4 2920/3166/4 2930/3167/4
f 2920/3166/4 2931/3168/4 2930/3167/4
f 2922/3164/4 2930/3167/4 2921/3165/4
f 2931/3168/4 2918/3169/4 2917/3170/4
f 2918/3169/4 2912/3171/4 2975/3172/4
f 2912/3171/4 2976/3173/4 2975/3172/4
f 2976/3173/4 2899/3174/4 2898/3175/4
f 2975/3172/4 2976/3173/4 2898/3175/4
f 2899/3174/4 2895/3176/4 2896/3177/4
f 2895/3176/4 2897/3178/4 2893/3179/4
f 2897/3178/4 2892/3180/4 2893/3179/4
f 2893/3179/4 2896/3177/4 2895/3176/4
f 2896/3177/4 2894/3181/4 2899/3174/4
f 2894/3181/4 2898/3175/4 2899/3174/4
f 2975/3172/4 2917/3170/4 2918/3169/4
f 2917/3170/4 2913/3182/4 2931/3168/4
f 2913/3182/4 2930/3167/4 2931/3168/4
f 2921/3165/4 2933/3092/4 2934/3163/4
f 2753/2783/4 17/7/4 20/161/4
f 3237/3082/4 3198/3096/4 3132/3091/4
f 3198/3096/4 3197/3095/4 3132/3091/4
f 2356/3150/4 3199/3152/4 2337/3154/4
f 3204/3155/4 3667/3183/4 2336/3184/4
f 2337/3154/4 3204/3155/4 2336/3184/4
f 3667/3183/4 3666/3185/4 2335/3186/4
f 2336/3184/4 3667/3183/4 2335/3186/4
f 3666/3185/4 3665/3187/4 2335/3186/4
f 3665/3187/4 3141/3188/4 2334/3089/4
f 2335/3186/4 3665/3187/4 2334/3089/4
f 3141/3188/4 3153/70/4 2334/3089/4
f 3144/3087/4 2333/69/4 3147/68/4
f 2445/71/4 2436/2803/4 2437/72/4
f 2453/2794/4 2452/2796/4 2457/74/4
f 2457/74/4 2448/3189/4 2447/75/4
f 2456/76/4 2453/2794/4 2457/74/4
f 2478/2800/4 2479/2799/4 2469/3190/4
f 2469/3190/4 2482/3191/4 2471/77/4
f 2482/3191/4 2462/3192/4 2471/77/4
f 2490/3193/4 2478/2800/4 2469/3190/4
f 2470/2561/4 2476/2566/4 2477/79/4
f 2476/2566/4 2490/3193/4 2477/79/4
f 2463/3194/4 2461/3195/4 2465/78/4
f 2461/3195/4 2477/79/4 2465/78/4
f 2490/3193/4 2469/3190/4 2477/79/4
f 2469/3190/4 2471/77/4 2477/79/4
f 2511/80/4 2539/2792/4 2502/81/4
f 2606/2833/4 2607/2831/4 2605/83/4
f 2605/83/4 2640/3196/4 2566/84/4
f 2637/85/4 2606/2833/4 2605/83/4
f 2707/2769/4 2708/2767/4 2706/3197/4
f 2704/3198/4 2705/3199/4 2703/86/4
f 2705/3199/4 2760/3200/4 2703/86/4
f 2713/2936/4 2707/2769/4 2702/88/4
f 2707/2769/4 2706/3197/4 2702/88/4
f 2706/3197/4 2704/3198/4 2703/86/4
f 2702/88/4 2700/2935/4 2713/2936/4
f 2759/3201/4 2678/3202/4 2701/3203/4
f 2759/3201/4 2701/3203/4 2698/3204/4
f 2701/3203/4 2702/88/4 2698/3204/4
f 2698/3204/4 2702/88/4 2699/87/4
f 2706/3197/4 2703/86/4 2702/88/4
f 2724/2776/4 2723/2774/4 2721/91/4
f 2723/2774/4 2722/89/4 2721/91/4
f 2734/2960/4 2741/2778/4 2733/94/4
f 2741/2778/4 2742/2777/4 2732/92/4
f 2732/92/4 2726/3205/4 2730/93/4
f 2726/3205/4 2725/3206/4 2730/93/4
f 2741/2778/4 2732/92/4 2733/94/4
f 2733/94/4 2731/2959/4 2734/2960/4
f 2728/3207/4 2727/3208/4 2729/3209/4
f 2727/3208/4 2733/94/4 2729/3209/4
f 2730/93/4 2729/3209/4 2733/94/4
f 2746/95/4 2749/2771/4 2748/96/4
f 2498/98/4 2496/2793/4 2500/99/4
f 2491/101/4 2509/3060/4 2495/102/4
f 3219/104/4 3418/1846/4 3286/105/4
f 3220/107/4 3291/2697/4 3292/108/4
f 4550/3210/4 4566/2981/4 4555/2979/4
f 4569/110/4 4572/2972/4 4571/3211/4
f 4569/110/4 4571/3211/4 4570/3212/4
f 4548/3213/4 4550/3210/4 4555/2979/4
f 4547/3214/4 4548/3213/4 4555/2979/4
f 4569/110/4 4570/3212/4 4546/3215/4
f 4569/110/4 4546/3215/4 4549/3216/4
f 4567/3217/4 4547/3214/4 4555/2979/4
f 4552/3218/4 4567/3217/4 4555/2979/4
f 4569/110/4 4549/3216/4 4568/3219/4
f 4569/110/4 4568/3219/4 4553/111/4
f 4552/3218/4 4555/2979/4 4551/112/4
f 4555/2979/4 4569/110/4 4551/112/4
f 2342/114/4 2339/3220/4 2340/115/4
f 2339/3220/4 2338/3221/4 2340/115/4
f 2338/3221/4 2341/3222/4 2340/115/4
f 2340/115/4 2343/3223/4 2346/3224/4
f 2343/3223/4 2345/3225/4 2346/3224/4
f 2345/3225/4 2347/3226/4 2348/3227/4
f 2347/3226/4 2354/3228/4 2355/3229/4
f 2345/3225/4 2348/3227/4 2346/3224/4
f 2354/3228/4 2349/3230/4 2353/3231/4
f 2349/3230/4 2352/3232/4 2351/3233/4
f 2352/3232/4 2350/3234/4 2351/3233/4
f 2350/3234/4 2369/3235/4 2357/3236/4
f 2351/3233/4 2350/3234/4 2357/3236/4
f 2369/3235/4 2360/3237/4 2358/3238/4
f 2360/3237/4 2362/3239/4 2364/3240/4
f 2362/3239/4 2365/3241/4 2367/3242/4
f 2365/3241/4 2370/3243/4 2371/3244/4
f 2362/3239/4 2367/3242/4 2364/3240/4
f 2370/3243/4 2372/3245/4 2375/3246/4
f 2372/3245/4 2380/3247/4 2374/3248/4
f 2380/3247/4 2377/3249/4 2378/3250/4
f 2377/3249/4 2382/3251/4 2379/3252/4
f 2380/3247/4 2378/3250/4 2374/3248/4
f 2382/3251/4 2384/3253/4 2388/3254/4
f 2384/3253/4 2387/3255/4 2386/3256/4
f 2387/3255/4 2385/3257/4 2386/3256/4
f 2385/3257/4 2393/3258/4 2394/3259/4
f 2386/3256/4 2385/3257/4 2394/3259/4
f 2393/3258/4 2390/3260/4 2391/3261/4
f 2390/3260/4 2389/3262/4 2406/3263/4
f 2391/3261/4 2390/3260/4 2406/3263/4
f 2389/3262/4 2405/3264/4 2395/3265/4
f 2405/3264/4 2398/3266/4 2395/3265/4
f 2398/3266/4 2396/3267/4 2395/3265/4
f 2396/3267/4 2397/3268/4 2395/3265/4
f 2397/3268/4 2399/3269/4 2395/3265/4
f 2395/3265/4 2406/3263/4 2389/3262/4
f 2391/3261/4 2394/3259/4 2393/3258/4
f 2386/3256/4 2388/3254/4 2384/3253/4
f 2388/3254/4 2379/3252/4 2382/3251/4
f 2379/3252/4 2378/3250/4 2377/3249/4
f 2374/3248/4 2375/3246/4 2372/3245/4
f 2375/3246/4 2371/3244/4 2370/3243/4
f 2371/3244/4 2367/3242/4 2365/3241/4
f 2364/3240/4 2359/3270/4 2360/3237/4
f 2359/3270/4 2358/3238/4 2360/3237/4
f 2358/3238/4 2357/3236/4 2369/3235/4
f 2351/3233/4 2353/3231/4 2349/3230/4
f 2353/3231/4 2355/3229/4 2354/3228/4
f 2355/3229/4 2348/3227/4 2347/3226/4
f 2346/3224/4 2344/113/4 2340/115/4
f 2562/119/4 2550/3271/4 2552/120/4
f 2552/120/4 2559/3272/4 2555/121/4
f 2559/3272/4 2554/3273/4 2555/121/4
f 2554/3273/4 2558/3274/4 2555/121/4
f 2558/3274/4 2556/3275/4 2555/121/4
f 2555/121/4 2560/3276/4 2548/3277/4
f 2560/3276/4 2551/3278/4 2586/3279/4
f 2551/3278/4 2553/3280/4 2586/3279/4
f 2553/3280/4 2563/3281/4 2586/3279/4
f 2563/3281/4 2546/3282/4 2586/3279/4
f 2546/3282/4 2549/3283/4 2586/3279/4
f 2549/3283/4 2543/3284/4 2529/3285/4
f 2586/3279/4 2549/3283/4 2529/3285/4
f 2543/3284/4 2763/3286/4 2529/3285/4
f 2763/3286/4 2531/3287/4 2529/3285/4
f 2531/3287/4 2534/3288/4 2520/3289/4
f 2520/3289/4 2529/3285/4 2531/3287/4
f 2586/3279/4 2542/3290/4 2560/3276/4
f 2542/3290/4 2548/3277/4 2560/3276/4
f 2548/3277/4 2545/3291/4 2555/121/4
f 2545/3291/4 2562/119/4 2555/121/4
f 2646/3292/4 2648/3293/4 2647/3294/4
f 2648/3293/4 2645/3295/4 2647/3294/4
f 2645/3295/4 2650/3296/4 2644/122/4
f 2650/3296/4 2643/123/4 2644/122/4
f 2643/123/4 2663/3297/4 2636/3298/4
f 2663/3297/4 2631/3299/4 2629/3300/4
f 2643/123/4 2636/3298/4 2626/3301/4
f 2631/3299/4 2633/3302/4 2629/3300/4
f 2629/3300/4 2636/3298/4 2663/3297/4
f 2626/3301/4 2628/3303/4 2625/3304/4
f 2628/3303/4 2618/3305/4 2634/3306/4
f 2634/3306/4 2618/3305/4 2620/3307/4
f 2618/3305/4 2621/3308/4 2620/3307/4
f 2621/3308/4 4417/3309/4 2617/3310/4
f 4417/3309/4 4415/3311/4 2617/3310/4
f 2617/3310/4 2620/3307/4 2621/3308/4
f 2628/3303/4 2634/3306/4 2625/3304/4
f 2625/3304/4 2627/124/4 2643/123/4
f 2626/3301/4 2625/3304/4 2643/123/4
f 2627/124/4 2635/3312/4 2655/3313/4
f 2635/3312/4 2632/3314/4 2655/3313/4
f 2632/3314/4 2630/3315/4 2655/3313/4
f 2655/3313/4 2642/3316/4 2627/124/4
f 2642/3316/4 2644/122/4 2627/124/4
f 2644/122/4 2649/3317/4 2645/3295/4
f 2649/3317/4 2647/3294/4 2645/3295/4
f 3063/3318/4 3070/3319/4 3065/3320/4
f 3070/3319/4 3059/3321/4 3065/3320/4
f 3059/3321/4 3081/3322/4 3064/3323/4
f 3081/3322/4 3047/3324/4 3064/3323/4
f 3059/3321/4 3064/3323/4 3065/3320/4
f 3047/3324/4 3043/127/4 3062/3325/4
f 3043/127/4 3052/3326/4 3051/3327/4
f 3062/3325/4 3043/127/4 3069/3328/4
f 3052/3326/4 3036/3329/4 3035/3330/4
f 3036/3329/4 3003/3331/4 3004/3332/4
f 3052/3326/4 3049/3333/4 3051/3327/4
f 3003/3331/4 2858/3334/4 2837/3335/4
f 2837/3335/4 3004/3332/4 3003/3331/4
f 3004/3332/4 3035/3330/4 3036/3329/4
f 3035/3330/4 3049/3333/4 3052/3326/4
f 3051/3327/4 3046/3336/4 3043/127/4
f 3046/3336/4 3044/125/4 3043/127/4
f 3044/125/4 3080/3337/4 3058/126/4
f 3058/126/4 3069/3328/4 3043/127/4
f 3062/3325/4 3064/3323/4 3047/3324/4
f 2839/129/4 2838/3338/4 2980/130/4
f 2980/130/4 2872/3339/4 2883/3340/4
f 2872/3339/4 2882/3341/4 2907/3342/4
f 2883/3340/4 2872/3339/4 2907/3342/4
f 2882/3341/4 2906/3343/4 2889/3344/4
f 2906/3343/4 2901/3345/4 2902/3346/4
f 2889/3344/4 2906/3343/4 2902/3346/4
f 2901/3345/4 2968/3347/4 2969/3348/4
f 2968/3347/4 2927/3349/4 2923/3350/4
f 2969/3348/4 2968/3347/4 2923/3350/4
f 2927/3349/4 2958/3351/4 2959/3352/4
f 2958/3351/4 2942/3353/4 2952/3354/4
f 2942/3353/4 2948/3355/4 2949/3356/4
f 2948/3355/4 2990/3357/4 2954/3358/4
f 2949/3356/4 2948/3355/4 2954/3358/4
f 2990/3357/4 3000/3359/4 2992/3360/4
f 3000/3359/4 3029/3361/4 3030/3362/4
f 2992/3360/4 3000/3359/4 3001/3363/4
f 3029/3361/4 3053/3364/4 3054/3365/4
f 3053/3364/4 3082/3366/4 3083/3367/4
f 3029/3361/4 3054/3365/4 3030/3362/4
f 3082/3366/4 3073/3368/4 3074/3369/4
f 3073/3368/4 3163/3370/4 3103/3371/4
f 3082/3366/4 3074/3369/4 3083/3367/4
f 3163/3370/4 3092/3372/4 3103/3371/4
f 3092/3372/4 3102/3373/4 3098/3374/4
f 3103/3371/4 3092/3372/4 3098/3374/4
f 3102/3373/4 3128/3375/4 3129/3376/4
f 3128/3375/4 3111/3377/4 3123/3378/4
f 3129/3376/4 3128/3375/4 3123/3378/4
f 3111/3377/4 3122/3379/4 3114/3380/4
f 3122/3379/4 3113/3381/4 3114/3380/4
f 3113/3381/4 3118/3382/4 3117/3383/4
f 3117/3383/4 3116/3384/4 3115/3385/4
f 3115/3385/4 3119/3386/4 3117/3383/4
f 3119/3386/4 3114/3380/4 3113/3381/4
f 3117/3383/4 3119/3386/4 3113/3381/4
f 3114/3380/4 3123/3378/4 3111/3377/4
f 3129/3376/4 3098/3374/4 3102/3373/4
f 3103/3371/4 3074/3369/4 3073/3368/4
f 3083/3367/4 3054/3365/4 3053/3364/4
f 3030/3362/4 3001/3363/4 3000/3359/4
f 2992/3360/4 2954/3358/4 2990/3357/4
f 2949/3356/4 2952/3354/4 2942/3353/4
f 2952/3354/4 2959/3352/4 2958/3351/4
f 2959/3352/4 2923/3350/4 2927/3349/4
f 2969/3348/4 2902/3346/4 2901/3345/4
f 2889/3344/4 2907/3342/4 2882/3341/4
f 2883/3340/4 2873/3387/4 2980/130/4
f 2873/3387/4 2864/128/4 2980/130/4
f 3489/133/4 3487/3388/4 3490/3389/4
f 3490/3389/4 3523/3390/4 3489/133/4
f 3523/3390/4 3467/3391/4 3510/131/4
f 3489/133/4 3523/3390/4 3510/131/4
f 3467/3391/4 3470/3392/4 3465/3393/4
f 3470/3392/4 3474/3394/4 3473/3395/4
f 3465/3393/4 3470/3392/4 3473/3395/4
f 3474/3394/4 3462/3396/4 3461/3397/4
f 3462/3396/4 3459/3398/4 3458/3399/4
f 3461/3397/4 3462/3396/4 3458/3399/4
f 3459/3398/4 3444/3400/4 3443/3401/4
f 3444/3400/4 3446/3402/4 3436/3403/4
f 3446/3402/4 3403/3404/4 3410/3405/4
f 3403/3404/4 3396/3406/4 3405/3407/4
f 3396/3406/4 3401/3408/4 3395/3409/4
f 3401/3408/4 3373/3410/4 3372/3411/4
f 3396/3406/4 3395/3409/4 3405/3407/4
f 3373/3410/4 3378/3412/4 3377/3413/4
f 3378/3412/4 3382/3414/4 3366/3415/4
f 3377/3413/4 3378/3412/4 3366/3415/4
f 3382/3414/4 3369/3416/4 3368/3417/4
f 3369/3416/4 3354/3418/4 3339/3419/4
f 3354/3418/4 3342/3420/4 3341/3421/4
f 3342/3420/4 3346/3422/4 3345/3423/4
f 3354/3418/4 3341/3421/4 3339/3419/4
f 3346/3422/4 3334/3424/4 3333/3425/4
f 3334/3424/4 3330/3426/4 3351/3427/4
f 3330/3426/4 3352/3428/4 3326/3429/4
f 3326/3429/4 3322/3430/4 3325/3431/4
f 3325/3431/4 3324/3432/4 3326/3429/4
f 3324/3432/4 3351/3427/4 3330/3426/4
f 3326/3429/4 3324/3432/4 3330/3426/4
f 3351/3427/4 3333/3425/4 3334/3424/4
f 3333/3425/4 3345/3423/4 3346/3422/4
f 3345/3423/4 3341/3421/4 3342/3420/4
f 3339/3419/4 3416/3433/4 3369/3416/4
f 3416/3433/4 3368/3417/4 3369/3416/4
f 3368/3417/4 3366/3415/4 3382/3414/4
f 3377/3413/4 3372/3411/4 3373/3410/4
f 3372/3411/4 3390/3434/4 3401/3408/4
f 3390/3434/4 3395/3409/4 3401/3408/4
f 3405/3407/4 3410/3405/4 3403/3404/4
f 3410/3405/4 3436/3403/4 3446/3402/4
f 3436/3403/4 3443/3401/4 3444/3400/4
f 3443/3401/4 3479/3435/4 3459/3398/4
f 3479/3435/4 3458/3399/4 3459/3398/4
f 3461/3397/4 3473/3395/4 3474/3394/4
f 3465/3393/4 3469/3436/4 3467/3391/4
f 3469/3436/4 3510/131/4 3467/3391/4
f 3328/134/4 3323/3437/4 3361/135/4
f 3361/135/4 3331/3438/4 3336/3439/4
f 3331/3438/4 3335/3440/4 3336/3439/4
f 3335/3440/4 3348/3441/4 3349/3442/4
f 3348/3441/4 3343/3443/4 3344/3444/4
f 3335/3440/4 3349/3442/4 3336/3439/4
f 3343/3443/4 3340/3445/4 3363/3446/4
f 3340/3445/4 3423/3447/4 3363/3446/4
f 3343/3443/4 3363/3446/4 3344/3444/4
f 3423/3447/4 3370/3448/4 3367/3449/4
f 3370/3448/4 3371/3450/4 3388/3451/4
f 3371/3450/4 3379/3452/4 3375/3453/4
f 3379/3452/4 3392/3454/4 3374/3455/4
f 3392/3454/4 3399/3456/4 3393/3457/4
f 3399/3456/4 3411/3458/4 3413/3459/4
f 3392/3454/4 3393/3457/4 3374/3455/4
f 3411/3458/4 3431/3460/4 3407/3461/4
f 3431/3460/4 3455/3462/4 3445/3463/4
f 3407/3461/4 3431/3460/4 3432/3464/4
f 3455/3462/4 3484/3465/4 3460/3466/4
f 3484/3465/4 3457/3467/4 3464/3468/4
f 3457/3467/4 3463/3469/4 3464/3468/4
f 3463/3469/4 3475/3470/4 3476/3471/4
f 3464/3468/4 3463/3469/4 3476/3471/4
f 3475/3470/4 3466/3472/4 3472/3473/4
f 3466/3472/4 3471/3474/4 3468/3475/4
f 3472/3473/4 3466/3472/4 3468/3475/4
f 3471/3474/4 3516/3476/4 3539/3477/4
f 3516/3476/4 3491/3478/4 3539/3477/4
f 3491/3478/4 3488/3479/4 3492/3480/4
f 3492/3480/4 3486/3481/4 3491/3478/4
f 3486/3481/4 3539/3477/4 3491/3478/4
f 3539/3477/4 3468/3475/4 3471/3474/4
f 3472/3473/4 3476/3471/4 3475/3470/4
f 3464/3468/4 3460/3466/4 3484/3465/4
f 3460/3466/4 3445/3463/4 3455/3462/4
f 3445/3463/4 3432/3464/4 3431/3460/4
f 3407/3461/4 3413/3459/4 3411/3458/4
f 3413/3459/4 3400/3482/4 3399/3456/4
f 3400/3482/4 3393/3457/4 3399/3456/4
f 3374/3455/4 3375/3453/4 3379/3452/4
f 3375/3453/4 3388/3451/4 3371/3450/4
f 3388/3451/4 3367/3449/4 3370/3448/4
f 3367/3449/4 3365/3483/4 3423/3447/4
f 3365/3483/4 3363/3446/4 3423/3447/4
f 3344/3444/4 3349/3442/4 3348/3441/4
f 3336/3439/4 3332/136/4 3361/135/4
f 3332/136/4 3362/3484/4 3328/134/4
f 3362/3484/4 3329/3485/4 3328/134/4
f 3605/137/4 3603/3486/4 3620/138/4
f 3620/138/4 3610/3487/4 3611/139/4
f 3610/3487/4 3612/3488/4 3611/139/4
f 3612/3488/4 3616/3489/4 3611/139/4
f 3616/3489/4 3614/3490/4 3611/139/4
f 3611/139/4 3613/3491/4 3601/3492/4
f 3613/3491/4 3621/3493/4 3587/3494/4
f 3621/3493/4 3604/3495/4 3587/3494/4
f 3604/3495/4 3606/3496/4 3587/3494/4
f 3606/3496/4 3609/3497/4 3587/3494/4
f 3609/3497/4 3599/3498/4 3587/3494/4
f 3599/3498/4 3602/3499/4 3588/3500/4
f 3587/3494/4 3599/3498/4 3588/3500/4
f 3602/3499/4 3653/3501/4 3588/3500/4
f 3653/3501/4 3589/3502/4 3588/3500/4
f 3589/3502/4 3565/3503/4 3561/3504/4
f 3561/3504/4 3588/3500/4 3589/3502/4
f 3587/3494/4 3619/3505/4 3613/3491/4
f 3619/3505/4 3601/3492/4 3613/3491/4
f 3601/3492/4 3608/3506/4 3611/139/4
f 3608/3506/4 3605/137/4 3611/139/4
f 3976/3507/4 3982/3508/4 3970/3509/4
f 3970/3509/4 3965/3510/4 4004/3511/4
f 3965/3510/4 3988/145/4 4004/3511/4
f 3988/145/4 3959/3512/4 3958/3513/4
f 3959/3512/4 3952/3514/4 3954/3515/4
f 3952/3514/4 3941/3516/4 3948/3517/4
f 3941/3516/4 3847/3518/4 3930/3519/4
f 3847/3518/4 3845/3520/4 3930/3519/4
f 3930/3519/4 3948/3517/4 3941/3516/4
f 3948/3517/4 3954/3515/4 3952/3514/4
f 3954/3515/4 3958/3513/4 3959/3512/4
f 3958/3513/4 3956/143/4 3988/145/4
f 3956/143/4 3987/3521/4 4043/3522/4
f 3987/3521/4 3969/3523/4 4043/3522/4
f 3969/3523/4 3968/3524/4 3981/3525/4
f 3981/3525/4 3975/3526/4 3969/3523/4
f 3975/3526/4 4043/3522/4 3969/3523/4
f 4043/3522/4 4002/144/4 3956/143/4
f 4002/144/4 4004/3511/4 3988/145/4
f 4004/3511/4 4109/3527/4 3970/3509/4
f 4109/3527/4 3976/3507/4 3970/3509/4
f 3983/3528/4 3977/3529/4 3974/3530/4
f 3974/3530/4 4044/3531/4 3971/3532/4
f 4044/3531/4 4003/147/4 3989/3533/4
f 3971/3532/4 4044/3531/4 3989/3533/4
f 4003/147/4 4005/3534/4 3966/3535/4
f 4005/3534/4 4111/3536/4 3966/3535/4
f 4111/3536/4 3978/3537/4 3984/3538/4
f 3984/3538/4 3972/3539/4 4111/3536/4
f 3972/3539/4 3966/3535/4 4111/3536/4
f 3966/3535/4 3990/148/4 4003/147/4
f 3990/148/4 3961/3540/4 3957/146/4
f 4003/147/4 3957/146/4 3989/3533/4
f 3961/3540/4 3955/3541/4 3953/3542/4
f 3955/3541/4 3963/3543/4 3953/3542/4
f 3963/3543/4 3891/3544/4 3846/3545/4
f 3846/3545/4 3940/3546/4 3963/3543/4
f 3940/3546/4 3953/3542/4 3963/3543/4
f 3953/3542/4 3960/3547/4 3961/3540/4
f 3960/3547/4 3957/146/4 3961/3540/4
f 3971/3532/4 3983/3528/4 3974/3530/4
f 4151/3548/4 4150/3549/4 4152/150/4
f 4150/3549/4 4154/151/4 4152/150/4
f 4154/151/4 4149/3550/4 4148/3551/4
f 4149/3550/4 4146/3552/4 4166/3553/4
f 4146/3552/4 4176/3554/4 4137/3555/4
f 4176/3554/4 4139/3556/4 4138/3557/4
f 4146/3552/4 4137/3555/4 4166/3553/4
f 4139/3556/4 4141/3558/4 4140/3559/4
f 4141/3558/4 4135/3560/4 4134/3561/4
f 4140/3559/4 4141/3558/4 4134/3561/4
f 4135/3560/4 4144/3562/4 4143/3563/4
f 4144/3562/4 4130/3564/4 4129/3565/4
f 4130/3564/4 4127/3566/4 4124/3567/4
f 4127/3566/4 4091/3568/4 4090/3569/4
f 4124/3567/4 4127/3566/4 4090/3569/4
f 4091/3568/4 4052/3570/4 4067/3571/4
f 4052/3570/4 4041/3572/4 4055/3573/4
f 4067/3571/4 4052/3570/4 4055/3573/4
f 4041/3572/4 4025/3574/4 4024/3575/4
f 4025/3574/4 4021/3576/4 4024/3575/4
f 4021/3576/4 4012/3577/4 4016/3578/4
f 4012/3577/4 4013/3579/4 4014/3580/4
f 4016/3578/4 4012/3577/4 4014/3580/4
f 4013/3579/4 4015/3581/4 4011/3582/4
f 4015/3581/4 4019/3583/4 4018/3584/4
f 4011/3582/4 4015/3581/4 4018/3584/4
f 4019/3583/4 4008/3585/4 4007/3586/4
f 4008/3585/4 4006/3587/4 4009/3588/4
f 4009/3588/4 4006/3587/4 3992/3589/4
f 4006/3587/4 3997/3590/4 3979/3591/4
f 3979/3591/4 3980/3592/4 3986/3593/4
f 3986/3593/4 3967/3594/4 3985/3595/4
f 3985/3595/4 3973/3596/4 3986/3593/4
f 3973/3596/4 3992/3589/4 3979/3591/4
f 3986/3593/4 3973/3596/4 3979/3591/4
f 4009/3588/4 4007/3586/4 4008/3585/4
f 4007/3586/4 4018/3584/4 4019/3583/4
f 4011/3582/4 4010/3597/4 4013/3579/4
f 4010/3597/4 4014/3580/4 4013/3579/4
f 4016/3578/4 4024/3575/4 4021/3576/4
f 4024/3575/4 4055/3573/4 4041/3572/4
f 4067/3571/4 4090/3569/4 4091/3568/4
f 4124/3567/4 4129/3565/4 4130/3564/4
f 4129/3565/4 4143/3563/4 4144/3562/4
f 4143/3563/4 4134/3561/4 4135/3560/4
f 4140/3559/4 4136/3598/4 4139/3556/4
f 4136/3598/4 4138/3557/4 4139/3556/4
f 4138/3557/4 4137/3555/4 4176/3554/4
f 4166/3553/4 4148/3551/4 4149/3550/4
f 4148/3551/4 4147/149/4 4154/151/4
f 4147/149/4 4153/3599/4 4152/150/4
f 4006/3587/4 3979/3591/4 3992/3589/4
f 4292/3600/4 4304/3601/4 4287/3602/4
f 4287/3602/4 4289/3603/4 4286/3604/4
f 4289/3603/4 4285/154/4 4286/3604/4
f 4285/154/4 4291/3605/4 4276/3606/4
f 4291/3605/4 4284/3607/4 4343/3608/4
f 4284/3607/4 4281/3609/4 4343/3608/4
f 4343/3608/4 4276/3606/4 4291/3605/4
f 4276/3606/4 4274/152/4 4285/154/4
f 4274/152/4 4272/3610/4 4277/153/4
f 4272/3610/4 4270/3611/4 4271/3612/4
f 4277/153/4 4272/3610/4 4271/3612/4
f 4270/3611/4 4268/3613/4 4267/3614/4
f 4268/3613/4 4266/3615/4 4265/3616/4
f 4267/3614/4 4268/3613/4 4265/3616/4
f 4266/3615/4 4234/3617/4 4220/3618/4
f 4220/3618/4 4265/3616/4 4266/3615/4
f 4267/3614/4 4271/3612/4 4270/3611/4
f 4277/153/4 4273/3619/4 4290/3620/4
f 4273/3619/4 4275/3621/4 4290/3620/4
f 4275/3621/4 4330/3622/4 4282/3623/4
f 4330/3622/4 4283/3624/4 4282/3623/4
f 4282/3623/4 4290/3620/4 4275/3621/4
f 4290/3620/4 4288/3625/4 4285/154/4
f 4288/3625/4 4286/3604/4 4285/154/4
f 4286/3604/4 4303/3626/4 4292/3600/4
f 4292/3600/4 4287/3602/4 4286/3604/4
f 4277/153/4 4290/3620/4 4285/154/4
f 4538/3627/4 4536/3628/4 4540/3629/4
f 4540/3629/4 4532/3630/4 4533/3631/4
f 4532/3630/4 4534/3632/4 4531/3633/4
f 4533/3631/4 4532/3630/4 4531/3633/4
f 4534/3632/4 4543/3634/4 4542/3635/4
f 4543/3634/4 4525/3636/4 4526/3637/4
f 4526/3637/4 4525/3636/4 4524/3638/4
f 4525/3636/4 4527/3639/4 4524/3638/4
f 4527/3639/4 4530/3640/4 4521/3641/4
f 4524/3638/4 4527/3639/4 4529/3642/4
f 4530/3640/4 4522/3643/4 4518/3644/4
f 4522/3643/4 4510/3645/4 4519/3646/4
f 4510/3645/4 4508/3647/4 4507/3648/4
f 4508/3647/4 4505/3649/4 4509/3650/4
f 4510/3645/4 4507/3648/4 4519/3646/4
f 4505/3649/4 4506/3651/4 4500/3652/4
f 4506/3651/4 4493/3653/4 4502/3654/4
f 4500/3652/4 4506/3651/4 4502/3654/4
f 4493/3653/4 4495/3655/4 4496/3656/4
f 4495/3655/4 4492/3657/4 4491/3658/4
f 4496/3656/4 4495/3655/4 4491/3658/4
f 4492/3657/4 4499/3659/4 4488/3660/4
f 4499/3659/4 4490/3661/4 4489/3662/4
f 4490/3661/4 4487/3663/4 4515/3664/4
f 4487/3663/4 4478/3665/4 4471/3666/4
f 4478/3665/4 4473/155/4 4469/157/4
f 4473/155/4 4470/3667/4 4468/156/4
f 4470/3667/4 4476/3668/4 4468/156/4
f 4468/156/4 4475/3669/4 4469/157/4
f 4469/157/4 4472/3670/4 4478/3665/4
f 4472/3670/4 4471/3666/4 4478/3665/4
f 4471/3666/4 4515/3664/4 4487/3663/4
f 4515/3664/4 4489/3662/4 4490/3661/4
f 4489/3662/4 4488/3660/4 4499/3659/4
f 4488/3660/4 4498/3671/4 4492/3657/4
f 4498/3671/4 4491/3658/4 4492/3657/4
f 4496/3656/4 4502/3654/4 4493/3653/4
f 4500/3652/4 4504/3672/4 4505/3649/4
f 4504/3672/4 4509/3650/4 4505/3649/4
f 4509/3650/4 4507/3648/4 4508/3647/4
f 4519/3646/4 4518/3644/4 4522/3643/4
f 4518/3644/4 4521/3641/4 4530/3640/4
f 4521/3641/4 4529/3642/4 4527/3639/4
f 4526/3637/4 4542/3635/4 4543/3634/4
f 4542/3635/4 4531/3633/4 4534/3632/4
f 4533/3631/4 4539/3673/4 4540/3629/4
f 4539/3673/4 4535/3674/4 4538/3627/4
f 4535/3674/4 4537/3675/4 4538/3627/4
f 4538/3627/4 4540/3629/4 4539/3673/4
f 23/5/5 17/7/5 2/158/5
f 13/160/6 6/3676/6 20/161/6
s 0
f 4583/168/2 4584/3677/2 15/169/2
f 4586/173/2 4583/168/2 112/170/2
f 112/170/2 110/171/2 4586/173/2
f 110/171/2 108/178/2 4590/174/2
f 4587/175/2 4593/183/2 4591/180/2
f 4595/181/2 4592/179/2 108/178/2
f 4593/183/2 4596/187/2 4594/184/2
f 4600/185/2 4595/181/2 107/182/2
f 4596/187/2 4597/189/2 4598/188/2
f 4597/189/2 4601/191/2 4602/190/2
f 4601/191/2 4604/197/2 4603/192/2
f 4604/197/2 4606/200/2 4605/198/2
f 4606/200/2 4609/3678/2 4610/201/2
f 4611/206/2 4610/201/2 4609/3678/2
f 29/203/2 4607/202/2 4611/206/2
f 4611/206/2 4609/3678/2 4612/205/2
f 4615/3679/947 79/199/947 4613/208/947
f 79/199/2 71/195/2 4613/208/2
f 4620/212/2 29/203/2 4617/210/2
f 98/215/2 29/203/2 4620/212/2
f 84/217/2 4623/3680/2 4621/214/2
f 4639/249/2 4640/3681/2 131/244/2
f 133/259/2 4625/3682/2 4634/252/2
f 4625/3682/2 4624/3683/2 4634/252/2
f 4624/3683/2 4627/3684/2 4634/252/2
f 4633/3685/2 4636/3686/2 4632/3687/2
f 4636/3686/2 4634/252/2 4632/3687/2
f 4634/252/2 4627/3684/2 4626/3688/2
f 4642/3689/2 4632/3687/2 4634/252/2
f 4629/3690/7 4642/3689/7 4634/252/7
f 4634/252/2 4626/3688/2 4631/3691/2
f 4634/252/2 4631/3691/2 4628/250/2
f 4630/251/8 4629/3690/8 4634/252/8
f 4637/253/2 4641/262/2 4638/254/2
f 4649/258/2 4639/249/2 143/164/2
f 143/164/2 137/256/2 4649/258/2
f 4647/261/2 4638/254/2 4641/262/2
f 143/164/2 4655/3692/2 4656/3693/2
f 4655/3692/2 4654/3694/2 4656/3693/2
f 4651/267/2 4652/277/2 137/256/2
f 143/164/2 4656/3693/2 4651/267/2
f 4661/3695/2 4664/3696/2 4663/3697/2
f 4660/3698/2 4662/3699/2 141/268/2
f 4661/3695/2 4663/3697/2 4660/3698/2
f 4658/3700/948 4659/3701/948 4653/269/948
f 4659/3701/2 4657/270/2 4653/269/2
f 4661/3695/2 4660/3698/2 141/268/2
f 4657/270/2 4661/3695/2 141/268/2
f 4665/272/2 4666/3702/2 135/1314/2
f 135/1314/2 133/259/2 4665/272/2
f 4669/273/2 4647/261/2 4648/263/2
f 4667/276/2 4646/265/2 4645/264/2
f 4645/264/2 4668/3703/2 4672/275/2
f 4674/3704/2 4675/3705/2 4676/279/2
f 4677/280/2 4653/269/2 139/281/2
f 4653/269/2 141/268/2 139/281/2
f 139/281/2 4674/3704/2 4676/279/2
f 4678/287/2 4679/3706/2 212/282/2
f 212/282/2 206/285/2 4680/286/2
f 4681/288/2 4680/286/2 206/285/2
f 4685/3707/2 4681/288/2 204/289/2
f 204/289/2 214/293/2 4683/290/2
f 214/293/2 4682/3708/2 4683/290/2
f 4684/291/2 4685/3707/2 204/289/2
f 4688/3709/2 214/293/2 4687/3710/2
f 214/293/2 202/292/2 4686/295/2
f 4687/3710/2 214/293/2 4686/295/2
f 202/292/2 4690/3711/2 4691/3712/2
f 202/292/2 4691/3712/2 4689/3713/2
f 202/292/2 4689/3713/2 4692/294/2
f 4693/3714/2 4690/3711/2 202/292/2
f 202/292/2 200/298/2 4694/296/2
f 4695/297/2 4693/3714/2 202/292/2
f 4705/3715/2 4694/296/2 200/298/2
f 200/298/2 4702/3716/2 4703/3717/2
f 200/298/2 4703/3717/2 4704/3718/2
f 4701/300/2 4705/3715/2 200/298/2
f 200/298/2 4704/3718/2 4700/299/2
f 4697/3719/2 4696/302/2 218/301/2
f 4696/302/2 4698/3720/2 4699/303/2
f 4711/3721/2 4702/3716/2 200/298/2
f 200/298/2 198/308/2 4713/3722/2
f 200/298/2 4713/3722/2 4710/304/2
f 4712/305/2 4711/3721/2 200/298/2
f 4708/3723/949 4707/306/949 4709/307/949
f 4707/306/2 218/301/2 4699/303/2
f 4709/307/950 4699/303/950 4706/3724/950
f 4741/3725/2 4713/3722/2 198/308/2
f 198/308/2 4738/315/2 4737/3726/2
f 198/308/2 4737/3726/2 4743/3727/2
f 4742/310/2 4741/3725/2 198/308/2
f 198/308/2 4743/3727/2 4740/309/2
f 4745/313/2 4732/3728/2 4736/311/2
f 4732/3728/2 4734/3729/2 4733/3730/2
f 4736/311/2 4732/3728/2 4746/3731/2
f 4734/3729/951 4730/3732/951 4733/3730/951
f 4730/3732/2 4744/3733/2 4731/3734/2
f 4733/3730/952 4730/3732/952 4735/3735/952
f 4744/3733/2 4724/3736/2 4747/3737/2
f 4724/3736/2 4722/3738/2 4723/3739/2
f 4744/3733/2 4747/3737/2 4731/3734/2
f 4722/3738/2 4725/3740/2 4707/306/2
f 4725/3740/2 4726/3741/2 4707/306/2
f 4722/3738/947 4707/306/947 4723/3739/947
f 4726/3741/7 4727/3742/7 4707/306/7
f 4727/3742/2 4728/3743/2 4707/306/2
f 4728/3743/2 4729/3744/2 218/301/2
f 4729/3744/2 4719/3745/2 218/301/2
f 4719/3745/2 4718/3746/2 218/301/2
f 4718/3746/8 4720/3747/8 218/301/8
f 4720/3747/2 4721/3748/2 218/301/2
f 4721/3748/7 4716/3749/7 218/301/7
f 4716/3749/8 4717/3750/8 218/301/8
f 4717/3750/2 4714/3751/2 218/301/2
f 4714/3751/2 4715/3752/2 218/301/2
f 218/301/2 4707/306/2 4728/3743/2
f 4723/3739/2 4747/3737/2 4724/3736/2
f 4731/3734/2 4735/3735/2 4730/3732/2
f 4733/3730/2 4746/3731/2 4732/3728/2
f 198/308/2 195/316/2 4738/315/2
f 195/316/953 4749/320/953 4748/3753/953
f 195/316/2 4748/3753/2 4750/314/2
f 4756/3754/2 4755/321/2 303/318/2
f 220/319/2 4752/3755/2 4751/3756/2
f 220/319/2 4751/3756/2 4753/3757/2
f 4757/3758/2 4756/3754/2 303/318/2
f 4754/317/2 4757/3758/2 303/318/2
f 220/319/2 4753/3757/2 4758/3759/2
f 4758/3759/2 4754/317/2 220/319/2
f 4749/320/2 195/316/2 303/318/2
f 234/358/2 180/359/2 4759/361/2
f 180/359/2 4761/3760/2 4760/360/2
f 4759/361/2 4762/3761/2 236/362/2
f 236/362/7 4762/3761/7 4767/3762/7
f 236/362/2 4767/3762/2 4766/3763/2
f 4764/364/2 4763/3764/2 236/362/2
f 236/362/2 4766/3763/2 4765/363/2
f 4768/366/2 4769/3765/2 239/367/2
f 239/367/2 236/362/2 4768/366/2
f 236/362/2 4763/3764/2 4770/3766/2
f 236/362/2 4770/3766/2 4771/365/2
f 4772/3767/2 4773/377/2 239/367/2
f 239/367/2 4769/3765/2 4775/368/2
f 4774/369/2 4772/3767/2 239/367/2
f 175/370/7 4778/3768/7 4776/371/7
f 4784/3769/2 145/163/2 4783/3770/2
f 145/163/2 277/373/2 4782/375/2
f 4783/3770/2 145/163/2 4786/3771/2
f 277/373/8 4779/3772/8 4780/3773/8
f 277/373/7 4780/3773/7 4781/374/7
f 4786/3771/2 145/163/2 4785/3774/2
f 4785/3774/2 145/163/2 4782/375/2
f 4789/376/2 239/367/2 4773/377/2
f 4790/380/2 4778/3768/2 175/370/2
f 175/370/2 174/388/2 4792/3775/2
f 174/388/2 4791/3776/2 4792/3775/2
f 4792/3775/8 4793/3777/8 175/370/8
f 4793/3777/2 4794/3778/2 175/370/2
f 4794/3778/7 4795/3779/7 175/370/7
f 4795/3779/8 4788/379/8 175/370/8
f 277/373/2 4796/384/2 4797/3780/2
f 277/373/2 4797/3780/2 4798/381/2
f 4799/382/2 4779/3772/2 277/373/2
f 4800/383/4 4801/3781/4 4796/384/4
f 4807/3782/2 4808/3783/2 4802/3784/2
f 4803/385/2 4806/3785/2 239/367/2
f 4807/3782/2 4802/3784/2 4812/3786/2
f 4802/3784/2 4803/385/2 4812/3786/2
f 4803/385/2 239/367/2 4789/376/2
f 4803/385/8 4789/376/8 4804/386/8
f 4805/387/2 4812/3786/2 4803/385/2
f 4810/390/2 4811/3787/2 174/388/2
f 4811/3787/2 4791/3776/2 174/388/2
f 4802/3784/2 4808/3783/2 4813/393/2
f 4808/3783/2 4816/391/2 4813/393/2
f 4815/395/2 4809/389/2 174/388/2
f 174/388/2 172/402/2 4818/3788/2
f 4818/3788/2 4817/3789/2 174/388/2
f 4817/3789/2 4819/3790/2 174/388/2
f 4819/3790/2 4820/394/2 174/388/2
f 4800/398/2 277/373/2 149/396/2
f 149/396/2 4821/3791/2 4822/397/2
f 4823/401/2 4813/393/2 4814/392/2
f 4824/400/2 4825/3792/2 4823/401/2
f 4826/404/2 4818/3788/2 172/402/2
f 172/402/2 4828/3793/2 4827/403/2
f 4823/401/2 4825/3792/2 4829/408/2
f 4825/3792/2 4831/406/2 4829/408/2
f 4833/3794/2 4829/408/2 4830/407/2
f 4833/3794/2 4830/407/2 4836/410/2
f 241/412/2 4832/3795/2 4833/3794/2
f 4834/411/2 4835/415/2 241/412/2
f 4833/3794/2 4836/410/2 241/412/2
f 4837/414/2 241/412/2 4835/415/2
f 167/417/2 4839/3796/2 4841/418/2
f 4844/3797/953 158/413/953 4842/421/953
f 158/413/2 277/373/2 4842/421/2
f 4839/3796/2 167/417/2 165/422/2
f 241/412/8 4837/414/8 4846/3798/8
f 241/412/2 4846/3798/2 4845/423/2
f 4847/424/2 4839/3796/2 165/422/2
f 165/422/2 241/412/2 4845/423/2
f 161/426/2 4849/3799/2 4848/425/2
f 4869/3800/2 4870/3801/2 4881/445/2
f 4870/3801/2 4871/3802/2 4881/445/2
f 4871/3802/2 4868/3803/2 4878/3804/2
f 4878/3804/2 4853/446/2 4871/3802/2
f 4853/446/2 4882/3805/2 4876/3806/2
f 4871/3802/2 4853/446/2 4881/445/2
f 4882/3805/2 4867/3807/2 4876/3806/2
f 4867/3807/2 4850/3808/2 4876/3806/2
f 4850/3808/2 4852/3809/2 4873/3810/2
f 4852/3809/2 335/301/2 4873/3810/2
f 335/301/2 342/324/2 4873/3810/2
f 342/324/2 4877/3811/2 4873/3810/2
f 4873/3810/2 4876/3806/2 4850/3808/2
f 4876/3806/2 4872/447/2 4853/446/2
f 4866/3812/2 4851/3813/2 4854/3814/2
f 4866/3812/2 4854/3814/2 4855/449/2
f 4854/3814/2 4879/450/2 4855/449/2
f 4875/3815/2 4855/449/2 4874/3816/2
f 4874/3816/2 4855/449/2 4880/448/2
f 4863/451/2 4862/3817/2 4864/452/2
f 4859/454/2 4858/3818/2 4860/455/2
f 4900/3819/2 4877/3811/2 342/324/2
f 342/324/2 4902/3820/2 4899/3821/2
f 4898/3822/2 4901/3823/2 4897/3824/2
f 4901/3823/947 4904/3825/947 4903/460/947
f 4900/3819/2 342/324/2 4899/3821/2
f 4901/3823/2 4903/460/2 4895/3826/2
f 4894/3827/2 4901/3823/2 4895/3826/2
f 4900/3819/2 4899/3821/2 4898/3822/2
f 4897/3824/2 4900/3819/2 4898/3822/2
f 4901/3823/8 4894/3827/8 4905/3828/8
f 4903/460/2 4885/3829/2 4875/3815/2
f 4885/3829/2 4888/3830/2 4887/3831/2
f 4888/3830/2 339/432/2 4890/3832/2
f 339/432/2 338/428/2 4890/3832/2
f 338/428/2 4857/458/2 4890/3832/2
f 4897/3824/2 4901/3823/2 4905/3828/2
f 4888/3830/2 4890/3832/2 4891/3833/2
f 4891/3833/2 4859/454/2 4883/3834/2
f 4859/454/2 4861/456/2 4883/3834/2
f 4888/3830/2 4891/3833/2 4887/3831/2
f 4895/3826/2 4903/460/2 4896/3835/2
f 4884/3836/2 4863/451/2 4865/453/2
f 4891/3833/2 4883/3834/2 4884/3836/2
f 4896/3835/2 4903/460/2 4893/3837/2
f 4884/3836/2 4865/453/2 4887/3831/2
f 4893/3837/2 4903/460/2 4892/3838/2
f 4885/3829/2 4887/3831/2 4889/3839/2
f 4891/3833/2 4884/3836/2 4887/3831/2
f 4889/3839/2 4855/449/2 4875/3815/2
f 4892/3838/2 4903/460/2 4906/459/2
f 4889/3839/2 4875/3815/2 4885/3829/2
f 4875/3815/2 4886/461/2 4903/460/2
f 1213/1036/4 1212/610/4 1235/489/4
f 1212/610/4 1211/754/4 1235/489/4
f 1236/702/4 1211/754/4 1210/840/4
f 1210/840/4 1209/691/4 1236/702/4
f 1236/702/4 1209/691/4 1208/690/4
f 1208/690/4 1242/920/4 1241/705/4
f 1208/690/4 1241/705/4 1240/706/4
f 1211/754/4 1236/702/4 1235/489/4
f 1236/702/4 1208/690/4 1237/542/4
f 1215/1091/4 1214/1037/4 1235/489/4
f 1214/1037/4 1213/1036/4 1235/489/4
f 1217/1030/4 1216/490/4 1234/464/4
f 1216/490/4 1215/1091/4 1235/489/4
f 1277/590/4 1218/463/4 1278/814/4
f 1218/463/4 1217/1030/4 1234/464/4
f 1278/814/4 1218/463/4 1279/689/4
f 1279/689/4 1218/463/4 1226/687/4
f 1208/690/4 1240/706/4 1239/916/4
f 1208/690/4 1239/916/4 1238/541/4
f 1226/687/4 1218/463/4 1227/908/4
f 1227/908/4 1218/463/4 1228/824/4
f 1208/690/4 1238/541/4 1237/542/4
f 1228/824/4 1218/463/4 1229/744/4
f 1229/744/4 1218/463/4 1230/605/4
f 1230/605/4 1218/463/4 1231/604/4
f 1231/604/4 1218/463/4 1232/917/4
f 1216/490/4 1235/489/4 1234/464/4
f 1232/917/4 1218/463/4 1233/462/4
f 1306/670/4 1307/671/4 1309/663/4
f 1307/671/4 1308/664/4 1309/663/4
f 1315/662/4 1316/164/4 1314/543/4
f 1316/164/4 1305/163/4 1314/543/4
f 1305/163/4 1306/670/4 1310/465/4
f 1306/670/4 1309/663/4 1310/465/4
f 1310/465/4 1311/698/4 1313/466/4
f 1311/698/4 1312/699/4 1313/466/4
f 1313/466/4 1314/543/4 1305/163/4
f 474/163/4 475/539/4 477/467/4
f 475/539/4 476/635/4 477/467/4
f 477/467/4 478/514/4 479/164/4
f 994/163/4 995/539/4 997/467/4
f 995/539/4 996/635/4 997/467/4
f 997/467/4 998/514/4 999/164/4
f 1700/428/4 1699/301/4 1702/324/4
f 1518/219/4 1519/164/4 1516/163/4
f 1071/1202/4 1072/1209/4 1099/467/4
f 1099/467/4 1100/713/4 1068/1222/4
f 1100/713/4 1067/1485/4 1068/1222/4
f 1070/417/4 1071/1202/4 1099/467/4
f 1099/467/4 1068/1222/4 1069/468/4
f 1326/1513/4 1327/1264/4 1352/873/4
f 1327/1264/4 1328/1266/4 1352/873/4
f 1326/1513/4 1353/872/4 1354/1258/4
f 1328/1266/4 1329/1519/4 1351/1406/4
f 1329/1519/4 1330/1404/4 1351/1406/4
f 1328/1266/4 1351/1406/4 1352/873/4
f 1330/1404/4 1331/862/4 1350/1517/4
f 1331/862/4 1332/863/4 1350/1517/4
f 1330/1404/4 1350/1517/4 1351/1406/4
f 1332/863/4 1333/1254/4 1350/1517/4
f 1333/1254/4 1334/1503/4 1349/470/4
f 1334/1503/4 1335/471/4 1349/470/4
f 1335/471/4 1336/1255/4 1348/469/4
f 1348/469/4 1336/1255/4 1347/1504/4
f 1336/1255/4 1337/1510/4 1347/1504/4
f 1337/1510/4 1338/1402/4 1347/1504/4
f 1346/1256/4 1338/1402/4 1339/1251/4
f 1339/1251/4 1340/1250/4 1343/1403/4
f 1343/1403/4 1340/1250/4 1342/1516/4
f 1318/854/4 1319/1271/4 1362/1257/4
f 1319/1271/4 1320/1272/4 1359/474/4
f 1362/1257/4 1319/1271/4 1361/1261/4
f 1320/1272/4 1321/1521/4 1359/474/4
f 1321/1521/4 1322/1408/4 1359/474/4
f 1322/1408/4 1323/878/4 1359/474/4
f 1323/878/4 1324/879/4 1359/474/4
f 1324/879/4 1325/472/4 1359/474/4
f 1359/474/4 1360/1262/4 1319/1271/4
f 1340/1250/4 1317/163/4 1363/164/4
f 1341/1514/4 1340/1250/4 1363/164/4
f 1338/1402/4 1346/1256/4 1347/1504/4
f 1346/1256/4 1339/1251/4 1345/868/4
f 1353/872/4 1326/1513/4 1352/873/4
f 1357/1268/4 1358/473/4 1326/1513/4
f 1356/1269/4 1357/1268/4 1326/1513/4
f 1340/1250/4 1341/1514/4 1342/1516/4
f 1360/1262/4 1361/1261/4 1319/1271/4
f 1355/1507/4 1356/1269/4 1326/1513/4
f 1354/1258/4 1355/1507/4 1326/1513/4
f 1318/854/4 1362/1257/4 1317/163/4
f 1362/1257/4 1363/164/4 1317/163/4
f 1350/1517/4 1333/1254/4 1349/470/4
f 1339/1251/4 1343/1403/4 1344/867/4
f 1339/1251/4 1344/867/4 1345/868/4
f 1325/472/4 1326/1513/4 1358/473/4
f 823/1437/4 824/1108/4 845/467/4
f 824/1108/4 825/1110/4 845/467/4
f 823/1437/4 845/467/4 846/1439/4
f 825/1110/4 826/1436/4 845/467/4
f 826/1436/4 827/1285/4 831/301/4
f 827/1285/4 828/635/4 829/704/4
f 829/704/4 830/1129/4 827/1285/4
f 830/1129/4 831/301/4 827/1285/4
f 831/301/4 832/1537/4 845/467/4
f 832/1537/4 833/1101/4 844/1111/4
f 845/467/4 832/1537/4 844/1111/4
f 833/1101/4 834/1216/4 844/1111/4
f 834/1216/4 835/475/4 843/1434/4
f 839/1286/4 835/475/4 838/1438/4
f 791/163/4 792/1304/4 858/1433/4
f 791/163/4 858/1433/4 835/475/4
f 858/1433/4 836/1106/4 835/475/4
f 835/475/4 839/1286/4 840/709/4
f 826/1436/4 831/301/4 845/467/4
f 835/475/4 836/1106/4 837/1107/4
f 835/475/4 837/1107/4 838/1438/4
f 835/475/4 840/709/4 841/476/4
f 843/1434/4 844/1111/4 834/1216/4
f 842/428/4 843/1434/4 835/475/4
f 1099/467/4 1072/1209/4 1098/1227/4
f 1072/1209/4 1073/717/4 1091/301/4
f 1098/1227/4 1072/1209/4 1097/1286/4
f 1073/717/4 1074/1487/4 1090/635/4
f 1072/1209/4 1095/1213/4 1096/1340/4
f 1096/1340/4 1097/1286/4 1072/1209/4
f 1093/1343/4 1094/353/4 1072/1209/4
f 1094/353/4 1095/1213/4 1072/1209/4
f 1091/301/4 1092/1216/4 1072/1209/4
f 1092/1216/4 1093/1343/4 1072/1209/4
f 1089/1110/4 1074/1487/4 1075/1224/4
f 1089/1110/4 1090/635/4 1074/1487/4
f 1090/635/4 1091/301/4 1073/717/4
f 1076/819/4 1088/823/4 1089/1110/4
f 1087/822/4 1088/823/4 1081/899/4
f 1078/1205/4 1088/823/4 1077/539/4
f 1085/1553/4 1086/508/4 1087/822/4
f 1112/1323/4 1113/164/4 1058/829/4
f 1113/164/4 1084/339/4 1083/478/4
f 1056/1197/4 1113/164/4 1055/1329/4
f 1110/1120/4 1111/324/4 1063/812/4
f 1111/324/4 1112/1323/4 1062/813/4
f 1059/1134/4 1112/1323/4 1058/829/4
f 1108/1192/4 1109/514/4 1065/832/4
f 1109/514/4 1110/1120/4 1064/513/4
f 1061/409/4 1112/1323/4 1060/1482/4
f 1106/1193/4 1107/1433/4 1101/1334/4
f 1107/1433/4 1108/1192/4 1066/1152/4
f 1104/515/4 1105/432/4 1102/1199/4
f 1105/432/4 1106/1193/4 1102/1199/4
f 1102/1199/4 1103/1200/4 1104/515/4
f 1100/713/4 1101/1334/4 1067/1485/4
f 1101/1334/4 1102/1199/4 1106/1193/4
f 1066/1152/4 1067/1485/4 1107/1433/4
f 1065/832/4 1066/1152/4 1108/1192/4
f 1067/1485/4 1101/1334/4 1107/1433/4
f 1112/1323/4 1061/409/4 1062/813/4
f 1112/1323/4 1059/1134/4 1060/1482/4
f 1084/339/4 1085/1553/4 1082/477/4
f 1085/1553/4 1087/822/4 1082/477/4
f 1088/823/4 1078/1205/4 1079/1350/4
f 1088/823/4 1076/819/4 1077/539/4
f 1075/1224/4 1076/819/4 1089/1110/4
f 1113/164/4 1056/1197/4 1057/1198/4
f 1064/513/4 1065/832/4 1109/514/4
f 1063/812/4 1064/513/4 1110/1120/4
f 1113/164/4 1057/1198/4 1058/829/4
f 1062/813/4 1063/812/4 1111/324/4
f 1088/823/4 1079/1350/4 1080/1228/4
f 1088/823/4 1080/1228/4 1081/899/4
f 1087/822/4 1081/899/4 1082/477/4
f 1055/1329/4 1113/164/4 1083/478/4
f 667/914/4 592/912/4 668/481/4
f 592/912/4 591/479/4 668/481/4
f 578/164/4 569/163/4 572/240/4
f 569/163/4 570/777/4 572/240/4
f 570/777/4 571/660/4 572/240/4
f 572/240/4 573/678/4 577/482/4
f 573/678/4 574/532/4 577/482/4
f 574/532/4 575/219/4 577/482/4
f 575/219/4 576/727/4 577/482/4
f 2187/163/4 2188/880/4 2193/870/4
f 2188/880/4 2189/881/4 2191/952/4
f 2189/881/4 2190/951/4 2191/952/4
f 2191/952/4 2192/869/4 2188/880/4
f 2192/869/4 2193/870/4 2188/880/4
f 2193/870/4 2194/1355/4 2187/163/4
f 2194/1355/4 2195/1081/4 2187/163/4
f 2195/1081/4 2196/1080/4 2187/163/4
f 2196/1080/4 2197/856/4 2187/163/4
f 2197/856/4 2198/855/4 2187/163/4
f 2198/855/4 2199/936/4 2187/163/4
f 2187/163/4 2199/936/4 2332/1093/4
f 2199/936/4 2200/932/4 2328/953/4
f 2200/932/4 2201/931/4 2326/941/4
f 2325/1083/4 2201/931/4 2324/948/4
f 2201/931/4 2202/937/4 2323/946/4
f 2202/937/4 2203/861/4 2315/1092/4
f 2201/931/4 2323/946/4 2324/948/4
f 2203/861/4 2204/860/4 2313/977/4
f 2204/860/4 2205/940/4 2224/539/4
f 2318/970/4 2202/937/4 2317/968/4
f 2205/940/4 2206/865/4 2223/976/4
f 2206/865/4 2207/864/4 2223/976/4
f 2205/940/4 2223/976/4 2224/539/4
f 2207/864/4 2208/945/4 2222/975/4
f 2208/945/4 2209/944/4 2222/975/4
f 2207/864/4 2222/975/4 2223/976/4
f 2209/944/4 2210/875/4 2222/975/4
f 2210/875/4 2211/874/4 2222/975/4
f 2211/874/4 2212/958/4 2221/886/4
f 2212/958/4 2213/957/4 2221/886/4
f 2213/957/4 2214/1095/4 2219/971/4
f 2214/1095/4 2215/626/4 2218/972/4
f 2219/971/4 2214/1095/4 2218/972/4
f 2215/626/4 2216/625/4 2217/1059/4
f 2217/1059/4 2218/972/4 2215/626/4
f 2219/971/4 2220/887/4 2213/957/4
f 2220/887/4 2221/886/4 2213/957/4
f 2221/886/4 2222/975/4 2211/874/4
f 2224/539/4 2225/1100/4 2204/860/4
f 2225/1100/4 2226/888/4 2312/1056/4
f 2226/888/4 2227/890/4 2303/1371/4
f 2226/888/4 2310/982/4 2311/1094/4
f 2310/982/4 2226/888/4 2309/980/4
f 2202/937/4 2318/970/4 2319/1090/4
f 2201/931/4 2325/1083/4 2326/941/4
f 2317/968/4 2202/937/4 2316/1054/4
f 2331/974/4 2332/1093/4 2199/936/4
f 2308/1057/4 2226/888/4 2307/965/4
f 2226/888/4 2308/1057/4 2309/980/4
f 2227/890/4 2228/892/4 2303/1371/4
f 2330/973/4 2331/974/4 2199/936/4
f 2329/954/4 2330/973/4 2199/936/4
f 2307/965/4 2226/888/4 2306/966/4
f 2228/892/4 2229/893/4 2302/986/4
f 2306/966/4 2226/888/4 2305/1364/4
f 2229/893/4 2230/985/4 2302/986/4
f 2328/953/4 2329/954/4 2199/936/4
f 2327/942/4 2328/953/4 2200/932/4
f 2261/903/4 2262/1019/4 2273/582/4
f 2262/1019/4 2263/1018/4 2270/559/4
f 2271/571/4 2262/1019/4 2270/559/4
f 2263/1018/4 2264/1123/4 2268/1133/4
f 2264/1123/4 2265/1066/4 2267/549/4
f 2265/1066/4 2266/550/4 2267/549/4
f 2267/549/4 2268/1133/4 2264/1123/4
f 2268/1133/4 2269/560/4 2263/1018/4
f 2269/560/4 2270/559/4 2263/1018/4
f 2271/571/4 2272/581/4 2262/1019/4
f 2272/581/4 2273/582/4 2262/1019/4
f 2260/901/4 2274/589/4 2275/595/4
f 2273/582/4 2274/589/4 2261/903/4
f 2258/990/4 2275/595/4 2257/1377/4
f 2275/595/4 2276/596/4 2257/1377/4
f 2276/596/4 2277/601/4 2253/1384/4
f 2253/1384/4 2277/601/4 2252/1385/4
f 2277/601/4 2278/600/4 2250/1146/4
f 2278/600/4 2279/485/4 2246/1003/4
f 2277/601/4 2251/1389/4 2252/1385/4
f 2279/485/4 2280/577/4 2242/519/4
f 2280/577/4 2281/574/4 2240/629/4
f 2238/1375/4 2281/574/4 2282/567/4
f 2282/567/4 2283/565/4 2299/993/4
f 2238/1375/4 2299/993/4 2300/1410/4
f 2283/565/4 2284/1142/4 2298/994/4
f 2284/1142/4 2285/556/4 2298/994/4
f 2285/556/4 2286/555/4 2297/1001/4
f 2286/555/4 2287/1013/4 2295/1006/4
f 2287/1013/4 2288/1014/4 2294/1005/4
f 2288/1014/4 2289/1112/4 2291/1009/4
f 2289/1112/4 2290/1060/4 2291/1009/4
f 2291/1009/4 2292/1010/4 2288/1014/4
f 2292/1010/4 2293/1104/4 2288/1014/4
f 2293/1104/4 2294/1005/4 2288/1014/4
f 2294/1005/4 2295/1006/4 2287/1013/4
f 2295/1006/4 2296/999/4 2286/555/4
f 2296/999/4 2297/1001/4 2286/555/4
f 2297/1001/4 2298/994/4 2285/556/4
f 2298/994/4 2299/993/4 2283/565/4
f 2300/1410/4 2301/987/4 2237/1531/4
f 2235/898/4 2302/986/4 2234/1373/4
f 2301/987/4 2302/986/4 2236/897/4
f 2302/986/4 2303/1371/4 2228/892/4
f 2233/1530/4 2302/986/4 2232/896/4
f 2302/986/4 2235/898/4 2236/897/4
f 2302/986/4 2233/1530/4 2234/1373/4
f 2281/574/4 2238/1375/4 2239/905/4
f 2299/993/4 2238/1375/4 2282/567/4
f 2251/1389/4 2277/601/4 2250/1146/4
f 2274/589/4 2260/901/4 2261/903/4
f 2275/595/4 2258/990/4 2259/992/4
f 2259/992/4 2260/901/4 2275/595/4
f 2303/1371/4 2304/1365/4 2226/888/4
f 2276/596/4 2253/1384/4 2254/1379/4
f 2326/941/4 2327/942/4 2200/932/4
f 2256/1139/4 2257/1377/4 2276/596/4
f 2255/1140/4 2256/1139/4 2276/596/4
f 2254/1379/4 2255/1140/4 2276/596/4
f 2323/946/4 2202/937/4 2322/962/4
f 2322/962/4 2202/937/4 2321/960/4
f 2321/960/4 2202/937/4 2320/1052/4
f 2320/1052/4 2202/937/4 2319/1090/4
f 2316/1054/4 2202/937/4 2315/1092/4
f 2315/1092/4 2203/861/4 2314/979/4
f 2314/979/4 2203/861/4 2313/977/4
f 2313/977/4 2204/860/4 2225/1100/4
f 2312/1056/4 2313/977/4 2225/1100/4
f 2311/1094/4 2312/1056/4 2226/888/4
f 2305/1364/4 2226/888/4 2304/1365/4
f 2230/985/4 2231/894/4 2302/986/4
f 2231/894/4 2232/896/4 2302/986/4
f 2301/987/4 2236/897/4 2237/1531/4
f 2250/1146/4 2278/600/4 2249/1147/4
f 2300/1410/4 2237/1531/4 2238/1375/4
f 2249/1147/4 2278/600/4 2248/1136/4
f 2248/1136/4 2278/600/4 2247/1137/4
f 2281/574/4 2239/905/4 2240/629/4
f 2247/1137/4 2278/600/4 2246/1003/4
f 2280/577/4 2240/629/4 2241/998/4
f 2245/1004/4 2246/1003/4 2279/485/4
f 2280/577/4 2241/998/4 2242/519/4
f 2244/484/4 2245/1004/4 2279/485/4
f 2279/485/4 2242/519/4 2243/483/4
f 772/164/4 683/163/4 727/488/4
f 683/163/4 684/676/4 727/488/4
f 684/676/4 685/739/4 726/950/4
f 685/739/4 686/1217/4 726/950/4
f 684/676/4 726/950/4 727/488/4
f 686/1217/4 687/655/4 725/949/4
f 687/655/4 688/657/4 725/949/4
f 723/645/4 689/963/4 722/1208/4
f 688/657/4 689/963/4 723/645/4
f 689/963/4 690/964/4 722/1208/4
f 720/684/4 691/693/4 719/685/4
f 690/964/4 691/693/4 720/684/4
f 691/693/4 692/694/4 718/1281/4
f 718/1281/4 692/694/4 717/815/4
f 692/694/4 693/834/4 716/816/4
f 693/834/4 694/835/4 714/826/4
f 694/835/4 695/1055/4 711/1348/4
f 695/1055/4 696/751/4 709/746/4
f 708/747/4 696/751/4 707/1280/4
f 696/751/4 697/752/4 707/1280/4
f 697/752/4 698/1221/4 706/1431/4
f 707/1280/4 697/752/4 706/1431/4
f 698/1221/4 699/651/4 705/1207/4
f 699/651/4 700/652/4 704/679/4
f 700/652/4 701/955/4 704/679/4
f 701/955/4 702/956/4 704/679/4
f 702/956/4 703/680/4 704/679/4
f 704/679/4 705/1207/4 699/651/4
f 706/1431/4 698/1221/4 705/1207/4
f 696/751/4 708/747/4 709/746/4
f 693/834/4 714/826/4 715/825/4
f 770/934/4 728/486/4 769/935/4
f 770/934/4 771/487/4 728/486/4
f 771/487/4 772/164/4 727/488/4
f 729/510/4 769/935/4 728/486/4
f 768/512/4 769/935/4 729/510/4
f 731/943/4 767/637/4 730/511/4
f 766/1184/4 767/637/4 731/943/4
f 767/637/4 768/512/4 730/511/4
f 766/1184/4 732/667/4 733/669/4
f 764/725/4 765/724/4 735/1201/4
f 765/724/4 766/1184/4 733/669/4
f 764/725/4 736/641/4 737/642/4
f 762/789/4 763/1025/4 740/797/4
f 763/1025/4 764/725/4 738/801/4
f 762/789/4 740/797/4 741/798/4
f 760/665/4 761/790/4 745/1033/4
f 761/790/4 762/789/4 742/804/4
f 758/929/4 759/666/4 749/939/4
f 759/666/4 760/665/4 747/514/4
f 746/1204/4 760/665/4 745/1033/4
f 756/639/4 757/930/4 752/672/4
f 757/930/4 758/929/4 750/938/4
f 751/673/4 757/930/4 750/938/4
f 754/1196/4 755/638/4 752/672/4
f 755/638/4 756/639/4 752/672/4
f 752/672/4 753/736/4 754/1196/4
f 751/673/4 752/672/4 757/930/4
f 760/665/4 746/1204/4 747/514/4
f 761/790/4 742/804/4 743/805/4
f 736/641/4 764/725/4 735/1201/4
f 732/667/4 766/1184/4 731/943/4
f 690/964/4 720/684/4 721/743/4
f 693/834/4 715/825/4 716/816/4
f 730/511/4 768/512/4 729/510/4
f 761/790/4 743/805/4 744/1031/4
f 740/797/4 763/1025/4 739/802/4
f 742/804/4 762/789/4 741/798/4
f 749/939/4 750/938/4 758/929/4
f 748/643/4 749/939/4 759/666/4
f 695/1055/4 709/746/4 710/1520/4
f 695/1055/4 710/1520/4 711/1348/4
f 747/514/4 748/643/4 759/666/4
f 694/835/4 711/1348/4 712/821/4
f 744/1031/4 745/1033/4 761/790/4
f 694/835/4 712/821/4 713/820/4
f 694/835/4 713/820/4 714/826/4
f 692/694/4 716/816/4 717/815/4
f 691/693/4 718/1281/4 719/685/4
f 739/802/4 763/1025/4 738/801/4
f 738/801/4 764/725/4 737/642/4
f 690/964/4 721/743/4 722/1208/4
f 735/1201/4 765/724/4 734/730/4
f 734/730/4 765/724/4 733/669/4
f 688/657/4 723/645/4 724/647/4
f 688/657/4 724/647/4 725/949/4
f 686/1217/4 725/949/4 726/950/4
f 619/1036/4 618/610/4 640/489/4
f 618/610/4 617/754/4 640/489/4
f 641/702/4 617/754/4 616/840/4
f 616/840/4 615/691/4 641/702/4
f 641/702/4 615/691/4 614/690/4
f 614/690/4 613/757/4 642/542/4
f 642/542/4 613/757/4 612/540/4
f 612/540/4 611/1070/4 643/541/4
f 644/916/4 611/1070/4 610/658/4
f 610/658/4 609/659/4 645/706/4
f 647/920/4 609/659/4 608/719/4
f 608/719/4 607/339/4 649/1041/4
f 650/925/4 607/339/4 651/926/4
f 607/339/4 606/722/4 651/926/4
f 606/722/4 605/780/4 653/1064/4
f 654/764/4 605/780/4 655/432/4
f 605/780/4 604/784/4 655/432/4
f 604/784/4 603/785/4 657/928/4
f 655/432/4 604/784/4 656/1260/4
f 603/785/4 602/1075/4 658/923/4
f 602/1075/4 601/1076/4 659/924/4
f 603/785/4 658/923/4 657/928/4
f 601/1076/4 600/1072/4 662/649/4
f 600/1072/4 599/1073/4 664/509/4
f 599/1073/4 598/1097/4 665/506/4
f 598/1097/4 597/1098/4 666/505/4
f 599/1073/4 665/506/4 664/509/4
f 597/1098/4 596/921/4 666/505/4
f 596/921/4 595/653/4 667/914/4
f 595/653/4 594/654/4 667/914/4
f 594/654/4 593/711/4 667/914/4
f 593/711/4 592/912/4 667/914/4
f 667/914/4 666/505/4 596/921/4
f 598/1097/4 666/505/4 665/506/4
f 600/1072/4 664/509/4 663/918/4
f 607/339/4 650/925/4 649/1041/4
f 605/780/4 654/764/4 653/1064/4
f 611/1070/4 644/916/4 643/541/4
f 609/659/4 647/920/4 646/705/4
f 642/542/4 612/540/4 643/541/4
f 620/1037/4 619/1036/4 640/489/4
f 617/754/4 641/702/4 640/489/4
f 622/490/4 621/1091/4 640/489/4
f 621/1091/4 620/1037/4 640/489/4
f 624/463/4 623/1030/4 639/464/4
f 623/1030/4 622/490/4 639/464/4
f 624/463/4 638/462/4 625/1089/4
f 626/634/4 625/1089/4 637/917/4
f 626/634/4 636/604/4 627/627/4
f 628/628/4 627/627/4 634/744/4
f 628/628/4 633/824/4 632/1034/4
f 630/808/4 629/578/4 682/1236/4
f 629/578/4 628/628/4 632/1034/4
f 682/1236/4 629/578/4 631/1392/4
f 580/624/4 579/809/4 679/910/4
f 579/809/4 630/808/4 680/591/4
f 677/523/4 581/525/4 580/624/4
f 582/631/4 581/525/4 676/524/4
f 582/631/4 676/524/4 675/741/4
f 584/584/4 583/583/4 672/607/4
f 583/583/4 582/631/4 673/830/4
f 674/740/4 582/631/4 675/741/4
f 586/738/4 585/818/4 670/836/4
f 585/818/4 584/584/4 671/492/4
f 588/602/4 587/603/4 669/480/4
f 587/603/4 586/738/4 670/836/4
f 590/640/4 589/833/4 669/480/4
f 589/833/4 588/602/4 669/480/4
f 669/480/4 591/479/4 590/640/4
f 670/836/4 669/480/4 587/603/4
f 584/584/4 672/607/4 671/492/4
f 582/631/4 674/740/4 673/830/4
f 581/525/4 677/523/4 676/524/4
f 633/824/4 628/628/4 634/744/4
f 636/604/4 626/634/4 637/917/4
f 638/462/4 624/463/4 639/464/4
f 609/659/4 646/705/4 645/706/4
f 656/1260/4 604/784/4 657/928/4
f 631/1392/4 629/578/4 632/1034/4
f 627/627/4 636/604/4 635/605/4
f 671/492/4 670/836/4 585/818/4
f 600/1072/4 663/918/4 662/649/4
f 673/830/4 672/607/4 583/583/4
f 601/1076/4 662/649/4 661/648/4
f 601/1076/4 661/648/4 660/714/4
f 601/1076/4 660/714/4 659/924/4
f 677/523/4 580/624/4 678/636/4
f 659/924/4 658/923/4 602/1075/4
f 678/636/4 580/624/4 679/910/4
f 679/910/4 579/809/4 680/591/4
f 606/722/4 653/1064/4 652/1077/4
f 681/590/4 680/591/4 630/808/4
f 682/1236/4 681/590/4 630/808/4
f 606/722/4 652/1077/4 651/926/4
f 634/744/4 627/627/4 635/605/4
f 610/658/4 645/706/4 644/916/4
f 608/719/4 649/1041/4 648/919/4
f 608/719/4 648/919/4 647/920/4
f 637/917/4 625/1089/4 638/462/4
f 614/690/4 642/542/4 641/702/4
f 1717/670/4 1718/671/4 1720/663/4
f 1718/671/4 1719/664/4 1720/663/4
f 1726/662/4 1727/164/4 1725/543/4
f 1727/164/4 1716/163/4 1725/543/4
f 1716/163/4 1717/670/4 1721/465/4
f 1717/670/4 1720/663/4 1721/465/4
f 1721/465/4 1722/698/4 1724/466/4
f 1722/698/4 1723/699/4 1724/466/4
f 1724/466/4 1725/543/4 1716/163/4
f 785/163/4 786/539/4 788/467/4
f 786/539/4 787/635/4 788/467/4
f 788/467/4 789/514/4 790/164/4
f 1757/695/4 1756/491/4 1835/493/4
f 1756/491/4 1838/830/4 1837/607/4
f 1756/491/4 1837/607/4 1836/492/4
f 1835/493/4 1758/640/4 1757/695/4
f 774/670/4 775/671/4 777/663/4
f 775/671/4 776/664/4 777/663/4
f 783/662/4 784/164/4 782/543/4
f 784/164/4 773/163/4 782/543/4
f 773/163/4 774/670/4 778/465/4
f 774/670/4 777/663/4 778/465/4
f 778/465/4 779/698/4 781/466/4
f 779/698/4 780/699/4 781/466/4
f 781/466/4 782/543/4 773/163/4
f 895/792/4 896/793/4 897/876/4
f 981/846/4 982/164/4 895/792/4
f 981/846/4 895/792/4 897/876/4
f 981/846/4 897/876/4 898/877/4
f 980/781/4 981/846/4 898/877/4
f 980/781/4 898/877/4 899/1165/4
f 979/782/4 980/781/4 902/794/4
f 980/781/4 899/1165/4 900/1330/4
f 980/781/4 900/1330/4 901/670/4
f 978/1327/4 979/782/4 937/788/4
f 980/781/4 901/670/4 902/794/4
f 977/988/4 978/1327/4 937/788/4
f 979/782/4 902/794/4 936/532/4
f 937/788/4 979/782/4 936/532/4
f 976/759/4 977/988/4 937/788/4
f 902/794/4 903/1361/4 936/532/4
f 975/760/4 976/759/4 937/788/4
f 903/1361/4 904/882/4 936/532/4
f 945/1358/4 973/504/4 943/778/4
f 973/504/4 974/662/4 937/788/4
f 945/1358/4 943/778/4 944/502/4
f 974/662/4 975/760/4 937/788/4
f 904/882/4 905/777/4 936/532/4
f 942/466/4 973/504/4 941/997/4
f 942/466/4 943/778/4 973/504/4
f 940/766/4 941/997/4 973/504/4
f 938/866/4 939/765/4 973/504/4
f 939/765/4 940/766/4 973/504/4
f 938/866/4 973/504/4 937/788/4
f 905/777/4 906/776/4 936/532/4
f 907/1007/4 908/884/4 935/1328/4
f 908/884/4 909/787/4 911/1015/4
f 907/1007/4 936/532/4 906/776/4
f 936/532/4 907/1007/4 935/1328/4
f 909/787/4 910/786/4 911/1015/4
f 911/1015/4 912/1335/4 908/884/4
f 912/1335/4 913/799/4 908/884/4
f 913/799/4 914/800/4 908/884/4
f 914/800/4 915/663/4 908/884/4
f 915/663/4 916/1312/4 908/884/4
f 916/1312/4 917/494/4 908/884/4
f 917/494/4 918/1366/4 919/891/4
f 917/494/4 919/891/4 920/465/4
f 934/699/4 935/1328/4 917/494/4
f 917/494/4 935/1328/4 908/884/4
f 917/494/4 920/465/4 921/1177/4
f 917/494/4 921/1177/4 922/1363/4
f 933/771/4 934/699/4 917/494/4
f 931/871/4 932/772/4 928/795/4
f 932/772/4 933/771/4 917/494/4
f 929/796/4 930/1359/4 931/871/4
f 927/1331/4 928/795/4 917/494/4
f 928/795/4 929/796/4 931/871/4
f 925/698/4 926/1011/4 917/494/4
f 926/1011/4 927/1331/4 917/494/4
f 924/496/4 925/698/4 917/494/4
f 917/494/4 928/795/4 932/772/4
f 917/494/4 922/1363/4 923/495/4
f 1017/164/4 1008/163/4 1011/240/4
f 1008/163/4 1009/777/4 1011/240/4
f 1009/777/4 1010/660/4 1011/240/4
f 1011/240/4 1012/678/4 1016/482/4
f 1012/678/4 1013/532/4 1016/482/4
f 1013/532/4 1014/219/4 1016/482/4
f 1014/219/4 1015/727/4 1016/482/4
f 876/729/4 803/1124/4 875/1303/4
f 803/1124/4 804/417/4 870/1150/4
f 875/1303/4 803/1124/4 874/1449/4
f 804/417/4 805/1447/4 810/539/4
f 805/1447/4 806/1300/4 809/1145/4
f 810/539/4 805/1447/4 809/1145/4
f 806/1300/4 807/717/4 808/718/4
f 808/718/4 809/1145/4 806/1300/4
f 810/539/4 811/1119/4 870/1150/4
f 811/1119/4 812/1118/4 870/1150/4
f 810/539/4 870/1150/4 804/417/4
f 812/1118/4 813/1294/4 869/723/4
f 813/1294/4 814/1293/4 867/1302/4
f 814/1293/4 815/1441/4 848/713/4
f 815/1441/4 816/339/4 847/1288/4
f 814/1293/4 848/713/4 849/712/4
f 816/339/4 817/1116/4 846/1439/4
f 817/1116/4 818/1442/4 846/1439/4
f 818/1442/4 819/823/4 823/1437/4
f 819/823/4 820/715/4 822/1141/4
f 820/715/4 821/240/4 822/1141/4
f 822/1141/4 823/1437/4 819/823/4
f 823/1437/4 846/1439/4 818/1442/4
f 846/1439/4 847/1288/4 816/339/4
f 870/1150/4 812/1118/4 869/723/4
f 874/1449/4 803/1124/4 873/1126/4
f 848/713/4 815/1441/4 847/1288/4
f 814/1293/4 849/712/4 850/1138/4
f 873/1126/4 803/1124/4 872/1127/4
f 872/1127/4 803/1124/4 871/1323/4
f 814/1293/4 850/1138/4 851/1334/4
f 871/1323/4 803/1124/4 870/1150/4
f 814/1293/4 851/1334/4 852/219/4
f 869/723/4 813/1294/4 868/324/4
f 814/1293/4 852/219/4 853/1113/4
f 814/1293/4 853/1113/4 854/1200/4
f 868/324/4 813/1294/4 867/1302/4
f 814/1293/4 854/1200/4 855/1289/4
f 814/1293/4 855/1289/4 860/720/4
f 855/1289/4 856/432/4 860/720/4
f 866/1446/4 867/1302/4 814/1293/4
f 856/432/4 857/497/4 859/498/4
f 857/497/4 858/1433/4 792/1304/4
f 792/1304/4 793/1306/4 881/1452/4
f 793/1306/4 794/1451/4 880/1130/4
f 881/1452/4 793/1306/4 880/1130/4
f 794/1451/4 795/1134/4 802/535/4
f 795/1134/4 796/1135/4 802/535/4
f 796/1135/4 797/1454/4 802/535/4
f 797/1454/4 798/812/4 802/535/4
f 798/812/4 799/733/4 800/734/4
f 800/734/4 801/1152/4 798/812/4
f 801/1152/4 802/535/4 798/812/4
f 802/535/4 880/1130/4 794/1451/4
f 865/1120/4 866/1446/4 814/1293/4
f 864/1121/4 865/1120/4 814/1293/4
f 863/1444/4 864/1121/4 814/1293/4
f 862/514/4 863/1444/4 814/1293/4
f 792/1304/4 881/1452/4 882/164/4
f 857/497/4 792/1304/4 882/164/4
f 861/721/4 862/514/4 814/1293/4
f 860/720/4 861/721/4 814/1293/4
f 856/432/4 859/498/4 860/720/4
f 92/1036/4 90/610/4 128/489/4
f 90/610/4 89/754/4 128/489/4
f 130/702/4 89/754/4 87/840/4
f 87/840/4 85/691/4 130/702/4
f 130/702/4 85/691/4 83/690/4
f 83/690/4 82/757/4 132/542/4
f 132/542/4 82/757/4 81/540/4
f 81/540/4 80/1070/4 134/541/4
f 136/916/4 80/1070/4 78/658/4
f 78/658/4 76/659/4 138/706/4
f 142/920/4 76/659/4 74/719/4
f 74/719/4 73/339/4 146/1041/4
f 146/1041/4 73/339/4 147/925/4
f 73/339/4 70/722/4 148/926/4
f 70/722/4 68/780/4 151/1064/4
f 151/1064/4 68/780/4 154/764/4
f 68/780/4 66/784/4 155/432/4
f 66/784/4 65/785/4 157/1069/4
f 68/780/4 155/432/4 154/764/4
f 65/785/4 63/1075/4 157/1069/4
f 63/1075/4 61/1076/4 157/1069/4
f 61/1076/4 59/1072/4 157/1069/4
f 59/1072/4 56/1073/4 157/1069/4
f 56/1073/4 55/507/4 157/1069/4
f 157/1069/4 155/432/4 66/784/4
f 76/659/4 142/920/4 140/705/4
f 80/1070/4 136/916/4 134/541/4
f 136/916/4 78/658/4 138/706/4
f 89/754/4 130/702/4 128/489/4
f 130/702/4 83/690/4 132/542/4
f 97/1091/4 94/1037/4 128/489/4
f 94/1037/4 92/1036/4 128/489/4
f 100/1030/4 99/490/4 127/464/4
f 99/490/4 97/1091/4 128/489/4
f 100/1030/4 127/464/4 101/463/4
f 102/1089/4 101/463/4 124/462/4
f 102/1089/4 122/917/4 103/634/4
f 104/627/4 103/634/4 120/604/4
f 104/627/4 119/605/4 116/744/4
f 106/578/4 105/628/4 113/1034/4
f 105/628/4 104/627/4 116/744/4
f 106/578/4 113/1034/4 111/1392/4
f 21/809/4 109/808/4 199/591/4
f 109/808/4 106/578/4 203/1236/4
f 21/809/4 199/591/4 197/910/4
f 24/525/4 22/624/4 193/523/4
f 22/624/4 21/809/4 197/910/4
f 193/523/4 22/624/4 196/636/4
f 27/583/4 25/631/4 185/830/4
f 25/631/4 24/525/4 191/524/4
f 191/524/4 24/525/4 193/523/4
f 31/818/4 28/584/4 184/607/4
f 28/584/4 27/583/4 184/607/4
f 185/830/4 25/631/4 188/740/4
f 34/603/4 33/738/4 184/607/4
f 33/738/4 31/818/4 184/607/4
f 39/833/4 36/602/4 184/607/4
f 36/602/4 34/603/4 184/607/4
f 185/830/4 184/607/4 27/583/4
f 119/605/4 104/627/4 120/604/4
f 122/917/4 102/1089/4 124/462/4
f 74/719/4 146/1041/4 144/919/4
f 74/719/4 144/919/4 142/920/4
f 113/1034/4 105/628/4 114/824/4
f 103/634/4 122/917/4 120/604/4
f 114/824/4 105/628/4 116/744/4
f 25/631/4 191/524/4 189/741/4
f 196/636/4 22/624/4 197/910/4
f 189/741/4 188/740/4 25/631/4
f 70/722/4 151/1064/4 150/1077/4
f 70/722/4 150/1077/4 148/926/4
f 73/339/4 148/926/4 147/925/4
f 76/659/4 140/705/4 138/706/4
f 199/591/4 109/808/4 201/590/4
f 201/590/4 109/808/4 203/1236/4
f 81/540/4 134/541/4 132/542/4
f 203/1236/4 106/578/4 111/1392/4
f 128/489/4 127/464/4 99/490/4
f 985/240/4 984/500/4 986/353/4
f 984/500/4 983/163/4 987/219/4
f 983/163/4 989/164/4 988/499/4
f 987/219/4 986/353/4 984/500/4
f 992/219/4 993/164/4 990/163/4
f 1019/670/4 1020/671/4 1022/663/4
f 1020/671/4 1021/664/4 1022/663/4
f 1028/662/4 1029/164/4 1027/543/4
f 1029/164/4 1018/163/4 1027/543/4
f 1018/163/4 1019/670/4 1023/465/4
f 1019/670/4 1022/663/4 1023/465/4
f 1023/465/4 1024/698/4 1026/466/4
f 1024/698/4 1025/699/4 1026/466/4
f 1026/466/4 1027/543/4 1018/163/4
f 1004/428/4 1003/301/4 1006/324/4
f 1036/353/4 1035/806/4 1037/501/4
f 1035/806/4 1034/240/4 1037/501/4
f 1034/240/4 1033/899/4 1037/501/4
f 1033/899/4 1032/500/4 1037/501/4
f 1032/500/4 1031/1022/4 1040/499/4
f 1031/1022/4 1030/163/4 1040/499/4
f 1030/163/4 1042/164/4 1040/499/4
f 1042/164/4 1041/904/4 1040/499/4
f 1040/499/4 1039/1023/4 1032/500/4
f 1039/1023/4 1038/219/4 1032/500/4
f 2002/502/4 2003/1358/4 2030/503/4
f 2094/479/4 2093/640/4 2170/481/4
f 2093/640/4 2092/833/4 2170/481/4
f 2171/700/4 2092/833/4 2091/602/4
f 2091/602/4 2090/603/4 2171/700/4
f 2171/700/4 2090/603/4 2089/738/4
f 2089/738/4 2088/818/4 2172/836/4
f 2173/492/4 2088/818/4 2087/584/4
f 2087/584/4 2086/583/4 2174/607/4
f 2175/830/4 2085/631/4 2176/740/4
f 2086/583/4 2085/631/4 2175/830/4
f 2085/631/4 2084/525/4 2178/524/4
f 2084/525/4 2083/624/4 2179/523/4
f 2083/624/4 2082/809/4 2181/593/4
f 2182/592/4 2082/809/4 2183/591/4
f 2082/809/4 2132/808/4 2183/591/4
f 2132/808/4 2131/1237/4 2185/814/4
f 2131/1237/4 2130/906/4 2133/687/4
f 2130/906/4 2129/683/4 2135/824/4
f 2131/1237/4 2186/689/4 2185/814/4
f 2129/683/4 2128/682/4 2137/605/4
f 2128/682/4 2127/634/4 2137/605/4
f 2127/634/4 2126/633/4 2137/605/4
f 2126/633/4 2125/598/4 2137/605/4
f 2125/598/4 2124/597/4 2137/605/4
f 2124/597/4 2123/731/4 2137/605/4
f 2123/731/4 2122/517/4 2137/605/4
f 2137/605/4 2136/744/4 2129/683/4
f 2186/689/4 2131/1237/4 2133/687/4
f 2135/824/4 2129/683/4 2136/744/4
f 2082/809/4 2182/592/4 2181/593/4
f 2132/808/4 2185/814/4 2184/590/4
f 2085/631/4 2178/524/4 2177/741/4
f 2088/818/4 2173/492/4 2172/836/4
f 2173/492/4 2087/584/4 2174/607/4
f 2095/912/4 2094/479/4 2170/481/4
f 2092/833/4 2171/700/4 2170/481/4
f 2097/654/4 2096/711/4 2170/481/4
f 2096/711/4 2095/912/4 2170/481/4
f 2099/921/4 2098/653/4 2169/914/4
f 2098/653/4 2097/654/4 2169/914/4
f 2099/921/4 2168/505/4 2100/507/4
f 2101/770/4 2100/507/4 2167/506/4
f 2166/509/4 2102/769/4 2101/770/4
f 2103/775/4 2102/769/4 2165/918/4
f 2103/775/4 2162/714/4 2104/774/4
f 2105/785/4 2104/774/4 2160/923/4
f 2105/785/4 2160/923/4 2159/928/4
f 2107/780/4 2106/784/4 2157/843/4
f 2106/784/4 2105/785/4 2158/844/4
f 2107/780/4 2156/848/4 2155/847/4
f 2109/339/4 2108/722/4 2153/926/4
f 2108/722/4 2107/780/4 2155/847/4
f 2109/339/4 2153/926/4 2152/925/4
f 2111/659/4 2110/719/4 2149/920/4
f 2110/719/4 2109/339/4 2151/1041/4
f 2151/1041/4 2109/339/4 2152/925/4
f 2113/1070/4 2112/658/4 2146/916/4
f 2112/658/4 2111/659/4 2147/706/4
f 2115/757/4 2114/540/4 2144/542/4
f 2114/540/4 2113/1070/4 2145/541/4
f 2117/691/4 2116/690/4 2143/702/4
f 2116/690/4 2115/757/4 2144/542/4
f 2119/754/4 2118/840/4 2143/702/4
f 2118/840/4 2117/691/4 2143/702/4
f 2121/518/4 2120/610/4 2142/489/4
f 2120/610/4 2119/754/4 2142/489/4
f 2139/1381/4 2138/516/4 2121/518/4
f 2140/428/4 2139/1381/4 2121/518/4
f 2119/754/4 2143/702/4 2142/489/4
f 2113/1070/4 2146/916/4 2145/541/4
f 2146/916/4 2112/658/4 2147/706/4
f 2111/659/4 2149/920/4 2148/705/4
f 2156/848/4 2107/780/4 2157/843/4
f 2162/714/4 2103/775/4 2163/648/4
f 2102/769/4 2166/509/4 2165/918/4
f 2168/505/4 2099/921/4 2169/914/4
f 2166/509/4 2101/770/4 2167/506/4
f 2085/631/4 2177/741/4 2176/740/4
f 2132/808/4 2184/590/4 2183/591/4
f 2160/923/4 2104/774/4 2161/924/4
f 2161/924/4 2104/774/4 2162/714/4
f 2110/719/4 2151/1041/4 2150/919/4
f 2153/926/4 2108/722/4 2154/1077/4
f 2141/911/4 2140/428/4 2121/518/4
f 2142/489/4 2141/911/4 2121/518/4
f 2135/824/4 2134/908/4 2130/906/4
f 2134/908/4 2133/687/4 2130/906/4
f 2144/542/4 2143/702/4 2116/690/4
f 2145/541/4 2144/542/4 2114/540/4
f 2148/705/4 2147/706/4 2111/659/4
f 2150/919/4 2149/920/4 2110/719/4
f 2083/624/4 2181/593/4 2180/636/4
f 2083/624/4 2180/636/4 2179/523/4
f 2084/525/4 2179/523/4 2178/524/4
f 2154/1077/4 2108/722/4 2155/847/4
f 2086/583/4 2175/830/4 2174/607/4
f 2157/843/4 2106/784/4 2158/844/4
f 2089/738/4 2172/836/4 2171/700/4
f 2159/928/4 2158/844/4 2105/785/4
f 2163/648/4 2103/775/4 2164/649/4
f 2097/654/4 2170/481/4 2169/914/4
f 2164/649/4 2103/775/4 2165/918/4
f 1143/478/4 1166/528/4 1173/164/4
f 1166/528/4 1167/1433/4 1168/1192/4
f 1173/164/4 1166/528/4 1172/1323/4
f 1168/1192/4 1169/514/4 1166/528/4
f 1169/514/4 1170/1120/4 1166/528/4
f 1170/1120/4 1171/324/4 1166/528/4
f 1171/324/4 1172/1323/4 1166/528/4
f 1144/339/4 1145/1553/4 1142/477/4
f 1145/1553/4 1146/508/4 1147/822/4
f 1147/822/4 1148/823/4 1141/899/4
f 1148/823/4 1149/1110/4 1136/819/4
f 1141/899/4 1148/823/4 1140/1228/4
f 1145/1553/4 1147/822/4 1142/477/4
f 1173/164/4 1144/339/4 1143/478/4
f 1149/1110/4 1150/635/4 1134/1487/4
f 1150/635/4 1151/301/4 1133/717/4
f 1151/301/4 1152/1216/4 1132/1223/4
f 1136/819/4 1149/1110/4 1135/1224/4
f 1152/1216/4 1153/1343/4 1132/1223/4
f 1153/1343/4 1154/353/4 1131/1202/4
f 1154/353/4 1155/1213/4 1131/1202/4
f 1155/1213/4 1156/1340/4 1131/1202/4
f 1156/1340/4 1157/1286/4 1131/1202/4
f 1157/1286/4 1158/1227/4 1131/1202/4
f 1131/1202/4 1158/1227/4 1130/417/4
f 1158/1227/4 1159/428/4 1130/417/4
f 1159/428/4 1160/713/4 1129/468/4
f 1124/513/4 1164/526/4 1123/812/4
f 1160/713/4 1161/1334/4 1127/1485/4
f 1161/1334/4 1162/1199/4 1164/526/4
f 1123/812/4 1164/526/4 1122/813/4
f 1162/1199/954 1163/1200/954 1164/526/954
f 1164/526/4 1114/163/4 1115/1488/4
f 1164/526/4 1115/1488/4 1116/1306/4
f 1122/813/4 1164/526/4 1121/409/4
f 1164/526/4 1124/513/4 1125/832/4
f 1151/301/4 1132/1223/4 1133/717/4
f 1140/1228/4 1148/823/4 1139/1350/4
f 1139/1350/4 1148/823/4 1138/1205/4
f 1142/477/4 1143/478/4 1144/339/4
f 1164/526/4 1125/832/4 1126/1152/4
f 1121/409/4 1164/526/4 1120/1482/4
f 1164/526/4 1116/1306/4 1117/828/4
f 1164/526/4 1117/828/4 1118/829/4
f 1141/899/4 1142/477/4 1147/822/4
f 1164/526/4 1118/829/4 1119/1134/4
f 1164/526/4 1119/1134/4 1120/1482/4
f 1138/1205/4 1148/823/4 1137/539/4
f 1137/539/4 1148/823/4 1136/819/4
f 1164/526/4 1126/1152/4 1161/1334/4
f 1135/1224/4 1149/1110/4 1134/1487/4
f 1161/1334/4 1126/1152/4 1127/1485/4
f 1134/1487/4 1150/635/4 1133/717/4
f 1160/713/4 1127/1485/4 1128/1222/4
f 1160/713/4 1128/1222/4 1129/468/4
f 1132/1223/4 1153/1343/4 1131/1202/4
f 885/539/4 887/635/4 886/508/4
f 893/164/4 884/513/4 883/163/4
f 883/163/4 885/539/4 886/508/4
f 1732/428/4 1731/301/4 1734/324/4
f 1186/479/4 1185/640/4 1263/481/4
f 1185/640/4 1184/833/4 1263/481/4
f 1264/700/4 1184/833/4 1183/602/4
f 1183/602/4 1182/603/4 1264/700/4
f 1264/700/4 1182/603/4 1181/738/4
f 1181/738/4 1180/818/4 1265/836/4
f 1266/492/4 1180/818/4 1179/584/4
f 1179/584/4 1178/583/4 1267/607/4
f 1268/830/4 1177/631/4 1269/740/4
f 1178/583/4 1177/631/4 1268/830/4
f 1177/631/4 1176/525/4 1271/524/4
f 1272/523/4 1176/525/4 1175/624/4
f 1175/624/4 1174/809/4 1274/593/4
f 1273/636/4 1175/624/4 1274/593/4
f 1174/809/4 1225/808/4 1276/591/4
f 1225/808/4 1224/1237/4 1277/590/4
f 1174/809/4 1275/592/4 1274/593/4
f 1224/1237/4 1223/906/4 1277/590/4
f 1223/906/4 1222/683/4 1277/590/4
f 1222/683/4 1221/682/4 1277/590/4
f 1221/682/4 1220/634/4 1277/590/4
f 1220/634/4 1219/1089/4 1277/590/4
f 1219/1089/4 1218/463/4 1277/590/4
f 1277/590/4 1276/591/4 1225/808/4
f 1175/624/4 1273/636/4 1272/523/4
f 1275/592/4 1174/809/4 1276/591/4
f 1176/525/4 1272/523/4 1271/524/4
f 1180/818/4 1266/492/4 1265/836/4
f 1187/912/4 1186/479/4 1263/481/4
f 1184/833/4 1264/700/4 1263/481/4
f 1189/654/4 1188/711/4 1263/481/4
f 1188/711/4 1187/912/4 1263/481/4
f 1189/654/4 1263/481/4 1262/914/4
f 1191/921/4 1190/653/4 1262/914/4
f 1190/653/4 1189/654/4 1262/914/4
f 1191/921/4 1261/505/4 1192/507/4
f 1193/770/4 1192/507/4 1260/506/4
f 1259/509/4 1194/769/4 1193/770/4
f 1195/775/4 1194/769/4 1258/918/4
f 1195/775/4 1255/714/4 1196/774/4
f 1197/785/4 1196/774/4 1253/923/4
f 1197/785/4 1252/928/4 1251/844/4
f 1199/780/4 1198/784/4 1250/843/4
f 1198/784/4 1197/785/4 1251/844/4
f 1199/780/4 1249/848/4 1248/847/4
f 1201/339/4 1200/722/4 1246/926/4
f 1200/722/4 1199/780/4 1248/847/4
f 1203/659/4 1202/719/4 1242/920/4
f 1202/719/4 1201/339/4 1244/1041/4
f 1245/925/4 1201/339/4 1246/926/4
f 1205/1070/4 1204/658/4 1242/920/4
f 1204/658/4 1203/659/4 1242/920/4
f 1207/757/4 1206/540/4 1242/920/4
f 1206/540/4 1205/1070/4 1242/920/4
f 1242/920/4 1208/690/4 1207/757/4
f 1243/919/4 1242/920/4 1202/719/4
f 1201/339/4 1245/925/4 1244/1041/4
f 1200/722/4 1248/847/4 1247/1077/4
f 1249/848/4 1199/780/4 1250/843/4
f 1252/928/4 1197/785/4 1253/923/4
f 1255/714/4 1195/775/4 1256/648/4
f 1194/769/4 1259/509/4 1258/918/4
f 1256/648/4 1195/775/4 1257/649/4
f 1261/505/4 1191/921/4 1262/914/4
f 1181/738/4 1265/836/4 1264/700/4
f 1200/722/4 1247/1077/4 1246/926/4
f 1244/1041/4 1243/919/4 1202/719/4
f 1177/631/4 1271/524/4 1270/741/4
f 1177/631/4 1270/741/4 1269/740/4
f 1178/583/4 1268/830/4 1267/607/4
f 1250/843/4 1198/784/4 1251/844/4
f 1179/584/4 1267/607/4 1266/492/4
f 1253/923/4 1196/774/4 1254/924/4
f 1254/924/4 1196/774/4 1255/714/4
f 1257/649/4 1195/775/4 1258/918/4
f 1259/509/4 1193/770/4 1260/506/4
f 43/479/4 41/640/4 177/481/4
f 41/640/4 39/833/4 177/481/4
f 178/700/4 39/833/4 179/836/4
f 39/833/4 184/607/4 181/492/4
f 39/833/4 181/492/4 179/836/4
f 44/912/4 43/479/4 177/481/4
f 39/833/4 178/700/4 177/481/4
f 48/654/4 46/711/4 177/481/4
f 46/711/4 44/912/4 177/481/4
f 48/654/4 177/481/4 176/914/4
f 52/921/4 50/653/4 176/914/4
f 50/653/4 48/654/4 176/914/4
f 52/921/4 173/505/4 55/507/4
f 157/1069/4 55/507/4 159/1049/4
f 159/1049/4 55/507/4 160/1050/4
f 160/1050/4 55/507/4 162/1045/4
f 173/505/4 52/921/4 176/914/4
f 162/1045/4 55/507/4 164/714/4
f 164/714/4 55/507/4 166/648/4
f 166/648/4 55/507/4 168/649/4
f 173/505/4 171/506/4 55/507/4
f 168/649/4 55/507/4 169/918/4
f 169/918/4 55/507/4 170/509/4
f 1002/339/4 1001/417/4 1000/163/4
f 568/164/4 480/163/4 523/488/4
f 480/163/4 481/676/4 523/488/4
f 481/676/4 482/739/4 522/950/4
f 482/739/4 483/1217/4 522/950/4
f 521/949/4 483/1217/4 484/655/4
f 484/655/4 485/657/4 521/949/4
f 519/645/4 486/963/4 518/1208/4
f 485/657/4 486/963/4 519/645/4
f 486/963/4 487/964/4 518/1208/4
f 516/684/4 488/693/4 515/685/4
f 487/964/4 488/693/4 516/684/4
f 488/693/4 489/694/4 514/1281/4
f 514/1281/4 489/694/4 513/815/4
f 489/694/4 490/834/4 512/816/4
f 490/834/4 491/835/4 510/826/4
f 511/825/4 490/834/4 510/826/4
f 491/835/4 492/1055/4 508/1047/4
f 492/1055/4 493/751/4 505/1042/4
f 505/1042/4 493/751/4 504/1043/4
f 493/751/4 494/752/4 503/539/4
f 494/752/4 495/1221/4 502/1207/4
f 493/751/4 503/539/4 504/1043/4
f 495/1221/4 496/651/4 501/679/4
f 496/651/4 497/652/4 501/679/4
f 497/652/4 498/955/4 501/679/4
f 498/955/4 499/956/4 501/679/4
f 499/956/4 500/680/4 501/679/4
f 501/679/4 502/1207/4 495/1221/4
f 490/834/4 511/825/4 512/816/4
f 483/1217/4 521/949/4 522/950/4
f 566/934/4 567/487/4 524/486/4
f 567/487/4 568/164/4 523/488/4
f 564/512/4 565/935/4 525/510/4
f 565/935/4 566/934/4 524/486/4
f 562/1184/4 563/637/4 527/943/4
f 563/637/4 564/512/4 526/511/4
f 524/486/4 567/487/4 523/488/4
f 560/725/4 561/724/4 531/1201/4
f 561/724/4 562/1184/4 529/669/4
f 560/725/4 532/641/4 533/642/4
f 558/789/4 559/1025/4 536/797/4
f 559/1025/4 560/725/4 534/801/4
f 558/789/4 536/797/4 537/798/4
f 556/665/4 557/790/4 541/1033/4
f 557/790/4 558/789/4 538/804/4
f 554/929/4 555/666/4 545/939/4
f 555/666/4 556/665/4 543/514/4
f 542/1204/4 556/665/4 541/1033/4
f 552/639/4 553/930/4 548/672/4
f 553/930/4 554/929/4 546/938/4
f 547/673/4 553/930/4 546/938/4
f 550/1196/4 551/638/4 548/672/4
f 551/638/4 552/639/4 548/672/4
f 548/672/4 549/736/4 550/1196/4
f 547/673/4 548/672/4 553/930/4
f 556/665/4 542/1204/4 543/514/4
f 557/790/4 538/804/4 539/805/4
f 532/641/4 560/725/4 531/1201/4
f 481/676/4 522/950/4 523/488/4
f 487/964/4 516/684/4 517/743/4
f 494/752/4 502/1207/4 503/539/4
f 557/790/4 539/805/4 540/1031/4
f 536/797/4 559/1025/4 535/802/4
f 538/804/4 558/789/4 537/798/4
f 492/1055/4 505/1042/4 506/1210/4
f 545/939/4 546/938/4 554/929/4
f 544/643/4 545/939/4 555/666/4
f 492/1055/4 506/1210/4 507/1048/4
f 492/1055/4 507/1048/4 508/1047/4
f 543/514/4 544/643/4 555/666/4
f 491/835/4 508/1047/4 509/820/4
f 540/1031/4 541/1033/4 557/790/4
f 491/835/4 509/820/4 510/826/4
f 489/694/4 512/816/4 513/815/4
f 488/693/4 514/1281/4 515/685/4
f 535/802/4 559/1025/4 534/801/4
f 534/801/4 560/725/4 533/642/4
f 487/964/4 517/743/4 518/1208/4
f 485/657/4 519/645/4 520/647/4
f 531/1201/4 561/724/4 530/730/4
f 530/730/4 561/724/4 529/669/4
f 485/657/4 520/647/4 521/949/4
f 528/667/4 529/669/4 562/1184/4
f 527/943/4 528/667/4 562/1184/4
f 565/935/4 524/486/4 525/510/4
f 526/511/4 527/943/4 563/637/4
f 1939/164/4 1850/163/4 1894/488/4
f 1850/163/4 1851/676/4 1894/488/4
f 1851/676/4 1852/739/4 1893/950/4
f 1852/739/4 1853/1217/4 1893/950/4
f 1851/676/4 1893/950/4 1894/488/4
f 1853/1217/4 1854/655/4 1892/949/4
f 1854/655/4 1855/657/4 1892/949/4
f 1890/645/4 1856/963/4 1889/1208/4
f 1855/657/4 1856/963/4 1890/645/4
f 1856/963/4 1857/964/4 1889/1208/4
f 1887/684/4 1858/693/4 1886/685/4
f 1857/964/4 1858/693/4 1887/684/4
f 1858/693/4 1859/694/4 1885/1281/4
f 1885/1281/4 1859/694/4 1884/815/4
f 1859/694/4 1860/834/4 1883/816/4
f 1860/834/4 1861/835/4 1881/826/4
f 1861/835/4 1862/1055/4 1878/1348/4
f 1862/1055/4 1863/751/4 1876/746/4
f 1875/747/4 1863/751/4 1874/1280/4
f 1863/751/4 1864/752/4 1874/1280/4
f 1864/752/4 1865/1221/4 1873/1431/4
f 1874/1280/4 1864/752/4 1873/1431/4
f 1865/1221/4 1866/651/4 1872/1207/4
f 1866/651/4 1867/652/4 1871/679/4
f 1867/652/4 1868/955/4 1871/679/4
f 1868/955/4 1869/956/4 1871/679/4
f 1869/956/4 1870/680/4 1871/679/4
f 1871/679/4 1872/1207/4 1866/651/4
f 1873/1431/4 1865/1221/4 1872/1207/4
f 1863/751/4 1875/747/4 1876/746/4
f 1860/834/4 1881/826/4 1882/825/4
f 1937/934/4 1895/486/4 1936/935/4
f 1937/934/4 1938/487/4 1895/486/4
f 1938/487/4 1939/164/4 1894/488/4
f 1896/510/4 1936/935/4 1895/486/4
f 1935/512/4 1936/935/4 1896/510/4
f 1898/943/4 1934/637/4 1897/511/4
f 1933/1184/4 1934/637/4 1898/943/4
f 1934/637/4 1935/512/4 1897/511/4
f 1933/1184/4 1899/667/4 1900/669/4
f 1931/725/4 1932/724/4 1902/1201/4
f 1932/724/4 1933/1184/4 1900/669/4
f 1931/725/4 1903/641/4 1904/642/4
f 1929/789/4 1930/1025/4 1907/797/4
f 1930/1025/4 1931/725/4 1905/801/4
f 1929/789/4 1907/797/4 1908/798/4
f 1927/665/4 1928/790/4 1912/1033/4
f 1928/790/4 1929/789/4 1909/804/4
f 1925/929/4 1926/666/4 1916/939/4
f 1926/666/4 1927/665/4 1914/514/4
f 1913/1204/4 1927/665/4 1912/1033/4
f 1923/639/4 1924/930/4 1919/672/4
f 1924/930/4 1925/929/4 1917/938/4
f 1918/673/4 1924/930/4 1917/938/4
f 1921/1196/4 1922/638/4 1919/672/4
f 1922/638/4 1923/639/4 1919/672/4
f 1919/672/4 1920/736/4 1921/1196/4
f 1918/673/4 1919/672/4 1924/930/4
f 1927/665/4 1913/1204/4 1914/514/4
f 1928/790/4 1909/804/4 1910/805/4
f 1903/641/4 1931/725/4 1902/1201/4
f 1899/667/4 1933/1184/4 1898/943/4
f 1857/964/4 1887/684/4 1888/743/4
f 1860/834/4 1882/825/4 1883/816/4
f 1897/511/4 1935/512/4 1896/510/4
f 1928/790/4 1910/805/4 1911/1031/4
f 1907/797/4 1930/1025/4 1906/802/4
f 1909/804/4 1929/789/4 1908/798/4
f 1916/939/4 1917/938/4 1925/929/4
f 1915/643/4 1916/939/4 1926/666/4
f 1862/1055/4 1876/746/4 1877/1520/4
f 1862/1055/4 1877/1520/4 1878/1348/4
f 1914/514/4 1915/643/4 1926/666/4
f 1861/835/4 1878/1348/4 1879/821/4
f 1911/1031/4 1912/1033/4 1928/790/4
f 1861/835/4 1879/821/4 1880/820/4
f 1861/835/4 1880/820/4 1881/826/4
f 1859/694/4 1883/816/4 1884/815/4
f 1858/693/4 1885/1281/4 1886/685/4
f 1906/802/4 1930/1025/4 1905/801/4
f 1905/801/4 1931/725/4 1904/642/4
f 1857/964/4 1888/743/4 1889/1208/4
f 1902/1201/4 1932/724/4 1901/730/4
f 1901/730/4 1932/724/4 1900/669/4
f 1855/657/4 1890/645/4 1891/647/4
f 1855/657/4 1891/647/4 1892/949/4
f 1853/1217/4 1892/949/4 1893/950/4
f 1941/670/4 1942/671/4 1944/663/4
f 1942/671/4 1943/664/4 1944/663/4
f 1950/662/4 1951/164/4 1949/543/4
f 1951/164/4 1940/163/4 1949/543/4
f 1940/163/4 1941/670/4 1945/465/4
f 1941/670/4 1944/663/4 1945/465/4
f 1945/465/4 1946/698/4 1948/466/4
f 1946/698/4 1947/699/4 1948/466/4
f 1948/466/4 1949/543/4 1940/163/4
f 889/467/4 888/353/4 890/515/4
f 888/353/4 887/635/4 884/513/4
f 890/515/4 888/353/4 884/513/4
f 887/635/4 885/539/4 884/513/4
f 893/164/4 892/745/4 891/514/4
f 884/513/4 893/164/4 891/514/4
f 1287/670/4 1288/671/4 1290/663/4
f 1288/671/4 1289/664/4 1290/663/4
f 1296/662/4 1297/164/4 1295/543/4
f 1297/164/4 1286/163/4 1295/543/4
f 1286/163/4 1287/670/4 1291/465/4
f 1287/670/4 1290/663/4 1291/465/4
f 1291/465/4 1292/698/4 1294/466/4
f 1292/698/4 1293/699/4 1294/466/4
f 1294/466/4 1295/543/4 1286/163/4
f 209/219/4 211/164/4 205/163/4
f 2138/516/4 2137/605/4 2122/517/4
f 1524/428/4 1523/301/4 1526/324/4
f 1364/163/4 1365/880/4 1370/870/4
f 1365/880/4 1366/881/4 1368/952/4
f 1366/881/4 1367/951/4 1368/952/4
f 1368/952/4 1369/869/4 1365/880/4
f 1369/869/4 1370/870/4 1365/880/4
f 1370/870/4 1371/1355/4 1364/163/4
f 1371/1355/4 1372/1081/4 1364/163/4
f 1372/1081/4 1373/1080/4 1364/163/4
f 1373/1080/4 1374/856/4 1364/163/4
f 1374/856/4 1375/855/4 1364/163/4
f 1375/855/4 1376/936/4 1364/163/4
f 1364/163/4 1376/936/4 1509/1093/4
f 1376/936/4 1377/932/4 1505/953/4
f 1377/932/4 1378/931/4 1503/941/4
f 1502/1083/4 1378/931/4 1501/948/4
f 1378/931/4 1379/937/4 1500/946/4
f 1379/937/4 1380/861/4 1492/1092/4
f 1378/931/4 1500/946/4 1501/948/4
f 1380/861/4 1381/860/4 1490/977/4
f 1381/860/4 1382/940/4 1401/539/4
f 1495/970/4 1379/937/4 1494/968/4
f 1382/940/4 1383/865/4 1400/976/4
f 1383/865/4 1384/864/4 1400/976/4
f 1382/940/4 1400/976/4 1401/539/4
f 1384/864/4 1385/945/4 1399/975/4
f 1385/945/4 1386/944/4 1399/975/4
f 1384/864/4 1399/975/4 1400/976/4
f 1386/944/4 1387/875/4 1399/975/4
f 1387/875/4 1388/874/4 1399/975/4
f 1388/874/4 1389/958/4 1398/886/4
f 1389/958/4 1390/957/4 1398/886/4
f 1390/957/4 1391/1095/4 1396/971/4
f 1391/1095/4 1392/626/4 1395/972/4
f 1396/971/4 1391/1095/4 1395/972/4
f 1392/626/955 1393/625/955 1394/1059/955
f 1394/1059/4 1395/972/4 1392/626/4
f 1396/971/4 1397/887/4 1390/957/4
f 1397/887/4 1398/886/4 1390/957/4
f 1398/886/4 1399/975/4 1388/874/4
f 1401/539/4 1402/1100/4 1381/860/4
f 1402/1100/4 1403/888/4 1489/1056/4
f 1403/888/4 1404/890/4 1480/1371/4
f 1403/888/4 1487/982/4 1488/1094/4
f 1487/982/4 1403/888/4 1486/980/4
f 1379/937/4 1495/970/4 1496/1090/4
f 1378/931/4 1502/1083/4 1503/941/4
f 1494/968/4 1379/937/4 1493/1054/4
f 1508/974/4 1509/1093/4 1376/936/4
f 1485/1057/4 1403/888/4 1484/965/4
f 1403/888/4 1485/1057/4 1486/980/4
f 1404/890/4 1405/892/4 1480/1371/4
f 1507/973/4 1508/974/4 1376/936/4
f 1506/954/4 1507/973/4 1376/936/4
f 1484/965/4 1403/888/4 1483/966/4
f 1405/892/4 1406/893/4 1479/986/4
f 1483/966/4 1403/888/4 1482/1364/4
f 1406/893/4 1407/985/4 1479/986/4
f 1505/953/4 1506/954/4 1376/936/4
f 1504/942/4 1505/953/4 1377/932/4
f 1438/903/4 1439/1019/4 1450/582/4
f 1439/1019/4 1440/1018/4 1447/559/4
f 1448/571/4 1439/1019/4 1447/559/4
f 1440/1018/4 1441/1123/4 1445/1133/4
f 1441/1123/4 1442/1066/4 1444/549/4
f 1442/1066/4 1443/550/4 1444/549/4
f 1444/549/4 1445/1133/4 1441/1123/4
f 1445/1133/4 1446/560/4 1440/1018/4
f 1446/560/4 1447/559/4 1440/1018/4
f 1448/571/4 1449/581/4 1439/1019/4
f 1449/581/4 1450/582/4 1439/1019/4
f 1437/901/4 1451/589/4 1452/595/4
f 1450/582/4 1451/589/4 1438/903/4
f 1435/990/4 1452/595/4 1434/1377/4
f 1452/595/4 1453/596/4 1434/1377/4
f 1453/596/4 1454/601/4 1430/1384/4
f 1430/1384/4 1454/601/4 1429/1385/4
f 1454/601/4 1455/600/4 1427/1146/4
f 1455/600/4 1456/485/4 1423/1003/4
f 1454/601/4 1428/1389/4 1429/1385/4
f 1456/485/4 1457/577/4 1419/519/4
f 1457/577/4 1458/574/4 1417/629/4
f 1414/546/4 1459/567/4 1476/993/4
f 1458/574/4 1459/567/4 1414/546/4
f 1459/567/4 1460/565/4 1476/993/4
f 1414/546/4 1477/1410/4 1413/547/4
f 1460/565/4 1461/1142/4 1475/994/4
f 1461/1142/4 1462/556/4 1475/994/4
f 1462/556/4 1463/555/4 1474/1001/4
f 1463/555/4 1464/1013/4 1472/1006/4
f 1464/1013/4 1465/1014/4 1471/1005/4
f 1465/1014/4 1466/1112/4 1468/1009/4
f 1466/1112/4 1467/1060/4 1468/1009/4
f 1468/1009/4 1469/1010/4 1465/1014/4
f 1469/1010/4 1470/1104/4 1465/1014/4
f 1470/1104/4 1471/1005/4 1465/1014/4
f 1471/1005/4 1472/1006/4 1464/1013/4
f 1472/1006/4 1473/999/4 1463/555/4
f 1473/999/4 1474/1001/4 1463/555/4
f 1474/1001/4 1475/994/4 1462/556/4
f 1475/994/4 1476/993/4 1460/565/4
f 1476/993/4 1477/1410/4 1414/546/4
f 1477/1410/4 1478/987/4 1413/547/4
f 1411/1117/4 1479/986/4 1410/1415/4
f 1478/987/4 1479/986/4 1413/547/4
f 1479/986/4 1480/1371/4 1405/892/4
f 1409/1114/4 1479/986/4 1408/894/4
f 1479/986/4 1411/1117/4 1412/1062/4
f 1479/986/4 1409/1114/4 1410/1415/4
f 1428/1389/4 1454/601/4 1427/1146/4
f 1451/589/4 1437/901/4 1438/903/4
f 1452/595/4 1435/990/4 1436/992/4
f 1436/992/4 1437/901/4 1452/595/4
f 1479/986/4 1412/1062/4 1413/547/4
f 1480/1371/4 1481/1365/4 1403/888/4
f 1453/596/4 1430/1384/4 1431/1379/4
f 1503/941/4 1504/942/4 1377/932/4
f 1433/1139/4 1434/1377/4 1453/596/4
f 1432/1140/4 1433/1139/4 1453/596/4
f 1431/1379/4 1432/1140/4 1453/596/4
f 1500/946/4 1379/937/4 1499/962/4
f 1499/962/4 1379/937/4 1498/960/4
f 1498/960/4 1379/937/4 1497/1052/4
f 1497/1052/4 1379/937/4 1496/1090/4
f 1493/1054/4 1379/937/4 1492/1092/4
f 1492/1092/4 1380/861/4 1491/979/4
f 1491/979/4 1380/861/4 1490/977/4
f 1490/977/4 1381/860/4 1402/1100/4
f 1489/1056/4 1490/977/4 1402/1100/4
f 1488/1094/4 1489/1056/4 1403/888/4
f 1482/1364/4 1403/888/4 1481/1365/4
f 1407/985/4 1408/894/4 1479/986/4
f 1427/1146/4 1455/600/4 1426/1147/4
f 1426/1147/4 1455/600/4 1425/1136/4
f 1425/1136/4 1455/600/4 1424/1137/4
f 1458/574/4 1414/546/4 1415/1125/4
f 1424/1137/4 1455/600/4 1423/1003/4
f 1458/574/4 1415/1125/4 1416/630/4
f 1458/574/4 1416/630/4 1417/629/4
f 1422/1004/4 1423/1003/4 1456/485/4
f 1457/577/4 1417/629/4 1418/998/4
f 1421/484/4 1422/1004/4 1456/485/4
f 1420/483/4 1421/484/4 1456/485/4
f 1457/577/4 1418/998/4 1419/519/4
f 1510/163/4 1511/539/4 1513/467/4
f 1511/539/4 1512/635/4 1513/467/4
f 1513/467/4 1514/514/4 1515/164/4
f 1044/670/4 1045/671/4 1047/663/4
f 1045/671/4 1046/664/4 1047/663/4
f 1053/662/4 1054/164/4 1052/543/4
f 1054/164/4 1043/163/4 1052/543/4
f 1043/163/4 1044/670/4 1048/465/4
f 1044/670/4 1047/663/4 1048/465/4
f 1048/465/4 1049/698/4 1051/466/4
f 1049/698/4 1050/699/4 1051/466/4
f 1051/466/4 1052/543/4 1043/163/4
f 1577/611/4 1576/1157/4 1530/1155/4
f 1576/1157/4 1575/1421/4 1530/1155/4
f 1575/1421/4 1574/1167/4 1530/1155/4
f 1574/1167/4 1573/1166/4 1530/1155/4
f 1573/1166/4 1572/572/4 1531/632/4
f 1572/572/4 1571/573/4 1531/632/4
f 1571/573/4 1570/1287/4 1531/632/4
f 1570/1287/4 1569/1290/4 1532/615/4
f 1533/614/4 1569/1290/4 1568/1292/4
f 1568/1292/4 1567/1296/4 1534/1284/4
f 1536/558/4 1567/1296/4 1537/1164/4
f 1567/1296/4 1566/1298/4 1537/1164/4
f 1566/1298/4 1565/522/4 1539/521/4
f 1565/522/4 1564/1176/4 1540/520/4
f 1564/1176/4 1563/1170/4 1543/564/4
f 1540/520/4 1564/1176/4 1541/620/4
f 1563/1170/4 1562/1172/4 1546/617/4
f 1562/1172/4 1561/1168/4 1547/551/4
f 1561/1168/4 1560/1169/4 1548/554/4
f 1560/1169/4 1559/568/4 1548/554/4
f 1559/568/4 1558/569/4 1549/1153/4
f 1558/569/4 1557/1162/4 1549/1153/4
f 1559/568/4 1549/1153/4 1548/554/4
f 1557/1162/4 1556/1163/4 1549/1153/4
f 1556/1163/4 1555/1418/4 1550/1154/4
f 1555/1418/4 1554/608/4 1550/1154/4
f 1554/608/4 1553/609/4 1550/1154/4
f 1553/609/4 1552/1156/4 1550/1154/4
f 1552/1156/4 1551/1283/4 1550/1154/4
f 1556/1163/4 1550/1154/4 1549/1153/4
f 1547/551/4 1561/1168/4 1548/554/4
f 1543/564/4 1563/1170/4 1544/1161/4
f 1567/1296/4 1536/558/4 1535/557/4
f 1566/1298/4 1539/521/4 1538/623/4
f 1569/1290/4 1533/614/4 1532/615/4
f 1579/1016/4 1578/612/4 1530/1155/4
f 1578/612/4 1577/611/4 1530/1155/4
f 1529/1012/4 1528/163/4 1530/1155/4
f 1528/163/4 1579/1016/4 1530/1155/4
f 1566/1298/4 1538/623/4 1537/1164/4
f 1541/620/4 1564/1176/4 1542/561/4
f 1542/561/4 1564/1176/4 1543/564/4
f 1531/632/4 1530/1155/4 1573/1166/4
f 1532/615/4 1531/632/4 1570/1287/4
f 1547/551/4 1546/617/4 1562/1172/4
f 1546/617/4 1545/616/4 1563/1170/4
f 1534/1284/4 1533/614/4 1568/1292/4
f 1535/557/4 1534/1284/4 1567/1296/4
f 1545/616/4 1544/1161/4 1563/1170/4
f 2075/353/4 2074/806/4 2076/501/4
f 2074/806/4 2073/240/4 2076/501/4
f 2073/240/4 2072/899/4 2076/501/4
f 2072/899/4 2071/500/4 2076/501/4
f 2071/500/4 2070/1022/4 2079/499/4
f 2070/1022/4 2069/163/4 2079/499/4
f 2069/163/4 2081/164/4 2079/499/4
f 2081/164/4 2080/904/4 2079/499/4
f 2079/499/4 2078/1023/4 2071/500/4
f 2078/1023/4 2077/219/4 2071/500/4
f 1591/640/4 1590/833/4 1667/481/4
f 1590/833/4 1589/602/4 1667/481/4
f 1591/640/4 1667/481/4 1592/479/4
f 1589/602/4 1588/603/4 1668/700/4
f 1588/603/4 1587/738/4 1668/700/4
f 1587/738/4 1586/818/4 1669/836/4
f 1586/818/4 1585/584/4 1670/492/4
f 1585/584/4 1584/583/4 1671/607/4
f 1584/583/4 1583/631/4 1672/830/4
f 1587/738/4 1669/836/4 1668/700/4
f 1583/631/4 1582/525/4 1675/524/4
f 1582/525/4 1581/624/4 1676/523/4
f 1676/523/4 1581/624/4 1677/636/4
f 1581/624/4 1580/809/4 1678/593/4
f 1580/809/4 1630/808/4 1680/591/4
f 1681/590/4 1630/808/4 1682/814/4
f 1630/808/4 1629/578/4 1682/814/4
f 1629/578/4 1628/628/4 1631/687/4
f 1682/814/4 1629/578/4 1683/689/4
f 1628/628/4 1627/627/4 1634/744/4
f 1627/627/4 1626/634/4 1636/604/4
f 1628/628/4 1633/824/4 1632/908/4
f 1626/634/4 1625/633/4 1638/462/4
f 1625/633/4 1624/598/4 1638/462/4
f 1640/489/4 1622/731/4 1621/517/4
f 1624/598/4 1623/597/4 1639/464/4
f 1623/597/4 1622/731/4 1640/489/4
f 1640/489/4 1620/518/4 1619/610/4
f 1621/517/4 1620/518/4 1640/489/4
f 1640/489/4 1619/610/4 1618/754/4
f 1641/702/4 1618/754/4 1617/840/4
f 1617/840/4 1616/691/4 1641/702/4
f 1641/702/4 1616/691/4 1615/690/4
f 1615/690/4 1614/757/4 1642/542/4
f 1642/542/4 1614/757/4 1613/540/4
f 1613/540/4 1650/529/4 1649/1307/4
f 1613/540/4 1649/1307/4 1648/697/4
f 1642/542/4 1613/540/4 1643/541/4
f 1618/754/4 1641/702/4 1640/489/4
f 1633/824/4 1628/628/4 1634/744/4
f 1630/808/4 1681/590/4 1680/591/4
f 1667/481/4 1589/602/4 1668/700/4
f 1593/912/4 1592/479/4 1667/481/4
f 1593/912/4 1667/481/4 1594/711/4
f 1595/654/4 1594/711/4 1667/481/4
f 1595/654/4 1667/481/4 1666/914/4
f 1597/921/4 1596/653/4 1666/914/4
f 1596/653/4 1595/654/4 1666/914/4
f 1597/921/4 1665/505/4 1598/507/4
f 1599/770/4 1598/507/4 1664/506/4
f 1663/509/4 1600/769/4 1599/770/4
f 1601/775/4 1600/769/4 1662/918/4
f 1601/775/4 1659/714/4 1602/774/4
f 1603/785/4 1602/774/4 1657/923/4
f 1603/785/4 1657/923/4 1656/928/4
f 1605/780/4 1604/784/4 1654/432/4
f 1604/784/4 1603/785/4 1656/928/4
f 1654/432/4 1604/784/4 1655/1260/4
f 1607/339/4 1606/722/4 1651/531/4
f 1606/722/4 1605/780/4 1652/1064/4
f 1653/764/4 1605/780/4 1654/432/4
f 1609/659/4 1608/719/4 1651/531/4
f 1608/719/4 1607/339/4 1651/531/4
f 1611/1457/4 1610/658/4 1651/531/4
f 1610/658/4 1609/659/4 1651/531/4
f 1651/531/4 1612/530/4 1611/1457/4
f 1652/1064/4 1651/531/4 1606/722/4
f 1605/780/4 1653/764/4 1652/1064/4
f 1659/714/4 1601/775/4 1660/648/4
f 1600/769/4 1663/509/4 1662/918/4
f 1665/505/4 1597/921/4 1666/914/4
f 1663/509/4 1599/770/4 1664/506/4
f 1683/689/4 1629/578/4 1631/687/4
f 1615/690/4 1642/542/4 1641/702/4
f 1643/541/4 1613/540/4 1644/916/4
f 1613/540/4 1648/697/4 1647/696/4
f 1613/540/4 1647/696/4 1646/705/4
f 1657/923/4 1602/774/4 1658/924/4
f 1658/924/4 1602/774/4 1659/714/4
f 1613/540/4 1646/705/4 1645/706/4
f 1613/540/4 1645/706/4 1644/916/4
f 1655/1260/4 1604/784/4 1656/928/4
f 1660/648/4 1601/775/4 1661/649/4
f 1661/649/4 1601/775/4 1662/918/4
f 1623/597/4 1640/489/4 1639/464/4
f 1624/598/4 1639/464/4 1638/462/4
f 1626/634/4 1638/462/4 1637/917/4
f 1664/506/4 1598/507/4 1665/505/4
f 1626/634/4 1637/917/4 1636/604/4
f 1636/604/4 1635/605/4 1627/627/4
f 1635/605/4 1634/744/4 1627/627/4
f 1669/836/4 1586/818/4 1670/492/4
f 1632/908/4 1631/687/4 1628/628/4
f 1670/492/4 1585/584/4 1671/607/4
f 1671/607/4 1584/583/4 1672/830/4
f 1580/809/4 1680/591/4 1679/592/4
f 1673/740/4 1672/830/4 1583/631/4
f 1580/809/4 1679/592/4 1678/593/4
f 1674/741/4 1673/740/4 1583/631/4
f 1675/524/4 1674/741/4 1583/631/4
f 1581/624/4 1678/593/4 1677/636/4
f 1143/478/4 1114/163/4 1166/528/4
f 1114/163/4 1164/526/4 1166/528/4
f 1650/529/4 1613/540/4 1612/530/4
f 1280/163/4 1281/539/4 1283/467/4
f 1281/539/4 1282/635/4 1283/467/4
f 1283/467/4 1284/514/4 1285/164/4
f 1685/670/4 1686/671/4 1688/663/4
f 1686/671/4 1687/664/4 1688/663/4
f 1694/662/4 1695/164/4 1693/543/4
f 1695/164/4 1684/163/4 1693/543/4
f 1684/163/4 1685/670/4 1689/465/4
f 1685/670/4 1688/663/4 1689/465/4
f 1689/465/4 1690/698/4 1692/466/4
f 1690/698/4 1691/699/4 1692/466/4
f 1692/466/4 1693/543/4 1684/163/4
f 1713/281/4 1712/256/4 1714/268/4
f 1712/256/4 1711/1314/4 1714/268/4
f 1711/1314/4 1710/259/4 1708/245/4
f 1710/259/4 1709/244/4 1708/245/4
f 1708/245/4 1707/246/4 1706/247/4
f 1704/163/4 1715/164/4 1714/268/4
f 1708/245/4 1706/247/4 1705/248/4
f 1705/248/4 1704/163/4 1714/268/4
f 1714/268/4 1711/1314/4 1708/245/4
f 1698/339/4 1697/417/4 1696/163/4
f 2050/353/4 2047/539/4 2046/513/4
f 2046/513/4 2052/515/4 2050/353/4
f 1736/163/4 1737/777/4 1739/240/4
f 1737/777/4 1738/660/4 1739/240/4
f 1739/240/4 1740/678/4 1744/482/4
f 1740/678/4 1741/532/4 1744/482/4
f 1744/482/4 1745/164/4 1739/240/4
f 1745/164/4 1736/163/4 1739/240/4
f 1742/219/4 1743/727/4 1744/482/4
f 1730/339/4 1729/417/4 1728/163/4
f 880/1130/4 802/535/4 879/1131/4
f 802/535/4 803/1124/4 876/729/4
f 879/1131/4 802/535/4 878/534/4
f 876/729/4 877/533/4 802/535/4
f 2043/219/4 2044/164/4 2041/163/4
f 1300/240/4 1299/500/4 1301/353/4
f 1299/500/4 1298/163/4 1302/219/4
f 1298/163/4 1304/164/4 1303/499/4
f 1302/219/4 1301/353/4 1299/500/4
f 2030/503/4 2003/1358/4 2029/773/4
f 2003/1358/4 2004/858/4 2009/761/4
f 2029/773/4 2003/1358/4 2028/482/4
f 2004/858/4 2005/756/4 2008/1322/4
f 2005/756/4 2006/219/4 2007/983/4
f 2008/1322/4 2005/756/4 2007/983/4
f 2008/1322/4 2009/761/4 2004/858/4
f 2009/761/4 2010/763/4 2003/1358/4
f 2010/763/4 2011/1353/4 2027/1159/4
f 2011/1353/4 2012/841/4 2027/1159/4
f 2012/841/4 2013/750/4 2027/1159/4
f 2013/750/4 2014/749/4 2026/852/4
f 2025/544/4 2014/749/4 2015/545/4
f 2015/545/4 2016/538/4 2023/768/4
f 2018/753/4 2016/538/4 2017/849/4
f 1952/163/4 1953/792/4 2039/846/4
f 1953/792/4 1954/793/4 1955/876/4
f 1953/792/4 1955/876/4 2039/846/4
f 2016/538/4 2018/753/4 2019/536/4
f 2016/538/4 1952/163/4 2040/164/4
f 2017/849/4 2016/538/4 2040/164/4
f 2014/749/4 2025/544/4 2026/852/4
f 2028/482/4 2003/1358/4 2027/1159/4
f 1965/1007/4 1966/884/4 1993/1328/4
f 1966/884/4 1967/787/4 1969/1015/4
f 1975/494/4 1966/884/4 1974/1312/4
f 1967/787/4 1968/786/4 1969/1015/4
f 1969/1015/4 1970/1335/4 1966/884/4
f 1970/1335/4 1971/799/4 1966/884/4
f 1971/799/4 1972/800/4 1966/884/4
f 1972/800/4 1973/663/4 1966/884/4
f 1973/663/4 1974/1312/4 1966/884/4
f 1975/494/4 1976/1366/4 1977/891/4
f 1975/494/4 1977/891/4 1978/465/4
f 1966/884/4 1975/494/4 1993/1328/4
f 1975/494/4 1978/465/4 1979/1177/4
f 1975/494/4 1979/1177/4 1980/1363/4
f 1975/494/4 1980/1363/4 1981/495/4
f 1993/1328/4 1975/494/4 1992/699/4
f 1964/776/4 1965/1007/4 1994/532/4
f 1975/494/4 1981/495/4 1982/496/4
f 1975/494/4 1982/496/4 1983/698/4
f 1963/777/4 1964/776/4 1994/532/4
f 1975/494/4 1983/698/4 1984/1011/4
f 1992/699/4 1975/494/4 1991/771/4
f 1975/494/4 1984/1011/4 1985/1331/4
f 1962/882/4 1963/777/4 1994/532/4
f 1975/494/4 1985/1331/4 1986/795/4
f 1986/795/4 1987/796/4 1989/871/4
f 1987/796/4 1988/1359/4 1989/871/4
f 1989/871/4 1990/772/4 1986/795/4
f 1990/772/4 1991/771/4 1975/494/4
f 1994/532/4 1965/1007/4 1993/1328/4
f 1975/494/4 1986/795/4 1990/772/4
f 1961/1361/4 1962/882/4 1994/532/4
f 1960/794/4 1961/1361/4 1994/532/4
f 1959/670/4 1960/794/4 2038/781/4
f 1958/1330/4 1959/670/4 2038/781/4
f 1960/794/4 1994/532/4 2037/782/4
f 1960/794/4 2037/782/4 2038/781/4
f 1957/1165/4 1958/1330/4 2038/781/4
f 1995/788/4 1996/866/4 2031/504/4
f 1996/866/4 1997/765/4 2031/504/4
f 1995/788/4 2034/759/4 2035/988/4
f 1994/532/4 1995/788/4 2037/782/4
f 1956/877/4 1957/1165/4 2038/781/4
f 2036/1327/4 1995/788/4 2035/988/4
f 2034/759/4 1995/788/4 2033/760/4
f 1997/765/4 1998/766/4 2031/504/4
f 2033/760/4 1995/788/4 2032/662/4
f 1998/766/4 1999/997/4 2031/504/4
f 1999/997/4 2000/466/4 2031/504/4
f 2000/466/4 2001/778/4 2031/504/4
f 2001/778/4 2002/502/4 2031/504/4
f 2031/504/4 2032/662/4 1995/788/4
f 1955/876/4 1956/877/4 2039/846/4
f 1995/788/4 2036/1327/4 2037/782/4
f 2013/750/4 2026/852/4 2027/1159/4
f 2027/1159/4 2003/1358/4 2010/763/4
f 1956/877/4 2038/781/4 2039/846/4
f 2024/543/4 2025/544/4 2015/545/4
f 2023/768/4 2024/543/4 2015/545/4
f 2022/767/4 2023/768/4 2016/538/4
f 2021/1325/4 2022/767/4 2016/538/4
f 1952/163/4 2039/846/4 2040/164/4
f 2020/537/4 2021/1325/4 2016/538/4
f 1522/339/4 1521/417/4 1520/163/4
f 2062/353/4 2061/806/4 2063/501/4
f 2061/806/4 2060/240/4 2063/501/4
f 2060/240/4 2059/899/4 2063/501/4
f 2059/899/4 2058/500/4 2063/501/4
f 2058/500/4 2057/1022/4 2066/499/4
f 2057/1022/4 2056/163/4 2066/499/4
f 2056/163/4 2068/164/4 2066/499/4
f 2068/164/4 2067/904/4 2066/499/4
f 2066/499/4 2065/1023/4 2058/500/4
f 2065/1023/4 2064/219/4 2058/500/4
f 2047/539/4 2050/353/4 2049/635/4
f 2048/508/4 2055/164/4 2045/163/4
f 2055/164/4 2054/745/4 2053/514/4
f 2053/514/4 2052/515/4 2045/163/4
f 2052/515/4 2046/513/4 2045/163/4
f 2055/164/4 2053/514/4 2045/163/4
f 2047/539/4 2049/635/4 2048/508/4
f 471/611/4 470/1157/4 424/1155/4
f 470/1157/4 469/1421/4 424/1155/4
f 469/1421/4 468/1167/4 424/1155/4
f 468/1167/4 467/1166/4 424/1155/4
f 467/1166/4 466/572/4 425/632/4
f 466/572/4 465/573/4 425/632/4
f 465/573/4 464/1287/4 425/632/4
f 464/1287/4 463/1290/4 426/615/4
f 427/614/4 463/1290/4 462/1292/4
f 462/1292/4 461/1296/4 428/1284/4
f 430/558/4 461/1296/4 431/1164/4
f 461/1296/4 460/1298/4 431/1164/4
f 460/1298/4 459/522/4 433/521/4
f 459/522/4 458/1176/4 434/520/4
f 458/1176/4 457/1170/4 437/564/4
f 434/520/4 458/1176/4 435/620/4
f 457/1170/4 456/1172/4 440/617/4
f 456/1172/4 455/1168/4 441/551/4
f 455/1168/4 454/1169/4 442/554/4
f 454/1169/4 453/568/4 442/554/4
f 453/568/4 452/569/4 443/1153/4
f 452/569/4 451/1162/4 443/1153/4
f 453/568/4 443/1153/4 442/554/4
f 451/1162/4 450/1163/4 443/1153/4
f 450/1163/4 449/1418/4 444/1154/4
f 449/1418/4 448/608/4 444/1154/4
f 448/608/4 447/609/4 444/1154/4
f 447/609/4 446/1156/4 444/1154/4
f 446/1156/4 445/1283/4 444/1154/4
f 450/1163/4 444/1154/4 443/1153/4
f 441/551/4 455/1168/4 442/554/4
f 437/564/4 457/1170/4 438/1161/4
f 461/1296/4 430/558/4 429/557/4
f 460/1298/4 433/521/4 432/623/4
f 463/1290/4 427/614/4 426/615/4
f 473/1016/4 472/612/4 424/1155/4
f 472/612/4 471/611/4 424/1155/4
f 423/1012/4 422/163/4 424/1155/4
f 422/163/4 473/1016/4 424/1155/4
f 460/1298/4 432/623/4 431/1164/4
f 435/620/4 458/1176/4 436/561/4
f 436/561/4 458/1176/4 437/564/4
f 425/632/4 424/1155/4 467/1166/4
f 426/615/4 425/632/4 464/1287/4
f 441/551/4 440/617/4 456/1172/4
f 440/617/4 439/616/4 457/1170/4
f 428/1284/4 427/614/4 462/1292/4
f 429/557/4 428/1284/4 461/1296/4
f 439/616/4 438/1161/4 457/1170/4
f 1/163/4 3/777/4 7/240/4
f 3/777/4 5/660/4 7/240/4
f 7/240/4 10/678/4 18/482/4
f 10/678/4 11/532/4 18/482/4
f 18/482/4 19/164/4 7/240/4
f 19/164/4 1/163/4 7/240/4
f 14/219/4 16/727/4 18/482/4
f 1784/754/4 1783/840/4 1808/702/4
f 1783/840/4 1782/691/4 1808/702/4
f 1808/702/4 1782/691/4 1781/690/4
f 1781/690/4 1780/757/4 1809/542/4
f 1809/542/4 1780/757/4 1779/540/4
f 1779/540/4 1778/1070/4 1810/541/4
f 1811/916/4 1778/1070/4 1777/658/4
f 1777/658/4 1776/659/4 1812/706/4
f 1814/920/4 1776/659/4 1775/719/4
f 1775/719/4 1774/339/4 1816/1041/4
f 1774/339/4 1773/722/4 1818/1310/4
f 1773/722/4 1772/780/4 1819/1528/4
f 1820/764/4 1772/780/4 1821/432/4
f 1772/780/4 1771/784/4 1821/432/4
f 1771/784/4 1770/785/4 1822/716/4
f 1822/716/4 1770/785/4 1823/1050/4
f 1770/785/4 1769/774/4 1824/1045/4
f 1769/774/4 1768/775/4 1825/714/4
f 1770/785/4 1824/1045/4 1823/1050/4
f 1768/775/4 1767/769/4 1828/918/4
f 1767/769/4 1766/770/4 1829/509/4
f 1768/775/4 1826/648/4 1825/714/4
f 1766/770/4 1765/507/4 1830/506/4
f 1765/507/4 1764/921/4 1831/505/4
f 1764/921/4 1763/653/4 1832/914/4
f 1763/653/4 1762/654/4 1832/914/4
f 1762/654/4 1761/711/4 1833/481/4
f 1761/711/4 1760/912/4 1833/481/4
f 1762/654/4 1833/481/4 1832/914/4
f 1760/912/4 1759/479/4 1833/481/4
f 1759/479/4 1758/640/4 1833/481/4
f 1758/640/4 1835/493/4 1834/700/4
f 1758/640/4 1834/700/4 1833/481/4
f 1767/769/4 1829/509/4 1828/918/4
f 1831/505/4 1764/921/4 1832/914/4
f 1829/509/4 1766/770/4 1830/506/4
f 1826/648/4 1768/775/4 1827/649/4
f 1772/780/4 1820/764/4 1819/1528/4
f 1776/659/4 1814/920/4 1813/705/4
f 1775/719/4 1816/1041/4 1815/919/4
f 1778/1070/4 1811/916/4 1810/541/4
f 1811/916/4 1777/658/4 1812/706/4
f 1785/610/4 1784/754/4 1807/489/4
f 1787/517/4 1786/518/4 1807/489/4
f 1786/518/4 1785/610/4 1807/489/4
f 1807/489/4 1784/754/4 1808/702/4
f 1789/597/4 1788/731/4 1806/464/4
f 1788/731/4 1787/517/4 1807/489/4
f 1789/597/4 1806/464/4 1790/598/4
f 1791/633/4 1790/598/4 1805/462/4
f 1805/462/4 1792/634/4 1791/633/4
f 1793/682/4 1792/634/4 1803/604/4
f 1793/682/4 1802/605/4 1794/683/4
f 1795/906/4 1794/683/4 1800/824/4
f 1795/906/4 1799/908/4 1798/687/4
f 1797/808/4 1796/1237/4 1848/814/4
f 1796/1237/4 1795/906/4 1798/687/4
f 1797/808/4 1847/590/4 1846/591/4
f 1747/624/4 1746/809/4 1844/593/4
f 1746/809/4 1797/808/4 1846/591/4
f 1844/593/4 1746/809/4 1845/592/4
f 1749/631/4 1748/525/4 1841/524/4
f 1748/525/4 1747/624/4 1842/523/4
f 1843/636/4 1747/624/4 1844/593/4
f 1751/584/4 1750/583/4 1838/830/4
f 1750/583/4 1749/631/4 1838/830/4
f 1840/741/4 1749/631/4 1841/524/4
f 1753/738/4 1752/818/4 1838/830/4
f 1752/818/4 1751/584/4 1838/830/4
f 1755/602/4 1754/603/4 1838/830/4
f 1754/603/4 1753/738/4 1838/830/4
f 1838/830/4 1756/491/4 1755/602/4
f 1839/740/4 1838/830/4 1749/631/4
f 1749/631/4 1840/741/4 1839/740/4
f 1747/624/4 1843/636/4 1842/523/4
f 1847/590/4 1797/808/4 1848/814/4
f 1799/908/4 1795/906/4 1800/824/4
f 1802/605/4 1793/682/4 1803/604/4
f 1792/634/4 1805/462/4 1804/917/4
f 1808/702/4 1781/690/4 1809/542/4
f 1775/719/4 1815/919/4 1814/920/4
f 1771/784/4 1822/716/4 1821/432/4
f 1824/1045/4 1769/774/4 1825/714/4
f 1792/634/4 1804/917/4 1803/604/4
f 1800/824/4 1794/683/4 1801/744/4
f 1845/592/4 1746/809/4 1846/591/4
f 1831/505/4 1830/506/4 1765/507/4
f 1842/523/4 1841/524/4 1748/525/4
f 1828/918/4 1827/649/4 1768/775/4
f 1848/814/4 1796/1237/4 1849/689/4
f 1849/689/4 1796/1237/4 1798/687/4
f 1801/744/4 1794/683/4 1802/605/4
f 1773/722/4 1819/1528/4 1818/1310/4
f 1774/339/4 1818/1310/4 1817/1309/4
f 1774/339/4 1817/1309/4 1816/1041/4
f 1776/659/4 1813/705/4 1812/706/4
f 1805/462/4 1790/598/4 1806/464/4
f 1806/464/4 1788/731/4 1807/489/4
f 973/504/4 945/1358/4 972/503/4
f 945/1358/4 946/858/4 951/761/4
f 972/503/4 945/1358/4 971/773/4
f 946/858/4 947/756/4 950/1322/4
f 947/756/4 948/219/4 949/983/4
f 950/1322/4 947/756/4 949/983/4
f 950/1322/4 951/761/4 946/858/4
f 951/761/4 952/763/4 945/1358/4
f 952/763/4 953/1353/4 969/1159/4
f 953/1353/4 954/841/4 969/1159/4
f 954/841/4 955/750/4 969/1159/4
f 955/750/4 956/749/4 968/852/4
f 969/1159/4 955/750/4 968/852/4
f 956/749/4 957/545/4 967/544/4
f 957/545/4 958/538/4 965/768/4
f 960/753/4 958/538/4 959/849/4
f 894/163/4 895/792/4 982/164/4
f 894/163/4 982/164/4 958/538/4
f 982/164/4 959/849/4 958/538/4
f 958/538/4 960/753/4 961/536/4
f 945/1358/4 952/763/4 969/1159/4
f 971/773/4 945/1358/4 970/482/4
f 958/538/4 961/536/4 962/537/4
f 970/482/4 945/1358/4 969/1159/4
f 958/538/4 962/537/4 963/1325/4
f 958/538/4 963/1325/4 964/767/4
f 958/538/4 964/767/4 965/768/4
f 967/544/4 968/852/4 956/749/4
f 957/545/4 965/768/4 966/543/4
f 213/163/4 215/880/4 223/870/4
f 215/880/4 216/881/4 219/952/4
f 216/881/4 217/951/4 219/952/4
f 219/952/4 221/869/4 215/880/4
f 221/869/4 223/870/4 215/880/4
f 223/870/4 225/1355/4 213/163/4
f 225/1355/4 226/1081/4 213/163/4
f 226/1081/4 229/1080/4 213/163/4
f 229/1080/4 231/856/4 213/163/4
f 231/856/4 233/855/4 213/163/4
f 233/855/4 235/936/4 213/163/4
f 213/163/4 235/936/4 421/1093/4
f 235/936/4 237/932/4 417/953/4
f 237/932/4 238/931/4 415/941/4
f 414/1083/4 238/931/4 413/948/4
f 238/931/4 240/937/4 412/946/4
f 240/937/4 242/861/4 404/1092/4
f 238/931/4 412/946/4 413/948/4
f 242/861/4 244/860/4 402/977/4
f 244/860/4 246/940/4 284/539/4
f 407/970/4 240/937/4 406/968/4
f 246/940/4 248/865/4 282/976/4
f 248/865/4 250/864/4 282/976/4
f 246/940/4 282/976/4 284/539/4
f 250/864/4 252/945/4 280/975/4
f 252/945/4 253/944/4 280/975/4
f 250/864/4 280/975/4 282/976/4
f 253/944/4 255/875/4 280/975/4
f 255/875/4 257/874/4 280/975/4
f 257/874/4 259/958/4 278/886/4
f 259/958/4 261/957/4 278/886/4
f 261/957/4 263/1095/4 273/971/4
f 263/1095/4 265/626/4 271/972/4
f 273/971/4 263/1095/4 271/972/4
f 265/626/955 267/625/955 269/1059/955
f 269/1059/954 271/972/954 265/626/954
f 273/971/4 275/887/4 261/957/4
f 275/887/4 278/886/4 261/957/4
f 278/886/4 280/975/4 257/874/4
f 284/539/4 285/1100/4 244/860/4
f 285/1100/4 287/888/4 401/1056/4
f 287/888/4 290/890/4 392/1371/4
f 287/888/4 399/982/4 400/1094/4
f 399/982/4 287/888/4 398/980/4
f 240/937/4 407/970/4 408/1090/4
f 238/931/4 414/1083/4 415/941/4
f 406/968/4 240/937/4 405/1054/4
f 420/974/4 421/1093/4 235/936/4
f 397/1057/4 287/888/4 396/965/4
f 287/888/4 397/1057/4 398/980/4
f 290/890/4 292/892/4 392/1371/4
f 419/973/4 420/974/4 235/936/4
f 418/954/4 419/973/4 235/936/4
f 396/965/4 287/888/4 395/966/4
f 292/892/4 294/893/4 391/1409/4
f 395/966/4 287/888/4 394/1364/4
f 294/893/4 296/985/4 391/1409/4
f 417/953/4 418/954/4 235/936/4
f 416/942/4 417/953/4 237/932/4
f 351/903/4 352/1019/4 363/582/4
f 352/1019/4 353/1018/4 360/559/4
f 361/571/4 352/1019/4 360/559/4
f 353/1018/4 354/1123/4 358/1133/4
f 354/1123/4 355/1066/4 357/549/4
f 355/1066/954 356/550/954 357/549/954
f 357/549/4 358/1133/4 354/1123/4
f 358/1133/4 359/560/4 353/1018/4
f 359/560/4 360/559/4 353/1018/4
f 361/571/4 362/581/4 352/1019/4
f 362/581/4 363/582/4 352/1019/4
f 350/901/4 364/589/4 365/595/4
f 363/582/4 364/589/4 351/903/4
f 348/990/4 365/595/4 347/1377/4
f 365/595/4 366/596/4 347/1377/4
f 366/596/4 367/601/4 341/1384/4
f 341/1384/4 367/601/4 340/1385/4
f 367/601/4 368/1008/4 336/1146/4
f 368/1008/4 369/467/4 328/1003/4
f 367/601/4 337/1389/4 340/1385/4
f 369/467/4 370/577/4 320/519/4
f 370/577/4 371/574/4 316/629/4
f 310/546/4 372/567/4 389/993/4
f 371/574/4 372/567/4 310/546/4
f 372/567/4 373/565/4 389/993/4
f 310/546/4 390/1410/4 308/547/4
f 373/565/4 374/1142/4 388/994/4
f 374/1142/4 375/556/4 388/994/4
f 375/556/4 376/555/4 387/1001/4
f 376/555/4 377/1013/4 385/1006/4
f 377/1013/4 378/1014/4 384/1005/4
f 378/1014/4 379/1112/4 381/1009/4
f 379/1112/4 380/1060/4 381/1009/4
f 381/1009/4 382/1010/4 378/1014/4
f 382/1010/4 383/1104/4 378/1014/4
f 383/1104/4 384/1005/4 378/1014/4
f 384/1005/4 385/1006/4 377/1013/4
f 385/1006/4 386/999/4 376/555/4
f 386/999/4 387/1001/4 376/555/4
f 387/1001/4 388/994/4 375/556/4
f 388/994/4 389/993/4 373/565/4
f 389/993/4 390/1410/4 310/546/4
f 390/1410/4 391/1409/4 308/547/4
f 302/1415/4 391/1409/4 300/1114/4
f 391/1409/4 302/1415/4 304/1117/4
f 391/1409/4 392/1371/4 292/892/4
f 300/1114/4 391/1409/4 298/894/4
f 337/1389/4 367/601/4 336/1146/4
f 364/589/4 350/901/4 351/903/4
f 365/595/4 348/990/4 349/992/4
f 349/992/4 350/901/4 365/595/4
f 391/1409/4 304/1117/4 306/1062/4
f 392/1371/4 393/1365/4 287/888/4
f 366/596/4 341/1384/4 344/1379/4
f 415/941/4 416/942/4 237/932/4
f 346/1139/4 347/1377/4 366/596/4
f 345/1140/4 346/1139/4 366/596/4
f 344/1379/4 345/1140/4 366/596/4
f 412/946/4 240/937/4 411/962/4
f 411/962/4 240/937/4 410/960/4
f 410/960/4 240/937/4 409/1052/4
f 409/1052/4 240/937/4 408/1090/4
f 405/1054/4 240/937/4 404/1092/4
f 404/1092/4 242/861/4 403/979/4
f 403/979/4 242/861/4 402/977/4
f 402/977/4 244/860/4 285/1100/4
f 401/1056/4 402/977/4 285/1100/4
f 400/1094/4 401/1056/4 287/888/4
f 394/1364/4 287/888/4 393/1365/4
f 296/985/4 298/894/4 391/1409/4
f 391/1409/4 306/1062/4 308/547/4
f 336/1146/4 368/1008/4 334/1147/4
f 334/1147/4 368/1008/4 331/1136/4
f 331/1136/4 368/1008/4 329/1137/4
f 371/574/4 310/546/4 312/1125/4
f 329/1137/4 368/1008/4 328/1003/4
f 371/574/4 312/1125/4 313/630/4
f 371/574/4 313/630/4 316/629/4
f 325/1004/4 328/1003/4 369/467/4
f 370/577/4 316/629/4 318/998/4
f 324/484/4 325/1004/4 369/467/4
f 322/483/4 324/484/4 369/467/4
f 370/577/4 318/998/4 320/519/4
f 1414/546/956 1413/547/956 4733/547/956
f 3950/547/10 3947/546/10 4746/546/10
f 3292/548/11 3291/1016/11 1579/1016/11
f 1579/1016/11 1528/163/11 3292/548/11
f 1444/549/12 1443/550/12 3820/550/12
f 1547/551/13 1548/554/13 4881/552/13
f 3434/554/13 3435/551/13 4869/553/13
f 4092/555/14 4742/555/14 4740/556/14
f 1462/556/14 4740/556/14 4742/555/14
f 1535/557/15 1536/558/15 3356/558/15
f 1447/559/16 1446/560/16 3817/560/16
f 1542/561/17 1543/564/17 4878/562/17
f 3408/564/17 3409/561/17 4853/563/17
f 4750/567/18 4037/567/18 4738/566/18
f 4037/567/18 4069/565/18 4738/566/18
f 4737/565/18 1460/565/18 4738/566/18
f 1460/565/18 1459/567/18 4738/566/18
f 1559/568/19 4892/568/19 4893/569/19
f 3494/569/19 4893/569/19 4892/568/19
f 1447/559/20 3896/559/20 3895/570/20
f 1572/572/278 3262/572/278 3288/573/278
f 4756/577/22 4106/577/22 4755/576/22
f 4106/577/22 4119/574/22 4755/576/22
f 4119/574/957 4748/574/957 4749/575/957
f 4748/574/958 1458/574/958 4749/575/958
f 1458/574/22 1457/577/22 4749/575/22
f 1457/577/22 4756/577/22 4755/576/22
f 1629/578/23 1630/808/23 2991/579/23
f 1449/581/24 3894/581/24 3893/582/24
f 1584/583/25 1585/584/25 3297/584/25
f 3881/586/26 3880/595/26 4751/587/26
f 4751/587/26 1452/595/26 4752/588/26
f 1452/595/26 1451/589/26 4752/588/26
f 3882/589/26 3881/586/26 4752/588/26
f 1681/590/27 2992/590/27 3001/591/27
f 4106/577/28 4756/577/28 4757/485/28
f 1456/485/28 4757/485/28 4756/577/28
f 1679/592/29 3030/592/29 3054/593/29
f 3879/594/30 4753/596/30 4751/587/30
f 1452/595/30 4751/587/30 4753/596/30
f 1623/597/31 1624/598/31 2817/598/31
f 3934/600/32 4754/600/32 4758/601/32
f 1454/601/32 4758/601/32 4754/600/32
f 1589/602/33 3226/602/33 3214/603/33
f 1517/240/6 3723/661/6 3705/219/6
f 1636/604/773 2889/604/773 2902/605/773
f 1525/432/3 1526/324/3 3560/324/3
f 1670/492/35 1671/607/35 3114/607/35
f 1554/608/37 4905/608/37 4897/609/37
f 3535/609/36 4897/609/36 4905/608/36
f 1619/610/38 1620/518/38 2779/518/38
f 1577/611/39 1578/612/39 3252/612/39
f 1640/489/304 2864/489/304 2873/613/304
f 1533/614/325 3327/614/325 3320/615/325
f 1545/616/42 1546/617/42 4870/617/42
f 3433/617/42 3437/1074/42 4871/618/42
f 4555/619/3 4556/883/3 3/777/3
f 3/777/3 1/163/3 4555/619/3
f 1540/520/43 1541/620/43 4882/620/43
f 3661/620/43 3398/520/43 4867/621/43
f 1/163/5 19/164/5 4557/164/5
f 3384/521/44 3385/3840/44 4852/622/44
f 4852/622/44 3385/3840/44 3387/623/44
f 1538/623/44 1539/521/44 4852/622/44
f 1539/521/44 4850/521/44 4852/622/44
f 19/164/45 18/482/45 4560/482/45
f 1581/624/46 1582/525/46 3169/525/46
f 267/625/47 265/626/47 4239/626/47
f 1627/627/48 1628/628/48 2844/628/48
f 316/629/49 313/630/49 4387/630/49
f 1583/631/50 1584/583/50 3167/585/50
f 426/615/959 4155/615/959 4156/632/959
f 1625/633/52 1626/634/52 2825/634/52
f 477/467/5 476/635/5 4099/635/5
f 1678/593/53 3054/593/53 3083/636/53
f 564/512/54 563/637/54 3714/637/54
f 1676/523/55 3074/523/55 3103/524/55
f 551/638/56 3830/638/56 3831/639/56
f 1592/479/57 3293/479/57 3221/640/57
f 532/641/960 3742/641/960 3737/642/960
f 1643/541/642 2980/541/642 2838/542/642
f 544/643/60 543/514/60 3790/514/60
f 1664/506/61 1665/505/61 3113/505/61
f 519/645/62 3725/645/62 3724/646/62
f 1660/648/63 1661/649/63 3102/649/63
f 496/651/64 3796/651/64 3828/652/64
f 1596/653/65 3213/653/65 3225/654/65
f 484/655/66 3711/655/66 3710/656/66
f 1610/658/67 2861/658/67 2860/659/67
f 571/660/1 3593/660/1 3571/661/1
f 1693/543/6 2638/543/6 2675/662/6
f 668/481/68 669/480/68 3487/480/68
f 1688/663/69 1687/664/69 2681/664/69
f 760/665/70 759/666/70 3161/666/70
f 1701/432/3 1702/324/3 2513/324/3
f 732/667/71 2900/667/71 2965/668/71
f 1709/244/5 1710/259/5 2506/259/5
f 772/164/72 771/487/72 2810/487/72
f 1717/670/6 2456/1467/6 2470/671/6
f 752/672/291 751/673/291 3106/673/291
f 683/163/74 772/164/74 2786/164/74
f 1732/428/1 2447/428/1 2448/675/1
f 684/676/75 683/163/75 2764/163/75
f 1739/240/76 3573/240/76 3651/677/76
f 704/679/5 703/680/5 3223/680/5
f 1793/682/77 1794/683/77 3318/683/77
f 720/684/78 719/685/78 2964/685/78
f 1798/687/79 3388/687/79 3375/688/79
f 1615/690/80 1616/691/80 2791/691/80
f 691/693/81 2846/693/81 2963/694/81
f 1757/695/961 3554/695/961 3547/491/961
f 1647/696/83 1648/697/83 2968/697/83
f 779/698/84 4381/698/84 4460/699/84
f 1833/481/514 1834/700/514 3492/700/514
f 1690/698/84 2673/698/84 2682/699/84
f 4172/701/3 4171/163/3 785/163/3
f 785/163/3 790/164/3 4172/701/3
f 1809/542/167 3323/542/167 3328/702/167
f 2512/703/3 2518/164/3 1703/164/3
f 1703/164/3 1696/163/3 2512/703/3
f 785/163/6 4171/163/6 4213/539/6
f 1829/509/631 1830/506/631 3471/506/631
f 1696/163/5 1697/417/5 2607/417/5
f 828/635/88 4062/635/88 4066/704/88
f 1813/705/89 3348/705/89 3335/706/89
f 1712/256/5 1713/281/5 2539/707/5
f 840/709/90 3966/709/90 3972/476/90
f 1762/654/91 3658/654/91 3546/710/91
f 1705/248/92 2489/248/92 2501/163/92
f 849/712/962 848/713/962 3974/713/962
f 1825/714/94 1826/648/94 3457/648/94
f 1704/163/6 2501/163/6 2517/164/6
f 820/715/95 4049/715/95 4056/661/95
f 1821/432/96 1822/716/96 3411/716/96
f 1726/662/1 2469/662/1 2479/164/1
f 807/717/97 4057/717/97 4050/718/97
f 1776/659/98 3429/659/98 3360/719/98
f 1720/663/1 2461/663/1 2463/465/1
f 860/720/99 3952/720/99 3959/721/99
f 1774/339/100 3422/339/100 3380/722/100
f 1735/164/6 2445/164/6 2443/324/6
f 869/723/101 868/324/101 4004/324/101
f 1932/724/102 1931/725/102 2973/725/102
f 1743/727/5 1742/219/5 2437/728/5
f 877/533/103 876/729/103 3956/729/103
f 1900/669/104 2972/669/104 2928/730/104
f 1788/731/105 1789/597/105 3266/597/105
f 799/733/106 4061/733/106 4058/734/106
f 1919/672/6 3125/672/6 3228/735/6
f 1754/603/107 3506/603/107 3517/737/107
f 883/163/108 3747/163/108 3775/539/108
f 1852/739/109 1851/676/109 2780/676/109
f 1839/740/963 1840/741/963 3464/741/963
f 883/163/5 884/513/5 3772/513/5
f 1887/684/111 2887/684/111 2908/742/111
f 1802/605/112 3344/605/112 3363/744/112
f 892/745/113 3698/745/113 3717/514/113
f 1876/746/114 1875/747/114 3170/747/114
f 1835/493/115 1836/492/115 3539/492/115
f 956/749/116 955/750/116 3645/750/116
f 1863/751/117 3171/751/117 3172/752/117
f 1806/464/118 3362/464/118 3332/462/118
f 960/753/119 3653/753/119 3602/536/119
f 1948/466/5 1947/699/5 2697/699/5
f 1784/754/120 1785/610/120 3249/610/120
f 947/756/121 3677/756/121 3676/728/121
f 2016/538/122 2015/545/122 2588/545/122
f 1780/757/123 1781/690/123 3265/690/123
f 976/759/797 975/760/797 3605/760/797
f 2009/761/125 2614/761/125 2582/762/125
f 1820/764/126 1821/432/126 3399/432/126
f 939/765/127 3630/765/127 3634/766/127
f 2022/767/128 2563/767/128 2553/768/128
f 1767/769/129 3537/769/129 3538/770/129
f 933/771/130 932/772/130 3633/772/130
f 2030/503/131 2029/773/131 2554/773/131
f 1769/774/132 3483/774/132 3536/775/132
f 906/776/964 905/777/964 3582/777/964
f 2001/778/134 2579/778/134 2580/779/134
f 1773/722/135 3380/722/135 3391/780/135
f 924/496/136 3687/496/136 3688/698/136
f 2038/781/137 2037/782/137 2586/782/137
f 1771/784/138 3412/784/138 3454/785/138
f 910/786/965 909/787/965 3584/787/965
f 1994/532/1 2565/532/1 2564/788/1
f 1929/789/140 1928/790/140 3195/790/140
f 3181/791/3 3180/240/3 991/240/3
f 991/240/3 990/163/3 3181/791/3
f 1953/792/6 2500/792/6 2510/793/6
f 1935/512/966 1934/637/966 2824/637/966
f 990/163/5 993/164/5 3285/164/5
f 1959/670/141 2530/670/141 2522/794/141
f 1922/638/56 3306/638/56 3308/639/56
f 999/164/5 998/514/5 2857/514/5
f 1986/795/142 2641/795/142 2581/796/142
f 1907/797/143 3006/797/143 3031/798/143
f 1007/164/6 2747/164/6 2752/324/6
f 1971/799/144 2547/799/144 2544/800/144
f 1905/801/145 2943/801/145 2988/802/145
f 1015/727/5 1014/219/5 2749/728/5
f 2053/514/6 2467/514/6 2488/803/6
f 1909/804/146 3056/804/146 3061/805/146
f 1028/662/1 2732/662/1 2742/164/1
f 2061/806/1 2451/1344/1 2485/240/1
f 1903/641/58 2961/641/58 2932/642/58
f 1022/663/1 2727/663/1 2728/465/1
f 2077/219/147 2429/219/147 2431/501/147
f 1915/643/60 1914/514/60 3099/514/60
f 4659/807/3 4657/353/3 1036/353/3
f 1037/501/3 2718/501/3 4659/807/3
f 4659/807/3 2718/501/3 2717/353/3
f 2132/808/148 2082/809/148 2376/809/148
f 1895/486/440 2982/486/440 2885/510/440
f 4666/810/6 2677/670/6 2700/671/6
f 2700/671/6 1045/671/6 4666/810/6
f 1045/671/6 1044/670/6 4666/810/6
f 2183/591/150 2371/591/150 2375/811/150
f 1890/645/151 2884/645/151 2874/646/151
f 1063/812/152 1062/813/152 2631/813/152
f 2185/814/153 2364/814/153 2367/590/153
f 1884/815/154 1883/816/154 2941/816/154
f 1070/417/155 1069/468/155 2647/468/155
f 2089/738/156 2434/738/156 2435/818/156
f 1866/651/64 3299/651/64 3301/652/64
f 1077/539/157 1076/819/157 2635/819/157
f 2122/517/158 2123/731/158 3216/731/158
f 1880/820/159 1879/821/159 3086/821/159
f 1087/822/6 4416/822/6 2686/823/6
f 2136/744/160 2353/744/160 2351/824/160
f 1882/825/161 1881/826/161 3005/826/161
f 1117/828/162 4272/828/162 4274/829/162
f 2175/830/163 2176/740/163 2394/740/163
f 1854/655/66 2818/655/66 2827/656/66
f 1125/832/164 1124/513/164 4285/513/164
f 2093/640/165 2415/640/165 2417/833/165
f 1860/834/166 2955/834/166 3021/835/166
f 1237/542/167 4795/542/167 4788/702/167
f 3967/702/167 4788/702/167 4795/542/167
f 2171/700/967 2172/836/967 2399/836/967
f 1948/466/1 2615/466/1 2639/543/1
f 4829/3841/1 4833/539/1 3877/539/1
f 3877/539/1 3892/635/1 4813/837/1
f 3892/635/1 4803/635/1 4802/839/1
f 3892/635/1 4802/839/1 4813/837/1
f 4823/838/1 4829/3841/1 3877/539/1
f 4803/635/1 1282/635/1 4802/839/1
f 1282/635/1 1281/539/1 4802/839/1
f 1281/539/1 4833/539/1 4829/3841/1
f 1281/539/1 4829/3841/1 4823/838/1
f 1281/539/1 4823/838/1 4813/837/1
f 2118/840/169 2119/754/169 3207/754/169
f 1942/671/1 2683/671/1 2696/664/1
f 1295/543/6 3778/543/6 3755/662/6
f 2114/540/170 2115/757/170 3312/757/170
f 2013/750/171 2012/841/171 2577/841/171
f 1290/663/69 1289/664/69 3759/664/69
f 2157/843/172 2158/844/172 2372/844/172
f 2039/846/1 2520/846/1 2534/164/1
f 1303/499/5 1304/164/5 3650/164/5
f 2155/847/173 2156/848/173 2365/848/173
f 2017/849/174 2531/849/174 2763/850/174
f 1311/698/84 4883/851/84 4884/699/84
f 3450/699/84 4884/699/84 4883/851/84
f 2101/770/175 2404/770/175 2432/507/175
f 2026/852/176 2025/544/176 2560/544/176
f 1318/854/3 1317/163/3 2768/163/3
f 2198/855/177 2197/856/177 3203/856/177
f 2004/858/178 2611/858/178 2599/756/178
f 1317/163/5 1340/1250/5 3017/859/5
f 2204/860/179 2203/861/179 2869/861/179
f 2033/760/180 2032/662/180 2550/662/180
f 1331/862/968 3206/862/968 3232/863/968
f 2207/864/182 2206/865/182 2801/865/182
f 1996/866/183 2568/866/183 2570/765/183
f 1344/867/184 3043/867/184 3047/868/184
f 2192/869/185 3141/869/185 3665/870/185
f 1990/772/186 1989/871/186 2574/871/186
f 1353/872/187 1352/873/187 3062/873/187
f 2211/874/188 2210/875/188 2816/875/188
f 1955/876/189 2519/876/189 2533/877/189
f 1323/878/190 3186/878/190 3187/879/190
f 2188/880/191 3237/880/191 3144/881/191
f 1963/777/192 1962/882/192 2525/882/192
f 1393/625/47 1392/626/47 3810/626/47
f 2216/625/969 2215/626/969 2772/626/969
f 1967/787/194 1966/884/194 2528/884/194
f 1417/629/49 1416/630/49 4739/630/49
f 3946/630/49 3944/629/49 4745/885/49
f 2221/886/195 2220/887/195 2807/887/195
f 1981/495/196 2590/495/196 2609/496/196
f 1515/164/5 1514/514/5 3779/514/5
f 2226/888/197 2984/888/197 2997/889/197
f 1977/891/198 2601/891/198 2592/465/198
f 2228/892/199 2995/892/199 2999/893/199
f 2231/894/970 3009/894/970 3014/895/970
f 2064/219/147 2449/219/147 2455/501/147
f 1523/301/6 3597/301/6 3644/339/6
f 2236/897/201 2235/898/201 3025/898/201
f 2071/500/202 2072/899/202 2430/899/202
f 1612/530/203 1613/540/203 2811/540/203
f 2260/901/204 2879/901/204 2875/902/204
f 2080/904/1 2426/904/1 2423/499/1
f 2240/629/205 2239/905/205 3039/905/205
f 2129/683/206 2130/906/206 2356/906/206
f 1685/670/3 1684/163/3 2606/163/3
f 2244/484/207 2243/483/207 3024/483/207
f 2127/634/208 2128/682/208 2336/682/208
f 1684/163/5 1695/164/5 2684/164/5
f 10/678/6 4559/678/6 4561/532/6
f 2186/689/209 2359/689/209 2364/814/209
f 109/808/148 21/809/148 4512/809/148
f 2134/908/210 2357/908/210 2358/687/210
f 199/591/211 4508/591/211 4510/909/211
f 2141/911/971 2342/911/971 2344/428/971
f 1699/301/6 2640/301/6 2605/339/6
f 33/738/156 4570/738/156 4571/818/156
f 2095/912/213 2414/912/213 2413/479/213
f 1715/164/214 2517/164/214 2492/913/214
f 116/744/160 4499/744/160 4492/824/160
f 2168/505/215 2169/914/215 2398/914/215
f 1707/246/6 2476/246/6 2505/915/6
f 185/830/216 188/740/216 4543/740/216
f 2146/916/217 2343/916/217 2340/541/217
f 1722/698/84 2465/698/84 2471/699/84
f 124/462/218 4473/462/218 4478/917/218
f 2164/649/219 2165/918/219 2393/918/219
f 1735/164/3 1728/163/3 2436/163/3
f 41/640/165 4553/640/165 4568/833/165
f 2150/919/220 2349/919/220 2354/920/220
f 1728/163/5 1729/417/5 2452/417/5
f 178/700/221 179/836/221 4536/836/221
f 2099/921/316 2412/921/316 2410/653/316
f 3566/922/3 3567/883/3 1737/777/3
f 1737/777/3 1736/163/3 3566/922/3
f 87/840/169 89/754/169 4576/754/169
f 2160/923/223 2161/924/223 2382/924/223
f 1736/163/5 1745/164/5 3572/164/5
f 81/540/170 82/757/170 4483/757/170
f 2152/925/224 2153/926/224 2369/926/224
f 1745/164/45 1744/482/45 3652/482/45
f 4440/164/1 211/164/1 4439/927/1
f 211/164/1 209/219/1 4439/927/1
f 2158/844/225 2159/928/225 2380/928/225
f 1925/929/226 1924/930/226 3311/930/226
f 238/931/227 237/932/227 4368/932/227
f 2110/719/228 3269/719/228 3319/339/228
f 1937/934/229 1936/935/229 2865/935/229
f 235/936/230 233/855/230 4411/855/230
f 2203/861/231 2202/937/231 2870/937/231
f 1917/938/232 1916/939/232 3131/939/232
f 246/940/233 244/860/233 4280/860/233
f 2326/941/234 2956/941/234 3007/942/234
f 1897/511/235 2909/511/235 2890/943/235
f 253/944/236 252/945/236 4250/945/236
f 2323/946/237 2922/946/237 2934/947/237
f 1892/949/972 2981/949/972 2842/950/972
f 217/951/239 4437/951/239 4429/952/239
f 2328/953/240 3034/953/240 3090/954/240
f 1868/955/241 3304/955/241 3305/956/241
f 261/957/242 259/958/242 4240/958/242
f 2321/960/243 2931/960/243 2920/961/243
f 1856/963/244 2826/963/244 2833/964/244
f 396/965/245 395/966/245 4312/966/245
f 2317/968/973 2899/968/973 2976/969/973
f 1950/662/1 2685/662/1 2761/164/1
f 273/971/247 271/972/247 4242/972/247
f 2330/973/248 3042/973/248 3057/974/248
f 1944/663/1 2608/663/1 2616/465/1
f 280/975/249 4254/975/249 4252/976/249
f 2313/977/881 2893/977/881 2892/978/881
f 2019/536/251 2543/536/251 2549/537/251
f 290/890/252 4366/890/252 4364/892/252
f 2309/980/974 2975/980/974 2898/981/974
f 2006/219/254 2598/219/254 2612/983/254
f 294/893/255 4373/893/255 4374/984/255
f 2302/986/975 2301/987/975 3132/987/975
f 2035/988/257 2034/759/257 2545/759/257
f 348/990/258 4301/990/258 4293/991/258
f 2299/993/259 2298/994/259 3137/994/259
f 1998/766/260 2573/766/260 2576/996/260
f 320/519/261 318/998/261 4390/998/261
f 2296/999/976 3155/999/976 3135/1000/976
f 1992/699/263 1991/771/263 2571/1002/263
f 328/1003/264 325/1004/264 4378/1004/264
f 2294/1005/977 3139/1005/977 3140/1006/977
f 1965/1007/266 1964/776/266 2523/776/266
f 367/601/267 4355/601/267 4392/1008/267
f 2291/1009/268 3149/1009/268 3142/1010/268
f 1983/698/269 2610/698/269 2595/1011/269
f 422/163/5 423/1012/5 4237/1012/5
f 2287/1013/270 3143/1013/270 3148/1014/270
f 1969/1015/271 1968/786/271 2526/786/271
f 473/1016/11 422/163/11 4089/163/11
f 2263/1018/5 2262/1019/5 2911/1019/5
f 2042/240/3 2041/163/3 2491/163/3
f 441/551/13 442/554/13 4208/554/13
f 2267/549/978 2266/550/978 2783/550/978
f 2041/163/5 2044/164/5 2498/164/5
f 429/557/15 430/558/15 4162/558/15
f 2285/556/14 3138/556/14 3151/555/14
f 2508/635/273 2049/635/273 2509/1020/273
f 2049/635/273 2050/353/273 2509/1020/273
f 436/561/17 437/564/17 4190/564/17
f 2270/559/16 2269/560/16 2806/560/16
f 2058/500/275 2450/500/275 2444/1021/275
f 453/568/276 4223/568/276 4222/569/276
f 2282/567/18 3136/567/18 3134/565/18
f 2065/1023/277 2066/499/277 2441/1024/277
f 466/572/278 4131/572/278 4170/573/278
f 2272/581/24 2828/581/24 2823/582/24
f 2074/806/1 2438/1344/1 2446/240/1
f 560/725/279 559/1025/279 3751/1025/279
f 2274/589/26 2831/589/26 2836/595/26
f 556/665/70 555/666/70 3803/666/70
f 2279/485/28 3087/485/28 3091/577/28
f 3/777/6 4556/883/6 4554/1026/6
f 535/802/280 3749/802/280 3754/1027/280
f 2277/601/32 2944/601/32 3022/600/32
f 24/525/281 25/631/281 4544/631/281
f 537/798/282 3762/798/282 3767/1028/282
f 18/482/3 16/727/3 4563/727/3
f 103/634/283 104/627/283 4516/627/283
f 533/642/284 3737/642/284 3739/1029/284
f 106/578/23 109/808/23 4513/579/23
f 100/1030/285 101/463/285 4485/463/285
f 540/1031/286 3899/1031/286 3782/1032/286
f 21/809/287 22/624/287 4523/624/287
f 196/636/288 4522/636/288 4530/523/288
f 528/667/71 3745/667/71 3733/668/71
f 27/583/25 28/584/25 4573/584/25
f 114/824/289 4492/824/289 4495/1034/289
f 568/164/72 567/487/72 3703/487/72
f 201/590/27 4505/590/27 4508/591/27
f 191/524/290 4527/524/290 4525/1035/290
f 548/672/73 547/673/73 3785/673/73
f 197/910/292 4510/909/292 4522/636/292
f 92/1036/293 94/1037/293 4463/1037/293
f 480/163/74 568/164/74 3702/164/74
f 99/490/294 100/1030/294 4484/1030/294
f 176/914/295 177/481/295 4537/481/295
f 522/950/296 3697/950/296 3701/488/296
f 36/602/33 4549/602/33 4546/603/33
f 46/711/297 4567/711/297 4552/912/297
f 481/676/75 480/163/75 3691/163/75
f 120/604/298 4487/604/298 4490/605/298
f 138/706/299 4471/706/299 4472/1039/299
f 501/679/5 500/680/5 3841/680/5
f 181/492/35 184/607/35 4532/607/35
f 169/918/300 170/509/300 4531/509/300
f 516/684/78 515/685/78 3732/685/78
f 90/610/301 92/1036/301 4577/1038/301
f 144/919/302 146/1041/302 4498/1041/302
f 505/1042/303 504/1043/303 3781/1043/303
f 128/489/304 4476/489/304 4470/613/304
f 162/1045/305 164/714/305 4529/714/305
f 508/1047/306 507/1048/306 3766/1048/306
f 44/912/213 4552/912/213 4551/479/213
f 159/1049/307 160/1050/307 4518/1050/307
f 512/816/308 511/825/308 3748/825/308
f 173/505/215 176/914/215 4535/914/215
f 409/1052/309 4316/1052/309 4313/960/309
f 510/826/310 509/820/310 3761/820/310
f 136/916/217 4472/1039/217 4469/541/217
f 405/1054/311 4329/1054/311 4306/968/311
f 492/1055/312 3888/1055/312 3798/751/312
f 168/649/219 169/918/219 4542/1040/219
f 401/1056/313 4298/1056/313 4299/977/313
f 488/693/81 3706/693/81 3743/694/81
f 83/690/80 85/691/80 4465/691/80
f 397/1057/314 4315/1057/314 4308/1058/314
f 576/727/5 575/219/5 3682/219/5
f 144/919/979 4488/919/979 4489/920/979
f 269/1059/315 267/625/315 4238/625/315
f 587/603/107 3501/603/107 3513/737/107
f 52/921/316 4550/921/316 4548/653/316
f 380/1060/317 4436/1060/317 4445/1061/317
f 674/740/963 675/741/963 3462/741/963
f 147/925/224 148/926/224 4496/926/224
f 308/547/318 306/1062/318 4391/1062/318
f 635/605/112 3342/605/112 3354/744/112
f 151/1064/319 154/764/319 4504/764/319
f 356/550/320 355/1066/320 4244/1066/320
f 670/836/537 671/492/537 3523/492/537
f 155/432/322 157/1069/322 4507/1069/322
f 448/608/36 4229/608/36 4227/609/36
f 639/464/118 3352/464/118 3330/462/118
f 80/1070/323 4480/1070/323 4479/1071/323
f 471/611/39 472/612/39 4078/612/39
f 617/754/120 618/610/120 3247/610/120
f 59/1072/324 4564/1072/324 4565/1073/324
f 427/614/325 4159/614/325 4155/615/325
f 74/719/326 4514/719/326 4497/339/326
f 439/616/42 440/617/42 4207/617/42
f 613/757/123 614/690/123 3263/690/123
f 63/1075/327 4528/1075/327 4541/1076/327
f 434/520/43 435/620/43 4193/620/43
f 652/1077/328 653/1064/328 3372/1064/328
f 68/780/329 4503/780/329 4511/1078/329
f 432/623/44 433/521/44 4194/521/44
f 654/764/330 655/432/330 3395/432/330
f 240/937/331 238/931/331 4321/933/331
f 477/467/1 3915/467/1 4108/514/1
f 606/722/135 3376/722/135 3389/780/135
f 233/855/177 231/856/177 4455/856/177
f 565/935/332 564/512/332 3713/512/332
f 604/784/138 3406/784/138 3477/785/138
f 244/860/179 242/861/179 4339/861/179
f 553/930/333 552/639/333 3831/639/333
f 762/789/140 761/790/140 3078/790/140
f 229/1080/334 226/1081/334 4453/1081/334
f 545/939/335 544/643/335 3784/643/335
f 768/512/54 767/637/54 2853/637/54
f 414/1083/336 4320/1083/336 4369/1084/336
f 525/510/337 3731/510/337 3727/511/337
f 755/638/56 3279/638/56 3281/639/56
f 413/948/338 4325/948/338 4320/1083/338
f 520/647/339 3724/646/339 3777/949/339
f 740/797/143 3002/797/143 3028/798/143
f 250/864/182 248/865/182 4251/865/182
f 497/652/340 3828/652/340 3829/1085/340
f 738/801/145 2940/801/145 2986/802/145
f 416/942/341 4380/942/341 4395/1086/341
f 485/657/342 3710/656/342 3709/1087/342
f 742/804/146 3045/804/146 3077/805/146
f 411/962/343 4311/962/343 4319/946/343
f 572/240/76 3571/661/76 3646/677/76
f 736/641/58 2957/641/58 2951/642/58
f 221/869/185 4432/869/185 4446/870/185
f 628/628/344 629/578/344 3383/578/344
f 748/643/60 747/514/60 3097/514/60
f 418/954/345 4458/954/345 4404/1088/345
f 624/463/346 625/1089/346 3282/1089/346
f 728/486/440 2979/486/440 2881/510/440
f 408/1090/347 4307/1090/347 4316/1052/347
f 620/1037/348 621/1091/348 3255/1091/348
f 723/645/151 2880/645/151 2871/646/151
f 404/1092/349 4300/1414/349 4329/1054/349
f 642/542/872 3325/542/872 3322/702/872
f 717/815/154 716/816/154 2950/816/154
f 421/1093/350 420/974/350 4405/974/350
f 664/509/631 665/506/631 3469/506/631
f 699/651/64 3271/651/64 3273/652/64
f 257/874/188 255/875/188 4243/875/188
f 646/705/89 3345/705/89 3333/706/89
f 713/820/159 712/821/159 3085/821/159
f 400/1094/351 4328/1094/351 4298/1056/351
f 594/654/91 3655/654/91 3544/710/91
f 715/825/161 714/826/161 2993/826/161
f 215/880/352 4433/880/352 4434/881/352
f 660/714/94 661/648/94 3458/648/94
f 687/655/66 2850/655/66 2849/656/66
f 265/626/353 263/1095/353 4347/1095/353
f 649/1041/637 650/925/637 3368/925/637
f 693/834/166 2977/834/166 3026/835/166
f 278/886/195 275/887/195 4249/887/195
f 657/928/355 658/923/355 3436/923/355
f 781/466/1 4263/466/1 4349/543/1
f 388/994/356 387/1001/356 4452/1001/356
f 651/926/357 652/1077/357 3377/1077/357
f 775/671/1 4406/671/1 4459/664/1
f 385/1006/358 4431/1006/358 4424/999/358
f 598/1097/980 3509/1097/980 3511/1098/980
f 790/164/5 789/514/5 4173/514/5
f 284/539/360 4253/539/360 4279/1099/360
f 609/659/98 3424/659/98 3350/719/98
f 833/1101/361 832/1537/361 4039/1102/361
f 383/1104/362 4428/1104/362 4425/1005/362
f 601/1076/363 3520/1076/363 3521/1105/363
f 836/1106/364 3963/1106/364 3955/1107/364
f 287/888/197 4338/888/197 4366/890/197
f 765/724/102 764/725/102 2966/725/102
f 824/1108/365 4076/1108/365 4077/1109/365
f 292/892/366 4364/892/366 4373/893/366
f 733/669/104 2965/668/104 2915/730/104
f 845/467/368 844/1111/368 4111/1111/368
f 379/1112/369 4435/1112/369 4436/1060/369
f 752/672/6 3109/674/6 3224/735/6
f 853/1113/370 852/219/370 3989/219/370
f 298/894/371 4376/894/371 4377/1114/371
f 685/739/109 684/676/109 2785/676/109
f 816/339/372 4026/339/372 4032/1115/372
f 306/1062/373 304/1117/373 4384/1117/373
f 720/684/374 2886/686/374 2904/742/374
f 812/1118/375 811/1119/375 4033/1119/375
f 350/901/204 4294/901/204 4295/902/204
f 709/746/114 708/747/114 3156/747/114
f 865/1120/376 864/1121/376 3970/1121/376
f 355/1066/377 354/1123/377 4245/1123/377
f 696/751/117 3157/751/117 3158/752/117
f 803/1124/378 4073/1124/378 4075/417/378
f 313/630/379 312/1125/379 4386/1125/379
f 781/466/5 780/699/5 4460/699/5
f 873/1126/380 872/1127/380 3981/1127/380
f 376/555/381 4430/555/381 4427/1013/381
f 786/539/1 4213/539/1 4232/635/1
f 324/484/382 322/483/382 4383/483/382
f 829/704/981 4066/704/981 4054/1129/981
f 880/1130/384 879/1131/384 3948/1131/384
f 359/560/385 358/1133/385 4248/1133/385
f 842/428/982 841/476/982 3972/476/982
f 795/1134/386 4031/1134/386 4102/1135/386
f 331/1136/387 329/1137/387 4375/1137/387
f 850/1138/380 849/712/380 3977/712/380
f 3774/635/273 887/635/273 3773/1020/273
f 887/635/273 888/353/273 3773/1020/273
f 346/1139/388 345/1140/388 4314/1140/388
f 821/240/389 4056/661/389 4060/1141/389
f 4423/1144/712 375/556/712 374/1142/712
f 374/1142/712 4421/1142/712 4422/1143/712
f 809/1145/391 808/718/391 4050/718/391
f 958/538/122 957/545/122 3627/545/122
f 336/1146/392 334/1147/392 4365/1147/392
f 861/721/393 3959/721/393 3988/514/393
f 951/761/394 3719/761/394 3638/762/394
f 371/574/395 4450/574/395 4414/1149/395
f 870/1150/396 869/723/396 4002/723/396
f 964/767/128 3606/767/128 3604/768/128
f 361/571/397 4346/571/397 4345/1151/397
f 878/534/398 877/533/398 3958/533/398
f 972/503/131 971/773/131 3612/773/131
f 363/582/399 4344/582/399 4337/589/399
f 800/734/400 4058/734/400 4094/1152/400
f 943/778/134 3641/778/134 3668/779/134
f 368/1008/401 4392/1008/401 4448/467/401
f 884/513/402 885/539/402 3775/539/402
f 980/781/403 979/782/403 3587/782/403
f 366/596/404 4335/596/404 4355/601/404
f 936/532/1 3618/532/1 3623/788/1
f 443/1153/405 444/1154/405 4211/1154/405
f 893/164/6 3683/164/6 3698/745/6
f 895/792/6 3569/792/6 3559/793/6
f 425/632/406 4156/632/406 4163/1155/406
f 961/536/251 3602/536/251 3599/537/251
f 901/670/983 3575/670/983 3592/794/983
f 447/609/408 4227/609/408 4231/1156/408
f 948/219/254 3676/728/254 3690/983/254
f 928/795/142 4582/795/142 3639/796/142
f 470/1157/409 471/611/409 4080/611/409
f 969/1159/410 968/852/410 3611/852/410
f 913/799/144 3600/799/144 3607/800/144
f 438/1161/411 439/616/411 4233/1074/411
f 977/988/984 976/759/984 3608/759/984
f 987/219/412 3419/219/412 3425/353/412
f 451/1162/413 4230/1162/413 4226/1163/413
f 940/766/260 3634/766/260 3635/996/260
f 994/163/3 999/164/3 2766/164/3
f 433/521/414 434/520/414 4186/520/414
f 934/699/263 933/771/263 3631/771/263
f 994/163/6 2765/163/6 3067/539/6
f 431/1164/415 432/623/415 4236/623/415
f 898/877/416 3591/877/416 3577/1165/416
f 467/1166/417 468/1167/417 4581/1167/417
f 907/1007/266 906/776/266 3581/776/266
f 455/1168/418 4219/1168/418 4224/1169/418
f 925/698/269 3688/698/269 3673/1011/269
f 1003/301/6 2755/301/6 2754/339/6
f 457/1170/419 4217/1170/419 4218/1171/419
f 911/1015/985 910/786/985 3586/786/985
f 4611/660/1 2737/660/1 4610/3842/1
f 2737/660/1 2739/661/1 4598/1174/1
f 4610/3842/1 2737/660/1 4605/3843/1
f 2739/661/1 4588/3844/1 4589/3845/1
f 2739/661/1 4589/3845/1 4591/3846/1
f 4605/3843/1 2737/660/1 4603/3847/1
f 4603/3847/1 2737/660/1 4602/1173/1
f 2739/661/1 4591/3846/1 4594/1175/1
f 2739/661/1 4594/1175/1 4598/1174/1
f 4588/3844/1 1011/240/1 4589/3845/1
f 1011/240/1 1010/660/1 4594/1175/1
f 4589/3845/1 1011/240/1 4591/3846/1
f 1010/660/1 4611/660/1 4610/3842/1
f 1010/660/1 4610/3842/1 4605/3843/1
f 4591/3846/1 1011/240/1 4594/1175/1
f 1010/660/1 4605/3843/1 4603/3847/1
f 1010/660/1 4603/3847/1 4602/1173/1
f 1010/660/1 4602/1173/1 4598/1174/1
f 458/1176/421 4191/1176/421 4217/1170/421
f 920/465/422 3686/465/422 3671/1177/422
f 4663/1179/3 4660/670/3 1019/670/3
f 1019/670/3 1018/163/3 4663/1179/3
f 1018/163/3 2724/163/3 4663/1179/3
f 2721/1178/3 2720/1467/3 4660/670/3
f 459/522/423 4185/522/423 4191/1176/423
f 983/163/424 3529/163/424 3530/164/424
f 1018/163/5 1029/164/5 2742/164/5
f 475/539/1 4038/539/1 4099/635/1
f 984/500/6 3417/500/6 3529/163/6
f 4655/1180/202 2719/899/202 2715/900/202
f 4655/1180/202 4654/1181/202 1032/500/202
f 1032/500/202 1033/899/202 4655/1180/202
f 558/789/140 557/790/140 3805/790/140
f 991/240/6 3180/240/6 3219/219/6
f 2712/1182/1 2710/499/1 4675/499/1
f 4675/499/1 1040/499/1 4674/1183/1
f 1040/499/1 1041/904/1 4674/1183/1
f 2711/904/1 2712/1182/1 4674/1183/1
f 563/637/823 562/1184/823 3715/1184/823
f 4599/1186/3 4600/1187/3 1016/482/3
f 1016/482/3 1015/727/3 4599/1186/3
f 1015/727/3 2743/727/3 4599/1186/3
f 2744/1185/3 2758/1187/3 4600/1187/3
f 2699/698/427 1049/698/427 4668/1189/427
f 1049/698/427 1048/465/427 4668/1189/427
f 1048/465/427 4644/465/427 4645/1188/427
f 4668/1189/427 2698/3848/427 2699/698/427
f 4644/465/427 2759/465/427 4645/1188/427
f 2759/465/427 2698/3848/427 4668/1189/427
f 536/797/143 3754/1027/143 3762/798/143
f 1023/465/427 2728/465/427 2729/698/427
f 1111/324/428 1110/1120/428 2664/1120/428
f 534/801/145 3739/1029/145 3749/802/145
f 4658/1191/147 2718/501/147 1037/501/147
f 1037/501/147 1038/219/147 4653/1190/147
f 1038/219/147 4677/219/147 4653/1190/147
f 4677/219/147 2716/219/147 4653/1190/147
f 2716/219/147 2718/501/147 4653/1190/147
f 1109/514/429 1108/1192/429 2661/1192/429
f 538/804/146 3767/1028/146 3768/805/146
f 1045/671/1 2700/671/1 2702/664/1
f 2660/1195/986 1107/1433/986 1106/1193/986
f 1106/1193/986 2693/1193/986 2659/1194/986
f 550/1196/431 3836/1196/431 3830/638/431
f 1056/1197/432 2618/1197/432 2628/1198/432
f 1102/1199/433 2669/1199/433 2672/1200/433
f 531/1201/434 3734/1201/434 3742/641/434
f 1071/1202/987 1070/417/987 2649/417/987
f 1058/829/436 2626/829/436 2636/1203/436
f 542/1204/437 3780/1204/437 3790/514/437
f 1078/1205/438 1077/539/438 2627/539/438
f 1066/1152/454 1065/832/454 2650/832/454
f 524/486/440 3726/486/440 3731/510/440
f 1082/477/441 1081/899/441 2617/899/441
f 1099/467/442 2691/467/442 2692/713/442
f 503/539/443 502/1207/443 3786/1207/443
f 1171/324/428 1170/1120/428 4403/1120/428
f 518/1208/444 3730/1208/444 3725/645/444
f 1169/514/429 1168/1192/429 4401/1192/429
f 1073/717/445 1072/1209/445 2642/1209/445
f 507/1048/446 506/1210/446 3769/1210/446
f 4356/1195/447 1167/1433/447 4352/1211/447
f 1167/1433/447 1166/528/447 4352/1211/447
f 2665/1212/448 4630/1213/448 4628/353/448
f 1094/353/448 4628/353/448 4630/1213/448
f 513/815/154 512/816/154 3738/1051/154
f 4627/301/449 2656/301/449 2657/1214/449
f 2657/1214/988 2658/1342/988 4626/1215/988
f 1091/301/449 4627/301/449 4626/1215/449
f 484/655/450 483/1217/450 3693/1217/450
f 1162/1199/433 4367/1199/433 4358/1200/433
f 2653/1218/451 2654/635/451 4624/635/451
f 4624/635/451 1090/635/451 4625/1219/451
f 1090/635/451 1089/1110/451 4625/1219/451
f 1089/1110/451 2687/1110/451 4625/1219/451
f 509/820/452 508/1047/452 3765/1047/452
f 1118/829/436 4274/829/436 4276/1203/436
f 1164/526/453 4362/526/453 4371/527/453
f 511/825/161 510/826/161 3753/1053/161
f 1126/1152/454 1125/832/454 4289/832/454
f 1122/813/455 1121/409/455 4281/409/455
f 495/1221/456 3795/1221/456 3796/651/456
f 1159/428/457 4579/428/457 4580/713/457
f 1129/468/458 1128/1222/458 4292/1222/458
f 490/834/166 3750/834/166 3764/835/166
f 1133/717/459 1132/1223/459 4290/1223/459
f 1136/819/460 1135/1224/460 4330/1224/460
f 570/777/6 3564/777/6 3593/660/6
f 4579/428/461 1159/428/461 4784/1225/461
f 1159/428/461 1158/1227/461 4784/1225/461
f 1158/1227/461 4783/1227/461 4784/1225/461
f 4359/1227/461 4360/1226/461 4784/1225/461
f 1141/899/462 1140/1228/462 4267/1228/462
f 579/809/287 580/624/287 3447/624/287
f 4370/1212/448 4782/1213/448 4781/353/448
f 1154/353/448 4781/353/448 4782/1213/448
f 4844/1229/1 4215/508/1 4221/1494/1
f 4221/1494/1 1147/822/1 4844/1229/1
f 1147/822/1 1146/508/1 4844/1229/1
f 581/525/281 582/631/281 3527/631/281
f 4798/301/449 4396/301/449 4398/1231/449
f 4398/1231/449 4399/1216/449 4799/1216/449
f 1151/301/449 4798/301/449 4799/1216/449
f 1222/683/206 1223/906/206 4020/906/206
f 626/634/283 627/627/283 3353/627/283
f 4801/1110/451 4331/1110/451 4796/1232/451
f 4331/1110/451 4332/635/451 4796/1232/451
f 4797/635/451 1150/635/451 4796/1232/451
f 1150/635/451 1149/1110/451 4796/1232/451
f 4762/1234/463 4767/1495/463 1220/634/463
f 1220/634/463 1221/682/463 4759/1233/463
f 1221/682/463 4760/682/463 4759/1233/463
f 4759/1233/463 4760/682/463 4117/682/463
f 4117/682/463 4116/907/463 4762/1234/463
f 4116/907/208 4767/1495/208 4762/1234/208
f 585/818/589 3524/818/589 3525/1235/589
f 1225/808/148 1174/809/148 4128/809/148
f 1279/689/209 4025/689/209 4041/814/209
f 682/1236/465 3373/1236/465 3401/590/465
f 1223/906/466 1224/1237/466 4028/1237/466
f 4763/1238/294 4770/490/294 1216/490/294
f 1216/490/294 1217/1030/294 4763/1238/294
f 4763/1238/294 4764/1030/294 3995/1030/294
f 3995/1030/294 3918/490/294 4763/1238/294
f 623/1030/285 624/463/285 3280/463/285
f 1276/591/150 4091/591/150 4127/811/150
f 1227/908/210 4012/908/210 4021/687/210
f 680/591/211 3396/591/211 3403/909/211
f 1278/814/153 4041/814/153 4052/590/153
f 1212/610/301 1213/1036/301 4775/1036/301
f 3900/1036/301 3902/610/301 4774/610/301
f 678/636/288 3446/636/288 3444/523/288
f 1181/738/156 4202/738/156 4203/818/156
f 1187/912/213 4187/912/213 4188/479/213
f 633/824/289 3369/824/289 3382/1034/289
f 1268/830/468 1269/740/468 4176/740/468
f 1261/505/215 1262/914/215 4153/914/215
f 676/524/989 3459/524/989 3462/741/989
f 1233/462/218 3997/462/218 4006/917/218
f 1239/916/217 4793/1239/217 4794/541/217
f 3973/541/217 4794/541/217 4793/1239/217
f 589/833/469 3545/833/469 3656/1240/469
f 1185/640/165 4184/640/165 4200/833/165
f 1257/649/813 1258/918/813 4137/918/813
f 637/917/470 3334/917/470 3346/604/470
f 1264/700/168 1265/836/168 4150/836/168
f 619/1036/293 620/1037/293 3242/1037/293
f 4773/1241/169 4787/840/169 1210/840/169
f 1210/840/169 1211/754/169 4773/1241/169
f 4773/1241/169 4772/754/169 3901/754/169
f 3901/754/169 3909/840/169 4773/1241/169
f 4810/1243/220 1242/920/220 4809/1242/220
f 1242/920/220 1243/919/220 4809/1242/220
f 4815/919/979 4011/919/979 4809/1242/979
f 4011/919/220 4018/920/220 4809/1242/220
f 672/607/471 673/830/471 3470/830/471
f 1206/540/170 1207/757/170 4812/757/170
f 3994/757/170 3993/540/170 4807/540/170
f 1191/921/316 4179/921/316 4182/653/316
f 641/702/472 3322/702/472 3326/489/472
f 1250/843/172 1251/844/172 4124/844/172
f 1253/923/223 1254/924/223 4134/924/223
f 667/914/990 668/481/990 3489/481/990
f 4828/1244/173 4827/1245/173 1248/847/173
f 1248/847/173 1249/848/173 4828/1244/173
f 4828/1244/173 4067/848/173 4055/847/173
f 1245/925/224 1246/926/224 4817/926/224
f 4016/926/224 4014/925/224 4819/925/224
f 593/711/297 3544/710/297 3551/912/297
f 1193/770/175 4197/770/175 4198/507/175
f 1251/844/225 1252/928/225 4129/928/225
f 645/706/299 3333/706/299 3351/1039/299
f 3892/635/5 3791/3849/5 4806/1246/5
f 3791/3849/5 3792/467/5 4806/1246/5
f 3792/467/5 1283/467/5 4806/1246/5
f 1283/467/5 1282/635/5 4806/1246/5
f 1202/719/228 4836/719/228 4834/339/228
f 4017/339/228 4834/339/228 4836/719/228
f 615/691/474 616/840/474 3241/840/474
f 1296/662/1 3755/662/1 3757/164/1
f 1294/466/5 1293/699/5 3776/699/5
f 663/918/300 664/509/300 3465/509/300
f 1290/663/1 3720/663/1 3722/465/1
f 3531/661/475 3557/3850/475 4888/1247/475
f 3557/3850/475 3556/900/475 4888/1247/475
f 3556/900/475 1299/500/475 4888/1247/475
f 1299/500/475 1300/240/475 4888/1247/475
f 648/919/991 649/1041/991 3416/1096/991
f 4863/1249/5 4884/699/5 3450/699/5
f 3450/699/5 3317/3851/5 4862/1248/5
f 3317/3851/5 3315/466/5 4862/1248/5
f 3315/466/5 1313/466/5 4862/1248/5
f 1313/466/5 1312/699/5 4862/1248/5
f 1312/699/5 4884/699/5 4863/1249/5
f 1313/466/1 3315/466/1 3426/543/1
f 659/924/476 660/714/476 3479/714/476
f 1340/1250/477 1339/1251/477 3072/1251/477
f 3449/664/1 4891/1252/1 4890/671/1
f 1307/671/1 4890/671/1 4891/1252/1
f 597/1098/992 3511/1098/992 3512/1253/992
f 1332/863/479 3232/863/479 3150/1254/479
f 1336/1255/480 1335/471/480 3189/471/480
f 611/1070/481 612/540/481 3274/540/481
f 1345/868/482 3047/868/482 3081/1256/482
f 1362/1257/483 2837/1257/483 2858/164/483
f 653/1064/319 654/764/319 3390/764/319
f 1354/1258/484 1353/872/484 3069/872/484
f 1349/470/485 1348/469/485 3070/469/485
f 655/432/486 656/1260/486 3405/1260/486
f 1361/1261/487 1360/1262/487 3035/1262/487
f 1327/1264/993 3231/1264/993 3663/1265/993
f 603/785/489 3477/785/489 3478/1267/489
f 1324/879/490 3187/879/490 3662/472/490
f 1357/1268/994 1356/1269/994 3044/1269/994
f 607/339/100 3415/339/100 3376/722/100
f 1497/1052/309 3873/1052/309 3870/960/309
f 1319/1271/492 3050/1271/492 3079/1272/492
f 605/780/329 3389/780/329 3406/784/329
f 1493/1054/493 3859/1054/493 3876/968/493
f 1378/931/227 1377/932/227 3920/932/227
f 764/725/279 763/1025/279 2946/1025/279
f 1489/1056/313 3860/1056/313 3856/977/313
f 1376/936/230 1375/855/230 2475/855/230
f 759/666/494 758/929/494 3160/929/494
f 1485/1057/314 3872/1057/314 3863/1058/314
f 1382/940/233 1381/860/233 3839/860/233
f 739/802/280 2986/802/280 3002/797/280
f 1394/1059/315 1393/625/315 3808/625/315
f 1386/944/236 1385/945/236 3819/945/236
f 741/798/282 3028/798/282 3045/804/282
f 4711/1060/317 4085/1060/317 4702/1273/317
f 4085/1060/317 4082/1061/317 4702/1273/317
f 4703/1009/317 1468/1009/317 4702/1273/317
f 1468/1009/317 1467/1060/317 4702/1273/317
f 4678/952/239 1368/952/239 4680/1275/239
f 1368/952/239 1367/951/239 4680/1275/239
f 1367/951/497 4685/951/497 4681/1274/497
f 4685/951/239 2535/951/239 4681/1274/239
f 2535/951/239 2536/952/239 4681/1274/239
f 2536/952/239 4678/952/239 4680/1275/239
f 737/642/284 2951/642/284 2940/801/284
f 1413/547/995 1412/1062/995 4735/1062/995
f 3943/1062/318 3950/547/318 4733/547/318
f 1390/957/242 1389/958/242 3809/958/242
f 771/487/996 770/934/996 2803/934/996
f 1443/550/320 1442/1066/320 3821/1066/320
f 1484/965/499 1483/966/499 3869/966/499
f 744/1031/286 3179/1031/286 3093/1032/286
f 1396/971/997 1395/972/997 3826/972/997
f 731/943/500 2888/943/500 2900/667/500
f 1524/428/1 3574/428/1 3597/301/1
f 1399/975/501 3843/975/501 3840/976/501
f 751/673/998 750/938/998 3110/938/998
f 1531/632/406 3321/632/406 3420/1155/406
f 3922/892/504 4698/892/504 4696/890/504
f 1404/890/504 4696/890/504 4698/892/504
f 726/950/296 2840/950/296 2841/488/296
f 1553/609/408 4897/609/408 4900/1276/408
f 4897/609/408 3535/609/408 3507/1277/408
f 3507/1277/999 3508/1156/999 4900/1276/999
f 1406/893/255 4706/893/255 4709/985/255
f 3937/984/255 4709/985/255 4706/893/255
f 702/956/505 3277/956/505 3223/680/505
f 1576/1157/409 1577/611/409 3250/611/409
f 3853/991/506 1436/992/506 4715/1278/506
f 1436/992/506 1435/990/506 4715/1278/506
f 1435/990/506 4714/990/506 4715/1278/506
f 3852/990/506 3851/1279/506 4715/1278/506
f 708/747/507 707/1280/507 3100/1280/507
f 1544/1161/411 1545/616/411 4871/618/411
f 3437/1074/411 3481/1161/411 4868/1161/411
f 1419/519/508 1418/998/508 4732/998/508
f 3949/998/508 3942/519/508 4734/519/508
f 719/685/509 718/1281/509 2914/1281/509
f 1557/1162/413 4896/1162/413 4895/1163/413
f 3495/1163/510 4895/1163/510 4896/1162/510
f 1423/1003/264 1422/1004/264 4724/1004/264
f 3935/1004/264 3931/1003/264 4722/1003/264
f 716/816/308 715/825/308 2985/827/308
f 1539/521/414 1540/520/414 4867/621/414
f 3398/520/414 3384/521/414 4850/521/414
f 1510/163/3 1515/164/3 3699/164/3
f 714/826/511 713/820/511 3011/820/511
f 1537/1164/512 1538/623/512 3387/623/512
f 1510/163/6 3704/163/6 3793/539/6
f 690/964/513 2847/964/513 2846/693/513
f 1628/628/344 1629/578/344 2953/580/344
f 1518/219/1 3705/219/1 3700/164/1
f 695/1055/312 3178/1055/312 3157/751/312
f 1631/687/79 2952/687/79 2949/688/79
f 4901/1282/6 3657/164/6 3560/324/6
f 3560/324/6 1526/324/6 4901/1282/6
f 1526/324/6 1527/164/6 4901/1282/6
f 778/465/427 4264/465/427 4381/698/427
f 1667/481/85 1668/700/85 3116/700/85
f 1550/1154/515 1551/1283/515 4873/1283/515
f 3439/1283/515 3438/1526/515 4876/1154/515
f 1642/542/167 2838/542/167 2839/702/167
f 1546/617/516 1547/551/516 4869/553/516
f 3435/551/1000 3433/617/1000 4870/617/1000
f 835/475/518 834/1216/518 4104/1216/518
f 1663/509/87 1664/506/87 3122/644/87
f 1533/614/683 1534/1284/683 3359/1284/683
f 827/1285/520 4096/1285/520 4062/635/520
f 1646/705/89 2906/705/89 2882/706/89
f 1558/569/521 4893/569/521 4896/1162/521
f 3496/1162/521 4896/1162/521 4893/569/521
f 839/1286/522 3990/1286/522 3966/709/522
f 1595/654/91 3225/654/91 3220/711/91
f 1571/573/1001 3288/573/1001 3428/1287/1001
f 848/713/524 847/1288/524 4044/1288/524
f 1659/714/94 1660/648/94 3092/650/94
f 3493/1169/418 4906/1169/418 4886/1168/418
f 1561/1168/418 4886/1168/418 4906/1169/418
f 856/432/525 855/1289/525 3953/1289/525
f 1569/1290/526 3427/1290/526 3358/1291/526
f 819/823/527 4048/823/527 4049/715/527
f 1656/928/528 1657/923/528 3082/923/528
f 3533/1171/419 4874/1172/419 4880/1170/419
f 1563/1170/419 4880/1170/419 4874/1172/419
f 814/1293/529 813/1294/529 4023/1294/529
f 1609/659/98 2860/659/98 2859/719/98
f 1567/1296/530 3357/1296/530 3386/1297/530
f 859/498/364 3941/498/364 3952/720/364
f 1685/670/6 2637/670/6 2674/671/6
f 3482/1170/421 4880/1170/421 4879/1299/421
f 1564/1176/421 4879/1299/421 4880/1170/421
f 806/1300/531 4059/1300/531 4057/717/531
f 4851/1301/532 3386/1297/532 3397/522/532
f 4854/522/532 1565/522/532 4851/1301/532
f 1565/522/532 1566/1298/532 4851/1301/532
f 868/324/368 867/1302/368 4109/1302/368
f 1700/428/1 2566/428/1 2640/301/1
f 3451/1176/423 4879/1299/423 4854/522/423
f 1565/522/423 4854/522/423 4879/1299/423
f 876/729/370 875/1303/370 3987/1303/370
f 1707/246/533 1708/245/533 2490/245/533
f 1622/731/105 1623/597/105 2798/599/105
f 798/812/534 4065/812/534 4061/733/534
f 1724/466/5 1723/699/5 2471/699/5
f 1588/603/107 3214/603/107 3295/737/107
f 792/1304/536 3832/1304/536 4101/1305/536
f 1730/339/1 2457/339/1 2452/417/1
f 1673/740/963 1674/741/963 3098/741/963
f 891/514/6 3717/514/6 3771/803/6
f 1737/777/6 3567/883/6 3598/660/6
f 1635/605/112 2902/605/112 2969/744/112
f 955/750/171 954/841/171 3637/841/171
f 1748/525/281 1749/631/281 3542/631/281
f 1669/836/537 1670/492/537 3119/492/537
f 981/846/1 3561/846/1 3565/164/1
f 1843/636/288 3432/636/288 3445/523/288
f 1639/464/118 2873/613/118 2883/462/118
f 959/849/174 3589/849/174 3653/753/174
f 1800/824/538 3365/824/538 3367/908/538
f 1618/754/120 1619/610/120 2771/610/120
f 968/852/176 967/544/176 3613/544/176
f 1841/524/290 3460/524/290 3464/741/290
f 1647/696/539 2901/696/539 2906/705/539
f 946/858/178 3689/858/178 3677/756/178
f 1756/491/1002 3547/491/1002 3659/1240/1002
f 1614/757/123 1615/690/123 2804/692/123
f 975/760/180 974/662/180 3603/662/180
f 1832/914/295 1833/481/295 3488/481/295
f 1649/1307/543 1650/529/543 2958/529/543
f 938/866/183 3625/866/183 3630/765/183
f 1761/711/297 3546/710/297 3553/912/297
f 1651/531/544 1652/1064/544 2948/1064/544
f 932/772/186 931/871/186 3636/871/186
f 1812/706/299 3335/706/299 3331/1039/299
f 1653/764/126 1654/432/126 3000/432/126
f 897/876/189 3562/876/189 3591/877/189
f 1828/918/300 1829/509/300 3466/509/300
f 1600/769/129 3166/769/129 3289/770/129
f 905/777/192 904/882/192 3580/882/192
f 1815/919/991 1816/1041/991 3423/1041/991
f 1602/774/132 3164/774/132 3165/775/132
f 908/884/546 907/1007/546 3590/1007/546
f 1824/1045/305 1825/714/305 3484/714/305
f 1606/722/135 2947/722/135 2989/780/135
f 909/787/194 908/884/194 3583/884/194
f 1817/1309/548 1818/1310/548 3371/1310/548
f 1604/784/138 3018/784/138 3071/785/138
f 923/495/1003 3672/495/1003 3687/496/1003
f 1822/716/550 1823/1050/550 3431/1050/550
f 1694/662/1 2675/662/1 2684/164/1
f 915/663/551 3617/663/551 3615/1312/551
f 1926/666/494 1925/929/494 3174/929/494
f 1688/663/1 2622/663/1 2624/465/1
f 919/891/198 3679/891/198 3686/465/198
f 1938/487/996 1937/934/996 2805/934/996
f 1703/164/6 2518/164/6 2513/324/6
f 997/467/1 2856/467/1 2857/514/1
f 1898/943/552 2890/943/552 2903/1313/552
f 1710/259/553 1711/1314/553 2493/1314/553
f 1005/432/3 1006/324/3 2752/324/3
f 1918/673/998 1917/938/998 3112/938/998
f 1724/466/1 2462/466/1 2482/543/1
f 2749/728/1 1014/219/1 2748/1315/1
f 1014/219/1 1013/532/1 2748/1315/1
f 1869/956/505 3305/956/505 3227/680/505
f 1718/671/1 2470/671/1 2477/664/1
f 1027/543/6 2726/543/6 2732/662/6
f 1875/747/507 1874/1280/507 3104/1280/507
f 1733/432/6 2460/432/6 2447/428/6
f 1022/663/69 1021/664/69 2733/664/69
f 1886/685/509 1885/1281/509 2916/1281/509
f 1740/678/6 3651/677/6 3681/532/6
f 1036/353/6 4657/353/6 4661/806/6
f 2722/806/6 4661/806/6 4657/353/6
f 1857/964/513 2833/964/513 2845/693/513
f 1797/808/148 1746/809/148 3414/809/148
f 4643/1318/3 4665/670/3 1044/670/3
f 1044/670/3 1043/163/3 4636/1316/3
f 1043/163/3 2680/163/3 4636/1316/3
f 4634/1317/3 4643/1318/3 1044/670/3
f 4634/1317/3 4636/1316/3 2676/1178/3
f 4636/1316/3 2680/163/3 2676/1178/3
f 2676/1178/3 2677/670/3 4643/1318/3
f 2677/670/3 4665/670/3 4643/1318/3
f 1945/465/427 2616/465/427 2651/698/427
f 1795/906/466 1796/1237/466 3381/1237/466
f 4639/1321/5 4649/164/5 2708/164/5
f 2708/164/5 2679/1319/5 4639/1321/5
f 2679/1319/5 2680/163/5 4640/1320/5
f 2680/163/5 1043/163/5 4640/1320/5
f 1043/163/5 1054/164/5 4639/1321/5
f 1054/164/5 4649/164/5 4639/1321/5
f 2015/545/555 2014/749/555 2587/749/555
f 1846/591/150 3400/591/150 3413/811/150
f 2705/543/1 4637/543/1 4635/466/1
f 1051/466/1 4635/466/1 4637/543/1
f 2007/983/556 2612/983/556 2597/1322/556
f 1848/814/153 3374/814/153 3393/590/153
f 1113/164/557 1112/1323/557 2695/1323/557
f 2020/537/558 2549/537/558 2546/1324/558
f 1753/738/156 3517/737/156 3518/818/156
f 1112/1323/559 1111/324/559 2694/324/559
f 2028/482/560 2027/1159/560 2556/1159/560
f 1787/517/158 1788/731/158 3253/732/158
f 1110/1120/561 1109/514/561 2662/514/561
f 2036/1327/562 2035/988/562 2548/989/562
f 1801/744/160 3363/744/160 3365/824/160
f 1108/1192/563 1107/1433/563 2660/1195/563
f 1999/997/564 2576/996/564 2575/466/564
f 1838/830/468 1839/740/468 3476/740/468
f 1104/515/565 2668/515/565 2666/432/565
f 1993/1328/566 1992/699/566 2569/699/566
f 1805/462/218 3332/462/218 3336/917/218
f 1055/1329/568 2621/1329/568 2618/1197/568
f 1957/1165/569 2515/1165/569 2514/1330/569
f 1758/640/570 3550/640/570 3554/695/570
f 1062/813/455 1061/409/455 2633/409/455
f 1984/1011/571 2595/1011/571 2591/1331/571
f 3244/1332/764 3243/840/764 1783/840/764
f 1783/840/169 1784/754/169 3244/1332/169
f 1100/713/572 2692/713/572 2670/1333/572
f 1970/1335/573 1969/1015/573 2762/1015/573
f 1779/540/170 1780/757/170 3303/758/170
f 1069/468/458 1068/1222/458 2646/1222/458
f 1974/1312/574 2557/1312/574 2585/494/574
f 1766/770/175 3538/770/175 3515/507/175
f 2691/467/576 1099/467/576 4633/1336/576
f 1099/467/576 1098/1227/576 4633/1336/576
f 1098/1227/576 4632/1227/576 4633/1336/576
f 2689/1227/576 2690/1337/576 4633/1336/576
f 2042/240/6 2494/240/6 2496/219/6
f 1928/790/577 1927/665/577 3176/665/577
f 1076/819/578 1075/1224/578 2632/1224/578
f 2051/467/6 2507/467/6 2495/353/6
f 1933/1184/579 1932/724/579 2835/726/579
f 1081/899/462 1080/1228/462 2620/1228/462
f 2058/500/202 2059/899/202 2459/899/202
f 1912/1033/580 3094/1033/580 3105/1339/580
f 2671/1286/581 4642/1286/581 4629/1340/581
f 1096/1340/1004 4629/1340/1004 4642/1286/1004
f 2067/904/1 2442/904/1 2441/1024/1
f 1901/730/582 2928/730/582 2919/1201/582
f 2652/1341/583 4631/1341/583 4626/1215/583
f 1092/1216/583 4626/1215/583 4631/1341/583
f 2075/353/6 2428/353/6 2438/1344/6
f 1920/736/584 3228/735/584 3212/1345/584
f 2656/301/585 4627/301/585 4624/635/585
f 1090/635/585 4624/635/585 4627/301/585
f 2125/598/586 2126/633/586 2334/633/586
f 1894/488/587 2843/488/587 2982/486/587
f 1088/823/588 2686/823/588 2687/1110/588
f 2401/1235/1005 2087/584/1005 2400/1346/1005
f 2087/584/589 2088/818/589 2400/1346/589
f 1872/1207/1006 1871/679/1006 3120/679/1006
f 1086/508/1 4419/508/1 4416/822/1
f 2121/518/591 2122/517/591 3210/517/591
f 1888/743/888 2908/742/888 2878/1208/888
f 1173/164/557 1172/1323/557 4334/1323/557
f 2174/607/648 2175/830/648 2391/831/648
f 1853/1217/593 1852/739/593 2793/739/593
f 1116/1306/594 4270/1306/594 4272/828/594
f 2092/833/595 2417/833/595 2419/1240/595
f 1879/821/596 1878/1348/596 3055/1348/596
f 1161/1334/597 4363/1334/597 4367/1199/597
f 2143/702/472 2338/702/472 2339/489/472
f 1864/752/598 3172/752/598 3173/1221/598
f 1124/513/599 1123/812/599 4291/812/599
f 2117/691/600 2118/840/600 3235/840/600
f 1859/694/601 2970/694/601 2955/834/601
f 1142/477/1 4220/477/1 4234/478/1
f 2113/1070/481 2114/540/481 3238/540/481
f 2604/1349/3 2603/670/3 1941/670/3
f 1941/670/3 1940/163/3 2604/1349/3
f 1132/1223/602 1131/1202/602 4288/1202/602
f 2103/775/603 2402/775/603 2403/769/603
f 1940/163/5 1951/164/5 2761/164/5
f 1139/1350/604 1138/1205/604 4277/1205/604
f 2105/785/605 2381/785/605 2392/1352/605
f 2010/763/606 2582/762/606 2583/1353/606
f 1157/1286/607 4786/1286/607 4783/1227/607
f 4359/1227/607 4783/1227/607 4786/1286/607
f 2107/780/329 2366/780/329 2373/1078/329
f 2024/543/608 2023/768/608 2553/768/608
f 4350/353/609 4781/353/609 4780/1343/609
f 1153/1343/609 4780/1343/609 4781/353/609
f 2197/856/610 2196/1080/610 3204/1080/610
f 2031/504/611 2030/503/611 2559/503/611
f 1175/624/46 1176/525/46 4178/525/46
f 2195/1081/612 2194/1355/612 3666/1355/612
f 4761/1357/77 4760/682/77 1221/682/77
f 1221/682/77 1222/683/77 4761/1357/77
f 1222/683/77 3939/683/77 4761/1357/77
f 4118/1356/1007 4117/682/1007 4760/682/1007
f 2206/865/873 2205/940/873 2868/940/873
f 2002/502/614 2580/779/614 2596/1358/614
f 1218/463/346 1219/1089/346 4766/1089/346
f 3998/1089/346 3996/463/346 4765/463/346
f 2191/952/615 3153/952/615 3141/869/615
f 1987/796/616 2581/796/616 2578/1359/616
f 2210/875/617 2209/944/617 2790/944/617
f 1954/793/1 2510/793/1 2519/876/1
f 4205/1235/464 1179/584/464 4204/1360/464
f 1179/584/589 1180/818/589 4204/1360/589
f 2187/163/6 3198/163/6 3237/880/6
f 1960/794/618 2522/794/618 2521/1361/618
f 1226/687/79 4021/687/79 4025/689/79
f 2308/1057/619 2307/965/619 2913/965/619
f 1980/1363/620 2594/1363/620 2590/495/620
f 1272/523/55 4135/523/55 4141/524/55
f 2305/1364/621 2304/1365/621 2933/1365/621
f 2601/891/1008 1977/891/1008 2600/1368/1008
f 1977/891/622 1976/1366/622 2600/1368/622
f 1229/744/160 4015/744/160 4013/824/160
f 2214/1095/1009 2213/957/1009 2777/957/1009
f 2045/163/108 2466/163/108 2480/539/108
f 1214/1037/348 1215/1091/348 4771/1091/348
f 3905/1091/348 3910/1037/348 4768/1370/348
f 2303/1371/624 2302/986/624 3197/986/624
f 2045/163/5 2046/513/5 2483/513/5
f 1267/607/471 1268/830/471 4146/831/471
f 2220/887/625 2219/971/625 2795/971/625
f 2054/745/113 2468/745/113 2467/514/113
f 1184/833/469 4200/833/469 4181/1240/469
f 2223/976/626 2820/976/626 2821/539/626
f 2062/353/6 2454/353/6 2451/1344/6
f 1232/917/470 4006/917/470 4008/604/470
f 2225/1100/627 2867/1100/627 2984/888/627
f 2420/1372/3 2421/164/3 2081/164/3
f 2081/164/3 2069/163/3 2420/1372/3
f 1263/481/85 1264/700/85 4151/700/85
f 2230/985/345 3037/985/345 3009/894/345
f 2069/163/5 2070/1022/5 2424/1022/5
f 1236/702/628 4788/702/628 4790/489/628
f 3986/489/628 4790/489/628 4788/702/628
f 2235/898/1010 2234/1373/1010 3015/1373/1010
f 2078/1023/6 2425/1023/6 2429/219/6
f 4789/1374/600 4804/691/600 1209/691/600
f 1209/691/600 1210/840/600 4789/1374/600
f 4789/1374/600 4787/840/600 3909/840/600
f 3909/840/600 3903/691/600 4789/1374/600
f 2259/992/941 2876/992/941 2879/901/941
f 2083/624/46 2084/525/46 2409/525/46
f 1259/509/631 1260/506/631 4148/506/631
f 2239/905/1011 2238/1375/1011 3041/1375/1011
f 2085/631/50 2086/583/50 2407/583/50
f 1189/654/91 4180/654/91 4199/710/91
f 2243/483/942 2242/519/942 3016/519/942
f 2126/633/52 2127/634/52 2335/907/52
f 4792/706/89 1240/706/89 4791/1376/89
f 1240/706/89 1241/705/89 4791/1376/89
f 4811/705/1012 4007/705/1012 4791/1376/1012
f 4007/705/89 4009/706/89 4791/1376/89
f 2257/1377/635 2256/1139/635 2974/1139/635
f 2181/593/53 2374/593/53 2378/636/53
f 1255/714/94 1256/648/94 4136/648/94
f 2247/1137/884 2246/1003/884 3013/1003/884
f 2179/523/55 2379/523/55 2388/1378/55
f 1244/1041/637 1245/925/637 4819/925/637
f 4014/925/637 4010/1096/637 4820/1041/637
f 2255/1140/638 2254/1379/638 2924/1379/638
f 2140/428/1013 2344/428/1013 2346/1381/1013
f 1252/928/528 1253/923/528 4143/923/528
f 2249/1147/640 2248/1136/640 2998/1136/640
f 2094/479/57 2413/479/57 2415/640/57
f 4808/1382/481 4816/1383/481 1205/1070/481
f 1205/1070/481 1206/540/481 4808/1382/481
f 4808/1382/481 4807/540/481 3993/540/481
f 3993/540/481 3991/1070/481 4808/1382/481
f 2253/1384/641 2252/1385/641 2939/1385/641
f 2145/541/642 2340/541/642 2341/1387/642
f 4818/1388/357 4817/926/357 1246/926/357
f 1246/926/357 1247/1077/357 4818/1388/357
f 4818/1388/357 4826/1077/357 4024/1077/357
f 4024/1077/357 4016/926/357 4818/1388/357
f 2251/1389/643 2250/1146/643 2994/1146/643
f 2167/506/61 2168/505/61 2405/505/61
f 1192/507/645 4198/507/645 4179/921/645
f 5/660/1 4554/1026/1 4558/661/1
f 2149/920/646 2354/920/646 2347/705/646
f 4836/719/98 1202/719/98 4830/1390/98
f 1202/719/98 1203/659/98 4830/1390/98
f 4831/659/98 4114/659/98 4830/1390/98
f 4114/659/98 4113/719/98 4830/1390/98
f 4573/584/1005 28/584/1005 4572/1391/1005
f 28/584/589 31/818/589 4572/1391/589
f 2163/648/63 2164/649/63 2385/649/63
f 1195/775/603 4175/775/603 4165/769/603
f 111/1392/647 4493/1392/647 4506/1236/647
f 2098/653/65 2410/653/65 2418/654/65
f 4838/722/100 1200/722/100 4835/1393/100
f 1200/722/100 1201/339/100 4835/1393/100
f 4834/339/100 4017/339/100 4835/1393/100
f 4017/339/100 4029/722/100 4835/1393/100
f 184/607/648 185/830/648 4534/831/648
f 2112/658/67 3267/658/67 3268/659/67
f 4841/774/605 1196/774/605 4839/1394/605
f 1196/774/605 1197/785/605 4839/1394/605
f 4847/785/605 4142/785/605 4839/1394/605
f 4142/785/605 4174/1352/605 4839/1394/605
f 39/833/469 4568/833/469 4549/602/469
f 2320/1052/309 2918/1052/309 2931/960/309
f 1199/780/329 4846/780/329 4845/784/329
f 4846/780/329 4068/780/329 4132/1395/329
f 4132/1395/329 4125/1078/329 4845/784/329
f 122/917/470 4478/917/470 4487/604/470
f 2316/1054/493 2895/1054/493 2899/968/493
f 1280/163/3 1285/164/3 3756/164/3
f 130/702/628 4468/702/628 4476/489/628
f 2312/1056/313 2896/1056/313 2893/977/313
f 3878/1396/6 3877/539/6 4833/539/6
f 4833/539/6 1281/539/6 4832/1397/6
f 1281/539/6 1280/163/6 4832/1397/6
f 3758/163/6 3878/1396/6 4832/1397/6
f 85/691/474 87/840/474 4462/840/474
f 2308/1057/314 2917/1362/314 2975/980/314
f 1294/466/1 3721/466/1 3778/543/1
f 4481/1398/1014 4480/1070/1014 80/1070/1014
f 80/1070/481 81/540/481 4481/1398/481
f 2217/1059/650 2216/625/650 2776/625/650
f 1288/671/1 3752/671/1 3759/664/1
f 55/507/651 4566/507/651 4550/921/651
f 2290/1060/317 3146/1060/317 3149/1009/317
f 1302/219/652 1303/499/652 3578/499/652
f 65/785/489 4520/785/489 4528/1075/489
f 2266/550/320 2265/1066/320 2781/1066/320
f 4883/851/427 1311/698/427 4861/1400/427
f 1311/698/427 1310/465/427 4860/1399/427
f 4861/1400/427 1311/698/427 4860/1399/427
f 4860/1399/427 3316/465/427 3448/698/427
f 3448/698/427 4883/851/427 4861/1400/427
f 4441/1401/3 4442/661/3 207/240/3
f 207/240/3 205/163/3 4441/1401/3
f 11/532/1 4561/532/1 4562/728/1
f 1339/1251/653 1338/1402/653 3192/1402/653
f 205/163/5 211/164/5 4440/164/5
f 22/624/46 24/525/46 4545/525/46
f 1343/1403/654 3052/1403/654 3043/867/654
f 237/932/655 235/936/655 4413/936/655
f 104/627/48 105/628/48 4517/628/48
f 1330/1404/656 3664/1404/656 3206/862/656
f 225/1355/657 223/870/657 4446/870/657
f 25/631/50 27/583/50 4574/585/50
f 1352/873/658 1351/1406/658 3064/1406/658
f 252/945/659 250/864/659 4257/864/659
f 102/1089/660 103/634/660 4477/907/660
f 1360/1262/661 1359/474/661 3049/474/661
f 216/881/662 4434/881/662 4437/951/662
f 203/1236/465 4506/1236/465 4505/590/465
f 1322/1408/663 3185/1408/663 3186/878/663
f 259/958/664 257/874/664 4247/874/664
f 113/1034/665 4495/1034/665 4493/1392/665
f 1379/937/331 1378/931/331 3912/933/331
f 395/966/666 394/1364/666 4318/1364/666
f 193/523/55 4530/523/55 4527/524/55
f 1375/855/177 1374/856/177 2473/856/177
f 393/1365/667 392/1371/667 4322/1371/667
f 97/1091/668 99/490/668 4464/490/668
f 1381/860/179 1380/861/179 3886/861/179
f 391/1409/669 390/1410/669 4456/1410/669
f 43/479/57 4551/479/57 4553/640/57
f 1373/1080/334 1372/1081/334 2472/1081/334
f 271/972/670 269/1059/670 4246/1059/670
f 134/541/642 4469/541/642 4475/1387/642
f 1502/1083/336 3913/1083/336 3921/1084/336
f 278/886/671 4256/886/671 4254/975/671
f 171/506/644 173/505/644 4539/505/644
f 1501/948/672 3908/948/672 3913/1083/672
f 351/903/673 4295/902/673 4302/1019/673
f 142/920/646 4489/920/646 4515/705/646
f 1384/864/182 1383/865/182 3837/865/182
f 318/998/1015 316/629/1015 4388/629/1015
f 166/648/63 168/649/63 4526/649/63
f 1504/942/341 3927/942/341 4001/1086/341
f 347/1377/675 4296/1377/675 4301/990/675
f 50/653/65 4548/653/65 4547/654/65
f 1499/962/343 3867/962/343 3911/946/343
f 325/1004/1016 324/484/1016 4393/484/1016
f 160/1050/677 162/1045/677 4521/1046/677
f 1369/869/185 2538/869/185 2503/870/185
f 344/1379/678 341/1384/678 4317/1384/678
f 157/1069/679 159/1049/679 4519/1049/679
f 1506/954/345 3951/954/345 3964/1088/345
f 340/1385/680 337/1389/680 4578/1389/680
f 56/1073/681 4565/1073/681 4566/507/681
f 1496/1090/862 3864/1090/862 3873/1052/862
f 444/1154/515 445/1283/515 4210/1283/515
f 78/658/67 4479/1071/67 4474/659/67
f 1492/1092/349 3861/1414/349 3859/1054/349
f 440/617/517 441/551/517 4209/551/517
f 407/970/682 4309/970/682 4307/1090/682
f 1509/1093/350 1508/974/350 3962/974/350
f 427/614/683 428/1284/683 4157/1284/683
f 403/979/1017 4297/979/1017 4300/1414/1017
f 1388/874/188 1387/875/188 3812/875/188
f 452/569/521 4222/569/521 4230/1162/521
f 399/982/685 4305/982/685 4328/1094/685
f 1488/1094/1018 3858/1094/1018 3860/1056/1018
f 465/573/523 4170/573/523 4169/1287/523
f 382/1010/686 4426/1010/686 4428/1104/686
f 1365/880/191 4683/880/191 4684/881/191
f 2487/881/191 4684/881/191 4683/880/191
f 463/1290/526 4168/1290/526 4167/1291/526
f 378/1014/687 4443/1014/687 4435/1112/687
f 1392/626/353 1391/1095/353 3806/1095/353
f 461/1296/530 4164/1296/530 4235/1297/530
f 304/1117/688 302/1415/688 4394/1415/688
f 4030/1410/689 4042/987/689 4686/987/689
f 1478/987/689 1477/1410/689 4692/1410/689
f 460/1298/532 4235/1297/532 4185/522/532
f 354/1123/690 353/1018/690 4228/1018/690
f 1398/886/195 1397/887/195 3815/887/195
f 479/164/5 478/514/5 4108/514/5
f 312/1125/691 310/546/691 4389/546/691
f 4690/1416/356 4693/1001/356 4070/1001/356
f 4070/1001/356 4107/994/356 4690/1416/356
f 4690/1416/356 4691/994/356 1475/994/356
f 1475/994/356 1474/1001/356 4690/1416/356
f 559/1025/692 558/789/692 3763/789/692
f 358/1133/693 357/549/693 4258/549/693
f 4705/1006/695 4098/1006/695 4694/1417/695
f 4098/1006/695 4064/999/695 4694/1417/695
f 4695/999/695 1473/999/695 4694/1417/695
f 1473/999/695 1472/1006/695 4694/1417/695
f 554/929/226 553/930/226 3801/930/226
f 373/565/696 4451/1534/696 4421/1142/696
f 1401/539/360 3838/539/360 3885/1099/360
f 566/934/229 565/935/229 3694/935/229
f 450/1163/697 4226/1163/697 4225/1418/697
f 4093/1005/362 4701/1005/362 4700/1104/362
f 1470/1104/362 4700/1104/362 4701/1005/362
f 539/805/698 3768/805/698 3899/1031/698
f 437/564/699 438/1161/699 4192/1161/699
f 3884/1419/197 3924/890/197 4696/890/197
f 4696/890/197 1404/890/197 4697/1420/197
f 1404/890/197 1403/888/197 4697/1420/197
f 3883/888/197 3884/1419/197 4697/1420/197
f 546/938/232 545/939/232 3783/939/232
f 469/1421/1019 470/1157/1019 4086/1158/1019
f 4698/892/199 3922/892/199 4699/1422/199
f 3922/892/199 3925/893/199 4699/1422/199
f 4706/893/199 1406/893/199 4699/1422/199
f 1406/893/199 1405/892/199 4699/1422/199
f 526/511/235 3727/511/235 3729/943/235
f 430/558/702 431/1164/702 4160/1164/702
f 4085/1060/369 4711/1060/369 4712/1423/369
f 1466/1112/369 4712/1423/369 4711/1060/369
f 521/949/238 3777/949/238 3697/950/238
f 561/724/102 560/725/102 3746/725/102
f 4723/1114/703 1409/1114/703 4707/1424/703
f 1409/1114/703 1408/894/703 4707/1424/703
f 4708/894/703 3929/894/703 4707/1424/703
f 3929/894/703 3936/1114/703 4707/1424/703
f 498/955/241 3829/1085/241 3848/956/241
f 529/669/104 3733/668/104 3736/730/104
f 1412/1062/1020 1411/1117/1020 4731/1117/1020
f 4000/1117/704 3943/1062/704 4735/1062/704
f 504/1043/705 503/539/705 3789/539/705
f 548/672/6 3787/674/6 3842/735/6
f 1437/901/204 3854/901/204 3850/902/204
f 514/1281/707 513/815/707 3741/817/707
f 482/739/109 481/676/109 3692/676/109
f 1442/1066/377 1441/1123/377 3822/1425/377
f 486/963/244 3709/1087/244 3708/964/244
f 516/684/374 3744/686/374 3728/742/374
f 1416/630/379 1415/1125/379 4736/1125/379
f 3945/1125/1021 3946/630/1021 4739/630/1021
f 491/835/708 3764/835/708 3888/1055/708
f 493/751/117 3798/751/117 3799/752/117
f 4079/1426/381 4741/1013/381 4742/555/381
f 1463/555/710 4742/555/710 4741/1013/710
f 573/678/6 3646/677/6 3707/532/6
f 577/482/3 576/727/3 3629/727/3
f 1421/484/382 1420/483/382 4730/483/382
f 3999/483/207 3932/484/207 4744/484/207
f 630/808/148 579/809/148 3404/809/148
f 679/910/292 3403/909/292 3446/636/292
f 1446/560/385 1445/1133/385 3816/1133/385
f 586/738/156 3513/737/156 3524/818/156
f 622/490/467 623/1030/467 3278/1030/467
f 1425/1136/387 1424/1137/387 4725/1137/387
f 3928/1137/387 3926/1136/387 4726/1136/387
f 634/744/1022 3354/744/1022 3369/824/1022
f 618/610/301 619/1036/301 3239/1038/301
f 1433/1139/388 1432/1140/388 4721/1427/388
f 3871/1140/388 3874/1139/388 4716/1139/388
f 673/830/468 674/740/468 3474/740/468
f 592/912/213 3551/912/213 3549/479/213
f 4097/556/712 4740/556/712 4743/1142/712
f 1461/1142/712 4743/1142/712 4740/556/712
f 638/462/218 3330/462/218 3334/917/218
f 666/505/215 667/914/215 3485/914/215
f 1427/1146/392 1426/1147/392 4727/1147/392
f 3923/1147/392 3919/1146/392 4728/1146/392
f 590/640/165 3552/640/165 3545/833/165
f 644/916/217 3351/1039/217 3324/541/217
f 4037/567/713 4750/567/713 4748/574/713
f 1458/574/713 4748/574/713 4750/567/713
f 669/480/714 670/836/714 3490/1068/714
f 662/649/219 663/918/219 3473/1040/219
f 1448/571/397 3895/570/397 3894/581/397
f 3240/1428/764 3241/840/764 616/840/764
f 616/840/169 617/754/169 3240/1428/169
f 648/919/220 3339/919/220 3341/920/220
f 1450/582/399 3893/582/399 3882/589/399
f 612/540/170 613/757/170 3275/758/170
f 596/921/316 3512/1253/316 3500/653/316
f 4105/485/715 4757/485/715 4754/600/715
f 1455/600/715 4754/600/715 4757/485/715
f 761/790/577 760/665/577 3162/665/577
f 658/923/223 659/924/223 3443/924/223
f 3938/601/404 4758/601/404 4753/596/404
f 1453/596/404 4753/596/404 4758/601/404
f 766/1184/579 765/724/579 2855/726/579
f 650/925/224 651/926/224 3366/926/224
f 1513/467/1 3760/467/1 3779/514/1
f 745/1033/580 3093/1032/580 3101/1339/580
f 656/1260/716 657/928/716 3410/928/716
f 1522/339/1 3644/339/1 3654/417/1
f 734/730/582 2915/730/582 2926/1201/582
f 600/1072/324 3521/1105/324 3522/1073/324
f 1530/1155/717 3420/1155/717 3421/1012/717
f 753/736/584 3224/735/584 3211/1345/584
f 608/719/228 3350/719/228 3415/339/228
f 1548/554/719 1549/1153/719 4872/1153/719
f 3453/1153/719 3434/554/719 4881/552/719
f 727/488/587 2841/488/587 2979/486/587
f 602/1075/327 3478/1267/327 3520/1076/327
f 1556/1163/721 4895/1163/721 4894/1429/721
f 3514/1418/697 4894/1429/697 4895/1163/697
f 705/1207/590 704/679/590 3121/681/590
f 769/935/332 768/512/332 2852/512/332
f 1543/564/722 1544/1161/722 4868/1161/722
f 3481/1161/722 3408/564/722 4878/562/722
f 721/743/888 2904/742/888 2877/1208/888
f 757/930/333 756/639/333 3281/639/333
f 1575/1421/700 1576/1157/700 3264/1158/700
f 686/1217/593 685/739/593 2802/739/593
f 749/939/335 748/643/335 3095/643/335
f 1536/558/702 1537/1164/702 3364/1164/702
f 712/821/596 711/1348/596 3048/1348/596
f 729/510/1023 2881/510/1023 2905/511/1023
f 1560/1169/724 4906/1169/724 4892/568/724
f 3497/568/724 4892/568/724 4906/1169/724
f 697/752/598 3158/752/598 3159/1221/598
f 724/647/1024 2871/646/1024 2978/1430/1024
f 1572/572/725 1573/1166/725 3260/1166/725
f 692/694/601 2963/694/601 2977/834/601
f 707/1280/726 706/1431/726 3126/1431/726
f 1570/1287/727 3428/1287/727 3427/1290/727
f 774/670/3 773/163/3 4214/163/3
f 700/652/340 3273/652/340 3276/1085/340
f 4874/1172/728 3533/1171/728 4875/1432/728
f 3533/1171/728 3534/1168/728 4875/1432/728
f 4886/1168/728 1561/1168/728 4875/1432/728
f 1561/1168/728 1562/1172/728 4875/1432/728
f 773/163/5 784/164/5 4420/164/5
f 688/657/342 2849/656/342 2848/1087/342
f 1568/1292/729 3358/1291/729 3357/1296/729
f 788/467/5 787/635/5 4232/635/5
f 782/543/6 4349/543/6 4408/662/6
f 1580/809/287 1581/624/287 3084/624/287
f 831/301/730 830/1129/730 4054/1129/730
f 777/663/69 776/664/69 4459/664/69
f 1582/525/281 1583/631/281 3168/631/281
f 858/1433/731 3891/1433/731 3963/1106/731
f 834/1216/732 833/1101/732 4112/1103/732
f 1626/634/283 1627/627/283 2834/627/283
f 843/1434/733 842/428/733 3984/428/733
f 825/1110/734 4077/1109/734 4072/1436/734
f 1586/818/589 3296/818/589 3297/584/589
f 822/1141/735 4060/1141/735 4071/1437/735
f 837/1107/99 3955/1107/99 3961/1438/99
f 1624/598/586 1625/633/586 2819/633/586
f 851/1334/736 850/1138/736 3983/1138/736
f 846/1439/101 845/467/101 4005/467/101
f 1680/591/150 3001/591/150 3030/592/150
f 857/497/737 856/432/737 3940/432/737
f 854/1200/738 853/1113/738 3957/1113/738
f 1677/636/288 3083/636/288 3074/523/288
f 814/1293/739 4110/1295/739 4022/1441/739
f 817/1116/740 4032/1115/740 4034/1442/740
f 1633/824/538 2923/824/538 2959/908/538
f 810/539/741 809/1145/741 4047/1145/741
f 813/1294/742 812/1118/742 4027/1118/742
f 1675/524/290 3103/524/290 3098/741/290
f 862/514/522 3988/514/522 3965/1443/522
f 882/164/731 3847/164/731 3941/498/731
f 1590/833/469 3222/833/469 3226/602/469
f 871/1323/524 870/1150/524 4043/1150/524
f 866/1446/733 865/1120/733 3982/1122/733
f 1637/917/470 2907/917/470 2889/604/470
f 879/1131/743 878/534/743 3954/534/743
f 804/417/744 4075/417/744 4095/1447/744
f 1620/518/591 1621/517/591 2792/517/591
f 801/1152/745 4094/1152/745 4074/1448/745
f 874/1449/736 873/1126/736 3968/1128/736
f 1671/607/471 1672/830/471 3123/830/471
f 793/1306/747 4101/1305/747 4040/1451/747
f 881/1452/5 880/1130/5 3930/1132/5
f 1641/702/472 2839/702/472 2864/489/472
f 796/1135/748 4102/1135/748 4053/1454/748
f 1666/914/925 1667/481/925 3117/481/925
f 957/545/555 956/749/555 3632/749/555
f 889/467/6 3770/467/6 3833/353/6
f 3217/912/1025 1593/912/1025 3218/1455/1025
f 1593/912/297 1594/711/297 3218/1455/297
f 949/983/556 3690/983/556 3675/1322/556
f 952/763/606 3638/762/606 3643/1353/606
f 1645/706/299 2882/706/299 2872/1039/299
f 962/537/558 3599/537/558 3609/1324/558
f 966/543/749 965/768/749 3604/768/749
f 1616/691/600 1617/840/600 2787/840/600
f 970/482/560 969/1159/560 3614/1160/560
f 973/504/611 972/503/611 3610/503/611
f 1662/918/300 1663/509/300 3111/509/300
f 978/1327/562 977/988/562 3601/989/562
f 944/502/751 3668/779/751 3674/1358/751
f 1648/697/752 1649/1307/752 2927/1307/752
f 941/997/753 3635/996/753 3642/466/753
f 929/796/616 3639/796/616 3640/1359/616
f 1658/924/1026 1659/714/1026 3163/714/1026
f 935/1328/566 934/699/566 3626/699/566
f 896/793/1 3559/793/1 3562/876/1
f 1650/529/754 1651/531/754 2942/1308/754
f 899/1165/569 3577/1165/569 3576/1330/569
f 902/794/618 3592/794/618 3579/1361/618
f 1598/507/645 3290/507/645 3234/1253/645
f 926/1011/1027 3673/1011/1027 3669/1331/1027
f 922/1363/620 3670/1363/620 3672/495/620
f 1612/530/755 2863/530/755 2862/1456/755
f 912/1335/573 911/1015/573 3585/1015/573
f 3679/891/1028 919/891/1028 918/1366/1028
f 918/1366/622 3680/1367/622 3678/1458/622
f 1652/1064/319 1653/764/319 2990/764/319
f 916/1312/758 3615/1312/758 3648/494/758
f 987/219/652 988/499/652 3480/1024/652
f 1654/432/486 1655/1260/486 3029/1260/486
f 3418/1459/475 3417/500/475 984/500/475
f 984/500/475 985/240/475 3418/1459/475
f 3182/635/1 996/635/1 3068/1460/1
f 996/635/1 995/539/1 3068/1460/1
f 1601/775/603 3165/775/603 3166/769/603
f 992/219/1 3219/219/1 3285/164/1
f 1603/785/605 3071/785/605 3164/774/605
f 2745/1461/3 2747/164/3 1007/164/3
f 1007/164/3 1000/163/3 2745/1461/3
f 4615/1462/1 2750/428/1 2755/301/1
f 2755/301/1 1003/301/1 4615/1462/1
f 1003/301/1 1004/428/1 4615/1462/1
f 1607/339/100 2967/339/100 2947/722/100
f 1000/163/5 1001/417/5 2753/417/5
f 4588/3844/76 2739/661/76 4587/3852/76
f 2739/661/76 2736/677/76 4601/1464/76
f 4587/3852/76 2739/661/76 4593/3853/76
f 2736/677/76 4619/678/76 4617/3854/76
f 2736/677/1029 4617/3854/1029 4612/3855/1029
f 4593/3853/1029 2739/661/1029 4596/3856/1029
f 4596/3856/76 2739/661/76 4597/1465/76
f 2736/677/76 4612/3855/76 4609/3857/76
f 2736/677/76 4609/3857/76 4606/3858/76
f 4597/1465/76 2739/661/76 4601/1464/76
f 2736/677/1029 4606/3858/1029 4604/1463/1029
f 4619/678/76 1012/678/76 4617/3854/76
f 1012/678/76 1011/240/76 4601/1464/76
f 4617/3854/1029 1012/678/1029 4612/3855/1029
f 1011/240/1030 4588/3844/1030 4587/3852/1030
f 1011/240/76 4587/3852/76 4593/3853/76
f 4612/3855/76 1012/678/76 4609/3857/76
f 4609/3857/76 1012/678/76 4606/3858/76
f 1011/240/1029 4593/3853/1029 4596/3856/1029
f 1011/240/76 4596/3856/76 4597/1465/76
f 4606/3858/1029 1012/678/1029 4604/1463/1029
f 4604/1463/76 1012/678/76 4601/1464/76
f 3018/784/329 1604/784/329 3019/1395/329
f 1604/784/329 1605/780/329 3019/1395/329
f 1009/777/3 1008/163/3 2741/163/3
f 4662/1466/6 2720/1467/6 2731/671/6
f 2731/671/6 1020/671/6 4662/1466/6
f 1020/671/6 1019/670/6 4662/1466/6
f 1692/466/5 1691/699/5 2682/699/5
f 2740/1470/5 2741/163/5 4584/1469/5
f 2741/163/5 1008/163/5 4584/1469/5
f 1008/163/5 1017/164/5 4583/1468/5
f 1017/164/5 4586/164/5 4583/1468/5
f 4583/1468/5 4586/164/5 2738/164/5
f 2738/164/5 2740/1470/5 4583/1468/5
f 1033/899/5 1034/240/5 2723/240/5
f 1698/339/1 2605/339/1 2607/417/1
f 4595/3859/45 4600/1187/45 2758/1187/45
f 2758/1187/45 2738/164/45 4585/3860/45
f 2738/164/45 4586/164/45 4585/3860/45
f 4592/1472/45 4595/3859/45 2758/1187/45
f 2758/1187/45 4585/3860/45 4590/1471/45
f 4585/3860/45 4586/164/45 1017/164/45
f 1017/164/45 1016/482/45 4585/3860/45
f 1016/482/45 4600/1187/45 4595/3859/45
f 1016/482/45 4595/3859/45 4592/1472/45
f 4590/1471/45 4585/3860/45 1016/482/45
f 1042/164/6 2713/164/6 2711/904/6
f 2539/707/759 1713/281/759 2502/1473/759
f 1713/281/759 1714/268/759 2502/1473/759
f 1024/698/84 2729/698/84 2730/699/84
f 1049/698/84 2699/698/84 2703/699/84
f 1706/247/760 2505/915/760 2489/248/760
f 2713/164/3 1042/164/3 4673/1475/3
f 1042/164/3 1030/163/3 4673/1475/3
f 1030/163/3 4651/163/3 4652/1474/3
f 4673/1475/3 2707/163/3 2713/164/3
f 4651/163/3 2707/163/3 4673/1475/3
f 4397/1476/3 4461/1553/3 1085/1553/3
f 1085/1553/3 1084/339/3 4397/1476/3
f 1721/465/427 2463/465/427 2465/698/427
f 1030/163/5 1031/1022/5 4656/1022/5
f 2709/1022/5 2707/163/5 4651/163/5
f 1084/339/5 1113/164/5 2619/164/5
f 1744/482/3 1743/727/3 2427/727/3
f 2716/219/6 4677/219/6 4676/1023/6
f 1039/1023/6 4676/1023/6 4677/219/6
f 1083/478/761 4417/478/761 2621/1329/761
f 1796/1237/762 1797/808/762 3394/808/762
f 4637/543/6 2705/543/6 4641/1479/6
f 2705/543/6 2704/1477/6 4641/1479/6
f 2704/1477/6 4671/1480/6 4648/1478/6
f 2704/1477/6 2706/662/6 4671/1480/6
f 2706/662/6 1053/662/6 4671/1480/6
f 1053/662/6 1052/543/6 4641/1479/6
f 1052/543/6 4637/543/6 4641/1479/6
f 1053/662/6 4641/1479/6 4648/1478/6
f 1059/1134/763 2636/1203/763 2629/1481/763
f 1746/809/287 1747/624/287 3456/624/287
f 4672/1484/69 4667/663/69 1047/663/69
f 1047/663/69 1046/664/69 4672/1484/69
f 1046/664/69 2702/664/69 4672/1484/69
f 2701/1483/69 2678/663/69 4667/663/69
f 1067/1485/775 1066/1152/775 2645/1152/775
f 1794/683/206 1795/906/206 3338/906/206
f 1105/432/765 2666/432/765 2693/1193/765
f 1074/1487/766 1073/717/766 2655/717/766
f 1792/634/463 1793/682/463 3430/682/463
f 1101/1334/597 2670/1333/597 2669/1199/597
f 1080/1228/767 1079/1350/767 2634/1350/767
f 1750/583/25 1751/584/25 3540/584/25
f 1064/513/599 1063/812/599 2663/812/599
f 1172/1323/559 1171/324/559 4333/324/559
f 1847/590/768 3393/590/768 3400/591/768
f 2689/1227/607 4632/1227/607 4642/1286/607
f 1097/1286/607 4642/1286/607 4632/1227/607
f 1170/1120/561 1169/514/561 4402/514/561
f 1845/592/29 3413/811/29 3407/593/29
f 2688/353/1031 4628/353/1031 4631/1341/1031
f 1093/1343/609 4631/1341/609 4628/353/609
f 1168/1192/563 1167/1433/563 4356/1195/563
f 1849/689/209 3375/688/209 3374/814/209
f 4196/1476/3 4195/1553/3 1145/1553/3
f 1145/1553/3 1144/339/3 4196/1476/3
f 1115/1488/769 4268/1488/769 4270/1306/769
f 1789/597/31 1790/598/31 3307/598/31
f 1144/339/5 1173/164/5 4269/164/5
f 1123/812/770 1122/813/770 4284/813/770
f 1799/908/771 3367/908/771 3388/687/771
f 1143/478/6 4234/478/6 4266/163/6
f 1160/713/572 4580/713/572 4363/1334/572
f 1755/602/33 3659/1240/33 3506/603/33
f 1130/417/772 1129/468/772 4303/468/772
f 1803/604/34 3349/604/34 3344/605/34
f 1163/1200/774 4358/1200/774 4362/526/774
f 1137/539/157 1136/819/157 4275/819/157
f 1836/492/35 1837/607/35 3468/607/35
f 1119/1134/763 4276/1203/763 4343/1481/763
f 1156/1340/581 4785/1340/581 4786/1286/581
f 4361/1286/581 4786/1286/581 4785/1340/581
f 1785/610/38 1786/518/38 3245/518/38
f 1127/1485/775 1126/1152/775 4287/1220/775
f 4799/1216/583 4399/1216/583 4779/1489/583
f 4399/1216/583 4353/1343/583 4779/1489/583
f 4780/1343/583 1153/1343/583 4779/1489/583
f 1153/1343/583 1152/1216/583 4779/1489/583
f 1807/489/304 3329/489/304 3362/464/304
f 1134/1487/766 1133/717/766 4282/717/766
f 4396/301/585 4798/301/585 4797/635/585
f 1150/635/585 4797/635/585 4798/301/585
f 1760/912/213 3553/912/213 3548/479/213
f 1140/1228/767 1139/1350/767 4271/1351/767
f 4822/1491/588 4342/823/588 4800/1490/588
f 4342/823/588 4331/1110/588 4800/1490/588
f 4801/1110/588 1149/1110/588 4800/1490/588
f 1149/1110/588 1148/823/588 4800/1490/588
f 1831/505/215 1832/914/215 3491/914/215
f 1177/631/50 1178/583/50 4206/583/50
f 4341/1492/6 4342/823/6 4822/1491/6
f 4822/1491/6 1148/823/6 4821/1493/6
f 1148/823/6 1147/822/6 4821/1493/6
f 1147/822/6 4221/1494/6 4821/1493/6
f 1811/916/217 3331/1039/217 3361/541/217
f 1219/1089/660 1220/634/660 4767/1495/660
f 4116/907/660 3998/1089/660 4766/1089/660
f 1224/1237/762 1225/808/762 4051/579/762
f 1827/649/219 1828/918/219 3475/1040/219
f 1274/593/53 4130/593/53 4144/636/53
f 1178/583/25 1179/584/25 4205/1235/25
f 1781/690/80 1782/691/80 3256/691/80
f 1215/1091/668 1216/490/668 4770/490/668
f 3918/490/668 3905/1091/668 4771/1091/668
f 1277/590/27 4052/590/27 4091/591/27
f 1815/919/220 3340/919/220 3343/920/220
f 1186/479/57 4188/479/57 4184/640/57
f 1275/592/29 4127/811/29 4130/593/29
f 1764/921/316 3499/921/316 3505/653/316
f 1238/541/642 4794/541/642 4795/542/642
f 3985/542/642 4795/542/642 4794/541/642
f 1183/602/33 4181/1240/33 4183/603/33
f 1778/1070/323 3300/1070/323 3298/1071/323
f 1260/506/1032 1261/505/1032 4147/505/1032
f 1231/604/34 4008/604/34 4019/605/34
f 1768/775/603 3536/775/603 3537/769/603
f 1242/920/646 4810/1243/646 4811/705/646
f 4007/705/646 4811/705/646 4810/1243/646
f 1266/492/35 1267/607/35 4149/607/35
f 1775/719/228 3360/719/228 3422/339/228
f 1256/648/63 1257/649/63 4138/649/63
f 4776/464/304 1234/464/304 4778/1496/304
f 1234/464/304 1235/489/304 4778/1496/304
f 4790/489/40 3986/489/40 4778/1496/40
f 3986/489/304 3980/613/304 4778/1496/304
f 1770/785/605 3454/785/605 3483/774/605
f 1190/653/65 4182/653/65 4180/654/65
f 1208/690/80 1209/691/80 4804/691/80
f 4805/690/80 4804/691/80 3904/1497/80
f 4804/691/80 3903/691/80 3904/1497/80
f 1772/780/329 3391/780/329 3412/784/329
f 4831/659/67 1203/659/67 4825/1498/67
f 1203/659/67 1204/658/67 4825/1498/67
f 4824/658/67 4115/658/67 4825/1498/67
f 4115/658/67 4114/659/67 4825/1498/67
f 1247/1077/777 1248/847/777 4827/1245/777
f 4055/847/777 4024/1077/777 4826/1077/777
f 1930/1025/692 1929/789/692 3023/789/692
f 1283/467/1 3792/467/1 3797/514/1
f 1249/848/778 1250/843/778 4090/845/778
f 1936/935/332 1935/512/332 2830/512/332
f 1291/465/427 3722/465/427 3740/698/427
f 4824/658/323 1204/658/323 4814/1499/323
f 1204/658/323 1205/1070/323 4814/1499/323
f 4816/1383/323 3991/1070/323 4814/1499/323
f 3991/1070/323 4115/658/323 4814/1499/323
f 1924/930/333 1923/639/333 3308/639/333
f 1306/670/3 1305/163/3 3233/163/3
f 1287/670/3 1286/163/3 3649/163/3
f 1906/802/280 2988/802/280 3006/797/280
f 3233/163/5 1305/163/5 4866/1501/5
f 1305/163/5 1316/164/5 4866/1501/5
f 1316/164/5 4889/164/5 4855/1500/5
f 4866/1501/5 3452/164/5 3233/163/5
f 4889/164/5 3452/164/5 4866/1501/5
f 1286/163/5 1297/164/5 3757/164/5
f 1910/805/698 3061/805/698 3194/1031/698
f 1333/1254/1033 3150/1254/1033 3188/1502/1033
f 1300/240/5 1301/353/5 4903/353/5
f 3532/353/5 3531/661/5 4885/240/5
f 1916/939/335 1915/643/335 3096/643/335
f 1346/1256/1034 3081/1256/1034 3059/1504/1034
f 4864/1506/6 3426/543/6 3442/662/6
f 3442/662/6 4887/1562/6 4865/1505/6
f 4887/1562/6 1315/662/6 4865/1505/6
f 1315/662/6 1314/543/6 4864/1506/6
f 4865/1505/6 1315/662/6 4864/1506/6
f 1896/510/1023 2885/510/1023 2909/511/1023
f 1355/1507/781 1354/1258/781 3058/1258/781
f 3314/1483/69 3313/663/69 4858/1509/69
f 3313/663/69 1309/663/69 4858/1509/69
f 1309/663/69 1308/664/69 4859/1508/69
f 1308/664/69 4891/1252/69 4859/1508/69
f 4859/1508/69 4891/1252/69 3449/664/69
f 3449/664/69 3314/1483/69 4859/1508/69
f 1891/647/1024 2874/646/1024 2981/949/1024
f 1337/1510/782 1336/1255/782 3190/1255/782
f 1874/1280/726 1873/1431/726 3130/1431/726
f 1325/472/783 3662/472/783 3205/1512/783
f 1341/1514/234 3003/1514/234 3036/1515/234
f 1867/652/340 3301/652/340 3304/955/340
f 1377/932/655 1376/936/655 2481/936/655
f 1350/1517/784 1349/470/784 3063/1259/784
f 1885/1281/707 1884/815/707 2960/817/707
f 1371/1355/657 1370/870/657 2503/870/657
f 1328/1266/785 3663/1265/785 3209/1519/785
f 1878/1348/786 1877/1520/786 3060/1520/786
f 1385/945/659 1384/864/659 3897/864/659
f 1358/473/787 1357/1268/787 3046/1270/787
f 1883/816/308 1882/825/308 2987/827/308
f 1366/881/662 4684/881/662 4685/951/662
f 2535/951/662 4685/951/662 4684/881/662
f 1320/1272/788 3079/1272/788 3184/1521/788
f 1881/826/511 1880/820/511 3012/820/511
f 1389/958/664 1388/874/664 3827/874/664
f 1495/970/789 3865/970/789 3864/1090/789
f 1855/657/342 2827/656/342 2826/963/342
f 1483/966/666 1482/1364/666 4123/1364/666
f 1491/979/684 3857/979/684 3861/1414/684
f 1861/835/708 3021/835/708 3193/1055/708
f 1481/1365/667 1480/1371/667 3914/1371/667
f 1487/982/685 3875/982/685 3858/1094/685
f 1949/543/6 2639/543/6 2685/662/6
f 1395/972/670 1394/1059/670 3807/1059/670
f 4081/1104/686 4700/1104/686 4704/1010/686
f 1469/1010/686 4704/1010/686 4700/1104/686
f 1944/663/69 1943/664/69 2696/664/69
f 1398/886/671 3825/886/671 3843/975/671
f 4084/1112/687 4712/1423/687 4710/1014/687
f 1465/1014/687 4710/1014/687 4712/1423/687
f 2014/749/116 2013/750/116 2584/842/116
f 1438/903/673 3850/902/673 3855/1019/673
f 1411/1117/688 1410/1415/688 4747/1415/688
f 3933/1415/791 4000/1117/791 4731/1117/791
f 2018/753/792 2763/850/792 2543/536/792
f 1418/998/793 1417/629/793 4745/885/793
f 3944/629/793 3949/998/793 4732/998/793
f 3823/1522/1035 3822/1425/1035 1441/1123/1035
f 1441/1123/690 1440/1018/690 3824/1018/690
f 2005/756/121 2599/756/121 2598/219/121
f 1434/1377/675 4717/1377/675 4714/990/675
f 3852/990/675 4714/990/675 4717/1377/675
f 1415/1125/794 1414/546/794 4746/546/794
f 3947/546/794 3945/1125/794 4736/1125/794
f 2027/1159/410 2026/852/410 2555/853/410
f 1422/1004/676 1421/484/676 4744/484/676
f 3932/484/795 3935/1004/795 4724/1004/795
f 1445/1133/796 1444/549/796 3813/549/796
f 2034/759/797 2033/760/797 2562/760/797
f 1431/1379/870 1430/1384/870 4718/1384/870
f 4122/1384/798 3868/1411/798 4720/1379/798
f 4063/1142/799 4743/1142/799 4737/565/799
f 1460/565/799 4737/565/799 4743/1142/799
f 1997/765/127 2570/765/127 2573/766/127
f 1429/1385/800 1428/1389/800 4729/1389/800
f 3916/1389/800 3906/1412/800 4719/1523/800
f 3835/635/1 1512/635/1 3794/1524/1
f 1512/635/1 1511/539/1 3794/1524/1
f 1991/771/801 1990/772/801 2572/772/801
f 1517/240/3 1516/163/3 3685/163/3
f 4877/1525/5 4873/1283/5 1551/1283/5
f 1551/1283/5 1552/1156/5 4877/1525/5
f 4877/1525/5 4900/1276/5 3508/1156/5
f 3508/1156/5 3439/1283/5 4877/1525/5
f 1956/877/416 2533/877/416 2515/1165/416
f 1516/163/5 1519/164/5 3700/164/5
f 1578/612/802 1579/1016/802 3291/1016/802
f 1964/776/803 1963/777/803 2524/883/803
f 1525/432/6 3596/606/6 3574/428/6
f 1555/1418/805 4894/1429/805 4905/608/805
f 3498/608/804 4905/608/804 4894/1429/804
f 1982/496/136 2609/496/136 2610/698/136
f 1549/1153/806 1550/1154/806 4876/1154/806
f 3438/1526/405 3453/1153/405 4872/1153/405
f 1534/1284/807 1535/557/807 3347/557/807
f 1968/786/139 1967/787/139 2527/787/139
f 1532/615/51 3320/615/51 3321/632/51
f 1541/620/808 1542/561/808 4853/563/808
f 3409/561/808 3661/620/808 4882/620/808
f 1978/465/809 2592/465/809 2593/1177/809
f 1573/1166/417 1574/1167/417 3261/1167/417
f 1574/1167/810 1575/1421/810 3259/1421/810
f 1973/663/551 2561/663/551 2557/1312/551
f 1630/808/148 1580/809/148 3020/809/148
f 1683/689/209 2949/688/209 2954/814/209
f 2055/164/811 2048/508/811 2484/508/811
f 1682/814/153 2954/814/153 2992/590/153
f 1632/908/210 2959/908/210 2952/687/210
f 2048/508/5 2049/635/5 2508/635/5
f 1587/738/156 3295/737/156 3296/818/156
f 1593/912/213 3217/912/213 3293/479/213
f 2068/164/3 2056/163/3 2440/163/3
f 1621/517/158 1622/731/158 2799/732/158
f 1665/505/215 1666/914/215 3118/914/215
f 2056/163/5 2057/1022/5 2444/1021/5
f 1634/744/160 2969/744/160 2923/824/160
f 1644/916/217 2872/1039/217 2980/541/217
f 2065/1023/6 2458/1023/6 2449/219/6
f 1672/830/468 1673/740/468 3129/740/468
f 1661/649/219 1662/918/219 3128/1040/219
f 2072/899/5 2073/240/5 2446/240/5
f 1638/462/218 2883/462/218 2907/917/218
f 1597/921/222 3234/1253/222 3213/653/222
f 2081/164/6 2421/164/6 2426/904/6
f 1591/640/165 3221/640/165 3222/833/165
f 1657/923/223 1658/924/223 3073/924/223
f 2131/1237/762 2132/808/762 2368/579/762
f 1668/700/967 1669/836/967 3115/1068/967
f 1655/1260/716 1656/928/716 3053/928/716
f 2082/809/287 2083/624/287 2383/624/287
f 1617/840/169 1618/754/169 2773/754/169
f 1611/1457/814 2862/1456/814 2861/658/814
f 2130/906/466 2131/1237/466 2361/1237/466
f 1613/540/170 1614/757/170 2812/758/170
f 1608/719/326 2859/719/326 2967/339/326
f 2084/525/281 2085/631/281 2408/631/281
f 1599/770/175 3289/770/175 3290/507/175
f 1689/465/427 2624/465/427 2673/698/427
f 2128/682/77 2129/683/77 2337/683/77
f 1692/466/1 2623/466/1 2638/543/1
f 1711/1314/815 1712/256/815 2497/708/815
f 2086/583/25 2087/584/25 2401/1235/25
f 1686/671/1 2674/671/1 2681/664/1
f 1725/543/6 2482/543/6 2469/662/6
f 2184/590/768 2367/590/768 2371/591/768
f 1701/432/6 2516/432/6 2566/428/6
f 1720/663/69 1719/664/69 2477/664/69
f 2182/592/29 2375/811/29 2374/593/29
f 1708/245/816 1709/244/816 2478/244/816
f 1733/432/3 1734/324/3 2443/324/3
f 2124/597/31 2125/598/31 2333/598/31
f 1717/670/3 1716/163/3 2453/163/3
f 2437/728/1 1742/219/1 2540/1527/1
f 1742/219/1 1741/532/1 2540/1527/1
f 2180/636/288 2378/636/288 2379/523/288
f 1716/163/5 1727/164/5 2479/164/5
f 1747/624/46 1748/525/46 3543/525/46
f 2135/824/538 2351/824/538 2357/908/538
f 1749/631/50 1750/583/50 3541/585/50
f 2178/524/290 2388/1378/290 2386/1035/290
f 1791/633/52 1792/634/52 3310/907/52
f 2091/602/33 2419/1240/33 2411/603/33
f 1731/301/6 2448/675/6 2457/339/6
f 1844/593/53 3407/593/53 3432/636/53
f 2138/516/817 2348/516/817 2355/605/817
f 1738/660/1 3598/660/1 3573/240/1
f 1842/523/55 3445/523/55 3460/524/55
f 2173/492/35 2174/607/35 2406/1347/35
f 1790/598/586 1791/633/586 3309/633/586
f 2120/610/38 2121/518/38 3236/518/38
f 3540/584/1005 1751/584/1005 3519/1346/1005
f 1751/584/589 1752/818/589 3519/1346/589
f 1834/700/818 1835/493/818 3486/748/818
f 2142/489/1036 2339/489/1036 2342/911/1036
f 1786/518/591 1787/517/591 3257/1326/591
f 1759/479/57 3548/479/57 3550/640/57
f 2169/914/990 2170/481/990 2396/481/990
f 1810/541/642 3361/541/642 3323/542/642
f 2096/711/297 2416/711/297 2414/912/297
f 1837/607/1037 1838/830/1037 3472/831/1037
f 1830/506/61 1831/505/61 3516/505/61
f 2147/706/473 2345/706/473 2343/916/473
f 1804/917/470 3336/917/470 3349/604/470
f 1814/920/646 3343/920/646 3348/705/646
f 2165/918/300 2166/509/300 2390/509/300
f 1808/702/472 3328/702/472 3329/489/472
f 1826/648/63 1827/649/63 3463/649/63
f 2116/690/80 2117/691/80 3215/691/80
f 1782/691/600 1783/840/600 3243/840/600
f 1763/653/65 3505/653/65 3658/654/65
f 2150/919/991 2151/1041/991 2352/1041/991
f 1778/1070/481 1779/540/481 3302/540/481
f 1816/1041/820 1817/1309/820 3370/1311/820
f 2161/924/476 2162/714/476 2384/714/476
f 1765/507/645 3515/507/645 3499/921/645
f 1823/1050/677 1824/1045/677 3455/1046/677
f 2100/507/645 2432/507/645 2412/921/645
f 1819/1528/821 1820/764/821 3392/764/821
f 1818/1310/822 1819/1528/822 3379/1528/822
f 2153/926/357 2154/1077/357 2360/1077/357
f 1931/725/279 1930/1025/279 2945/1025/279
f 1777/658/67 3298/1071/67 3429/659/67
f 2154/1077/777 2155/847/777 2362/847/777
f 1927/665/70 1926/666/70 3175/666/70
f 1934/637/823 1933/1184/823 2832/1338/823
f 2156/848/778 2157/843/778 2370/845/778
f 1908/798/282 3031/798/282 3056/804/282
f 1921/1196/431 3212/1345/431 3306/638/431
f 2113/1070/323 3258/1070/323 3267/658/323
f 1904/642/284 2932/642/284 2943/801/284
f 1902/1201/824 2919/1201/824 2961/641/824
f 2201/931/227 2200/932/227 3202/932/227
f 1911/1031/286 3194/1031/286 3094/1033/286
f 1913/1204/437 3105/1339/437 3099/514/437
f 2199/936/230 2198/855/230 3199/857/230
f 1899/667/71 2903/1313/71 2972/669/71
f 1873/1431/825 1872/1207/825 3124/1207/825
f 2205/940/233 2204/860/233 2822/860/233
f 1939/164/72 1938/487/72 2813/487/72
f 1889/1208/826 2878/1208/826 2884/645/826
f 2325/1083/336 2937/1083/336 2956/941/336
f 1919/672/291 1918/673/291 3107/673/291
f 1877/1520/827 1876/746/827 3075/746/827
f 2324/948/338 2934/947/338 2937/1083/338
f 1850/163/74 1939/164/74 2782/164/74
f 1854/655/450 1853/1217/450 2797/1217/450
f 2322/962/828 2920/961/828 2922/946/828
f 1893/950/296 2842/950/296 2843/488/296
f 1865/1221/456 3173/1221/456 3299/651/456
f 2318/970/789 2976/969/789 2912/1090/789
f 1851/676/75 1850/163/75 2774/163/75
f 1941/670/6 2603/670/6 2683/671/6
f 2209/944/236 2208/945/236 2808/945/236
f 1871/679/5 1870/680/5 3227/680/5
f 2012/841/829 2011/1353/829 2583/1353/829
f 2190/951/239 3147/951/239 3153/952/239
f 1887/684/78 1886/685/78 2971/685/78
f 2040/164/830 2534/164/830 2531/849/830
f 2332/1093/1038 2331/974/1038 3057/974/1038
f 1862/1055/312 3193/1055/312 3171/751/312
f 2025/544/831 2024/543/831 2551/543/831
f 2314/979/684 2892/978/684 2897/1092/684
f 1858/693/81 2845/693/81 2970/694/81
f 2003/1358/832 2596/1358/832 2611/858/832
f 2310/982/685 2898/981/685 2894/1094/685
f 1946/698/84 2651/698/84 2697/699/84
f 2213/957/242 2212/958/242 2789/958/242
f 1953/792/3 1952/163/3 2499/163/3
f 2032/662/835 2031/504/835 2552/1354/835
f 2307/965/499 2306/966/499 2930/966/499
f 1952/163/5 2016/538/5 2589/538/5
f 2039/846/836 2038/781/836 2529/783/836
f 2219/971/997 2218/972/997 2788/972/997
f 2008/1322/837 2597/1322/837 2614/761/837
f 1995/788/838 2564/788/838 2568/866/838
f 2300/1410/839 2299/993/839 3133/995/839
f 2021/1325/840 2546/1324/840 2563/767/840
f 1989/871/841 1988/1359/841 2578/1359/841
f 2298/994/356 2297/1001/356 3135/1000/356
f 2029/773/842 2028/482/842 2558/1187/842
f 1962/882/843 1961/1361/843 2521/1361/843
f 2222/975/501 2815/975/501 2820/976/501
f 2037/782/844 2036/1327/844 2542/1327/844
f 1966/884/546 1965/1007/546 2532/1007/546
f 2292/1010/686 3142/1010/686 3152/1104/686
f 2000/466/845 2575/466/845 2579/778/845
f 1972/800/846 2544/800/846 2561/663/846
f 2227/890/504 2997/889/504 2995/892/504
f 1994/532/847 1993/1328/847 2567/1328/847
f 2046/513/402 2047/539/402 2480/539/402
f 2229/893/1039 2999/893/1039 3037/985/1039
f 1958/1330/848 2514/1330/848 2530/670/848
f 2288/1014/687 3148/1014/687 3145/1112/687
f 1985/1331/850 2591/1331/850 2641/795/850
f 2055/164/6 2464/164/6 2468/745/6
f 2234/1373/1040 2233/1530/1040 3033/1530/1040
f 1971/799/852 1970/1335/852 2541/1335/852
f 2062/353/3 2063/501/3 2455/501/3
f 2264/1123/1041 2263/1018/1041 2769/1018/1041
f 1979/1177/854 2593/1177/854 2594/1363/854
f 2071/500/275 2422/900/275 2424/1022/275
f 2238/1375/855 2237/1531/855 3038/1531/855
f 1975/494/6 2585/494/6 2602/1367/6
f 2078/1023/277 2079/499/277 2423/499/277
f 2258/990/856 2910/990/856 2876/992/856
f 2043/219/1 2496/219/1 2498/164/1
f 2123/731/105 2124/597/105 3230/599/105
f 2242/519/261 2241/998/261 3088/998/261
f 2051/467/857 2052/515/857 2488/803/857
f 2090/603/535 2411/603/535 2434/738/535
f 2268/1133/693 2267/549/693 2814/549/693
f 2059/899/5 2060/240/5 2485/240/5
f 2176/740/110 2177/741/110 2386/1035/110
f 2246/1003/264 2245/1004/264 3010/1004/264
f 2068/164/6 2439/164/6 2442/904/6
f 2137/605/1042 2355/605/1042 2353/744/1042
f 2270/559/20 2866/559/20 2829/570/20
f 2075/353/3 2076/501/3 2431/501/3
f 2172/836/537 2173/492/537 2395/492/537
f 2283/565/799 3134/565/799 3154/1142/799
f 2133/687/79 2358/687/79 2359/689/79
f 2119/754/120 2120/610/120 3208/610/120
f 2280/577/22 3091/577/22 3196/574/22
f 2115/757/542 2116/690/542 3229/692/542
f 2275/595/30 2836/595/30 2983/594/30
f 2139/1381/859 2346/1381/859 2348/516/859
f 2102/769/129 2403/769/129 2404/770/129
f 2278/600/715 3022/600/715 3087/485/715
f 2170/481/85 2171/700/85 2397/700/85
f 2104/774/132 2392/1352/132 2402/775/132
f 2276/596/404 2983/594/404 2944/601/404
f 2144/542/167 2341/1387/167 2338/702/167
f 2366/780/135 2107/780/135 2363/1533/135
f 2107/780/135 2108/722/135 2363/1533/135
f 2166/509/87 2167/506/87 2389/644/87
f 2106/784/138 2373/1078/138 2381/785/138
f 2148/705/89 2347/705/89 2345/706/89
f 2200/932/655 2199/936/655 3201/936/655
f 2097/654/91 2418/654/91 2416/711/91
f 2196/1080/1043 2195/1081/1043 3667/1081/1043
f 2162/714/94 2163/648/94 2387/648/94
f 2194/1355/657 2193/870/657 3665/870/657
f 2151/1041/637 2152/925/637 2350/925/637
f 2208/945/659 2207/864/659 2796/864/659
f 2159/928/528 2160/923/528 2377/923/528
f 2189/881/662 3144/881/662 3147/951/662
f 2111/659/98 3268/659/98 3269/719/98
f 2187/163/860 2332/1093/860 3200/1413/860
f 2109/339/100 3319/339/100 3337/722/100
f 2212/958/1044 2211/874/1044 2784/874/1044
f 2202/937/331 2201/931/331 2938/931/331
f 2306/966/666 2305/1364/666 2921/1364/666
f 2327/942/341 3007/942/341 3034/953/341
f 2304/1365/667 2303/1371/667 2936/1371/667
f 2329/954/345 3090/954/345 3042/973/345
f 2218/972/1045 2217/1059/1045 2778/1059/1045
f 2319/1090/347 2912/1090/347 2918/1052/347
f 2221/886/863 2800/886/863 2815/975/863
f 2315/1092/1046 2897/1092/1046 2895/1054/1046
f 2224/539/360 2821/539/360 2867/1100/360
f 2311/1094/351 2894/1094/351 2896/1056/351
f 2232/896/1047 3014/895/1047 3033/1530/1047
f 2215/626/353 2214/1095/353 2770/1369/353
f 2261/903/673 2875/902/673 2911/1019/673
f 2301/987/689 2300/1410/689 3177/1529/689
f 2237/1531/1048 2236/897/1048 3089/897/1048
f 2295/1006/358 3140/1006/358 3155/999/358
f 2241/998/1049 2240/629/1049 3040/629/1049
f 2293/1104/362 3152/1104/362 3139/1005/362
f 2257/1377/675 2891/1377/675 2910/990/675
f 2289/1112/369 3145/1112/369 3146/1060/369
f 2245/1004/676 2244/484/676 3032/484/676
f 2265/1066/1050 2264/1123/1050 2775/1425/1050
f 2256/1139/1051 2255/1140/1051 2929/1380/1051
f 2286/555/709 3151/555/709 3143/1013/709
f 2248/1136/387 2247/1137/387 3008/1137/387
f 2269/560/385 2268/1133/385 2794/1532/385
f 2254/1379/870 2253/1384/870 2962/1386/870
f 2284/1142/712 3154/1142/712 3138/556/712
f 2252/1385/680 2251/1389/680 2935/1389/680
f 2281/574/1052 3196/574/1052 3136/567/1052
f 2250/1146/392 2249/1147/392 2996/1147/392
f 2271/571/397 2829/570/397 2828/581/397
f 16/727/5 14/219/5 4562/728/5
f 2273/582/399 2823/582/399 2831/589/399
f 34/603/535 4546/603/535 4570/738/535
f 7/240/76 4558/661/76 4559/678/76
f 188/740/110 189/741/110 4525/1035/110
f 105/628/344 106/578/344 4494/580/344
f 119/605/112 4490/605/112 4499/744/112
f 101/463/346 102/1089/346 4486/1407/346
f 179/836/537 181/492/537 4540/492/537
f 94/1037/348 97/1091/348 4466/1091/348
f 127/464/118 4470/613/118 4473/462/118
f 89/754/120 90/610/120 4438/610/120
f 177/481/85 178/700/85 4538/700/85
f 82/757/542 83/690/542 4467/692/542
f 132/542/872 4475/1387/872 4468/702/872
f 150/1077/328 151/1064/328 4500/1065/328
f 170/509/87 171/506/87 4533/644/87
f 154/764/330 155/432/330 4509/432/330
f 140/705/89 4515/705/89 4471/706/89
f 70/722/135 4501/722/135 4503/780/135
f 48/654/91 4547/654/91 4567/711/91
f 66/784/138 4511/1078/138 4520/785/138
f 164/714/94 166/648/94 4524/650/94
f 231/856/610 229/1080/610 4454/1082/610
f 146/1041/637 147/925/637 4491/925/637
f 226/1081/612 225/1355/612 4447/1405/612
f 148/926/357 150/1077/357 4502/1077/357
f 248/865/873 246/940/873 4255/940/873
f 219/952/615 4429/952/615 4432/869/615
f 76/659/98 4474/659/98 4514/719/98
f 255/875/617 253/944/617 4261/944/617
f 61/1076/363 4541/1076/363 4564/1072/363
f 213/163/874 421/1093/874 4412/1093/874
f 73/339/100 4497/339/100 4501/722/100
f 213/163/6 4410/163/6 4433/880/6
f 207/240/6 4442/661/6 4575/728/6
f 397/1057/619 396/965/619 4310/967/619
f 242/861/231 240/937/231 4340/1079/231
f 394/1364/621 393/1365/621 4324/1365/621
f 415/941/234 4369/1084/234 4380/942/234
f 263/1095/623 261/957/623 4348/959/623
f 412/946/875 4319/946/875 4325/948/875
f 392/1371/876 391/1409/876 4457/1409/876
f 417/953/240 4395/1086/240 4458/954/240
f 275/887/877 273/971/877 4260/971/877
f 410/960/243 4313/960/243 4311/962/243
f 282/976/878 4252/976/878 4253/539/878
f 406/968/246 4306/968/246 4309/970/246
f 285/1100/627 4279/1099/627 4338/888/627
f 419/973/879 4404/1088/879 4405/974/879
f 296/985/880 4374/984/880 4376/894/880
f 402/977/881 4299/977/881 4297/979/881
f 349/992/630 4293/991/630 4294/901/630
f 398/980/882 4308/1058/882 4305/982/882
f 322/483/883 320/519/883 4382/519/883
f 390/1410/839 389/993/839 4409/993/839
f 347/1377/635 346/1139/635 4327/1139/635
f 389/993/259 388/994/259 4418/994/259
f 329/1137/884 328/1003/884 4379/1003/884
f 386/999/262 4424/999/262 4452/1001/262
f 345/1140/638 344/1379/638 4326/1411/638
f 384/1005/265 4425/1005/265 4431/1006/265
f 334/1147/640 331/1136/640 4372/1136/640
f 381/1009/268 4445/1061/268 4426/1010/268
f 341/1384/641 340/1385/641 4323/1412/641
f 300/1114/885 4377/1114/885 4394/1415/885
f 337/1389/643 336/1146/643 4354/1148/643
f 377/1013/270 4427/1013/270 4443/1014/270
f 424/1155/717 4163/1155/717 4237/1012/717
f 353/1018/5 352/1019/5 4302/1019/5
f 442/554/719 443/1153/719 4212/1153/719
f 310/546/10 308/547/10 4385/1063/10
f 466/572/725 467/1166/725 4126/1166/725
f 357/549/12 356/550/12 4241/1067/12
f 454/1169/724 4224/1169/724 4223/568/724
f 375/556/14 4423/1144/14 4430/555/14
f 464/1287/727 4169/1287/727 4168/1290/727
f 360/559/274 359/560/274 4259/560/274
f 456/1172/728 4218/1171/728 4219/1168/728
f 372/567/18 4414/1149/18 4451/1534/18
f 462/1292/729 4167/1291/729 4164/1296/729
f 360/559/20 4278/559/20 4346/571/20
f 3849/1535/3 3889/163/3 474/163/3
f 474/163/3 479/164/3 3849/1535/3
f 370/577/22 4449/577/22 4450/574/22
f 474/163/6 3889/163/6 4038/539/6
f 362/581/24 4345/1151/24 4344/582/24
f 557/790/577 556/665/577 3804/665/577
f 364/589/26 4337/589/26 4336/595/26
f 562/1184/579 561/724/579 3716/726/579
f 369/467/886 4448/467/886 4449/577/886
f 541/1033/580 3782/1032/580 3780/1204/580
f 365/595/30 4336/595/30 4335/596/30
f 530/730/582 3736/730/582 3734/1201/582
f 445/1283/5 446/1156/5 4231/1156/5
f 549/736/584 3842/735/584 3836/1196/584
f 472/612/802 473/1016/802 4100/1017/802
f 523/488/587 3701/488/587 3726/486/587
f 449/1418/805 4225/1418/805 4229/608/805
f 502/1207/887 501/679/887 3800/679/887
f 428/1284/807 429/557/807 4158/557/807
f 517/743/888 3728/742/888 3730/1208/888
f 435/620/808 436/561/808 4189/561/808
f 483/1217/593 482/739/593 3695/739/593
f 468/1167/810 469/1421/810 4083/1421/810
f 506/1210/889 505/1042/889 3898/1044/889
f 555/666/494 554/929/494 3802/929/494
f 494/752/598 3799/752/598 3795/1221/598
f 567/487/498 566/934/498 3696/934/498
f 489/694/601 3743/694/601 3750/834/601
f 527/943/500 3729/943/500 3745/667/500
f 3563/619/3 3564/777/3 570/777/3
f 570/777/3 569/163/3 3563/619/3
f 547/673/502 546/938/502 3788/938/502
f 569/163/5 578/164/5 3570/164/5
f 499/956/505 3848/956/505 3841/680/505
f 578/164/45 577/482/45 3647/1187/45
f 515/685/509 514/1281/509 3735/1281/509
f 629/578/23 630/808/23 3402/579/23
f 487/964/513 3708/964/513 3706/693/513
f 583/583/25 584/584/25 3525/1235/25
f 3682/219/1 575/219/1 3712/1315/1
f 575/219/1 574/532/1 3712/1315/1
f 681/590/27 3401/590/27 3396/591/27
f 580/624/46 581/525/46 3528/1230/46
f 631/1392/647 3378/1392/647 3373/1236/647
f 627/627/48 628/628/48 3355/628/48
f 588/602/33 3656/1240/33 3501/603/33
f 582/631/50 583/583/50 3526/585/50
f 636/604/34 3346/604/34 3342/605/34
f 625/1089/660 626/634/660 3284/907/660
f 671/492/35 672/607/35 3467/607/35
f 632/1034/665 3382/1034/665 3378/1392/665
f 640/489/304 3326/489/304 3352/464/304
f 677/523/55 3444/523/55 3459/524/55
f 621/1091/668 622/490/668 3251/490/668
f 614/690/80 615/691/80 3254/691/80
f 591/479/57 3549/479/57 3552/640/57
f 611/1070/323 3272/1070/323 3270/1071/323
f 643/541/642 3324/541/642 3325/542/642
f 763/1025/692 762/789/692 3027/789/692
f 665/506/61 666/505/61 3510/505/61
f 758/929/226 757/930/226 3283/930/226
f 647/920/646 3341/920/646 3345/705/646
f 770/934/229 769/935/229 2851/935/229
f 661/648/63 662/649/63 3461/649/63
f 743/805/698 3077/805/698 3179/1031/698
f 595/653/65 3500/653/65 3655/654/65
f 750/938/232 749/939/232 3127/939/232
f 599/1073/890 3522/1073/890 3509/1097/890
f 730/511/235 2905/511/235 2888/943/235
f 610/658/67 3270/1071/67 3424/659/67
f 725/949/1053 2978/1430/1053 2840/950/1053
f 767/637/823 766/1184/823 2854/1338/823
f 701/955/241 3276/1085/241 3277/956/241
f 754/1196/431 3211/1345/431 3279/638/431
f 718/1281/707 717/815/707 2925/817/707
f 735/1201/434 2926/1201/434 2957/641/434
f 711/1348/786 710/1520/786 3076/1520/786
f 746/1204/437 3101/1339/437 3097/514/437
f 689/963/244 2848/1087/244 2847/964/244
f 706/1431/825 705/1207/825 3108/1207/825
f 694/835/708 3026/835/708 3178/1055/708
f 722/1208/826 2877/1208/826 2880/645/826
f 783/662/1 4408/662/1 4420/164/1
f 710/1520/827 709/746/827 3066/746/827
f 777/663/1 4262/663/1 4264/465/1
f 687/655/450 686/1217/450 2809/1217/450
f 792/1304/891 791/163/891 3834/163/891
f 698/1221/456 3159/1221/456 3271/651/456
f 791/163/892 835/475/892 4045/475/892
f 4406/671/6 775/671/6 4407/1536/6
f 775/671/6 774/670/6 4407/1536/6
f 826/1436/893 4072/1436/893 4096/1285/893
f 788/467/1 4161/467/1 4173/514/1
f 838/1438/393 3961/1438/393 3990/1286/393
f 832/1537/894 831/301/894 4103/301/894
f 847/1288/396 846/1439/396 4003/1439/396
f 857/497/1 3846/1440/1 3891/1433/1
f 855/1289/398 854/1200/398 3960/1200/398
f 844/1111/1054 843/1434/1054 3978/1435/1054
f 818/1442/896 4034/1442/896 4048/823/896
f 881/1452/1 3845/1453/1 3847/164/1
f 823/1437/897 4071/1437/897 4076/1108/897
f 805/1447/898 4095/1447/898 4059/1300/898
f 852/219/899 851/1334/899 3971/1333/899
f 867/1302/1054 866/1446/1054 3976/1446/1054
f 815/1441/900 4022/1441/900 4026/339/900
f 875/1303/899 874/1449/899 3969/1450/899
f 811/1119/901 810/539/901 4035/539/901
f 797/1454/902 4053/1454/902 4065/812/902
f 863/1444/90 3965/1443/90 3970/1121/90
f 889/467/857 890/515/857 3771/803/857
f 872/1127/962 871/1323/962 3975/1445/962
f 954/841/829 953/1353/829 3643/1353/829
f 802/535/903 4074/1448/903 4073/1124/903
f 982/164/830 3565/164/830 3589/849/830
f 967/544/831 966/543/831 3621/543/831
f 794/1451/904 4040/1451/904 4031/1134/904
f 945/1358/832 3674/1358/832 3689/858/832
f 3684/1538/811 3683/164/811 893/164/811
f 893/164/811 886/508/811 3684/1538/811
f 886/508/5 887/635/5 3774/635/5
f 974/662/905 973/504/905 3620/1354/905
f 895/792/3 894/163/3 3555/163/3
f 981/846/836 980/781/836 3588/783/836
f 894/163/5 958/538/5 3622/538/5
f 937/788/838 3623/788/838 3625/866/838
f 950/1322/837 3675/1322/837 3719/761/837
f 931/871/841 930/1359/841 3640/1359/841
f 963/1325/840 3609/1324/840 3606/767/840
f 904/882/907 903/1361/907 3579/1361/907
f 971/773/1055 970/482/1055 3616/1187/1055
f 914/800/1056 3607/800/1056 3617/663/1056
f 979/782/844 978/1327/844 3619/1327/844
f 988/499/5 989/164/5 3530/164/5
f 942/466/845 3642/466/845 3641/778/845
f 997/467/5 996/635/5 3182/635/5
f 936/532/909 935/1328/909 3624/1328/909
f 4613/428/6 1004/428/6 4614/3861/6
f 1004/428/6 1005/432/6 4618/1540/6
f 4614/3861/6 1004/428/6 4616/1541/6
f 1005/432/6 2751/432/6 4623/3862/6
f 1005/432/6 4623/3862/6 4621/1539/6
f 4616/1541/6 1004/428/6 4618/1540/6
f 4621/1539/6 4623/3862/6 2751/432/6
f 2751/432/6 2750/428/6 4618/1540/6
f 2750/428/6 4613/428/6 4614/3861/6
f 2750/428/6 4614/3861/6 4616/1541/6
f 4618/1540/6 4621/1539/6 2751/432/6
f 900/1330/848 3576/1330/848 3575/670/848
f 4622/1542/6 2757/1544/6 2756/532/6
f 1013/532/6 1012/678/6 4620/1543/6
f 1012/678/6 4619/678/6 4620/1543/6
f 4622/1542/6 2756/532/6 1013/532/6
f 4619/678/6 2736/677/6 4620/1543/6
f 2736/677/6 2757/1544/6 4620/1543/6
f 927/1331/850 3669/1331/850 4582/795/850
f 1026/466/1 2725/466/1 2726/543/1
f 913/799/1057 912/1335/1057 3594/1335/1057
f 1020/671/1 2731/671/1 2733/664/1
f 921/1177/911 3671/1177/911 3670/1363/911
f 4664/1545/1 2722/806/1 2723/240/1
f 2723/240/1 1034/240/1 4664/1545/1
f 1034/240/1 1035/806/1 4664/1545/1
f 917/494/6 3648/494/6 3680/1367/6
f 4647/1547/5 4669/3863/5 2703/699/5
f 2703/699/5 2760/466/5 4647/1547/5
f 2760/466/5 4635/466/5 4638/1546/5
f 4638/1546/5 4635/466/5 1051/466/5
f 1051/466/5 1050/699/5 4647/1547/5
f 1050/699/5 2703/699/5 4669/3863/5
f 1050/699/5 4669/3863/5 4647/1547/5
f 985/240/5 986/353/5 3425/353/5
f 1103/1200/912 2672/1200/912 2668/515/912
f 1002/339/1 2754/339/1 2753/417/1
f 1060/1482/1058 2629/1481/1058 2633/409/1058
f 4607/1549/6 4608/1550/6 2735/1548/6
f 2735/1548/6 2737/660/6 4611/660/6
f 4611/660/6 1010/660/6 4607/1549/6
f 1010/660/6 1009/777/6 4608/1550/6
f 4607/1549/6 1010/660/6 4608/1550/6
f 2734/777/6 2735/1548/6 4608/1550/6
f 1026/466/5 1025/699/5 2730/699/5
f 1068/1222/914 1067/1485/914 2648/1486/914
f 1032/500/275 4654/1181/275 4656/1022/275
f 2709/1022/275 4656/1022/275 4654/1181/275
f 1075/1224/915 1074/1487/915 2630/1487/915
f 2710/499/277 2714/1023/277 4676/1023/277
f 1039/1023/277 1040/499/277 4675/499/277
f 2667/1340/917 4629/1340/917 4630/1213/917
f 1095/1213/917 4630/1213/917 4629/1340/917
f 4670/1552/1 2706/662/1 2708/164/1
f 2708/164/1 4649/164/1 4650/1551/1
f 4649/164/1 1054/164/1 4650/1551/1
f 1054/164/1 1053/662/1 4650/1551/1
f 1053/662/1 2706/662/1 4670/1552/1
f 1085/1553/6 4461/1553/6 4419/508/6
f 4644/465/1 1048/465/1 4646/1554/1
f 1048/465/1 1047/663/1 4646/1554/1
f 4667/663/1 2678/663/1 4646/1554/1
f 2678/663/1 2759/465/1 4646/1554/1
f 1165/527/918 4371/527/918 4351/528/918
f 1082/477/1 4415/477/1 4417/478/1
f 1131/1202/435 1130/417/435 4286/417/435
f 1057/1198/919 2628/1198/919 2626/829/919
f 1138/1205/920 1137/539/920 4273/539/920
f 1065/832/164 1064/513/164 2643/513/164
f 1142/477/441 1141/899/441 4265/899/441
f 1072/1209/921 1071/1202/921 2644/1202/921
f 1174/809/287 1175/624/287 4145/624/287
f 1079/1350/604 1078/1205/604 2625/1206/604
f 1176/525/281 1177/631/281 4177/631/281
f 1114/163/922 4266/163/922 4268/1488/922
f 1217/1030/285 1218/463/285 4765/463/285
f 3996/463/285 3995/1030/285 4764/1030/285
f 1120/1482/923 4343/1481/923 4281/409/923
f 1273/636/288 4144/636/288 4135/523/288
f 1128/1222/924 1127/1485/924 4304/1486/924
f 1228/824/538 4013/824/538 4012/908/538
f 1135/1224/915 1134/1487/915 4283/1487/915
f 1271/524/290 4141/524/290 4139/1035/290
f 4357/1340/917 4785/1340/917 4782/1213/917
f 1155/1213/917 4782/1213/917 4785/1340/917
f 4769/1555/293 4775/1036/293 1213/1036/293
f 1213/1036/293 1214/1037/293 4769/1555/293
f 4769/1555/293 4768/1370/293 3910/1037/293
f 3910/1037/293 3900/1036/293 4769/1555/293
f 4849/1558/6 4195/1553/6 4848/1557/6
f 4195/1553/6 4215/508/6 4848/1557/6
f 4215/508/6 4842/508/6 4843/1556/6
f 4842/508/6 1146/508/6 4843/1556/6
f 1146/508/6 1145/1553/6 4848/1557/6
f 4843/1556/6 1146/508/6 4848/1557/6
f 1145/1553/6 4195/1553/6 4849/1558/6
f 1262/914/925 1263/481/925 4152/481/925
f 1182/603/535 4183/603/535 4202/738/535
f 1188/711/297 4199/710/297 4187/912/297
f 1269/740/110 1270/741/110 4139/1035/110
f 1240/706/299 4792/706/299 4793/1239/299
f 3992/916/299 4793/1239/299 4792/706/299
f 1230/605/926 4019/605/926 4015/744/926
f 1258/918/300 1259/509/300 4166/509/300
f 1265/836/537 1266/492/537 4154/492/537
f 1243/919/302 1244/1041/302 4820/1041/302
f 4010/1096/302 4011/919/302 4815/919/302
f 3997/462/118 1233/462/118 4777/1559/118
f 1233/462/118 1234/464/118 4777/1559/118
f 1234/464/118 4776/464/118 4777/1559/118
f 3980/613/118 3979/1560/118 4777/1559/118
f 1254/924/476 1255/714/476 4140/714/476
f 1211/754/120 1212/610/120 4774/610/120
f 3902/610/120 3901/754/120 4772/754/120
f 1287/670/6 3628/670/6 3752/671/6
f 1207/757/542 1208/690/542 4805/690/542
f 3917/692/123 3994/757/123 4812/757/123
f 4903/353/1059 1301/353/1059 4904/1561/1059
f 1301/353/412 1302/219/412 4904/1561/412
f 1302/219/412 3558/728/412 4904/1561/412
f 1194/769/129 4165/769/129 4197/770/129
f 3452/164/1 4889/164/1 4887/1562/1
f 1315/662/1 4887/1562/1 4889/164/1
f 4840/1563/132 4174/1352/132 4175/775/132
f 4175/775/132 1195/775/132 4840/1563/132
f 1195/775/132 1196/774/132 4840/1563/132
f 1309/663/1 3313/663/1 3316/465/1
f 4846/780/135 1199/780/135 4837/1564/135
f 1199/780/135 1200/722/135 4837/1564/135
f 4838/722/135 4029/722/135 4837/1564/135
f 4029/722/135 4068/780/135 4837/1564/135
f 1338/1402/928 1337/1510/928 3191/1511/928
f 1198/784/138 4845/784/138 4847/785/138
f 4142/785/138 4847/785/138 4845/784/138
f 1342/1516/929 3036/1515/929 3052/1403/929
f 1285/164/5 1284/514/5 3797/514/5
f 1329/1519/1060 3209/1519/1060 3664/1404/1060
f 1292/698/84 3740/698/84 3776/699/84
f 1351/1406/1061 1350/1517/1061 3065/1518/1061
f 1298/163/424 3595/163/424 3650/164/424
f 1359/474/932 1358/473/932 3051/473/932
f 1299/500/6 3556/900/6 3595/163/6
f 1321/1521/933 3184/1521/933 3185/1408/933
f 4857/1565/6 4856/1567/6 3441/1566/6
f 3441/1566/6 3440/671/6 4890/671/6
f 4890/671/6 1307/671/6 4857/1565/6
f 1307/671/6 1306/670/6 4856/1567/6
f 4857/1565/6 1307/671/6 4856/1567/6
f 3287/670/6 3441/1566/6 4856/1567/6
f 1374/856/610 1373/1080/610 2474/1082/610
f 1335/471/934 1334/1503/934 3188/1502/934
f 1372/1081/612 1371/1355/612 2504/1405/612
f 1363/164/935 2858/164/935 3003/1514/935
f 1383/865/613 1382/940/613 3844/940/613
f 1348/469/936 1347/1504/936 3059/1504/936
f 2536/952/615 2537/3864/615 4679/1568/615
f 2537/3864/1062 2538/869/1062 4679/1568/1062
f 2538/869/1063 1369/869/1063 4679/1568/1063
f 1369/869/615 1368/952/615 4679/1568/615
f 1356/1269/937 1355/1507/937 3080/1507/937
f 1387/875/617 1386/944/617 3814/944/617
f 1326/1513/938 3205/1512/938 3231/1264/938
f 1364/163/860 1509/1093/860 4121/1413/860
f 4683/880/6 1365/880/6 4682/1569/6
f 1365/880/6 1364/163/6 4682/1569/6
f 2486/880/6 4683/880/6 4682/1569/6
f 1362/1257/939 1361/1261/939 3004/1263/939
f 1485/1057/619 1484/965/619 3866/967/619
f 1318/854/940 2767/854/940 3050/1271/940
f 1482/1364/621 1481/1365/621 3907/1365/621
f 1380/861/231 1379/937/231 3887/1079/231
f 1391/1095/623 1390/957/623 3811/959/623
f 1503/941/234 3921/1084/234 3927/942/234
f 3914/1371/624 1480/1371/624 4688/1570/624
f 1480/1371/624 1479/986/624 4688/1570/624
f 1479/986/624 4687/986/624 4688/1570/624
f 1500/946/237 3911/946/237 3908/948/237
f 1397/887/877 1396/971/877 3818/971/877
f 1505/953/240 4001/1086/240 3951/954/240
f 1400/976/878 3840/976/878 3838/539/878
f 1498/960/243 3870/960/243 3867/962/243
f 1402/1100/627 3885/1099/627 3883/888/627
f 1494/968/246 3876/968/246 3865/970/246
f 1407/985/880 4709/985/880 4708/894/880
f 3929/894/880 4708/894/880 4709/985/880
f 1507/973/248 3964/1088/248 3962/974/248
f 1436/992/1064 3853/991/1064 3854/901/1064
f 1490/977/881 3856/977/881 3857/979/881
f 1420/483/942 1419/519/942 4734/519/942
f 3942/519/942 3999/483/942 4730/483/942
f 1486/980/882 3863/1058/882 3875/982/882
f 1434/1377/635 1433/1139/635 4716/1139/635
f 3874/1139/943 3862/1377/943 4717/1377/943
f 4042/987/256 4046/986/256 4687/986/256
f 1479/986/256 1478/987/256 4686/987/256
f 1424/1137/884 1423/1003/884 4722/1003/884
f 3931/1003/884 3928/1137/884 4725/1137/884
f 4036/993/839 4030/1410/839 4692/1410/839
f 1477/1410/839 1476/993/839 4689/993/839
f 1432/1140/638 1431/1379/638 4720/1379/638
f 3868/1411/638 3871/1140/638 4721/1427/638
f 4107/994/259 4036/993/259 4689/993/259
f 1476/993/259 1475/994/259 4691/994/259
f 1426/1147/640 1425/1136/640 4726/1136/640
f 3926/1136/640 3923/1147/640 4727/1147/640
f 4070/1001/944 4693/1001/944 4695/999/944
f 1473/999/944 4695/999/944 4693/1001/944
f 1430/1384/945 1429/1385/945 4719/1523/945
f 3906/1412/945 4122/1384/945 4718/1384/945
f 4098/1006/265 4705/1006/265 4701/1005/265
f 1471/1005/265 4701/1005/265 4705/1006/265
f 1428/1389/643 1427/1146/643 4728/1146/643
f 3919/1146/643 3916/1389/643 4729/1389/643
f 4088/1010/268 4704/1010/268 4703/1009/268
f 1468/1009/268 4703/1009/268 4704/1010/268
f 1513/467/5 1512/635/5 3835/635/5
f 1409/1114/946 4723/1114/946 4747/1415/946
f 3933/1415/946 4747/1415/946 4723/1114/946
f 1527/164/3 1520/163/3 4899/163/3
f 4898/164/3 4899/163/3 3503/1461/3
f 4899/163/3 3502/163/3 3503/1461/3
f 4741/1013/270 4079/1426/270 4713/1571/270
f 4079/1426/270 4087/1014/270 4713/1571/270
f 4710/1014/1065 1465/1014/1065 4713/1571/1065
f 1465/1014/1065 1464/1013/1065 4713/1571/1065
f 4902/1573/5 4899/163/5 1520/163/5
f 1520/163/5 1521/417/5 4902/1573/5
f 1521/417/5 3654/417/5 4902/1573/5
f 3504/1572/5 3502/163/5 4899/163/5
f 1440/1018/5 1439/1019/5 3855/1019/5
f 1528/163/5 1529/1012/5 3421/1012/5
