# Blender 4.3.2
# www.blender.org
mtllib Conclusion.mtl
o BaseText.001
v 9.872894 0.308618 0.200000
v 9.872894 0.678864 0.200000
v 10.104478 0.678864 0.200000
v 10.104478 0.065961 0.200000
v 9.759749 0.065961 0.200000
v 9.346172 0.448243 0.200000
v 9.346172 0.065961 0.200000
v 9.111218 0.065961 0.200000
v 9.111218 0.678864 0.200000
v 9.444391 0.678864 0.200000
v 8.207029 0.649976 0.200000
v 8.229307 0.656589 0.200000
v 8.251685 0.662628 0.200000
v 8.274163 0.668091 0.200000
v 8.296741 0.672979 0.200000
v 8.319421 0.677292 0.200000
v 8.342200 0.681030 0.200000
v 8.365080 0.684193 0.200000
v 8.388060 0.686781 0.200000
v 8.411139 0.688794 0.200000
v 8.434319 0.690232 0.200000
v 8.457601 0.691094 0.200000
v 8.480982 0.691382 0.200000
v 8.504436 0.691094 0.200000
v 8.527778 0.690232 0.200000
v 8.551005 0.688794 0.200000
v 8.574119 0.686781 0.200000
v 8.597118 0.684193 0.200000
v 8.620005 0.681030 0.200000
v 8.642777 0.677292 0.200000
v 8.665437 0.672979 0.200000
v 8.687982 0.668091 0.200000
v 8.710413 0.662628 0.200000
v 8.732731 0.656589 0.200000
v 8.754935 0.649976 0.200000
v 8.776685 0.642831 0.200000
v 8.797638 0.635198 0.200000
v 8.817796 0.627076 0.200000
v 8.837158 0.618467 0.200000
v 8.855724 0.609369 0.200000
v 8.873495 0.599783 0.200000
v 8.890470 0.589709 0.200000
v 8.906649 0.579147 0.200000
v 8.922032 0.568097 0.200000
v 8.936620 0.556559 0.200000
v 8.950412 0.544532 0.200000
v 8.963408 0.532017 0.200000
v 8.975482 0.519208 0.200000
v 8.986506 0.506299 0.200000
v 8.996479 0.493290 0.200000
v 9.005403 0.480180 0.200000
v 9.013276 0.466970 0.200000
v 9.020101 0.453659 0.200000
v 9.025875 0.440248 0.200000
v 9.030600 0.426737 0.200000
v 9.034274 0.413126 0.200000
v 9.036899 0.399414 0.200000
v 9.038473 0.385602 0.200000
v 9.038999 0.371690 0.200000
v 9.038488 0.357860 0.200000
v 9.036959 0.344133 0.200000
v 9.034410 0.330510 0.200000
v 9.030840 0.316990 0.200000
v 9.026251 0.303575 0.200000
v 9.020642 0.290262 0.200000
v 9.014014 0.277054 0.200000
v 9.006366 0.263949 0.200000
v 8.997698 0.250948 0.200000
v 8.988010 0.238050 0.200000
v 8.977303 0.225256 0.200000
v 8.965575 0.212566 0.200000
v 8.952924 0.200160 0.200000
v 8.939443 0.188219 0.200000
v 8.925133 0.176742 0.200000
v 8.909993 0.165730 0.200000
v 8.894025 0.155183 0.200000
v 8.877227 0.145101 0.200000
v 8.859600 0.135484 0.200000
v 8.841144 0.126331 0.200000
v 8.821858 0.117643 0.200000
v 8.801744 0.109419 0.200000
v 8.780800 0.101661 0.200000
v 8.759027 0.094367 0.200000
v 8.736758 0.087600 0.200000
v 8.714325 0.081421 0.200000
v 8.691728 0.075831 0.200000
v 8.668966 0.070829 0.200000
v 8.646042 0.066415 0.200000
v 8.622953 0.062590 0.200000
v 8.599701 0.059354 0.200000
v 8.576284 0.056706 0.200000
v 8.552705 0.054646 0.200000
v 8.528961 0.053175 0.200000
v 8.505054 0.052292 0.200000
v 8.480982 0.051998 0.200000
v 8.457066 0.052292 0.200000
v 8.433304 0.053175 0.200000
v 8.409696 0.054646 0.200000
v 8.386241 0.056706 0.200000
v 8.362940 0.059354 0.200000
v 8.339793 0.062590 0.200000
v 8.316800 0.066415 0.200000
v 8.293961 0.070829 0.200000
v 8.271275 0.075831 0.200000
v 8.248743 0.081421 0.200000
v 8.226365 0.087600 0.200000
v 8.204141 0.094367 0.200000
v 8.182405 0.101661 0.200000
v 8.161490 0.109419 0.200000
v 8.141399 0.117643 0.200000
v 8.122130 0.126331 0.200000
v 8.103684 0.135484 0.200000
v 8.086061 0.145101 0.200000
v 8.069260 0.155183 0.200000
v 8.053281 0.165730 0.200000
v 8.038125 0.176742 0.200000
v 8.023791 0.188219 0.200000
v 8.010281 0.200160 0.200000
v 7.997592 0.212566 0.200000
v 7.985827 0.225256 0.200000
v 7.975084 0.238050 0.200000
v 7.965365 0.250948 0.200000
v 7.956668 0.263949 0.200000
v 7.948995 0.277054 0.200000
v 7.942345 0.290262 0.200000
v 7.936718 0.303575 0.200000
v 7.932114 0.316990 0.200000
v 7.928533 0.330510 0.200000
v 7.925975 0.344133 0.200000
v 7.924441 0.357860 0.200000
v 7.923929 0.371690 0.200000
v 7.924448 0.385602 0.200000
v 7.926008 0.399414 0.200000
v 7.928608 0.413126 0.200000
v 7.932247 0.426737 0.200000
v 7.936926 0.440248 0.200000
v 7.942646 0.453659 0.200000
v 7.949404 0.466970 0.200000
v 7.957203 0.480180 0.200000
v 7.966042 0.493290 0.200000
v 7.975920 0.506299 0.200000
v 7.986838 0.519208 0.200000
v 7.998796 0.532017 0.200000
v 8.011681 0.544532 0.200000
v 8.025377 0.556559 0.200000
v 8.039886 0.568097 0.200000
v 8.055208 0.579147 0.200000
v 8.071342 0.589709 0.200000
v 8.088289 0.599783 0.200000
v 8.106049 0.609369 0.200000
v 8.124620 0.618467 0.200000
v 8.144005 0.627076 0.200000
v 8.164202 0.635198 0.200000
v 8.185211 0.642831 0.200000
v 8.488204 0.534425 0.200000
v 8.477160 0.534273 0.200000
v 8.466177 0.533816 0.200000
v 8.455254 0.533055 0.200000
v 8.444390 0.531991 0.200000
v 8.433587 0.530621 0.200000
v 8.422845 0.528948 0.200000
v 8.412163 0.526970 0.200000
v 8.401541 0.524688 0.200000
v 8.390979 0.522102 0.200000
v 8.380477 0.519212 0.200000
v 8.370035 0.516017 0.200000
v 8.359653 0.512518 0.200000
v 8.349489 0.508745 0.200000
v 8.339700 0.504728 0.200000
v 8.330284 0.500466 0.200000
v 8.321243 0.495961 0.200000
v 8.312577 0.491212 0.200000
v 8.304285 0.486218 0.200000
v 8.296368 0.480980 0.200000
v 8.288825 0.475499 0.200000
v 8.281656 0.469773 0.200000
v 8.274862 0.463803 0.200000
v 8.268443 0.457589 0.200000
v 8.262398 0.451131 0.200000
v 8.256783 0.444521 0.200000
v 8.251657 0.437851 0.200000
v 8.247020 0.431121 0.200000
v 8.242870 0.424330 0.200000
v 8.239209 0.417479 0.200000
v 8.236036 0.410568 0.200000
v 8.233352 0.403597 0.200000
v 8.231155 0.396566 0.200000
v 8.229447 0.389474 0.200000
v 8.228227 0.382322 0.200000
v 8.227494 0.375110 0.200000
v 8.227251 0.367838 0.200000
v 8.227490 0.360645 0.200000
v 8.228208 0.353508 0.200000
v 8.229403 0.346428 0.200000
v 8.231076 0.339405 0.200000
v 8.233228 0.332439 0.200000
v 8.235857 0.325530 0.200000
v 8.238965 0.318677 0.200000
v 8.242551 0.311881 0.200000
v 8.246614 0.305143 0.200000
v 8.251157 0.298461 0.200000
v 8.256177 0.291836 0.200000
v 8.261675 0.285267 0.200000
v 8.267608 0.278846 0.200000
v 8.273932 0.272662 0.200000
v 8.280648 0.266716 0.200000
v 8.287755 0.261007 0.200000
v 8.295253 0.255535 0.200000
v 8.303142 0.250301 0.200000
v 8.311421 0.245304 0.200000
v 8.320093 0.240545 0.200000
v 8.329156 0.236023 0.200000
v 8.338610 0.231738 0.200000
v 8.348454 0.227691 0.200000
v 8.358690 0.223881 0.200000
v 8.369152 0.220343 0.200000
v 8.379674 0.217113 0.200000
v 8.390256 0.214191 0.200000
v 8.400898 0.211576 0.200000
v 8.411600 0.209269 0.200000
v 8.422363 0.207270 0.200000
v 8.433187 0.205578 0.200000
v 8.444070 0.204194 0.200000
v 8.455013 0.203117 0.200000
v 8.466017 0.202348 0.200000
v 8.477080 0.201887 0.200000
v 8.488204 0.201733 0.200000
v 8.499328 0.201887 0.200000
v 8.510391 0.202348 0.200000
v 8.521395 0.203117 0.200000
v 8.532338 0.204194 0.200000
v 8.543221 0.205578 0.200000
v 8.554045 0.207270 0.200000
v 8.564808 0.209269 0.200000
v 8.575510 0.211577 0.200000
v 8.586152 0.214191 0.200000
v 8.596734 0.217113 0.200000
v 8.607256 0.220343 0.200000
v 8.617718 0.223881 0.200000
v 8.627953 0.227691 0.200000
v 8.637793 0.231738 0.200000
v 8.647238 0.236023 0.200000
v 8.656289 0.240545 0.200000
v 8.664946 0.245304 0.200000
v 8.673207 0.250301 0.200000
v 8.681074 0.255535 0.200000
v 8.688547 0.261007 0.200000
v 8.695625 0.266716 0.200000
v 8.702309 0.272662 0.200000
v 8.708598 0.278846 0.200000
v 8.714492 0.285267 0.200000
v 8.719952 0.291836 0.200000
v 8.724936 0.298461 0.200000
v 8.729446 0.305143 0.200000
v 8.733482 0.311881 0.200000
v 8.737043 0.318677 0.200000
v 8.740129 0.325530 0.200000
v 8.742741 0.332439 0.200000
v 8.744877 0.339405 0.200000
v 8.746539 0.346428 0.200000
v 8.747726 0.353508 0.200000
v 8.748439 0.360645 0.200000
v 8.748676 0.367838 0.200000
v 8.748430 0.375110 0.200000
v 8.747693 0.382322 0.200000
v 8.746465 0.389474 0.200000
v 8.744744 0.396566 0.200000
v 8.742533 0.403597 0.200000
v 8.739829 0.410568 0.200000
v 8.736634 0.417479 0.200000
v 8.732948 0.424330 0.200000
v 8.728770 0.431121 0.200000
v 8.724101 0.437851 0.200000
v 8.718941 0.444521 0.200000
v 8.713288 0.451131 0.200000
v 8.707205 0.457589 0.200000
v 8.700750 0.463803 0.200000
v 8.693925 0.469773 0.200000
v 8.686728 0.475499 0.200000
v 8.679160 0.480981 0.200000
v 8.671221 0.486218 0.200000
v 8.662910 0.491212 0.200000
v 8.654229 0.495961 0.200000
v 8.645177 0.500466 0.200000
v 8.635754 0.504728 0.200000
v 8.625958 0.508745 0.200000
v 8.615792 0.512518 0.200000
v 8.605417 0.516017 0.200000
v 8.594995 0.519212 0.200000
v 8.584527 0.522102 0.200000
v 8.574012 0.524688 0.200000
v 8.563450 0.526970 0.200000
v 8.552841 0.528948 0.200000
v 8.542186 0.530621 0.200000
v 8.531484 0.531991 0.200000
v 8.520735 0.533055 0.200000
v 8.509938 0.533816 0.200000
v 8.499095 0.534273 0.200000
v 7.851709 0.065961 0.200000
v 7.565720 0.065961 0.200000
v 7.565720 0.678864 0.200000
v 7.851709 0.678864 0.200000
v 7.145843 0.561494 0.200000
v 7.142031 0.563901 0.200000
v 7.138059 0.566201 0.200000
v 7.133926 0.568395 0.200000
v 7.129633 0.570481 0.200000
v 7.125180 0.572460 0.200000
v 7.120566 0.574333 0.200000
v 7.115791 0.576098 0.200000
v 7.110857 0.577756 0.200000
v 7.105761 0.579308 0.200000
v 7.100505 0.580752 0.200000
v 7.095089 0.582090 0.200000
v 7.089336 0.583350 0.200000
v 7.083072 0.584564 0.200000
v 7.076297 0.585731 0.200000
v 7.069010 0.586851 0.200000
v 7.061211 0.587924 0.200000
v 7.052901 0.588950 0.200000
v 7.044079 0.589930 0.200000
v 7.034745 0.590863 0.200000
v 7.024900 0.591749 0.200000
v 7.014544 0.592588 0.200000
v 7.003676 0.593381 0.200000
v 6.992296 0.594126 0.200000
v 6.981499 0.593459 0.200000
v 6.971252 0.592742 0.200000
v 6.961558 0.591975 0.200000
v 6.952415 0.591157 0.200000
v 6.943824 0.590290 0.200000
v 6.935784 0.589372 0.200000
v 6.928297 0.588404 0.200000
v 6.921360 0.587386 0.200000
v 6.914976 0.586317 0.200000
v 6.909143 0.585199 0.200000
v 6.903862 0.584031 0.200000
v 6.899133 0.582812 0.200000
v 6.894763 0.581518 0.200000
v 6.890561 0.580124 0.200000
v 6.886525 0.578629 0.200000
v 6.882657 0.577034 0.200000
v 6.878955 0.575339 0.200000
v 6.875421 0.573544 0.200000
v 6.872054 0.571648 0.200000
v 6.868855 0.569652 0.200000
v 6.865822 0.567555 0.200000
v 6.862957 0.565359 0.200000
v 6.860258 0.563062 0.200000
v 6.857727 0.560664 0.200000
v 6.855379 0.558212 0.200000
v 6.853227 0.555749 0.200000
v 6.851273 0.553277 0.200000
v 6.849516 0.550794 0.200000
v 6.847956 0.548302 0.200000
v 6.846594 0.545799 0.200000
v 6.845428 0.543287 0.200000
v 6.844460 0.540764 0.200000
v 6.843690 0.538231 0.200000
v 6.843116 0.535688 0.200000
v 6.842740 0.533136 0.200000
v 6.842561 0.530573 0.200000
v 6.842737 0.528014 0.200000
v 6.843103 0.525471 0.200000
v 6.843659 0.522945 0.200000
v 6.844407 0.520436 0.200000
v 6.845345 0.517943 0.200000
v 6.846473 0.515467 0.200000
v 6.847792 0.513008 0.200000
v 6.849301 0.510565 0.200000
v 6.851002 0.508140 0.200000
v 6.852892 0.505731 0.200000
v 6.854974 0.503338 0.200000
v 6.857246 0.500963 0.200000
v 6.859698 0.498639 0.200000
v 6.862321 0.496402 0.200000
v 6.865114 0.494253 0.200000
v 6.868078 0.492190 0.200000
v 6.871213 0.490214 0.200000
v 6.874518 0.488324 0.200000
v 6.877994 0.486522 0.200000
v 6.881639 0.484807 0.200000
v 6.885456 0.483179 0.200000
v 6.889443 0.481637 0.200000
v 6.893601 0.480183 0.200000
v 6.897929 0.478816 0.200000
v 6.902366 0.477548 0.200000
v 6.906850 0.476395 0.200000
v 6.911380 0.475355 0.200000
v 6.915957 0.474429 0.200000
v 6.920581 0.473616 0.200000
v 6.925252 0.472918 0.200000
v 6.929970 0.472333 0.200000
v 6.934735 0.471861 0.200000
v 6.939546 0.471503 0.200000
v 6.944404 0.471259 0.200000
v 6.949309 0.471129 0.200000
v 6.954261 0.471112 0.200000
v 6.959410 0.471151 0.200000
v 6.964906 0.471186 0.200000
v 6.970751 0.471218 0.200000
v 6.976943 0.471246 0.200000
v 6.983483 0.471271 0.200000
v 6.990370 0.471293 0.200000
v 6.997606 0.471311 0.200000
v 7.005189 0.471326 0.200000
v 7.013120 0.471338 0.200000
v 7.021398 0.471346 0.200000
v 7.030024 0.471351 0.200000
v 7.038998 0.471353 0.200000
v 7.057207 0.470786 0.200000
v 7.074600 0.470209 0.200000
v 7.091177 0.469623 0.200000
v 7.106938 0.469026 0.200000
v 7.121884 0.468419 0.200000
v 7.136014 0.467802 0.200000
v 7.149327 0.467175 0.200000
v 7.161825 0.466538 0.200000
v 7.173507 0.465891 0.200000
v 7.184373 0.465234 0.200000
v 7.194424 0.464567 0.200000
v 7.203659 0.463890 0.200000
v 7.212318 0.463208 0.200000
v 7.220644 0.462526 0.200000
v 7.228634 0.461844 0.200000
v 7.236291 0.461162 0.200000
v 7.243613 0.460480 0.200000
v 7.250601 0.459798 0.200000
v 7.257255 0.459116 0.200000
v 7.263574 0.458434 0.200000
v 7.269559 0.457752 0.200000
v 7.275209 0.457070 0.200000
v 7.280526 0.456387 0.200000
v 7.285508 0.455705 0.200000
v 7.290446 0.454916 0.200000
v 7.295632 0.453913 0.200000
v 7.301065 0.452696 0.200000
v 7.306746 0.451265 0.200000
v 7.312674 0.449620 0.200000
v 7.318849 0.447761 0.200000
v 7.325272 0.445688 0.200000
v 7.331943 0.443401 0.200000
v 7.338860 0.440900 0.200000
v 7.346025 0.438185 0.200000
v 7.353437 0.435257 0.200000
v 7.361097 0.432114 0.200000
v 7.368733 0.428844 0.200000
v 7.376075 0.425534 0.200000
v 7.383123 0.422183 0.200000
v 7.389877 0.418793 0.200000
v 7.396337 0.415363 0.200000
v 7.402503 0.411892 0.200000
v 7.408374 0.408381 0.200000
v 7.413951 0.404831 0.200000
v 7.419234 0.401240 0.200000
v 7.424222 0.397609 0.200000
v 7.428917 0.393938 0.200000
v 7.433317 0.390226 0.200000
v 7.437498 0.386408 0.200000
v 7.441535 0.382416 0.200000
v 7.445429 0.378250 0.200000
v 7.449179 0.373910 0.200000
v 7.452785 0.369396 0.200000
v 7.456247 0.364709 0.200000
v 7.459565 0.359847 0.200000
v 7.462740 0.354812 0.200000
v 7.465771 0.349603 0.200000
v 7.468658 0.344220 0.200000
v 7.471401 0.338663 0.200000
v 7.474001 0.332932 0.200000
v 7.476371 0.327111 0.200000
v 7.478427 0.321283 0.200000
v 7.480169 0.315449 0.200000
v 7.481597 0.309608 0.200000
v 7.482710 0.303760 0.200000
v 7.483510 0.297906 0.200000
v 7.483994 0.292044 0.200000
v 7.484165 0.286177 0.200000
v 7.484022 0.280302 0.200000
v 7.483563 0.274421 0.200000
v 7.482791 0.268533 0.200000
v 7.481704 0.262638 0.200000
v 7.480320 0.256742 0.200000
v 7.478660 0.250849 0.200000
v 7.476723 0.244960 0.200000
v 7.474508 0.239073 0.200000
v 7.472015 0.233191 0.200000
v 7.469245 0.227311 0.200000
v 7.466198 0.221435 0.200000
v 7.462873 0.215562 0.200000
v 7.459270 0.209692 0.200000
v 7.455390 0.203826 0.200000
v 7.451233 0.197963 0.200000
v 7.446798 0.192104 0.200000
v 7.441943 0.186245 0.200000
v 7.436522 0.180382 0.200000
v 7.430535 0.174516 0.200000
v 7.423983 0.168646 0.200000
v 7.416866 0.162773 0.200000
v 7.409184 0.156897 0.200000
v 7.400938 0.151017 0.200000
v 7.392126 0.145135 0.200000
v 7.382749 0.139248 0.200000
v 7.372807 0.133359 0.200000
v 7.362299 0.127466 0.200000
v 7.351227 0.121570 0.200000
v 7.339982 0.115835 0.200000
v 7.328953 0.110429 0.200000
v 7.318142 0.105350 0.200000
v 7.307548 0.100599 0.200000
v 7.297172 0.096176 0.200000
v 7.287013 0.092080 0.200000
v 7.277071 0.088312 0.200000
v 7.267346 0.084871 0.200000
v 7.257839 0.081759 0.200000
v 7.248549 0.078973 0.200000
v 7.239476 0.076516 0.200000
v 7.230621 0.074386 0.200000
v 7.221874 0.072475 0.200000
v 7.213133 0.070675 0.200000
v 7.204395 0.068985 0.200000
v 7.195660 0.067405 0.200000
v 7.186929 0.065935 0.200000
v 7.178201 0.064576 0.200000
v 7.169476 0.063328 0.200000
v 7.160755 0.062189 0.200000
v 7.152037 0.061161 0.200000
v 7.143322 0.060243 0.200000
v 7.134611 0.059436 0.200000
v 7.125903 0.058739 0.200000
v 7.116803 0.058123 0.200000
v 7.106918 0.057562 0.200000
v 7.096248 0.057053 0.200000
v 7.084791 0.056599 0.200000
v 7.072549 0.056198 0.200000
v 7.059521 0.055850 0.200000
v 7.045707 0.055556 0.200000
v 7.031108 0.055315 0.200000
v 7.015723 0.055128 0.200000
v 6.999552 0.054994 0.200000
v 6.982595 0.054914 0.200000
v 6.964853 0.054887 0.200000
v 6.945119 0.056184 0.200000
v 6.926202 0.057508 0.200000
v 6.908100 0.058859 0.200000
v 6.890814 0.060236 0.200000
v 6.874344 0.061641 0.200000
v 6.858690 0.063072 0.200000
v 6.843852 0.064530 0.200000
v 6.829829 0.066014 0.200000
v 6.816622 0.067525 0.200000
v 6.804231 0.069063 0.200000
v 6.792656 0.070628 0.200000
v 6.781897 0.072220 0.200000
v 6.771666 0.073866 0.200000
v 6.761675 0.075596 0.200000
v 6.751926 0.077410 0.200000
v 6.742417 0.079308 0.200000
v 6.733149 0.081289 0.200000
v 6.724121 0.083353 0.200000
v 6.715334 0.085502 0.200000
v 6.706789 0.087733 0.200000
v 6.698483 0.090049 0.200000
v 6.690419 0.092448 0.200000
v 6.682595 0.094930 0.200000
v 6.675012 0.097496 0.200000
v 6.667577 0.100201 0.200000
v 6.660200 0.103100 0.200000
v 6.652880 0.106193 0.200000
v 6.645616 0.109479 0.200000
v 6.638409 0.112960 0.200000
v 6.631259 0.116635 0.200000
v 6.624166 0.120503 0.200000
v 6.617129 0.124565 0.200000
v 6.610150 0.128822 0.200000
v 6.603227 0.133272 0.200000
v 6.596361 0.137916 0.200000
v 6.589552 0.142754 0.200000
v 6.582906 0.147662 0.200000
v 6.576526 0.152517 0.200000
v 6.570414 0.157318 0.200000
v 6.564569 0.162066 0.200000
v 6.558992 0.166760 0.200000
v 6.553683 0.171401 0.200000
v 6.548641 0.175988 0.200000
v 6.543866 0.180522 0.200000
v 6.539359 0.185002 0.200000
v 6.535120 0.189429 0.200000
v 6.531147 0.193802 0.200000
v 6.527443 0.198122 0.200000
v 6.524020 0.202470 0.200000
v 6.520895 0.206929 0.200000
v 6.518069 0.211498 0.200000
v 6.515540 0.216177 0.200000
v 6.513308 0.220967 0.200000
v 6.511374 0.225867 0.200000
v 6.509737 0.230877 0.200000
v 6.508399 0.235997 0.200000
v 6.507357 0.241228 0.200000
v 6.506613 0.246570 0.200000
v 6.506167 0.252021 0.200000
v 6.506018 0.257583 0.200000
v 6.820414 0.257583 0.200000
v 6.821153 0.254525 0.200000
v 6.822086 0.251451 0.200000
v 6.823213 0.248360 0.200000
v 6.824533 0.245252 0.200000
v 6.826048 0.242128 0.200000
v 6.827756 0.238986 0.200000
v 6.829659 0.235829 0.200000
v 6.831755 0.232654 0.200000
v 6.834045 0.229463 0.200000
v 6.836530 0.226254 0.200000
v 6.839208 0.223030 0.200000
v 6.842080 0.219788 0.200000
v 6.845072 0.216603 0.200000
v 6.848112 0.213549 0.200000
v 6.851198 0.210625 0.200000
v 6.854331 0.207832 0.200000
v 6.857510 0.205169 0.200000
v 6.860736 0.202636 0.200000
v 6.864010 0.200234 0.200000
v 6.867330 0.197962 0.200000
v 6.870697 0.195820 0.200000
v 6.874111 0.193809 0.200000
v 6.877571 0.191928 0.200000
v 6.881078 0.190178 0.200000
v 6.884659 0.188543 0.200000
v 6.888340 0.187009 0.200000
v 6.892122 0.185574 0.200000
v 6.896004 0.184240 0.200000
v 6.899986 0.183006 0.200000
v 6.904068 0.181873 0.200000
v 6.908251 0.180840 0.200000
v 6.912534 0.179907 0.200000
v 6.916917 0.179074 0.200000
v 6.921401 0.178342 0.200000
v 6.925984 0.177710 0.200000
v 6.930669 0.177179 0.200000
v 6.935493 0.176711 0.200000
v 6.940499 0.176269 0.200000
v 6.945684 0.175855 0.200000
v 6.951051 0.175467 0.200000
v 6.956598 0.175106 0.200000
v 6.962325 0.174771 0.200000
v 6.968233 0.174464 0.200000
v 6.974322 0.174183 0.200000
v 6.980591 0.173929 0.200000
v 6.987041 0.173701 0.200000
v 6.993670 0.173501 0.200000
v 7.000481 0.173327 0.200000
v 7.009432 0.174686 0.200000
v 7.017988 0.176035 0.200000
v 7.026149 0.177374 0.200000
v 7.033916 0.178703 0.200000
v 7.041288 0.180022 0.200000
v 7.048266 0.181331 0.200000
v 7.054850 0.182630 0.200000
v 7.061038 0.183919 0.200000
v 7.066833 0.185198 0.200000
v 7.072233 0.186467 0.200000
v 7.077238 0.187726 0.200000
v 7.081849 0.188974 0.200000
v 7.086180 0.190268 0.200000
v 7.090348 0.191663 0.200000
v 7.094352 0.193157 0.200000
v 7.098192 0.194752 0.200000
v 7.101868 0.196447 0.200000
v 7.105380 0.198243 0.200000
v 7.108728 0.200138 0.200000
v 7.111913 0.202134 0.200000
v 7.114934 0.204231 0.200000
v 7.117791 0.206428 0.200000
v 7.120484 0.208725 0.200000
v 7.123013 0.211122 0.200000
v 7.125359 0.213571 0.200000
v 7.127501 0.216023 0.200000
v 7.129438 0.218479 0.200000
v 7.131172 0.220938 0.200000
v 7.132701 0.223401 0.200000
v 7.134027 0.225867 0.200000
v 7.135149 0.228336 0.200000
v 7.136066 0.230808 0.200000
v 7.136780 0.233284 0.200000
v 7.137290 0.235763 0.200000
v 7.137596 0.238246 0.200000
v 7.137698 0.240732 0.200000
v 7.137595 0.243295 0.200000
v 7.137284 0.245847 0.200000
v 7.136765 0.248390 0.200000
v 7.136040 0.250923 0.200000
v 7.135107 0.253445 0.200000
v 7.133967 0.255958 0.200000
v 7.132619 0.258461 0.200000
v 7.131065 0.260953 0.200000
v 7.129303 0.263436 0.200000
v 7.127334 0.265908 0.200000
v 7.125157 0.268371 0.200000
v 7.122773 0.270823 0.200000
v 7.120207 0.273224 0.200000
v 7.117484 0.275531 0.200000
v 7.114603 0.277744 0.200000
v 7.111566 0.279864 0.200000
v 7.108371 0.281890 0.200000
v 7.105019 0.283823 0.200000
v 7.101510 0.285662 0.200000
v 7.097844 0.287407 0.200000
v 7.094021 0.289059 0.200000
v 7.090040 0.290617 0.200000
v 7.085903 0.292081 0.200000
v 7.081608 0.293452 0.200000
v 7.077219 0.294714 0.200000
v 7.072801 0.295853 0.200000
v 7.068353 0.296868 0.200000
v 7.063874 0.297759 0.200000
v 7.059366 0.298526 0.200000
v 7.054827 0.299170 0.200000
v 7.050258 0.299689 0.200000
v 7.045659 0.300086 0.200000
v 7.041029 0.300358 0.200000
v 7.036370 0.300507 0.200000
v 7.031681 0.300532 0.200000
v 7.026962 0.300433 0.200000
v 6.988415 0.301553 0.200000
v 6.951894 0.302827 0.200000
v 6.917399 0.304255 0.200000
v 6.884930 0.305836 0.200000
v 6.854487 0.307572 0.200000
v 6.826071 0.309461 0.200000
v 6.799681 0.311504 0.200000
v 6.775317 0.313700 0.200000
v 6.752979 0.316051 0.200000
v 6.732667 0.318555 0.200000
v 6.714382 0.321213 0.200000
v 6.698122 0.324025 0.200000
v 6.683160 0.327081 0.200000
v 6.668772 0.330471 0.200000
v 6.654955 0.334196 0.200000
v 6.641710 0.338255 0.200000
v 6.629036 0.342648 0.200000
v 6.616935 0.347376 0.200000
v 6.605405 0.352438 0.200000
v 6.594447 0.357834 0.200000
v 6.584060 0.363565 0.200000
v 6.574245 0.369630 0.200000
v 6.565002 0.376030 0.200000
v 6.556331 0.382764 0.200000
v 6.548296 0.389705 0.200000
v 6.540958 0.396726 0.200000
v 6.534320 0.403828 0.200000
v 6.528380 0.411009 0.200000
v 6.523139 0.418272 0.200000
v 6.518597 0.425614 0.200000
v 6.514753 0.433036 0.200000
v 6.511609 0.440539 0.200000
v 6.509163 0.448122 0.200000
v 6.507416 0.455786 0.200000
v 6.506368 0.463529 0.200000
v 6.506018 0.471353 0.200000
v 6.506205 0.479165 0.200000
v 6.506767 0.486873 0.200000
v 6.507703 0.494478 0.200000
v 6.509014 0.501979 0.200000
v 6.510699 0.509377 0.200000
v 6.512758 0.516671 0.200000
v 6.515193 0.523861 0.200000
v 6.518001 0.530947 0.200000
v 6.521184 0.537930 0.200000
v 6.524742 0.544810 0.200000
v 6.528674 0.551585 0.200000
v 6.532980 0.558257 0.200000
v 6.537796 0.564845 0.200000
v 6.543258 0.571370 0.200000
v 6.549365 0.577832 0.200000
v 6.556117 0.584229 0.200000
v 6.563515 0.590564 0.200000
v 6.571558 0.596834 0.200000
v 6.580245 0.603042 0.200000
v 6.589579 0.609185 0.200000
v 6.599557 0.615265 0.200000
v 6.610181 0.621282 0.200000
v 6.621450 0.627235 0.200000
v 6.633365 0.633125 0.200000
v 6.645892 0.638849 0.200000
v 6.658997 0.644305 0.200000
v 6.672680 0.649494 0.200000
v 6.686942 0.654416 0.200000
v 6.701782 0.659070 0.200000
v 6.717201 0.663457 0.200000
v 6.733198 0.667576 0.200000
v 6.749773 0.671428 0.200000
v 6.766927 0.675012 0.200000
v 6.784659 0.678329 0.200000
v 6.802969 0.681378 0.200000
v 6.821858 0.684160 0.200000
v 6.840699 0.686671 0.200000
v 6.858864 0.688908 0.200000
v 6.876354 0.690870 0.200000
v 6.893168 0.692559 0.200000
v 6.909307 0.693973 0.200000
v 6.924771 0.695113 0.200000
v 6.939559 0.695979 0.200000
v 6.953672 0.696571 0.200000
v 6.967110 0.696889 0.200000
v 6.979872 0.696932 0.200000
v 6.991959 0.696701 0.200000
v 7.003370 0.696196 0.200000
v 7.012257 0.696100 0.200000
v 7.022067 0.695809 0.200000
v 7.032799 0.695324 0.200000
v 7.044455 0.694645 0.200000
v 7.057033 0.693772 0.200000
v 7.070534 0.692706 0.200000
v 7.084958 0.691445 0.200000
v 7.100305 0.689991 0.200000
v 7.116574 0.688343 0.200000
v 7.133767 0.686500 0.200000
v 7.151882 0.684464 0.200000
v 7.170919 0.682234 0.200000
v 7.189981 0.679842 0.200000
v 7.208166 0.677319 0.200000
v 7.225475 0.674666 0.200000
v 7.241909 0.671883 0.200000
v 7.257466 0.668969 0.200000
v 7.272147 0.665924 0.200000
v 7.285953 0.662750 0.200000
v 7.298882 0.659445 0.200000
v 7.310935 0.656009 0.200000
v 7.322113 0.652443 0.200000
v 7.332414 0.648747 0.200000
v 7.341839 0.644921 0.200000
v 7.350753 0.640943 0.200000
v 7.359520 0.636796 0.200000
v 7.368139 0.632478 0.200000
v 7.376612 0.627989 0.200000
v 7.384937 0.623330 0.200000
v 7.393115 0.618500 0.200000
v 7.401146 0.613500 0.200000
v 7.409030 0.608329 0.200000
v 7.416767 0.602988 0.200000
v 7.424356 0.597476 0.200000
v 7.431799 0.591794 0.200000
v 7.439095 0.585941 0.200000
v 7.446093 0.579923 0.200000
v 7.452642 0.573744 0.200000
v 7.458745 0.567405 0.200000
v 7.464398 0.560905 0.200000
v 7.469604 0.554245 0.200000
v 7.474362 0.547424 0.200000
v 7.478672 0.540443 0.200000
v 7.482533 0.533301 0.200000
v 7.485947 0.525999 0.200000
v 7.488913 0.518536 0.200000
v 7.491430 0.510913 0.200000
v 7.493500 0.503130 0.200000
v 7.197400 0.503130 0.200000
v 7.193021 0.509696 0.200000
v 7.188713 0.515915 0.200000
v 7.184475 0.521786 0.200000
v 7.180307 0.527310 0.200000
v 7.176210 0.532485 0.200000
v 7.172183 0.537313 0.200000
v 7.168226 0.541794 0.200000
v 7.164339 0.545926 0.200000
v 7.160522 0.549711 0.200000
v 7.156776 0.553148 0.200000
v 7.153100 0.556238 0.200000
v 7.149494 0.558979 0.200000
v 5.456428 0.311507 0.200000
v 5.456428 0.678864 0.200000
v 5.721714 0.678864 0.200000
v 5.721714 0.328840 0.200000
v 5.723115 0.311303 0.200000
v 5.727318 0.295284 0.200000
v 5.734323 0.280784 0.200000
v 5.744129 0.267801 0.200000
v 5.756738 0.256336 0.200000
v 5.772148 0.246389 0.200000
v 5.790359 0.237960 0.200000
v 5.811373 0.231049 0.200000
v 5.835189 0.225656 0.200000
v 5.861806 0.221781 0.200000
v 5.891226 0.219424 0.200000
v 5.923447 0.218584 0.200000
v 5.950026 0.218859 0.200000
v 5.974876 0.219521 0.200000
v 5.997998 0.220571 0.200000
v 6.019392 0.222008 0.200000
v 6.039056 0.223834 0.200000
v 6.056993 0.226047 0.200000
v 6.073200 0.228648 0.200000
v 6.087679 0.231637 0.200000
v 6.100430 0.235014 0.200000
v 6.111452 0.238779 0.200000
v 6.120745 0.242932 0.200000
v 6.128310 0.247472 0.200000
v 6.134731 0.252377 0.200000
v 6.140594 0.257623 0.200000
v 6.145898 0.263210 0.200000
v 6.150644 0.269138 0.200000
v 6.154832 0.275407 0.200000
v 6.158461 0.282017 0.200000
v 6.161532 0.288968 0.200000
v 6.164044 0.296261 0.200000
v 6.165998 0.303894 0.200000
v 6.167394 0.311868 0.200000
v 6.168231 0.320183 0.200000
v 6.168512 0.328840 0.200000
v 6.168512 0.678864 0.200000
v 6.433799 0.678864 0.200000
v 6.433799 0.330766 0.200000
v 6.433581 0.319571 0.200000
v 6.432930 0.308618 0.200000
v 6.431843 0.297906 0.200000
v 6.430322 0.287434 0.200000
v 6.428366 0.277203 0.200000
v 6.425975 0.267212 0.200000
v 6.423150 0.257463 0.200000
v 6.419890 0.247954 0.200000
v 6.416195 0.238686 0.200000
v 6.412066 0.229658 0.200000
v 6.407502 0.220871 0.200000
v 6.402503 0.212325 0.200000
v 6.397084 0.204025 0.200000
v 6.391256 0.195976 0.200000
v 6.385020 0.188177 0.200000
v 6.378377 0.180629 0.200000
v 6.371325 0.173332 0.200000
v 6.363866 0.166285 0.200000
v 6.355999 0.159490 0.200000
v 6.347724 0.152945 0.200000
v 6.339041 0.146651 0.200000
v 6.329950 0.140607 0.200000
v 6.320451 0.134815 0.200000
v 6.310544 0.129273 0.200000
v 6.300244 0.123972 0.200000
v 6.289567 0.118901 0.200000
v 6.278512 0.114062 0.200000
v 6.267078 0.109453 0.200000
v 6.255268 0.105074 0.200000
v 6.243079 0.100927 0.200000
v 6.230512 0.097010 0.200000
v 6.217568 0.093324 0.200000
v 6.204246 0.089868 0.200000
v 6.190546 0.086643 0.200000
v 6.176468 0.083649 0.200000
v 6.162013 0.080886 0.200000
v 6.147186 0.078348 0.200000
v 6.131995 0.076031 0.200000
v 6.116439 0.073935 0.200000
v 6.100519 0.072059 0.200000
v 6.084234 0.070404 0.200000
v 6.067585 0.068970 0.200000
v 6.050572 0.067756 0.200000
v 6.033194 0.066763 0.200000
v 6.015452 0.065991 0.200000
v 5.997345 0.065439 0.200000
v 5.978874 0.065108 0.200000
v 5.960038 0.064998 0.200000
v 5.940547 0.065103 0.200000
v 5.921394 0.065419 0.200000
v 5.902579 0.065945 0.200000
v 5.884101 0.066683 0.200000
v 5.865961 0.067631 0.200000
v 5.848158 0.068789 0.200000
v 5.830694 0.070158 0.200000
v 5.813567 0.071738 0.200000
v 5.796777 0.073529 0.200000
v 5.780325 0.075530 0.200000
v 5.764211 0.077741 0.200000
v 5.748435 0.080164 0.200000
v 5.733027 0.082797 0.200000
v 5.718016 0.085640 0.200000
v 5.703403 0.088695 0.200000
v 5.689188 0.091960 0.200000
v 5.675372 0.095435 0.200000
v 5.661952 0.099121 0.200000
v 5.648931 0.103018 0.200000
v 5.636308 0.107126 0.200000
v 5.624082 0.111444 0.200000
v 5.612255 0.115973 0.200000
v 5.600825 0.120712 0.200000
v 5.589793 0.125662 0.200000
v 5.579174 0.130828 0.200000
v 5.568983 0.136214 0.200000
v 5.559220 0.141821 0.200000
v 5.549885 0.147649 0.200000
v 5.540978 0.153697 0.200000
v 5.532499 0.159966 0.200000
v 5.524448 0.166456 0.200000
v 5.516825 0.173166 0.200000
v 5.509630 0.180097 0.200000
v 5.502863 0.187249 0.200000
v 5.496524 0.194622 0.200000
v 5.490612 0.202215 0.200000
v 5.485152 0.210035 0.200000
v 5.480166 0.218090 0.200000
v 5.475656 0.226378 0.200000
v 5.471621 0.234901 0.200000
v 5.468060 0.243657 0.200000
v 5.464973 0.252648 0.200000
v 5.462362 0.261873 0.200000
v 5.460226 0.271332 0.200000
v 5.458564 0.281024 0.200000
v 5.457377 0.290951 0.200000
v 5.456665 0.301112 0.200000
v 4.931632 0.678864 0.200000
v 4.931632 0.244102 0.200000
v 5.384208 0.244102 0.200000
v 5.384208 0.065961 0.200000
v 4.630717 0.065961 0.200000
v 4.630717 0.678864 0.200000
v 4.081665 0.686223 0.200000
v 4.152531 0.680856 0.200000
v 4.217893 0.671913 0.200000
v 4.277751 0.659391 0.200000
v 4.332107 0.643292 0.200000
v 4.380959 0.623616 0.200000
v 4.424307 0.600362 0.200000
v 4.462152 0.573530 0.200000
v 4.494493 0.543121 0.200000
v 4.521332 0.509134 0.200000
v 4.542666 0.471570 0.200000
v 4.558498 0.430429 0.200000
v 4.269619 0.430429 0.200000
v 4.266900 0.439742 0.200000
v 4.263234 0.448584 0.200000
v 4.258622 0.456954 0.200000
v 4.253063 0.464853 0.200000
v 4.246558 0.472281 0.200000
v 4.239107 0.479237 0.200000
v 4.230710 0.485722 0.200000
v 4.221366 0.491735 0.200000
v 4.211077 0.497277 0.200000
v 4.199841 0.502347 0.200000
v 4.187659 0.506946 0.200000
v 4.174531 0.511074 0.200000
v 4.160888 0.514803 0.200000
v 4.147161 0.518209 0.200000
v 4.133351 0.521290 0.200000
v 4.119457 0.524046 0.200000
v 4.105479 0.526479 0.200000
v 4.091418 0.528587 0.200000
v 4.077273 0.530371 0.200000
v 4.063045 0.531830 0.200000
v 4.048733 0.532965 0.200000
v 4.034338 0.533776 0.200000
v 4.019859 0.534262 0.200000
v 4.005296 0.534425 0.200000
v 3.991380 0.534177 0.200000
v 3.977558 0.533435 0.200000
v 3.963830 0.532198 0.200000
v 3.950195 0.530466 0.200000
v 3.936654 0.528239 0.200000
v 3.923206 0.525518 0.200000
v 3.909853 0.522301 0.200000
v 3.896592 0.518590 0.200000
v 3.883425 0.514384 0.200000
v 3.870353 0.509683 0.200000
v 3.857373 0.504487 0.200000
v 3.844487 0.498796 0.200000
v 3.832130 0.492417 0.200000
v 3.820735 0.485155 0.200000
v 3.810303 0.477010 0.200000
v 3.800834 0.467983 0.200000
v 3.792329 0.458073 0.200000
v 3.784786 0.447280 0.200000
v 3.778206 0.435604 0.200000
v 3.772588 0.423046 0.200000
v 3.767934 0.409605 0.200000
v 3.764243 0.395282 0.200000
v 3.761515 0.380075 0.200000
v 3.759750 0.363987 0.200000
v 3.760387 0.349496 0.200000
v 3.762137 0.335714 0.200000
v 3.765001 0.322641 0.200000
v 3.768978 0.310277 0.200000
v 3.774068 0.298621 0.200000
v 3.780272 0.287675 0.200000
v 3.787589 0.277437 0.200000
v 3.796020 0.267908 0.200000
v 3.805564 0.259088 0.200000
v 3.816221 0.250976 0.200000
v 3.827992 0.243574 0.200000
v 3.840876 0.236880 0.200000
v 3.854338 0.230805 0.200000
v 3.867844 0.225258 0.200000
v 3.881394 0.220240 0.200000
v 3.894987 0.215749 0.200000
v 3.908623 0.211787 0.200000
v 3.922303 0.208353 0.200000
v 3.936027 0.205448 0.200000
v 3.949794 0.203071 0.200000
v 3.963604 0.201222 0.200000
v 3.977458 0.199901 0.200000
v 3.991355 0.199109 0.200000
v 4.005296 0.198844 0.200000
v 4.019810 0.199053 0.200000
v 4.034144 0.199680 0.200000
v 4.048297 0.200725 0.200000
v 4.062269 0.202188 0.200000
v 4.076061 0.204069 0.200000
v 4.089673 0.206367 0.200000
v 4.103103 0.209084 0.200000
v 4.116354 0.212218 0.200000
v 4.129423 0.215771 0.200000
v 4.142313 0.219741 0.200000
v 4.155021 0.224130 0.200000
v 4.167549 0.228936 0.200000
v 4.179729 0.234207 0.200000
v 4.191395 0.239990 0.200000
v 4.202545 0.246284 0.200000
v 4.213181 0.253089 0.200000
v 4.223302 0.260407 0.200000
v 4.232908 0.268235 0.200000
v 4.241999 0.276576 0.200000
v 4.250575 0.285428 0.200000
v 4.258636 0.294791 0.200000
v 4.266182 0.304666 0.200000
v 4.273214 0.315053 0.200000
v 4.279730 0.325951 0.200000
v 4.557054 0.325951 0.200000
v 4.542336 0.283271 0.200000
v 4.521934 0.244303 0.200000
v 4.495848 0.209045 0.200000
v 4.464078 0.177500 0.200000
v 4.426624 0.149665 0.200000
v 4.383486 0.125542 0.200000
v 4.334664 0.105130 0.200000
v 4.280159 0.088429 0.200000
v 4.219969 0.075439 0.200000
v 4.154095 0.066161 0.200000
v 4.082538 0.060594 0.200000
v 4.005296 0.058739 0.200000
v 3.921625 0.060845 0.200000
v 3.844902 0.067164 0.200000
v 3.775126 0.077696 0.200000
v 3.712299 0.092441 0.200000
v 3.656419 0.111399 0.200000
v 3.607487 0.134569 0.200000
v 3.565502 0.161952 0.200000
v 3.530466 0.193548 0.200000
v 3.502377 0.229357 0.200000
v 3.481236 0.269379 0.200000
v 3.467043 0.313613 0.200000
v 3.459798 0.362061 0.200000
v 3.467043 0.414122 0.200000
v 3.481236 0.461657 0.200000
v 3.502377 0.504664 0.200000
v 3.530466 0.543145 0.200000
v 3.565502 0.577098 0.200000
v 3.607487 0.606524 0.200000
v 3.656419 0.631423 0.200000
v 3.712299 0.651795 0.200000
v 3.775126 0.667640 0.200000
v 3.844902 0.678957 0.200000
v 3.921625 0.685748 0.200000
v 4.005296 0.688012 0.200000
v 3.155994 0.308618 0.200000
v 3.155994 0.678864 0.200000
v 3.387578 0.678864 0.200000
v 3.387578 0.065961 0.200000
v 3.042850 0.065961 0.200000
v 2.629273 0.448243 0.200000
v 2.629273 0.065961 0.200000
v 2.394319 0.065961 0.200000
v 2.394319 0.678864 0.200000
v 2.727492 0.678864 0.200000
v 1.490130 0.649976 0.200000
v 1.512408 0.656589 0.200000
v 1.534786 0.662628 0.200000
v 1.557264 0.668091 0.200000
v 1.579843 0.672979 0.200000
v 1.602522 0.677292 0.200000
v 1.625301 0.681030 0.200000
v 1.648180 0.684193 0.200000
v 1.671160 0.686781 0.200000
v 1.694240 0.688794 0.200000
v 1.717421 0.690232 0.200000
v 1.740702 0.691094 0.200000
v 1.764083 0.691382 0.200000
v 1.787537 0.691094 0.200000
v 1.810878 0.690232 0.200000
v 1.834106 0.688794 0.200000
v 1.857219 0.686781 0.200000
v 1.880219 0.684193 0.200000
v 1.903105 0.681030 0.200000
v 1.925878 0.677292 0.200000
v 1.948537 0.672979 0.200000
v 1.971082 0.668091 0.200000
v 1.993514 0.662628 0.200000
v 2.015831 0.656589 0.200000
v 2.038036 0.649976 0.200000
v 2.059785 0.642831 0.200000
v 2.080739 0.635198 0.200000
v 2.100897 0.627076 0.200000
v 2.120259 0.618467 0.200000
v 2.138825 0.609369 0.200000
v 2.156596 0.599783 0.200000
v 2.173571 0.589709 0.200000
v 2.189750 0.579147 0.200000
v 2.205133 0.568097 0.200000
v 2.219721 0.556559 0.200000
v 2.233513 0.544532 0.200000
v 2.246509 0.532017 0.200000
v 2.258583 0.519208 0.200000
v 2.269606 0.506299 0.200000
v 2.279580 0.493290 0.200000
v 2.288504 0.480180 0.200000
v 2.296378 0.466970 0.200000
v 2.303202 0.453659 0.200000
v 2.308976 0.440248 0.200000
v 2.313700 0.426737 0.200000
v 2.317375 0.413126 0.200000
v 2.319999 0.399414 0.200000
v 2.321574 0.385602 0.200000
v 2.322099 0.371690 0.200000
v 2.321589 0.357860 0.200000
v 2.320060 0.344133 0.200000
v 2.317510 0.330510 0.200000
v 2.313941 0.316990 0.200000
v 2.309352 0.303575 0.200000
v 2.303743 0.290262 0.200000
v 2.297115 0.277054 0.200000
v 2.289466 0.263949 0.200000
v 2.280798 0.250948 0.200000
v 2.271111 0.238050 0.200000
v 2.260403 0.225256 0.200000
v 2.248676 0.212566 0.200000
v 2.236024 0.200160 0.200000
v 2.222543 0.188219 0.200000
v 2.208233 0.176742 0.200000
v 2.193094 0.165730 0.200000
v 2.177125 0.155183 0.200000
v 2.160327 0.145101 0.200000
v 2.142700 0.135484 0.200000
v 2.124244 0.126331 0.200000
v 2.104959 0.117643 0.200000
v 2.084845 0.109419 0.200000
v 2.063901 0.101661 0.200000
v 2.042128 0.094367 0.200000
v 2.019859 0.087600 0.200000
v 1.997425 0.081421 0.200000
v 1.974828 0.075831 0.200000
v 1.952067 0.070829 0.200000
v 1.929143 0.066415 0.200000
v 1.906054 0.062590 0.200000
v 1.882802 0.059354 0.200000
v 1.859386 0.056706 0.200000
v 1.835806 0.054646 0.200000
v 1.812062 0.053175 0.200000
v 1.788154 0.052292 0.200000
v 1.764083 0.051998 0.200000
v 1.740167 0.052292 0.200000
v 1.716404 0.053175 0.200000
v 1.692796 0.054646 0.200000
v 1.669341 0.056706 0.200000
v 1.646041 0.059354 0.200000
v 1.622894 0.062590 0.200000
v 1.599900 0.066415 0.200000
v 1.577061 0.070829 0.200000
v 1.554375 0.075831 0.200000
v 1.531843 0.081421 0.200000
v 1.509465 0.087600 0.200000
v 1.487241 0.094367 0.200000
v 1.465505 0.101661 0.200000
v 1.444592 0.109419 0.200000
v 1.424500 0.117643 0.200000
v 1.405232 0.126331 0.200000
v 1.386786 0.135484 0.200000
v 1.369162 0.145101 0.200000
v 1.352361 0.155183 0.200000
v 1.336383 0.165730 0.200000
v 1.321226 0.176742 0.200000
v 1.306893 0.188219 0.200000
v 1.293382 0.200160 0.200000
v 1.280693 0.212566 0.200000
v 1.268928 0.225256 0.200000
v 1.258185 0.238050 0.200000
v 1.248465 0.250948 0.200000
v 1.239769 0.263949 0.200000
v 1.232095 0.277054 0.200000
v 1.225445 0.290262 0.200000
v 1.219818 0.303575 0.200000
v 1.215214 0.316990 0.200000
v 1.211633 0.330510 0.200000
v 1.209075 0.344133 0.200000
v 1.207541 0.357860 0.200000
v 1.207029 0.371690 0.200000
v 1.207549 0.385602 0.200000
v 1.209109 0.399414 0.200000
v 1.211709 0.413126 0.200000
v 1.215348 0.426737 0.200000
v 1.220027 0.440248 0.200000
v 1.225746 0.453659 0.200000
v 1.232505 0.466970 0.200000
v 1.240304 0.480180 0.200000
v 1.249142 0.493290 0.200000
v 1.259021 0.506299 0.200000
v 1.269939 0.519208 0.200000
v 1.281897 0.532017 0.200000
v 1.294781 0.544532 0.200000
v 1.308478 0.556559 0.200000
v 1.322987 0.568097 0.200000
v 1.338308 0.579147 0.200000
v 1.354442 0.589709 0.200000
v 1.371389 0.599783 0.200000
v 1.389148 0.609369 0.200000
v 1.407719 0.618467 0.200000
v 1.427103 0.627076 0.200000
v 1.447300 0.635198 0.200000
v 1.468309 0.642831 0.200000
v 1.771305 0.534425 0.200000
v 1.760261 0.534273 0.200000
v 1.749278 0.533816 0.200000
v 1.738355 0.533055 0.200000
v 1.727491 0.531991 0.200000
v 1.716689 0.530621 0.200000
v 1.705946 0.528948 0.200000
v 1.695264 0.526970 0.200000
v 1.684641 0.524688 0.200000
v 1.674079 0.522102 0.200000
v 1.663577 0.519212 0.200000
v 1.653135 0.516017 0.200000
v 1.642754 0.512518 0.200000
v 1.632590 0.508745 0.200000
v 1.622800 0.504728 0.200000
v 1.613385 0.500466 0.200000
v 1.604344 0.495961 0.200000
v 1.595677 0.491212 0.200000
v 1.587386 0.486218 0.200000
v 1.579468 0.480980 0.200000
v 1.571925 0.475499 0.200000
v 1.564757 0.469773 0.200000
v 1.557963 0.463803 0.200000
v 1.551543 0.457589 0.200000
v 1.545498 0.451131 0.200000
v 1.539885 0.444521 0.200000
v 1.534759 0.437851 0.200000
v 1.530122 0.431121 0.200000
v 1.525972 0.424330 0.200000
v 1.522311 0.417479 0.200000
v 1.519138 0.410568 0.200000
v 1.516453 0.403597 0.200000
v 1.514257 0.396566 0.200000
v 1.512548 0.389474 0.200000
v 1.511328 0.382322 0.200000
v 1.510596 0.375110 0.200000
v 1.510351 0.367838 0.200000
v 1.510590 0.360645 0.200000
v 1.511308 0.353508 0.200000
v 1.512503 0.346428 0.200000
v 1.514176 0.339405 0.200000
v 1.516328 0.332439 0.200000
v 1.518957 0.325530 0.200000
v 1.522065 0.318677 0.200000
v 1.525651 0.311881 0.200000
v 1.529715 0.305143 0.200000
v 1.534257 0.298461 0.200000
v 1.539278 0.291836 0.200000
v 1.544776 0.285267 0.200000
v 1.550709 0.278846 0.200000
v 1.557033 0.272662 0.200000
v 1.563749 0.266716 0.200000
v 1.570855 0.261007 0.200000
v 1.578353 0.255535 0.200000
v 1.586242 0.250301 0.200000
v 1.594522 0.245304 0.200000
v 1.603194 0.240545 0.200000
v 1.612256 0.236023 0.200000
v 1.621710 0.231738 0.200000
v 1.631555 0.227691 0.200000
v 1.641791 0.223881 0.200000
v 1.652253 0.220343 0.200000
v 1.662775 0.217113 0.200000
v 1.673357 0.214191 0.200000
v 1.683999 0.211576 0.200000
v 1.694702 0.209269 0.200000
v 1.705465 0.207270 0.200000
v 1.716287 0.205578 0.200000
v 1.727171 0.204194 0.200000
v 1.738114 0.203117 0.200000
v 1.749117 0.202348 0.200000
v 1.760181 0.201887 0.200000
v 1.771305 0.201733 0.200000
v 1.782429 0.201887 0.200000
v 1.793492 0.202348 0.200000
v 1.804496 0.203117 0.200000
v 1.815439 0.204194 0.200000
v 1.826322 0.205578 0.200000
v 1.837145 0.207270 0.200000
v 1.847908 0.209269 0.200000
v 1.858610 0.211577 0.200000
v 1.869252 0.214191 0.200000
v 1.879835 0.217113 0.200000
v 1.890357 0.220343 0.200000
v 1.900818 0.223881 0.200000
v 1.911053 0.227691 0.200000
v 1.920893 0.231738 0.200000
v 1.930338 0.236023 0.200000
v 1.939389 0.240545 0.200000
v 1.948045 0.245304 0.200000
v 1.956307 0.250301 0.200000
v 1.964174 0.255535 0.200000
v 1.971647 0.261007 0.200000
v 1.978725 0.266716 0.200000
v 1.985409 0.272662 0.200000
v 1.991698 0.278846 0.200000
v 1.997593 0.285267 0.200000
v 2.003053 0.291836 0.200000
v 2.008038 0.298461 0.200000
v 2.012548 0.305143 0.200000
v 2.016584 0.311881 0.200000
v 2.020144 0.318677 0.200000
v 2.023231 0.325530 0.200000
v 2.025842 0.332439 0.200000
v 2.027978 0.339405 0.200000
v 2.029640 0.346428 0.200000
v 2.030827 0.353508 0.200000
v 2.031539 0.360645 0.200000
v 2.031776 0.367838 0.200000
v 2.031531 0.375110 0.200000
v 2.030793 0.382322 0.200000
v 2.029565 0.389474 0.200000
v 2.027844 0.396566 0.200000
v 2.025633 0.403597 0.200000
v 2.022929 0.410568 0.200000
v 2.019735 0.417479 0.200000
v 2.016048 0.424330 0.200000
v 2.011871 0.431121 0.200000
v 2.007201 0.437851 0.200000
v 2.002041 0.444521 0.200000
v 1.996389 0.451131 0.200000
v 1.990305 0.457589 0.200000
v 1.983851 0.463803 0.200000
v 1.977025 0.469773 0.200000
v 1.969828 0.475499 0.200000
v 1.962260 0.480981 0.200000
v 1.954321 0.486218 0.200000
v 1.946011 0.491212 0.200000
v 1.937329 0.495961 0.200000
v 1.928277 0.500466 0.200000
v 1.918853 0.504728 0.200000
v 1.909059 0.508745 0.200000
v 1.898893 0.512518 0.200000
v 1.888518 0.516017 0.200000
v 1.878096 0.519212 0.200000
v 1.867628 0.522102 0.200000
v 1.857112 0.524688 0.200000
v 1.846550 0.526970 0.200000
v 1.835941 0.528948 0.200000
v 1.825286 0.530621 0.200000
v 1.814583 0.531991 0.200000
v 1.803834 0.533055 0.200000
v 1.793038 0.533816 0.200000
v 1.782195 0.534273 0.200000
v 0.657977 0.686223 0.200000
v 0.728842 0.680856 0.200000
v 0.794204 0.671913 0.200000
v 0.854063 0.659391 0.200000
v 0.908418 0.643292 0.200000
v 0.957270 0.623616 0.200000
v 1.000619 0.600362 0.200000
v 1.038464 0.573530 0.200000
v 1.070805 0.543121 0.200000
v 1.097643 0.509134 0.200000
v 1.118978 0.471570 0.200000
v 1.134810 0.430429 0.200000
v 0.845932 0.430429 0.200000
v 0.843212 0.439742 0.200000
v 0.839546 0.448584 0.200000
v 0.834933 0.456954 0.200000
v 0.829375 0.464853 0.200000
v 0.822870 0.472281 0.200000
v 0.815419 0.479237 0.200000
v 0.807022 0.485722 0.200000
v 0.797678 0.491735 0.200000
v 0.787389 0.497277 0.200000
v 0.776153 0.502347 0.200000
v 0.763971 0.506946 0.200000
v 0.750843 0.511074 0.200000
v 0.737199 0.514803 0.200000
v 0.723473 0.518209 0.200000
v 0.709662 0.521290 0.200000
v 0.695768 0.524046 0.200000
v 0.681791 0.526479 0.200000
v 0.667730 0.528587 0.200000
v 0.653585 0.530371 0.200000
v 0.639357 0.531830 0.200000
v 0.625045 0.532965 0.200000
v 0.610650 0.533776 0.200000
v 0.596171 0.534262 0.200000
v 0.581608 0.534425 0.200000
v 0.567693 0.534177 0.200000
v 0.553871 0.533435 0.200000
v 0.540142 0.532198 0.200000
v 0.526507 0.530466 0.200000
v 0.512966 0.528239 0.200000
v 0.499519 0.525518 0.200000
v 0.486165 0.522301 0.200000
v 0.472904 0.518590 0.200000
v 0.459738 0.514384 0.200000
v 0.446665 0.509683 0.200000
v 0.433685 0.504487 0.200000
v 0.420799 0.498796 0.200000
v 0.408442 0.492417 0.200000
v 0.397047 0.485155 0.200000
v 0.386615 0.477010 0.200000
v 0.377147 0.467983 0.200000
v 0.368641 0.458073 0.200000
v 0.361098 0.447280 0.200000
v 0.354518 0.435604 0.200000
v 0.348901 0.423046 0.200000
v 0.344247 0.409605 0.200000
v 0.340555 0.395282 0.200000
v 0.337827 0.380075 0.200000
v 0.336062 0.363987 0.200000
v 0.336699 0.349496 0.200000
v 0.338449 0.335714 0.200000
v 0.341313 0.322641 0.200000
v 0.345290 0.310277 0.200000
v 0.350380 0.298621 0.200000
v 0.356584 0.287675 0.200000
v 0.363901 0.277437 0.200000
v 0.372332 0.267908 0.200000
v 0.381876 0.259088 0.200000
v 0.392533 0.250976 0.200000
v 0.404304 0.243574 0.200000
v 0.417188 0.236880 0.200000
v 0.430651 0.230805 0.200000
v 0.444157 0.225258 0.200000
v 0.457706 0.220240 0.200000
v 0.471299 0.215749 0.200000
v 0.484936 0.211787 0.200000
v 0.498616 0.208353 0.200000
v 0.512339 0.205448 0.200000
v 0.526106 0.203071 0.200000
v 0.539916 0.201222 0.200000
v 0.553770 0.199901 0.200000
v 0.567667 0.199109 0.200000
v 0.581608 0.198844 0.200000
v 0.596171 0.199053 0.200000
v 0.610650 0.199680 0.200000
v 0.625045 0.200725 0.200000
v 0.639357 0.202188 0.200000
v 0.653585 0.204069 0.200000
v 0.667730 0.206367 0.200000
v 0.681791 0.209084 0.200000
v 0.695768 0.212218 0.200000
v 0.709662 0.215771 0.200000
v 0.723473 0.219741 0.200000
v 0.737199 0.224130 0.200000
v 0.750843 0.228936 0.200000
v 0.764041 0.234207 0.200000
v 0.776434 0.239990 0.200000
v 0.788021 0.246284 0.200000
v 0.798802 0.253089 0.200000
v 0.808777 0.260407 0.200000
v 0.817947 0.268235 0.200000
v 0.826310 0.276576 0.200000
v 0.833868 0.285428 0.200000
v 0.840621 0.294791 0.200000
v 0.846567 0.304666 0.200000
v 0.851708 0.315053 0.200000
v 0.856042 0.325951 0.200000
v 1.133365 0.325951 0.200000
v 1.118647 0.283271 0.200000
v 1.098245 0.244303 0.200000
v 1.072159 0.209045 0.200000
v 1.040390 0.177500 0.200000
v 1.002936 0.149665 0.200000
v 0.959798 0.125542 0.200000
v 0.910976 0.105130 0.200000
v 0.856470 0.088429 0.200000
v 0.796281 0.075439 0.200000
v 0.730407 0.066161 0.200000
v 0.658850 0.060594 0.200000
v 0.581608 0.058739 0.200000
v 0.497937 0.060845 0.200000
v 0.421214 0.067164 0.200000
v 0.351438 0.077696 0.200000
v 0.288611 0.092441 0.200000
v 0.232731 0.111399 0.200000
v 0.183799 0.134569 0.200000
v 0.141814 0.161952 0.200000
v 0.106778 0.193548 0.200000
v 0.078689 0.229357 0.200000
v 0.057548 0.269379 0.200000
v 0.043355 0.313613 0.200000
v 0.036110 0.362061 0.200000
v 0.043355 0.414122 0.200000
v 0.057548 0.461657 0.200000
v 0.078689 0.504664 0.200000
v 0.106778 0.543145 0.200000
v 0.141814 0.577098 0.200000
v 0.183799 0.606524 0.200000
v 0.232731 0.631423 0.200000
v 0.288611 0.651795 0.200000
v 0.351438 0.667640 0.200000
v 0.421214 0.678957 0.200000
v 0.497937 0.685748 0.200000
v 0.581608 0.688012 0.200000
v 9.872894 0.308618 -0.200000
v 9.872894 0.678864 -0.200000
v 10.104478 0.678864 -0.200000
v 10.104478 0.065961 -0.200000
v 9.759749 0.065961 -0.200000
v 9.346172 0.448243 -0.200000
v 9.346172 0.065961 -0.200000
v 9.111218 0.065961 -0.200000
v 9.111218 0.678864 -0.200000
v 9.444391 0.678864 -0.200000
v 8.207029 0.649976 -0.200000
v 8.229307 0.656589 -0.200000
v 8.251685 0.662628 -0.200000
v 8.274163 0.668091 -0.200000
v 8.296741 0.672979 -0.200000
v 8.319421 0.677292 -0.200000
v 8.342200 0.681030 -0.200000
v 8.365080 0.684193 -0.200000
v 8.388060 0.686781 -0.200000
v 8.411139 0.688794 -0.200000
v 8.434319 0.690232 -0.200000
v 8.457601 0.691094 -0.200000
v 8.480982 0.691382 -0.200000
v 8.504436 0.691094 -0.200000
v 8.527778 0.690232 -0.200000
v 8.551005 0.688794 -0.200000
v 8.574119 0.686781 -0.200000
v 8.597118 0.684193 -0.200000
v 8.620005 0.681030 -0.200000
v 8.642777 0.677292 -0.200000
v 8.665437 0.672979 -0.200000
v 8.687982 0.668091 -0.200000
v 8.710413 0.662628 -0.200000
v 8.732731 0.656589 -0.200000
v 8.754935 0.649976 -0.200000
v 8.776685 0.642831 -0.200000
v 8.797638 0.635198 -0.200000
v 8.817796 0.627076 -0.200000
v 8.837158 0.618467 -0.200000
v 8.855724 0.609369 -0.200000
v 8.873495 0.599783 -0.200000
v 8.890470 0.589709 -0.200000
v 8.906649 0.579147 -0.200000
v 8.922032 0.568097 -0.200000
v 8.936620 0.556559 -0.200000
v 8.950412 0.544532 -0.200000
v 8.963408 0.532017 -0.200000
v 8.975482 0.519208 -0.200000
v 8.986506 0.506299 -0.200000
v 8.996479 0.493290 -0.200000
v 9.005403 0.480180 -0.200000
v 9.013276 0.466970 -0.200000
v 9.020101 0.453659 -0.200000
v 9.025875 0.440248 -0.200000
v 9.030600 0.426737 -0.200000
v 9.034274 0.413126 -0.200000
v 9.036899 0.399414 -0.200000
v 9.038473 0.385602 -0.200000
v 9.038999 0.371690 -0.200000
v 9.038488 0.357860 -0.200000
v 9.036959 0.344133 -0.200000
v 9.034410 0.330510 -0.200000
v 9.030840 0.316990 -0.200000
v 9.026251 0.303575 -0.200000
v 9.020642 0.290262 -0.200000
v 9.014014 0.277054 -0.200000
v 9.006366 0.263949 -0.200000
v 8.997698 0.250948 -0.200000
v 8.988010 0.238050 -0.200000
v 8.977303 0.225256 -0.200000
v 8.965575 0.212566 -0.200000
v 8.952924 0.200160 -0.200000
v 8.939443 0.188219 -0.200000
v 8.925133 0.176742 -0.200000
v 8.909993 0.165730 -0.200000
v 8.894025 0.155183 -0.200000
v 8.877227 0.145101 -0.200000
v 8.859600 0.135484 -0.200000
v 8.841144 0.126331 -0.200000
v 8.821858 0.117643 -0.200000
v 8.801744 0.109419 -0.200000
v 8.780800 0.101661 -0.200000
v 8.759027 0.094367 -0.200000
v 8.736758 0.087600 -0.200000
v 8.714325 0.081421 -0.200000
v 8.691728 0.075831 -0.200000
v 8.668966 0.070829 -0.200000
v 8.646042 0.066415 -0.200000
v 8.622953 0.062590 -0.200000
v 8.599701 0.059354 -0.200000
v 8.576284 0.056706 -0.200000
v 8.552705 0.054646 -0.200000
v 8.528961 0.053175 -0.200000
v 8.505054 0.052292 -0.200000
v 8.480982 0.051998 -0.200000
v 8.457066 0.052292 -0.200000
v 8.433304 0.053175 -0.200000
v 8.409696 0.054646 -0.200000
v 8.386241 0.056706 -0.200000
v 8.362940 0.059354 -0.200000
v 8.339793 0.062590 -0.200000
v 8.316800 0.066415 -0.200000
v 8.293961 0.070829 -0.200000
v 8.271275 0.075831 -0.200000
v 8.248743 0.081421 -0.200000
v 8.226365 0.087600 -0.200000
v 8.204141 0.094367 -0.200000
v 8.182405 0.101661 -0.200000
v 8.161490 0.109419 -0.200000
v 8.141399 0.117643 -0.200000
v 8.122130 0.126331 -0.200000
v 8.103684 0.135484 -0.200000
v 8.086061 0.145101 -0.200000
v 8.069260 0.155183 -0.200000
v 8.053281 0.165731 -0.200000
v 8.038125 0.176742 -0.200000
v 8.023791 0.188219 -0.200000
v 8.010281 0.200160 -0.200000
v 7.997592 0.212566 -0.200000
v 7.985827 0.225256 -0.200000
v 7.975084 0.238050 -0.200000
v 7.965365 0.250948 -0.200000
v 7.956668 0.263949 -0.200000
v 7.948995 0.277054 -0.200000
v 7.942345 0.290262 -0.200000
v 7.936718 0.303575 -0.200000
v 7.932114 0.316990 -0.200000
v 7.928533 0.330510 -0.200000
v 7.925975 0.344133 -0.200000
v 7.924441 0.357860 -0.200000
v 7.923929 0.371690 -0.200000
v 7.924448 0.385602 -0.200000
v 7.926008 0.399414 -0.200000
v 7.928608 0.413126 -0.200000
v 7.932247 0.426737 -0.200000
v 7.936926 0.440248 -0.200000
v 7.942646 0.453659 -0.200000
v 7.949404 0.466970 -0.200000
v 7.957203 0.480180 -0.200000
v 7.966042 0.493290 -0.200000
v 7.975920 0.506299 -0.200000
v 7.986838 0.519208 -0.200000
v 7.998796 0.532017 -0.200000
v 8.011681 0.544532 -0.200000
v 8.025377 0.556559 -0.200000
v 8.039886 0.568097 -0.200000
v 8.055208 0.579147 -0.200000
v 8.071342 0.589709 -0.200000
v 8.088289 0.599783 -0.200000
v 8.106049 0.609369 -0.200000
v 8.124620 0.618467 -0.200000
v 8.144005 0.627076 -0.200000
v 8.164202 0.635198 -0.200000
v 8.185211 0.642831 -0.200000
v 8.488204 0.534425 -0.200000
v 8.477160 0.534273 -0.200000
v 8.466177 0.533816 -0.200000
v 8.455254 0.533055 -0.200000
v 8.444390 0.531991 -0.200000
v 8.433587 0.530621 -0.200000
v 8.422845 0.528948 -0.200000
v 8.412163 0.526970 -0.200000
v 8.401541 0.524688 -0.200000
v 8.390979 0.522102 -0.200000
v 8.380477 0.519212 -0.200000
v 8.370035 0.516017 -0.200000
v 8.359653 0.512518 -0.200000
v 8.349489 0.508745 -0.200000
v 8.339700 0.504728 -0.200000
v 8.330284 0.500466 -0.200000
v 8.321243 0.495961 -0.200000
v 8.312577 0.491212 -0.200000
v 8.304285 0.486218 -0.200000
v 8.296368 0.480980 -0.200000
v 8.288825 0.475499 -0.200000
v 8.281656 0.469773 -0.200000
v 8.274862 0.463803 -0.200000
v 8.268443 0.457589 -0.200000
v 8.262398 0.451131 -0.200000
v 8.256783 0.444521 -0.200000
v 8.251657 0.437851 -0.200000
v 8.247020 0.431121 -0.200000
v 8.242870 0.424330 -0.200000
v 8.239209 0.417479 -0.200000
v 8.236036 0.410568 -0.200000
v 8.233352 0.403597 -0.200000
v 8.231155 0.396566 -0.200000
v 8.229447 0.389474 -0.200000
v 8.228227 0.382322 -0.200000
v 8.227494 0.375110 -0.200000
v 8.227251 0.367838 -0.200000
v 8.227490 0.360645 -0.200000
v 8.228208 0.353508 -0.200000
v 8.229403 0.346428 -0.200000
v 8.231076 0.339405 -0.200000
v 8.233228 0.332439 -0.200000
v 8.235857 0.325530 -0.200000
v 8.238965 0.318677 -0.200000
v 8.242551 0.311881 -0.200000
v 8.246614 0.305143 -0.200000
v 8.251157 0.298461 -0.200000
v 8.256177 0.291836 -0.200000
v 8.261675 0.285267 -0.200000
v 8.267608 0.278846 -0.200000
v 8.273932 0.272662 -0.200000
v 8.280648 0.266716 -0.200000
v 8.287755 0.261007 -0.200000
v 8.295253 0.255535 -0.200000
v 8.303142 0.250301 -0.200000
v 8.311421 0.245304 -0.200000
v 8.320093 0.240545 -0.200000
v 8.329156 0.236023 -0.200000
v 8.338610 0.231738 -0.200000
v 8.348454 0.227691 -0.200000
v 8.358690 0.223881 -0.200000
v 8.369152 0.220343 -0.200000
v 8.379674 0.217113 -0.200000
v 8.390256 0.214191 -0.200000
v 8.400898 0.211577 -0.200000
v 8.411600 0.209270 -0.200000
v 8.422363 0.207270 -0.200000
v 8.433187 0.205578 -0.200000
v 8.444070 0.204194 -0.200000
v 8.455013 0.203117 -0.200000
v 8.466017 0.202348 -0.200000
v 8.477080 0.201887 -0.200000
v 8.488204 0.201733 -0.200000
v 8.499328 0.201887 -0.200000
v 8.510391 0.202348 -0.200000
v 8.521395 0.203117 -0.200000
v 8.532338 0.204194 -0.200000
v 8.543221 0.205578 -0.200000
v 8.554045 0.207270 -0.200000
v 8.564808 0.209270 -0.200000
v 8.575510 0.211577 -0.200000
v 8.586152 0.214191 -0.200000
v 8.596734 0.217113 -0.200000
v 8.607256 0.220343 -0.200000
v 8.617718 0.223881 -0.200000
v 8.627953 0.227691 -0.200000
v 8.637793 0.231738 -0.200000
v 8.647238 0.236023 -0.200000
v 8.656289 0.240545 -0.200000
v 8.664946 0.245304 -0.200000
v 8.673207 0.250301 -0.200000
v 8.681074 0.255535 -0.200000
v 8.688547 0.261007 -0.200000
v 8.695625 0.266716 -0.200000
v 8.702309 0.272662 -0.200000
v 8.708598 0.278846 -0.200000
v 8.714492 0.285267 -0.200000
v 8.719952 0.291836 -0.200000
v 8.724936 0.298461 -0.200000
v 8.729446 0.305143 -0.200000
v 8.733482 0.311881 -0.200000
v 8.737043 0.318677 -0.200000
v 8.740129 0.325530 -0.200000
v 8.742741 0.332439 -0.200000
v 8.744877 0.339405 -0.200000
v 8.746539 0.346428 -0.200000
v 8.747726 0.353508 -0.200000
v 8.748439 0.360645 -0.200000
v 8.748676 0.367838 -0.200000
v 8.748430 0.375110 -0.200000
v 8.747693 0.382322 -0.200000
v 8.746465 0.389474 -0.200000
v 8.744744 0.396566 -0.200000
v 8.742533 0.403597 -0.200000
v 8.739829 0.410568 -0.200000
v 8.736634 0.417479 -0.200000
v 8.732948 0.424330 -0.200000
v 8.728770 0.431121 -0.200000
v 8.724101 0.437851 -0.200000
v 8.718941 0.444521 -0.200000
v 8.713288 0.451131 -0.200000
v 8.707205 0.457589 -0.200000
v 8.700750 0.463803 -0.200000
v 8.693925 0.469773 -0.200000
v 8.686728 0.475499 -0.200000
v 8.679160 0.480981 -0.200000
v 8.671221 0.486218 -0.200000
v 8.662910 0.491212 -0.200000
v 8.654229 0.495961 -0.200000
v 8.645177 0.500466 -0.200000
v 8.635754 0.504728 -0.200000
v 8.625958 0.508745 -0.200000
v 8.615792 0.512518 -0.200000
v 8.605417 0.516017 -0.200000
v 8.594995 0.519212 -0.200000
v 8.584527 0.522102 -0.200000
v 8.574012 0.524688 -0.200000
v 8.563450 0.526970 -0.200000
v 8.552841 0.528948 -0.200000
v 8.542186 0.530621 -0.200000
v 8.531484 0.531991 -0.200000
v 8.520735 0.533055 -0.200000
v 8.509938 0.533816 -0.200000
v 8.499095 0.534273 -0.200000
v 7.851709 0.065961 -0.200000
v 7.565720 0.065961 -0.200000
v 7.565720 0.678864 -0.200000
v 7.851709 0.678864 -0.200000
v 7.145843 0.561494 -0.200000
v 7.142031 0.563901 -0.200000
v 7.138059 0.566201 -0.200000
v 7.133926 0.568395 -0.200000
v 7.129633 0.570481 -0.200000
v 7.125180 0.572460 -0.200000
v 7.120566 0.574333 -0.200000
v 7.115791 0.576098 -0.200000
v 7.110857 0.577756 -0.200000
v 7.105761 0.579308 -0.200000
v 7.100505 0.580752 -0.200000
v 7.095089 0.582090 -0.200000
v 7.089336 0.583350 -0.200000
v 7.083072 0.584564 -0.200000
v 7.076297 0.585731 -0.200000
v 7.069010 0.586851 -0.200000
v 7.061211 0.587924 -0.200000
v 7.052901 0.588950 -0.200000
v 7.044079 0.589930 -0.200000
v 7.034745 0.590863 -0.200000
v 7.024900 0.591749 -0.200000
v 7.014544 0.592588 -0.200000
v 7.003676 0.593381 -0.200000
v 6.992296 0.594126 -0.200000
v 6.981499 0.593459 -0.200000
v 6.971252 0.592742 -0.200000
v 6.961558 0.591975 -0.200000
v 6.952415 0.591157 -0.200000
v 6.943824 0.590290 -0.200000
v 6.935784 0.589372 -0.200000
v 6.928297 0.588404 -0.200000
v 6.921360 0.587386 -0.200000
v 6.914976 0.586317 -0.200000
v 6.909143 0.585199 -0.200000
v 6.903862 0.584031 -0.200000
v 6.899133 0.582812 -0.200000
v 6.894763 0.581518 -0.200000
v 6.890561 0.580124 -0.200000
v 6.886525 0.578629 -0.200000
v 6.882657 0.577034 -0.200000
v 6.878955 0.575339 -0.200000
v 6.875421 0.573544 -0.200000
v 6.872054 0.571648 -0.200000
v 6.868855 0.569652 -0.200000
v 6.865822 0.567555 -0.200000
v 6.862957 0.565359 -0.200000
v 6.860258 0.563062 -0.200000
v 6.857727 0.560664 -0.200000
v 6.855379 0.558212 -0.200000
v 6.853227 0.555749 -0.200000
v 6.851273 0.553277 -0.200000
v 6.849516 0.550794 -0.200000
v 6.847956 0.548302 -0.200000
v 6.846594 0.545799 -0.200000
v 6.845428 0.543287 -0.200000
v 6.844460 0.540764 -0.200000
v 6.843690 0.538231 -0.200000
v 6.843116 0.535688 -0.200000
v 6.842740 0.533136 -0.200000
v 6.842561 0.530573 -0.200000
v 6.842737 0.528014 -0.200000
v 6.843103 0.525471 -0.200000
v 6.843659 0.522945 -0.200000
v 6.844407 0.520436 -0.200000
v 6.845345 0.517943 -0.200000
v 6.846473 0.515467 -0.200000
v 6.847792 0.513008 -0.200000
v 6.849301 0.510565 -0.200000
v 6.851002 0.508140 -0.200000
v 6.852892 0.505731 -0.200000
v 6.854974 0.503338 -0.200000
v 6.857246 0.500963 -0.200000
v 6.859698 0.498639 -0.200000
v 6.862321 0.496402 -0.200000
v 6.865114 0.494253 -0.200000
v 6.868078 0.492190 -0.200000
v 6.871213 0.490214 -0.200000
v 6.874518 0.488324 -0.200000
v 6.877994 0.486522 -0.200000
v 6.881639 0.484807 -0.200000
v 6.885456 0.483179 -0.200000
v 6.889443 0.481637 -0.200000
v 6.893601 0.480183 -0.200000
v 6.897929 0.478816 -0.200000
v 6.902366 0.477548 -0.200000
v 6.906850 0.476395 -0.200000
v 6.911380 0.475355 -0.200000
v 6.915957 0.474429 -0.200000
v 6.920581 0.473616 -0.200000
v 6.925252 0.472918 -0.200000
v 6.929970 0.472333 -0.200000
v 6.934735 0.471861 -0.200000
v 6.939546 0.471503 -0.200000
v 6.944404 0.471259 -0.200000
v 6.949309 0.471129 -0.200000
v 6.954261 0.471112 -0.200000
v 6.959410 0.471151 -0.200000
v 6.964906 0.471186 -0.200000
v 6.970751 0.471218 -0.200000
v 6.976943 0.471246 -0.200000
v 6.983483 0.471271 -0.200000
v 6.990370 0.471293 -0.200000
v 6.997606 0.471311 -0.200000
v 7.005189 0.471326 -0.200000
v 7.013120 0.471338 -0.200000
v 7.021398 0.471346 -0.200000
v 7.030024 0.471351 -0.200000
v 7.038998 0.471353 -0.200000
v 7.057207 0.470786 -0.200000
v 7.074600 0.470209 -0.200000
v 7.091177 0.469623 -0.200000
v 7.106938 0.469026 -0.200000
v 7.121884 0.468419 -0.200000
v 7.136014 0.467802 -0.200000
v 7.149327 0.467175 -0.200000
v 7.161825 0.466538 -0.200000
v 7.173507 0.465891 -0.200000
v 7.184373 0.465234 -0.200000
v 7.194424 0.464567 -0.200000
v 7.203659 0.463890 -0.200000
v 7.212318 0.463208 -0.200000
v 7.220644 0.462526 -0.200000
v 7.228634 0.461844 -0.200000
v 7.236291 0.461162 -0.200000
v 7.243613 0.460480 -0.200000
v 7.250601 0.459798 -0.200000
v 7.257255 0.459116 -0.200000
v 7.263574 0.458434 -0.200000
v 7.269559 0.457752 -0.200000
v 7.275209 0.457070 -0.200000
v 7.280526 0.456387 -0.200000
v 7.285508 0.455705 -0.200000
v 7.290446 0.454916 -0.200000
v 7.295632 0.453913 -0.200000
v 7.301065 0.452696 -0.200000
v 7.306746 0.451265 -0.200000
v 7.312674 0.449620 -0.200000
v 7.318849 0.447761 -0.200000
v 7.325272 0.445688 -0.200000
v 7.331943 0.443401 -0.200000
v 7.338860 0.440900 -0.200000
v 7.346025 0.438185 -0.200000
v 7.353437 0.435257 -0.200000
v 7.361097 0.432114 -0.200000
v 7.368733 0.428844 -0.200000
v 7.376075 0.425534 -0.200000
v 7.383123 0.422183 -0.200000
v 7.389877 0.418793 -0.200000
v 7.396337 0.415363 -0.200000
v 7.402503 0.411892 -0.200000
v 7.408374 0.408381 -0.200000
v 7.413951 0.404831 -0.200000
v 7.419234 0.401240 -0.200000
v 7.424222 0.397609 -0.200000
v 7.428917 0.393938 -0.200000
v 7.433317 0.390226 -0.200000
v 7.437498 0.386408 -0.200000
v 7.441535 0.382416 -0.200000
v 7.445429 0.378250 -0.200000
v 7.449179 0.373910 -0.200000
v 7.452785 0.369396 -0.200000
v 7.456247 0.364709 -0.200000
v 7.459565 0.359847 -0.200000
v 7.462740 0.354812 -0.200000
v 7.465771 0.349603 -0.200000
v 7.468658 0.344220 -0.200000
v 7.471401 0.338663 -0.200000
v 7.474001 0.332932 -0.200000
v 7.476371 0.327111 -0.200000
v 7.478427 0.321283 -0.200000
v 7.480169 0.315449 -0.200000
v 7.481597 0.309608 -0.200000
v 7.482710 0.303760 -0.200000
v 7.483510 0.297906 -0.200000
v 7.483994 0.292044 -0.200000
v 7.484165 0.286177 -0.200000
v 7.484022 0.280302 -0.200000
v 7.483563 0.274421 -0.200000
v 7.482791 0.268533 -0.200000
v 7.481704 0.262638 -0.200000
v 7.480320 0.256742 -0.200000
v 7.478660 0.250849 -0.200000
v 7.476723 0.244960 -0.200000
v 7.474508 0.239073 -0.200000
v 7.472015 0.233191 -0.200000
v 7.469245 0.227311 -0.200000
v 7.466198 0.221435 -0.200000
v 7.462873 0.215562 -0.200000
v 7.459270 0.209692 -0.200000
v 7.455390 0.203826 -0.200000
v 7.451233 0.197963 -0.200000
v 7.446798 0.192104 -0.200000
v 7.441943 0.186245 -0.200000
v 7.436522 0.180382 -0.200000
v 7.430535 0.174516 -0.200000
v 7.423983 0.168646 -0.200000
v 7.416866 0.162773 -0.200000
v 7.409184 0.156897 -0.200000
v 7.400938 0.151017 -0.200000
v 7.392126 0.145135 -0.200000
v 7.382749 0.139248 -0.200000
v 7.372807 0.133359 -0.200000
v 7.362299 0.127466 -0.200000
v 7.351227 0.121570 -0.200000
v 7.339982 0.115835 -0.200000
v 7.328953 0.110429 -0.200000
v 7.318142 0.105350 -0.200000
v 7.307548 0.100599 -0.200000
v 7.297172 0.096176 -0.200000
v 7.287013 0.092080 -0.200000
v 7.277071 0.088312 -0.200000
v 7.267346 0.084871 -0.200000
v 7.257839 0.081759 -0.200000
v 7.248549 0.078973 -0.200000
v 7.239476 0.076516 -0.200000
v 7.230621 0.074386 -0.200000
v 7.221874 0.072475 -0.200000
v 7.213133 0.070675 -0.200000
v 7.204395 0.068985 -0.200000
v 7.195660 0.067405 -0.200000
v 7.186929 0.065935 -0.200000
v 7.178201 0.064576 -0.200000
v 7.169476 0.063328 -0.200000
v 7.160755 0.062189 -0.200000
v 7.152037 0.061161 -0.200000
v 7.143322 0.060243 -0.200000
v 7.134611 0.059436 -0.200000
v 7.125903 0.058739 -0.200000
v 7.116803 0.058123 -0.200000
v 7.106918 0.057562 -0.200000
v 7.096248 0.057053 -0.200000
v 7.084791 0.056599 -0.200000
v 7.072549 0.056198 -0.200000
v 7.059521 0.055850 -0.200000
v 7.045707 0.055556 -0.200000
v 7.031108 0.055315 -0.200000
v 7.015723 0.055128 -0.200000
v 6.999552 0.054994 -0.200000
v 6.982595 0.054914 -0.200000
v 6.964853 0.054887 -0.200000
v 6.945119 0.056184 -0.200000
v 6.926202 0.057508 -0.200000
v 6.908100 0.058859 -0.200000
v 6.890814 0.060236 -0.200000
v 6.874344 0.061641 -0.200000
v 6.858690 0.063072 -0.200000
v 6.843852 0.064530 -0.200000
v 6.829829 0.066014 -0.200000
v 6.816622 0.067525 -0.200000
v 6.804231 0.069063 -0.200000
v 6.792656 0.070628 -0.200000
v 6.781897 0.072220 -0.200000
v 6.771666 0.073866 -0.200000
v 6.761675 0.075596 -0.200000
v 6.751926 0.077410 -0.200000
v 6.742417 0.079308 -0.200000
v 6.733149 0.081289 -0.200000
v 6.724121 0.083353 -0.200000
v 6.715334 0.085502 -0.200000
v 6.706789 0.087733 -0.200000
v 6.698483 0.090049 -0.200000
v 6.690419 0.092448 -0.200000
v 6.682595 0.094930 -0.200000
v 6.675012 0.097496 -0.200000
v 6.667577 0.100201 -0.200000
v 6.660200 0.103100 -0.200000
v 6.652880 0.106193 -0.200000
v 6.645616 0.109479 -0.200000
v 6.638409 0.112960 -0.200000
v 6.631259 0.116635 -0.200000
v 6.624166 0.120503 -0.200000
v 6.617129 0.124565 -0.200000
v 6.610150 0.128822 -0.200000
v 6.603227 0.133272 -0.200000
v 6.596361 0.137916 -0.200000
v 6.589552 0.142754 -0.200000
v 6.582906 0.147662 -0.200000
v 6.576526 0.152517 -0.200000
v 6.570414 0.157318 -0.200000
v 6.564569 0.162066 -0.200000
v 6.558992 0.166760 -0.200000
v 6.553683 0.171401 -0.200000
v 6.548641 0.175988 -0.200000
v 6.543866 0.180522 -0.200000
v 6.539359 0.185002 -0.200000
v 6.535120 0.189429 -0.200000
v 6.531147 0.193803 -0.200000
v 6.527443 0.198122 -0.200000
v 6.524020 0.202471 -0.200000
v 6.520895 0.206929 -0.200000
v 6.518069 0.211498 -0.200000
v 6.515540 0.216177 -0.200000
v 6.513308 0.220967 -0.200000
v 6.511374 0.225867 -0.200000
v 6.509737 0.230877 -0.200000
v 6.508399 0.235997 -0.200000
v 6.507357 0.241228 -0.200000
v 6.506613 0.246570 -0.200000
v 6.506167 0.252021 -0.200000
v 6.506018 0.257583 -0.200000
v 6.820414 0.257583 -0.200000
v 6.821153 0.254525 -0.200000
v 6.822086 0.251451 -0.200000
v 6.823213 0.248360 -0.200000
v 6.824533 0.245252 -0.200000
v 6.826048 0.242128 -0.200000
v 6.827756 0.238987 -0.200000
v 6.829659 0.235829 -0.200000
v 6.831755 0.232654 -0.200000
v 6.834045 0.229463 -0.200000
v 6.836530 0.226254 -0.200000
v 6.839208 0.223030 -0.200000
v 6.842080 0.219788 -0.200000
v 6.845072 0.216604 -0.200000
v 6.848112 0.213549 -0.200000
v 6.851198 0.210625 -0.200000
v 6.854331 0.207832 -0.200000
v 6.857510 0.205169 -0.200000
v 6.860736 0.202636 -0.200000
v 6.864010 0.200234 -0.200000
v 6.867330 0.197962 -0.200000
v 6.870697 0.195820 -0.200000
v 6.874111 0.193809 -0.200000
v 6.877571 0.191928 -0.200000
v 6.881078 0.190178 -0.200000
v 6.884659 0.188543 -0.200000
v 6.888340 0.187009 -0.200000
v 6.892122 0.185574 -0.200000
v 6.896004 0.184240 -0.200000
v 6.899986 0.183006 -0.200000
v 6.904068 0.181873 -0.200000
v 6.908251 0.180840 -0.200000
v 6.912534 0.179907 -0.200000
v 6.916917 0.179074 -0.200000
v 6.921401 0.178342 -0.200000
v 6.925984 0.177710 -0.200000
v 6.930669 0.177179 -0.200000
v 6.935493 0.176711 -0.200000
v 6.940499 0.176269 -0.200000
v 6.945684 0.175855 -0.200000
v 6.951051 0.175467 -0.200000
v 6.956598 0.175106 -0.200000
v 6.962325 0.174771 -0.200000
v 6.968233 0.174464 -0.200000
v 6.974322 0.174183 -0.200000
v 6.980591 0.173929 -0.200000
v 6.987041 0.173701 -0.200000
v 6.993670 0.173501 -0.200000
v 7.000481 0.173327 -0.200000
v 7.009432 0.174686 -0.200000
v 7.017988 0.176035 -0.200000
v 7.026149 0.177374 -0.200000
v 7.033916 0.178703 -0.200000
v 7.041288 0.180022 -0.200000
v 7.048266 0.181331 -0.200000
v 7.054850 0.182630 -0.200000
v 7.061038 0.183919 -0.200000
v 7.066833 0.185198 -0.200000
v 7.072233 0.186467 -0.200000
v 7.077238 0.187726 -0.200000
v 7.081849 0.188974 -0.200000
v 7.086180 0.190268 -0.200000
v 7.090348 0.191663 -0.200000
v 7.094352 0.193157 -0.200000
v 7.098192 0.194752 -0.200000
v 7.101868 0.196447 -0.200000
v 7.105380 0.198243 -0.200000
v 7.108728 0.200138 -0.200000
v 7.111913 0.202135 -0.200000
v 7.114934 0.204231 -0.200000
v 7.117791 0.206428 -0.200000
v 7.120484 0.208725 -0.200000
v 7.123013 0.211122 -0.200000
v 7.125359 0.213571 -0.200000
v 7.127501 0.216023 -0.200000
v 7.129438 0.218479 -0.200000
v 7.131172 0.220938 -0.200000
v 7.132701 0.223401 -0.200000
v 7.134027 0.225867 -0.200000
v 7.135149 0.228336 -0.200000
v 7.136066 0.230808 -0.200000
v 7.136780 0.233284 -0.200000
v 7.137290 0.235763 -0.200000
v 7.137596 0.238246 -0.200000
v 7.137698 0.240732 -0.200000
v 7.137595 0.243295 -0.200000
v 7.137284 0.245847 -0.200000
v 7.136765 0.248390 -0.200000
v 7.136040 0.250923 -0.200000
v 7.135107 0.253445 -0.200000
v 7.133967 0.255958 -0.200000
v 7.132619 0.258461 -0.200000
v 7.131065 0.260953 -0.200000
v 7.129303 0.263436 -0.200000
v 7.127334 0.265908 -0.200000
v 7.125157 0.268371 -0.200000
v 7.122773 0.270823 -0.200000
v 7.120207 0.273224 -0.200000
v 7.117484 0.275531 -0.200000
v 7.114603 0.277744 -0.200000
v 7.111566 0.279864 -0.200000
v 7.108371 0.281890 -0.200000
v 7.105019 0.283823 -0.200000
v 7.101510 0.285662 -0.200000
v 7.097844 0.287407 -0.200000
v 7.094021 0.289059 -0.200000
v 7.090040 0.290617 -0.200000
v 7.085903 0.292081 -0.200000
v 7.081608 0.293452 -0.200000
v 7.077219 0.294714 -0.200000
v 7.072801 0.295853 -0.200000
v 7.068353 0.296868 -0.200000
v 7.063874 0.297759 -0.200000
v 7.059366 0.298526 -0.200000
v 7.054827 0.299170 -0.200000
v 7.050258 0.299689 -0.200000
v 7.045659 0.300086 -0.200000
v 7.041029 0.300358 -0.200000
v 7.036370 0.300507 -0.200000
v 7.031681 0.300532 -0.200000
v 7.026962 0.300433 -0.200000
v 6.988415 0.301553 -0.200000
v 6.951894 0.302827 -0.200000
v 6.917399 0.304255 -0.200000
v 6.884930 0.305836 -0.200000
v 6.854487 0.307572 -0.200000
v 6.826071 0.309461 -0.200000
v 6.799681 0.311504 -0.200000
v 6.775317 0.313700 -0.200000
v 6.752979 0.316051 -0.200000
v 6.732667 0.318555 -0.200000
v 6.714382 0.321213 -0.200000
v 6.698122 0.324025 -0.200000
v 6.683160 0.327081 -0.200000
v 6.668772 0.330471 -0.200000
v 6.654955 0.334196 -0.200000
v 6.641710 0.338255 -0.200000
v 6.629036 0.342648 -0.200000
v 6.616935 0.347376 -0.200000
v 6.605405 0.352438 -0.200000
v 6.594447 0.357834 -0.200000
v 6.584060 0.363565 -0.200000
v 6.574245 0.369630 -0.200000
v 6.565002 0.376030 -0.200000
v 6.556331 0.382764 -0.200000
v 6.548296 0.389705 -0.200000
v 6.540958 0.396726 -0.200000
v 6.534320 0.403828 -0.200000
v 6.528380 0.411009 -0.200000
v 6.523139 0.418272 -0.200000
v 6.518597 0.425614 -0.200000
v 6.514753 0.433036 -0.200000
v 6.511609 0.440539 -0.200000
v 6.509163 0.448122 -0.200000
v 6.507416 0.455786 -0.200000
v 6.506368 0.463529 -0.200000
v 6.506018 0.471353 -0.200000
v 6.506205 0.479165 -0.200000
v 6.506767 0.486873 -0.200000
v 6.507703 0.494478 -0.200000
v 6.509014 0.501979 -0.200000
v 6.510699 0.509377 -0.200000
v 6.512758 0.516671 -0.200000
v 6.515193 0.523861 -0.200000
v 6.518001 0.530947 -0.200000
v 6.521184 0.537930 -0.200000
v 6.524742 0.544810 -0.200000
v 6.528674 0.551585 -0.200000
v 6.532980 0.558257 -0.200000
v 6.537796 0.564845 -0.200000
v 6.543258 0.571370 -0.200000
v 6.549365 0.577832 -0.200000
v 6.556117 0.584229 -0.200000
v 6.563515 0.590564 -0.200000
v 6.571558 0.596834 -0.200000
v 6.580245 0.603042 -0.200000
v 6.589579 0.609185 -0.200000
v 6.599557 0.615265 -0.200000
v 6.610181 0.621282 -0.200000
v 6.621450 0.627235 -0.200000
v 6.633365 0.633125 -0.200000
v 6.645892 0.638849 -0.200000
v 6.658997 0.644305 -0.200000
v 6.672680 0.649494 -0.200000
v 6.686942 0.654416 -0.200000
v 6.701782 0.659070 -0.200000
v 6.717201 0.663457 -0.200000
v 6.733198 0.667576 -0.200000
v 6.749773 0.671428 -0.200000
v 6.766927 0.675012 -0.200000
v 6.784659 0.678329 -0.200000
v 6.802969 0.681378 -0.200000
v 6.821858 0.684160 -0.200000
v 6.840699 0.686671 -0.200000
v 6.858864 0.688908 -0.200000
v 6.876354 0.690870 -0.200000
v 6.893168 0.692559 -0.200000
v 6.909307 0.693973 -0.200000
v 6.924771 0.695113 -0.200000
v 6.939559 0.695979 -0.200000
v 6.953672 0.696571 -0.200000
v 6.967110 0.696889 -0.200000
v 6.979872 0.696932 -0.200000
v 6.991959 0.696701 -0.200000
v 7.003370 0.696196 -0.200000
v 7.012257 0.696100 -0.200000
v 7.022067 0.695809 -0.200000
v 7.032799 0.695324 -0.200000
v 7.044455 0.694645 -0.200000
v 7.057033 0.693772 -0.200000
v 7.070534 0.692706 -0.200000
v 7.084958 0.691445 -0.200000
v 7.100305 0.689991 -0.200000
v 7.116574 0.688343 -0.200000
v 7.133767 0.686500 -0.200000
v 7.151882 0.684464 -0.200000
v 7.170919 0.682234 -0.200000
v 7.189981 0.679842 -0.200000
v 7.208166 0.677319 -0.200000
v 7.225475 0.674666 -0.200000
v 7.241909 0.671883 -0.200000
v 7.257466 0.668969 -0.200000
v 7.272147 0.665924 -0.200000
v 7.285953 0.662750 -0.200000
v 7.298882 0.659445 -0.200000
v 7.310935 0.656009 -0.200000
v 7.322113 0.652443 -0.200000
v 7.332414 0.648747 -0.200000
v 7.341839 0.644921 -0.200000
v 7.350753 0.640943 -0.200000
v 7.359520 0.636796 -0.200000
v 7.368139 0.632478 -0.200000
v 7.376612 0.627989 -0.200000
v 7.384937 0.623330 -0.200000
v 7.393115 0.618500 -0.200000
v 7.401146 0.613500 -0.200000
v 7.409030 0.608329 -0.200000
v 7.416767 0.602988 -0.200000
v 7.424356 0.597476 -0.200000
v 7.431799 0.591794 -0.200000
v 7.439095 0.585941 -0.200000
v 7.446093 0.579923 -0.200000
v 7.452642 0.573744 -0.200000
v 7.458745 0.567405 -0.200000
v 7.464398 0.560905 -0.200000
v 7.469604 0.554245 -0.200000
v 7.474362 0.547424 -0.200000
v 7.478672 0.540443 -0.200000
v 7.482533 0.533301 -0.200000
v 7.485947 0.525999 -0.200000
v 7.488913 0.518536 -0.200000
v 7.491430 0.510913 -0.200000
v 7.493500 0.503130 -0.200000
v 7.197400 0.503130 -0.200000
v 7.193021 0.509696 -0.200000
v 7.188713 0.515915 -0.200000
v 7.184475 0.521786 -0.200000
v 7.180307 0.527310 -0.200000
v 7.176210 0.532485 -0.200000
v 7.172183 0.537313 -0.200000
v 7.168226 0.541794 -0.200000
v 7.164339 0.545926 -0.200000
v 7.160522 0.549711 -0.200000
v 7.156776 0.553148 -0.200000
v 7.153100 0.556238 -0.200000
v 7.149494 0.558979 -0.200000
v 5.456428 0.311507 -0.200000
v 5.456428 0.678864 -0.200000
v 5.721714 0.678864 -0.200000
v 5.721714 0.328840 -0.200000
v 5.723115 0.311303 -0.200000
v 5.727318 0.295284 -0.200000
v 5.734323 0.280784 -0.200000
v 5.744129 0.267801 -0.200000
v 5.756738 0.256336 -0.200000
v 5.772148 0.246389 -0.200000
v 5.790359 0.237960 -0.200000
v 5.811373 0.231049 -0.200000
v 5.835189 0.225656 -0.200000
v 5.861806 0.221781 -0.200000
v 5.891226 0.219424 -0.200000
v 5.923447 0.218585 -0.200000
v 5.950026 0.218859 -0.200000
v 5.974876 0.219521 -0.200000
v 5.997998 0.220571 -0.200000
v 6.019392 0.222008 -0.200000
v 6.039056 0.223834 -0.200000
v 6.056993 0.226047 -0.200000
v 6.073200 0.228648 -0.200000
v 6.087679 0.231638 -0.200000
v 6.100430 0.235014 -0.200000
v 6.111452 0.238779 -0.200000
v 6.120745 0.242932 -0.200000
v 6.128310 0.247472 -0.200000
v 6.134731 0.252377 -0.200000
v 6.140594 0.257623 -0.200000
v 6.145898 0.263210 -0.200000
v 6.150644 0.269138 -0.200000
v 6.154832 0.275407 -0.200000
v 6.158461 0.282017 -0.200000
v 6.161532 0.288968 -0.200000
v 6.164044 0.296261 -0.200000
v 6.165998 0.303894 -0.200000
v 6.167394 0.311868 -0.200000
v 6.168231 0.320183 -0.200000
v 6.168512 0.328840 -0.200000
v 6.168512 0.678864 -0.200000
v 6.433799 0.678864 -0.200000
v 6.433799 0.330766 -0.200000
v 6.433581 0.319571 -0.200000
v 6.432930 0.308618 -0.200000
v 6.431843 0.297906 -0.200000
v 6.430322 0.287434 -0.200000
v 6.428366 0.277203 -0.200000
v 6.425975 0.267212 -0.200000
v 6.423150 0.257463 -0.200000
v 6.419890 0.247954 -0.200000
v 6.416195 0.238686 -0.200000
v 6.412066 0.229658 -0.200000
v 6.407502 0.220871 -0.200000
v 6.402503 0.212325 -0.200000
v 6.397084 0.204025 -0.200000
v 6.391256 0.195976 -0.200000
v 6.385020 0.188177 -0.200000
v 6.378377 0.180629 -0.200000
v 6.371325 0.173332 -0.200000
v 6.363866 0.166286 -0.200000
v 6.355999 0.159490 -0.200000
v 6.347724 0.152945 -0.200000
v 6.339041 0.146651 -0.200000
v 6.329950 0.140607 -0.200000
v 6.320451 0.134815 -0.200000
v 6.310544 0.129273 -0.200000
v 6.300244 0.123972 -0.200000
v 6.289567 0.118901 -0.200000
v 6.278512 0.114062 -0.200000
v 6.267078 0.109453 -0.200000
v 6.255268 0.105074 -0.200000
v 6.243079 0.100927 -0.200000
v 6.230512 0.097010 -0.200000
v 6.217568 0.093324 -0.200000
v 6.204246 0.089868 -0.200000
v 6.190546 0.086643 -0.200000
v 6.176468 0.083649 -0.200000
v 6.162013 0.080886 -0.200000
v 6.147186 0.078348 -0.200000
v 6.131995 0.076031 -0.200000
v 6.116439 0.073935 -0.200000
v 6.100519 0.072059 -0.200000
v 6.084234 0.070404 -0.200000
v 6.067585 0.068970 -0.200000
v 6.050572 0.067756 -0.200000
v 6.033194 0.066763 -0.200000
v 6.015452 0.065991 -0.200000
v 5.997345 0.065439 -0.200000
v 5.978874 0.065108 -0.200000
v 5.960038 0.064998 -0.200000
v 5.940547 0.065103 -0.200000
v 5.921394 0.065419 -0.200000
v 5.902579 0.065945 -0.200000
v 5.884101 0.066683 -0.200000
v 5.865961 0.067631 -0.200000
v 5.848158 0.068789 -0.200000
v 5.830694 0.070158 -0.200000
v 5.813567 0.071738 -0.200000
v 5.796777 0.073529 -0.200000
v 5.780325 0.075530 -0.200000
v 5.764211 0.077741 -0.200000
v 5.748435 0.080164 -0.200000
v 5.733027 0.082797 -0.200000
v 5.718016 0.085640 -0.200000
v 5.703403 0.088695 -0.200000
v 5.689188 0.091960 -0.200000
v 5.675372 0.095435 -0.200000
v 5.661952 0.099121 -0.200000
v 5.648931 0.103018 -0.200000
v 5.636308 0.107126 -0.200000
v 5.624082 0.111444 -0.200000
v 5.612255 0.115973 -0.200000
v 5.600825 0.120712 -0.200000
v 5.589793 0.125662 -0.200000
v 5.579174 0.130828 -0.200000
v 5.568983 0.136214 -0.200000
v 5.559220 0.141821 -0.200000
v 5.549885 0.147649 -0.200000
v 5.540978 0.153697 -0.200000
v 5.532499 0.159966 -0.200000
v 5.524448 0.166456 -0.200000
v 5.516825 0.173166 -0.200000
v 5.509630 0.180097 -0.200000
v 5.502863 0.187249 -0.200000
v 5.496524 0.194622 -0.200000
v 5.490612 0.202215 -0.200000
v 5.485152 0.210035 -0.200000
v 5.480166 0.218090 -0.200000
v 5.475656 0.226378 -0.200000
v 5.471621 0.234901 -0.200000
v 5.468060 0.243657 -0.200000
v 5.464973 0.252648 -0.200000
v 5.462362 0.261873 -0.200000
v 5.460226 0.271332 -0.200000
v 5.458564 0.281024 -0.200000
v 5.457377 0.290951 -0.200000
v 5.456665 0.301112 -0.200000
v 4.931632 0.678864 -0.200000
v 4.931632 0.244102 -0.200000
v 5.384208 0.244102 -0.200000
v 5.384208 0.065961 -0.200000
v 4.630717 0.065961 -0.200000
v 4.630717 0.678864 -0.200000
v 4.081665 0.686223 -0.200000
v 4.152531 0.680856 -0.200000
v 4.217893 0.671913 -0.200000
v 4.277751 0.659391 -0.200000
v 4.332107 0.643292 -0.200000
v 4.380959 0.623616 -0.200000
v 4.424307 0.600362 -0.200000
v 4.462152 0.573530 -0.200000
v 4.494493 0.543121 -0.200000
v 4.521332 0.509134 -0.200000
v 4.542666 0.471570 -0.200000
v 4.558498 0.430429 -0.200000
v 4.269619 0.430429 -0.200000
v 4.266900 0.439742 -0.200000
v 4.263234 0.448584 -0.200000
v 4.258622 0.456954 -0.200000
v 4.253063 0.464853 -0.200000
v 4.246558 0.472281 -0.200000
v 4.239107 0.479237 -0.200000
v 4.230710 0.485722 -0.200000
v 4.221366 0.491735 -0.200000
v 4.211077 0.497277 -0.200000
v 4.199841 0.502347 -0.200000
v 4.187659 0.506946 -0.200000
v 4.174531 0.511074 -0.200000
v 4.160888 0.514803 -0.200000
v 4.147161 0.518209 -0.200000
v 4.133351 0.521290 -0.200000
v 4.119457 0.524046 -0.200000
v 4.105479 0.526479 -0.200000
v 4.091418 0.528587 -0.200000
v 4.077273 0.530371 -0.200000
v 4.063045 0.531830 -0.200000
v 4.048733 0.532965 -0.200000
v 4.034338 0.533776 -0.200000
v 4.019859 0.534262 -0.200000
v 4.005296 0.534425 -0.200000
v 3.991380 0.534177 -0.200000
v 3.977558 0.533435 -0.200000
v 3.963830 0.532198 -0.200000
v 3.950195 0.530466 -0.200000
v 3.936654 0.528239 -0.200000
v 3.923206 0.525518 -0.200000
v 3.909853 0.522301 -0.200000
v 3.896592 0.518590 -0.200000
v 3.883425 0.514384 -0.200000
v 3.870353 0.509683 -0.200000
v 3.857373 0.504487 -0.200000
v 3.844487 0.498796 -0.200000
v 3.832130 0.492417 -0.200000
v 3.820735 0.485155 -0.200000
v 3.810303 0.477010 -0.200000
v 3.800834 0.467983 -0.200000
v 3.792329 0.458073 -0.200000
v 3.784786 0.447280 -0.200000
v 3.778206 0.435604 -0.200000
v 3.772588 0.423046 -0.200000
v 3.767934 0.409605 -0.200000
v 3.764243 0.395282 -0.200000
v 3.761515 0.380075 -0.200000
v 3.759750 0.363987 -0.200000
v 3.760387 0.349496 -0.200000
v 3.762137 0.335714 -0.200000
v 3.765001 0.322641 -0.200000
v 3.768978 0.310277 -0.200000
v 3.774068 0.298621 -0.200000
v 3.780272 0.287675 -0.200000
v 3.787589 0.277437 -0.200000
v 3.796020 0.267908 -0.200000
v 3.805564 0.259088 -0.200000
v 3.816221 0.250976 -0.200000
v 3.827992 0.243574 -0.200000
v 3.840876 0.236880 -0.200000
v 3.854338 0.230805 -0.200000
v 3.867844 0.225258 -0.200000
v 3.881394 0.220240 -0.200000
v 3.894987 0.215749 -0.200000
v 3.908623 0.211787 -0.200000
v 3.922303 0.208353 -0.200000
v 3.936027 0.205448 -0.200000
v 3.949794 0.203071 -0.200000
v 3.963604 0.201222 -0.200000
v 3.977458 0.199901 -0.200000
v 3.991355 0.199109 -0.200000
v 4.005296 0.198845 -0.200000
v 4.019810 0.199053 -0.200000
v 4.034144 0.199680 -0.200000
v 4.048297 0.200725 -0.200000
v 4.062269 0.202188 -0.200000
v 4.076061 0.204069 -0.200000
v 4.089673 0.206367 -0.200000
v 4.103103 0.209084 -0.200000
v 4.116354 0.212218 -0.200000
v 4.129423 0.215771 -0.200000
v 4.142313 0.219741 -0.200000
v 4.155021 0.224130 -0.200000
v 4.167549 0.228936 -0.200000
v 4.179729 0.234207 -0.200000
v 4.191395 0.239990 -0.200000
v 4.202545 0.246284 -0.200000
v 4.213181 0.253089 -0.200000
v 4.223302 0.260407 -0.200000
v 4.232908 0.268235 -0.200000
v 4.241999 0.276576 -0.200000
v 4.250575 0.285428 -0.200000
v 4.258636 0.294791 -0.200000
v 4.266182 0.304666 -0.200000
v 4.273214 0.315053 -0.200000
v 4.279730 0.325951 -0.200000
v 4.557054 0.325951 -0.200000
v 4.542336 0.283271 -0.200000
v 4.521934 0.244303 -0.200000
v 4.495848 0.209046 -0.200000
v 4.464078 0.177500 -0.200000
v 4.426624 0.149665 -0.200000
v 4.383486 0.125542 -0.200000
v 4.334664 0.105130 -0.200000
v 4.280159 0.088429 -0.200000
v 4.219969 0.075439 -0.200000
v 4.154095 0.066161 -0.200000
v 4.082538 0.060594 -0.200000
v 4.005296 0.058739 -0.200000
v 3.921625 0.060845 -0.200000
v 3.844902 0.067164 -0.200000
v 3.775126 0.077696 -0.200000
v 3.712299 0.092441 -0.200000
v 3.656419 0.111399 -0.200000
v 3.607487 0.134569 -0.200000
v 3.565502 0.161952 -0.200000
v 3.530466 0.193548 -0.200000
v 3.502377 0.229357 -0.200000
v 3.481236 0.269379 -0.200000
v 3.467043 0.313613 -0.200000
v 3.459798 0.362061 -0.200000
v 3.467043 0.414122 -0.200000
v 3.481236 0.461657 -0.200000
v 3.502377 0.504664 -0.200000
v 3.530466 0.543145 -0.200000
v 3.565502 0.577098 -0.200000
v 3.607487 0.606524 -0.200000
v 3.656419 0.631423 -0.200000
v 3.712299 0.651795 -0.200000
v 3.775126 0.667640 -0.200000
v 3.844902 0.678957 -0.200000
v 3.921625 0.685748 -0.200000
v 4.005296 0.688012 -0.200000
v 3.155994 0.308618 -0.200000
v 3.155994 0.678864 -0.200000
v 3.387578 0.678864 -0.200000
v 3.387578 0.065961 -0.200000
v 3.042850 0.065961 -0.200000
v 2.629273 0.448243 -0.200000
v 2.629273 0.065961 -0.200000
v 2.394319 0.065961 -0.200000
v 2.394319 0.678864 -0.200000
v 2.727492 0.678864 -0.200000
v 1.490130 0.649976 -0.200000
v 1.512408 0.656589 -0.200000
v 1.534786 0.662628 -0.200000
v 1.557264 0.668091 -0.200000
v 1.579843 0.672979 -0.200000
v 1.602522 0.677292 -0.200000
v 1.625301 0.681030 -0.200000
v 1.648180 0.684193 -0.200000
v 1.671160 0.686781 -0.200000
v 1.694240 0.688794 -0.200000
v 1.717421 0.690232 -0.200000
v 1.740702 0.691094 -0.200000
v 1.764083 0.691382 -0.200000
v 1.787537 0.691094 -0.200000
v 1.810878 0.690232 -0.200000
v 1.834106 0.688794 -0.200000
v 1.857219 0.686781 -0.200000
v 1.880219 0.684193 -0.200000
v 1.903105 0.681030 -0.200000
v 1.925878 0.677292 -0.200000
v 1.948537 0.672979 -0.200000
v 1.971082 0.668091 -0.200000
v 1.993514 0.662628 -0.200000
v 2.015831 0.656589 -0.200000
v 2.038036 0.649976 -0.200000
v 2.059785 0.642831 -0.200000
v 2.080739 0.635198 -0.200000
v 2.100897 0.627076 -0.200000
v 2.120259 0.618467 -0.200000
v 2.138825 0.609369 -0.200000
v 2.156596 0.599783 -0.200000
v 2.173571 0.589709 -0.200000
v 2.189750 0.579147 -0.200000
v 2.205133 0.568097 -0.200000
v 2.219721 0.556559 -0.200000
v 2.233513 0.544532 -0.200000
v 2.246509 0.532017 -0.200000
v 2.258583 0.519208 -0.200000
v 2.269606 0.506299 -0.200000
v 2.279580 0.493290 -0.200000
v 2.288504 0.480180 -0.200000
v 2.296378 0.466970 -0.200000
v 2.303202 0.453659 -0.200000
v 2.308976 0.440248 -0.200000
v 2.313700 0.426737 -0.200000
v 2.317375 0.413126 -0.200000
v 2.319999 0.399414 -0.200000
v 2.321574 0.385602 -0.200000
v 2.322099 0.371690 -0.200000
v 2.321589 0.357860 -0.200000
v 2.320060 0.344133 -0.200000
v 2.317510 0.330510 -0.200000
v 2.313941 0.316990 -0.200000
v 2.309352 0.303575 -0.200000
v 2.303743 0.290262 -0.200000
v 2.297115 0.277054 -0.200000
v 2.289466 0.263949 -0.200000
v 2.280798 0.250948 -0.200000
v 2.271111 0.238050 -0.200000
v 2.260403 0.225256 -0.200000
v 2.248676 0.212566 -0.200000
v 2.236024 0.200160 -0.200000
v 2.222543 0.188219 -0.200000
v 2.208233 0.176742 -0.200000
v 2.193094 0.165730 -0.200000
v 2.177125 0.155183 -0.200000
v 2.160327 0.145101 -0.200000
v 2.142700 0.135484 -0.200000
v 2.124244 0.126331 -0.200000
v 2.104959 0.117643 -0.200000
v 2.084845 0.109419 -0.200000
v 2.063901 0.101661 -0.200000
v 2.042128 0.094367 -0.200000
v 2.019859 0.087600 -0.200000
v 1.997425 0.081421 -0.200000
v 1.974828 0.075831 -0.200000
v 1.952067 0.070829 -0.200000
v 1.929143 0.066415 -0.200000
v 1.906054 0.062590 -0.200000
v 1.882802 0.059354 -0.200000
v 1.859386 0.056706 -0.200000
v 1.835806 0.054646 -0.200000
v 1.812062 0.053175 -0.200000
v 1.788154 0.052292 -0.200000
v 1.764083 0.051998 -0.200000
v 1.740167 0.052292 -0.200000
v 1.716404 0.053175 -0.200000
v 1.692796 0.054646 -0.200000
v 1.669341 0.056706 -0.200000
v 1.646041 0.059354 -0.200000
v 1.622894 0.062590 -0.200000
v 1.599900 0.066415 -0.200000
v 1.577061 0.070829 -0.200000
v 1.554375 0.075831 -0.200000
v 1.531843 0.081421 -0.200000
v 1.509465 0.087600 -0.200000
v 1.487241 0.094367 -0.200000
v 1.465505 0.101661 -0.200000
v 1.444592 0.109419 -0.200000
v 1.424500 0.117643 -0.200000
v 1.405232 0.126331 -0.200000
v 1.386786 0.135484 -0.200000
v 1.369162 0.145101 -0.200000
v 1.352361 0.155183 -0.200000
v 1.336383 0.165731 -0.200000
v 1.321226 0.176742 -0.200000
v 1.306893 0.188219 -0.200000
v 1.293382 0.200160 -0.200000
v 1.280693 0.212566 -0.200000
v 1.268928 0.225256 -0.200000
v 1.258185 0.238050 -0.200000
v 1.248465 0.250948 -0.200000
v 1.239769 0.263949 -0.200000
v 1.232095 0.277054 -0.200000
v 1.225445 0.290262 -0.200000
v 1.219818 0.303575 -0.200000
v 1.215214 0.316990 -0.200000
v 1.211633 0.330510 -0.200000
v 1.209075 0.344133 -0.200000
v 1.207541 0.357860 -0.200000
v 1.207029 0.371690 -0.200000
v 1.207549 0.385602 -0.200000
v 1.209109 0.399414 -0.200000
v 1.211709 0.413126 -0.200000
v 1.215348 0.426737 -0.200000
v 1.220027 0.440248 -0.200000
v 1.225746 0.453659 -0.200000
v 1.232505 0.466970 -0.200000
v 1.240304 0.480180 -0.200000
v 1.249142 0.493290 -0.200000
v 1.259021 0.506299 -0.200000
v 1.269939 0.519208 -0.200000
v 1.281897 0.532017 -0.200000
v 1.294781 0.544532 -0.200000
v 1.308478 0.556559 -0.200000
v 1.322987 0.568097 -0.200000
v 1.338308 0.579147 -0.200000
v 1.354442 0.589709 -0.200000
v 1.371389 0.599783 -0.200000
v 1.389148 0.609369 -0.200000
v 1.407719 0.618467 -0.200000
v 1.427103 0.627076 -0.200000
v 1.447300 0.635198 -0.200000
v 1.468309 0.642831 -0.200000
v 1.771305 0.534425 -0.200000
v 1.760261 0.534273 -0.200000
v 1.749278 0.533816 -0.200000
v 1.738355 0.533055 -0.200000
v 1.727491 0.531991 -0.200000
v 1.716689 0.530621 -0.200000
v 1.705946 0.528948 -0.200000
v 1.695264 0.526970 -0.200000
v 1.684641 0.524688 -0.200000
v 1.674079 0.522102 -0.200000
v 1.663577 0.519212 -0.200000
v 1.653135 0.516017 -0.200000
v 1.642754 0.512518 -0.200000
v 1.632590 0.508745 -0.200000
v 1.622800 0.504728 -0.200000
v 1.613385 0.500466 -0.200000
v 1.604344 0.495961 -0.200000
v 1.595677 0.491212 -0.200000
v 1.587386 0.486218 -0.200000
v 1.579468 0.480980 -0.200000
v 1.571925 0.475499 -0.200000
v 1.564757 0.469773 -0.200000
v 1.557963 0.463803 -0.200000
v 1.551543 0.457589 -0.200000
v 1.545498 0.451131 -0.200000
v 1.539885 0.444521 -0.200000
v 1.534759 0.437851 -0.200000
v 1.530122 0.431121 -0.200000
v 1.525972 0.424330 -0.200000
v 1.522311 0.417479 -0.200000
v 1.519138 0.410568 -0.200000
v 1.516453 0.403597 -0.200000
v 1.514257 0.396566 -0.200000
v 1.512548 0.389474 -0.200000
v 1.511328 0.382322 -0.200000
v 1.510596 0.375110 -0.200000
v 1.510351 0.367838 -0.200000
v 1.510590 0.360645 -0.200000
v 1.511308 0.353508 -0.200000
v 1.512503 0.346428 -0.200000
v 1.514176 0.339405 -0.200000
v 1.516328 0.332439 -0.200000
v 1.518957 0.325530 -0.200000
v 1.522065 0.318677 -0.200000
v 1.525651 0.311881 -0.200000
v 1.529715 0.305143 -0.200000
v 1.534257 0.298461 -0.200000
v 1.539278 0.291836 -0.200000
v 1.544776 0.285267 -0.200000
v 1.550709 0.278846 -0.200000
v 1.557033 0.272662 -0.200000
v 1.563749 0.266716 -0.200000
v 1.570855 0.261007 -0.200000
v 1.578353 0.255535 -0.200000
v 1.586242 0.250301 -0.200000
v 1.594522 0.245304 -0.200000
v 1.603194 0.240545 -0.200000
v 1.612256 0.236023 -0.200000
v 1.621710 0.231738 -0.200000
v 1.631555 0.227691 -0.200000
v 1.641791 0.223881 -0.200000
v 1.652253 0.220343 -0.200000
v 1.662775 0.217113 -0.200000
v 1.673357 0.214191 -0.200000
v 1.683999 0.211577 -0.200000
v 1.694702 0.209270 -0.200000
v 1.705465 0.207270 -0.200000
v 1.716287 0.205578 -0.200000
v 1.727171 0.204194 -0.200000
v 1.738114 0.203117 -0.200000
v 1.749117 0.202348 -0.200000
v 1.760181 0.201887 -0.200000
v 1.771305 0.201733 -0.200000
v 1.782429 0.201887 -0.200000
v 1.793492 0.202348 -0.200000
v 1.804496 0.203117 -0.200000
v 1.815439 0.204194 -0.200000
v 1.826322 0.205578 -0.200000
v 1.837145 0.207270 -0.200000
v 1.847908 0.209270 -0.200000
v 1.858610 0.211577 -0.200000
v 1.869252 0.214191 -0.200000
v 1.879835 0.217113 -0.200000
v 1.890357 0.220343 -0.200000
v 1.900818 0.223881 -0.200000
v 1.911053 0.227691 -0.200000
v 1.920893 0.231738 -0.200000
v 1.930338 0.236023 -0.200000
v 1.939389 0.240545 -0.200000
v 1.948045 0.245304 -0.200000
v 1.956307 0.250301 -0.200000
v 1.964174 0.255535 -0.200000
v 1.971647 0.261007 -0.200000
v 1.978725 0.266716 -0.200000
v 1.985409 0.272662 -0.200000
v 1.991698 0.278846 -0.200000
v 1.997593 0.285267 -0.200000
v 2.003053 0.291836 -0.200000
v 2.008038 0.298461 -0.200000
v 2.012548 0.305143 -0.200000
v 2.016584 0.311881 -0.200000
v 2.020144 0.318677 -0.200000
v 2.023231 0.325530 -0.200000
v 2.025842 0.332439 -0.200000
v 2.027978 0.339405 -0.200000
v 2.029640 0.346428 -0.200000
v 2.030827 0.353508 -0.200000
v 2.031539 0.360645 -0.200000
v 2.031776 0.367838 -0.200000
v 2.031531 0.375110 -0.200000
v 2.030793 0.382322 -0.200000
v 2.029565 0.389474 -0.200000
v 2.027844 0.396566 -0.200000
v 2.025633 0.403597 -0.200000
v 2.022929 0.410568 -0.200000
v 2.019735 0.417479 -0.200000
v 2.016048 0.424330 -0.200000
v 2.011871 0.431121 -0.200000
v 2.007201 0.437851 -0.200000
v 2.002041 0.444521 -0.200000
v 1.996389 0.451131 -0.200000
v 1.990305 0.457589 -0.200000
v 1.983851 0.463803 -0.200000
v 1.977025 0.469773 -0.200000
v 1.969828 0.475499 -0.200000
v 1.962260 0.480981 -0.200000
v 1.954321 0.486218 -0.200000
v 1.946011 0.491212 -0.200000
v 1.937329 0.495961 -0.200000
v 1.928277 0.500466 -0.200000
v 1.918853 0.504728 -0.200000
v 1.909059 0.508745 -0.200000
v 1.898893 0.512518 -0.200000
v 1.888518 0.516017 -0.200000
v 1.878096 0.519212 -0.200000
v 1.867628 0.522102 -0.200000
v 1.857112 0.524688 -0.200000
v 1.846550 0.526970 -0.200000
v 1.835941 0.528948 -0.200000
v 1.825286 0.530621 -0.200000
v 1.814583 0.531991 -0.200000
v 1.803834 0.533055 -0.200000
v 1.793038 0.533816 -0.200000
v 1.782195 0.534273 -0.200000
v 0.657977 0.686223 -0.200000
v 0.728842 0.680856 -0.200000
v 0.794204 0.671913 -0.200000
v 0.854063 0.659391 -0.200000
v 0.908418 0.643292 -0.200000
v 0.957270 0.623616 -0.200000
v 1.000619 0.600362 -0.200000
v 1.038464 0.573530 -0.200000
v 1.070805 0.543121 -0.200000
v 1.097643 0.509134 -0.200000
v 1.118978 0.471570 -0.200000
v 1.134810 0.430429 -0.200000
v 0.845932 0.430429 -0.200000
v 0.843212 0.439742 -0.200000
v 0.839546 0.448584 -0.200000
v 0.834933 0.456954 -0.200000
v 0.829375 0.464853 -0.200000
v 0.822870 0.472281 -0.200000
v 0.815419 0.479237 -0.200000
v 0.807022 0.485722 -0.200000
v 0.797678 0.491735 -0.200000
v 0.787389 0.497277 -0.200000
v 0.776153 0.502347 -0.200000
v 0.763971 0.506946 -0.200000
v 0.750843 0.511074 -0.200000
v 0.737199 0.514803 -0.200000
v 0.723473 0.518209 -0.200000
v 0.709662 0.521290 -0.200000
v 0.695768 0.524046 -0.200000
v 0.681791 0.526479 -0.200000
v 0.667730 0.528587 -0.200000
v 0.653585 0.530371 -0.200000
v 0.639357 0.531830 -0.200000
v 0.625045 0.532965 -0.200000
v 0.610650 0.533776 -0.200000
v 0.596171 0.534262 -0.200000
v 0.581608 0.534425 -0.200000
v 0.567693 0.534177 -0.200000
v 0.553871 0.533435 -0.200000
v 0.540142 0.532198 -0.200000
v 0.526507 0.530466 -0.200000
v 0.512966 0.528239 -0.200000
v 0.499519 0.525518 -0.200000
v 0.486165 0.522301 -0.200000
v 0.472904 0.518590 -0.200000
v 0.459738 0.514384 -0.200000
v 0.446665 0.509683 -0.200000
v 0.433685 0.504487 -0.200000
v 0.420799 0.498796 -0.200000
v 0.408442 0.492417 -0.200000
v 0.397047 0.485155 -0.200000
v 0.386615 0.477010 -0.200000
v 0.377147 0.467983 -0.200000
v 0.368641 0.458073 -0.200000
v 0.361098 0.447280 -0.200000
v 0.354518 0.435604 -0.200000
v 0.348901 0.423046 -0.200000
v 0.344247 0.409605 -0.200000
v 0.340555 0.395282 -0.200000
v 0.337827 0.380075 -0.200000
v 0.336062 0.363987 -0.200000
v 0.336699 0.349496 -0.200000
v 0.338449 0.335714 -0.200000
v 0.341313 0.322641 -0.200000
v 0.345290 0.310277 -0.200000
v 0.350380 0.298621 -0.200000
v 0.356584 0.287675 -0.200000
v 0.363901 0.277437 -0.200000
v 0.372332 0.267908 -0.200000
v 0.381876 0.259088 -0.200000
v 0.392533 0.250976 -0.200000
v 0.404304 0.243574 -0.200000
v 0.417188 0.236880 -0.200000
v 0.430651 0.230805 -0.200000
v 0.444157 0.225258 -0.200000
v 0.457706 0.220240 -0.200000
v 0.471299 0.215749 -0.200000
v 0.484936 0.211787 -0.200000
v 0.498616 0.208353 -0.200000
v 0.512339 0.205448 -0.200000
v 0.526106 0.203071 -0.200000
v 0.539916 0.201222 -0.200000
v 0.553770 0.199901 -0.200000
v 0.567667 0.199109 -0.200000
v 0.581608 0.198845 -0.200000
v 0.596171 0.199053 -0.200000
v 0.610650 0.199680 -0.200000
v 0.625045 0.200725 -0.200000
v 0.639357 0.202188 -0.200000
v 0.653585 0.204069 -0.200000
v 0.667730 0.206367 -0.200000
v 0.681791 0.209084 -0.200000
v 0.695768 0.212218 -0.200000
v 0.709662 0.215771 -0.200000
v 0.723473 0.219741 -0.200000
v 0.737199 0.224130 -0.200000
v 0.750843 0.228936 -0.200000
v 0.764041 0.234207 -0.200000
v 0.776434 0.239990 -0.200000
v 0.788021 0.246284 -0.200000
v 0.798802 0.253089 -0.200000
v 0.808777 0.260407 -0.200000
v 0.817947 0.268235 -0.200000
v 0.826310 0.276576 -0.200000
v 0.833868 0.285428 -0.200000
v 0.840621 0.294791 -0.200000
v 0.846567 0.304666 -0.200000
v 0.851708 0.315053 -0.200000
v 0.856042 0.325951 -0.200000
v 1.133365 0.325951 -0.200000
v 1.118647 0.283271 -0.200000
v 1.098245 0.244303 -0.200000
v 1.072159 0.209046 -0.200000
v 1.040390 0.177500 -0.200000
v 1.002936 0.149665 -0.200000
v 0.959798 0.125542 -0.200000
v 0.910976 0.105130 -0.200000
v 0.856470 0.088429 -0.200000
v 0.796281 0.075439 -0.200000
v 0.730407 0.066161 -0.200000
v 0.658850 0.060594 -0.200000
v 0.581608 0.058739 -0.200000
v 0.497937 0.060845 -0.200000
v 0.421214 0.067164 -0.200000
v 0.351438 0.077696 -0.200000
v 0.288611 0.092441 -0.200000
v 0.232731 0.111399 -0.200000
v 0.183799 0.134569 -0.200000
v 0.141814 0.161952 -0.200000
v 0.106778 0.193548 -0.200000
v 0.078689 0.229357 -0.200000
v 0.057548 0.269379 -0.200000
v 0.043355 0.313613 -0.200000
v 0.036110 0.362061 -0.200000
v 0.043355 0.414122 -0.200000
v 0.057548 0.461657 -0.200000
v 0.078689 0.504664 -0.200000
v 0.106778 0.543145 -0.200000
v 0.141814 0.577098 -0.200000
v 0.183799 0.606524 -0.200000
v 0.232731 0.631423 -0.200000
v 0.288611 0.651795 -0.200000
v 0.351438 0.667640 -0.200000
v 0.421214 0.678957 -0.200000
v 0.497937 0.685748 -0.200000
v 0.581608 0.688012 -0.200000
v 0.657977 0.686223 -0.200000
v 0.657977 0.686223 0.200000
v 0.728842 0.680856 -0.200000
v 0.728842 0.680856 0.200000
v 0.794204 0.671913 -0.200000
v 0.794204 0.671913 0.200000
v 0.854063 0.659391 -0.200000
v 0.854063 0.659391 0.200000
v 0.908418 0.643292 -0.200000
v 0.908418 0.643292 0.200000
v 0.957270 0.623616 -0.200000
v 0.957270 0.623616 0.200000
v 1.000619 0.600362 -0.200000
v 1.000619 0.600362 0.200000
v 1.038464 0.573530 -0.200000
v 1.038464 0.573530 0.200000
v 1.070805 0.543121 -0.200000
v 1.070805 0.543121 0.200000
v 1.097643 0.509134 -0.200000
v 1.097643 0.509134 0.200000
v 1.118978 0.471570 -0.200000
v 1.118978 0.471570 0.200000
v 1.134810 0.430429 -0.200000
v 1.134810 0.430429 0.200000
v 0.845932 0.430429 -0.200000
v 0.845932 0.430429 0.200000
v 0.843212 0.439742 -0.200000
v 0.843212 0.439742 0.200000
v 0.839546 0.448584 -0.200000
v 0.839546 0.448584 0.200000
v 0.834933 0.456954 -0.200000
v 0.834933 0.456954 0.200000
v 0.829375 0.464853 -0.200000
v 0.829375 0.464853 0.200000
v 0.822870 0.472281 -0.200000
v 0.822870 0.472281 0.200000
v 0.815419 0.479237 -0.200000
v 0.815419 0.479237 0.200000
v 0.807022 0.485722 -0.200000
v 0.807022 0.485722 0.200000
v 0.797678 0.491735 -0.200000
v 0.797678 0.491735 0.200000
v 0.787389 0.497277 -0.200000
v 0.787389 0.497277 0.200000
v 0.776153 0.502347 -0.200000
v 0.776153 0.502347 0.200000
v 0.763971 0.506946 -0.200000
v 0.763971 0.506946 0.200000
v 0.750843 0.511074 -0.200000
v 0.750843 0.511074 0.200000
v 0.737199 0.514803 -0.200000
v 0.737199 0.514803 0.200000
v 0.723473 0.518209 -0.200000
v 0.723473 0.518209 0.200000
v 0.709662 0.521290 -0.200000
v 0.709662 0.521290 0.200000
v 0.695768 0.524046 -0.200000
v 0.695768 0.524046 0.200000
v 0.681791 0.526479 -0.200000
v 0.681791 0.526479 0.200000
v 0.667730 0.528587 -0.200000
v 0.667730 0.528587 0.200000
v 0.653585 0.530371 -0.200000
v 0.653585 0.530371 0.200000
v 0.639357 0.531830 -0.200000
v 0.639357 0.531830 0.200000
v 0.625045 0.532965 -0.200000
v 0.625045 0.532965 0.200000
v 0.610650 0.533776 -0.200000
v 0.610650 0.533776 0.200000
v 0.596171 0.534262 -0.200000
v 0.596171 0.534262 0.200000
v 0.581608 0.534425 -0.200000
v 0.581608 0.534425 0.200000
v 0.567693 0.534177 -0.200000
v 0.567693 0.534177 0.200000
v 0.553871 0.533435 -0.200000
v 0.553871 0.533435 0.200000
v 0.540142 0.532198 -0.200000
v 0.540142 0.532198 0.200000
v 0.526507 0.530466 -0.200000
v 0.526507 0.530466 0.200000
v 0.512966 0.528239 -0.200000
v 0.512966 0.528239 0.200000
v 0.499519 0.525518 -0.200000
v 0.499519 0.525518 0.200000
v 0.486165 0.522301 -0.200000
v 0.486165 0.522301 0.200000
v 0.472904 0.518590 -0.200000
v 0.472904 0.518590 0.200000
v 0.459738 0.514384 -0.200000
v 0.459738 0.514384 0.200000
v 0.446665 0.509683 -0.200000
v 0.446665 0.509683 0.200000
v 0.433685 0.504487 -0.200000
v 0.433685 0.504487 0.200000
v 0.420799 0.498796 -0.200000
v 0.420799 0.498796 0.200000
v 0.408442 0.492417 -0.200000
v 0.408442 0.492417 0.200000
v 0.397047 0.485155 -0.200000
v 0.397047 0.485155 0.200000
v 0.386615 0.477010 -0.200000
v 0.386615 0.477010 0.200000
v 0.377147 0.467983 -0.200000
v 0.377147 0.467983 0.200000
v 0.368641 0.458073 -0.200000
v 0.368641 0.458073 0.200000
v 0.361098 0.447280 -0.200000
v 0.361098 0.447280 0.200000
v 0.354518 0.435604 -0.200000
v 0.354518 0.435604 0.200000
v 0.348901 0.423046 -0.200000
v 0.348901 0.423046 0.200000
v 0.344247 0.409605 -0.200000
v 0.344247 0.409605 0.200000
v 0.340555 0.395282 -0.200000
v 0.340555 0.395282 0.200000
v 0.337827 0.380075 -0.200000
v 0.337827 0.380075 0.200000
v 0.336062 0.363987 -0.200000
v 0.336062 0.363987 0.200000
v 0.336699 0.349496 -0.200000
v 0.336699 0.349496 0.200000
v 0.338449 0.335714 -0.200000
v 0.338449 0.335714 0.200000
v 0.341313 0.322641 -0.200000
v 0.341313 0.322641 0.200000
v 0.345290 0.310277 -0.200000
v 0.345290 0.310277 0.200000
v 0.350380 0.298621 -0.200000
v 0.350380 0.298621 0.200000
v 0.356584 0.287675 -0.200000
v 0.356584 0.287675 0.200000
v 0.363901 0.277437 -0.200000
v 0.363901 0.277437 0.200000
v 0.372332 0.267908 -0.200000
v 0.372332 0.267908 0.200000
v 0.381876 0.259088 -0.200000
v 0.381876 0.259088 0.200000
v 0.392533 0.250976 -0.200000
v 0.392533 0.250976 0.200000
v 0.404304 0.243574 -0.200000
v 0.404304 0.243574 0.200000
v 0.417188 0.236880 -0.200000
v 0.417188 0.236880 0.200000
v 0.430651 0.230805 -0.200000
v 0.430651 0.230805 0.200000
v 0.444157 0.225258 -0.200000
v 0.444157 0.225258 0.200000
v 0.457706 0.220240 -0.200000
v 0.457706 0.220240 0.200000
v 0.471299 0.215749 -0.200000
v 0.471299 0.215749 0.200000
v 0.484936 0.211787 -0.200000
v 0.484936 0.211787 0.200000
v 0.498616 0.208353 -0.200000
v 0.498616 0.208353 0.200000
v 0.512339 0.205448 -0.200000
v 0.512339 0.205448 0.200000
v 0.526106 0.203071 -0.200000
v 0.526106 0.203071 0.200000
v 0.539916 0.201222 -0.200000
v 0.539916 0.201222 0.200000
v 0.553770 0.199901 -0.200000
v 0.553770 0.199901 0.200000
v 0.567667 0.199109 -0.200000
v 0.567667 0.199109 0.200000
v 0.581608 0.198845 -0.200000
v 0.581608 0.198844 0.200000
v 0.596171 0.199053 -0.200000
v 0.596171 0.199053 0.200000
v 0.610650 0.199680 -0.200000
v 0.610650 0.199680 0.200000
v 0.625045 0.200725 -0.200000
v 0.625045 0.200725 0.200000
v 0.639357 0.202188 -0.200000
v 0.639357 0.202188 0.200000
v 0.653585 0.204069 -0.200000
v 0.653585 0.204069 0.200000
v 0.667730 0.206367 -0.200000
v 0.667730 0.206367 0.200000
v 0.681791 0.209084 -0.200000
v 0.681791 0.209084 0.200000
v 0.695768 0.212218 -0.200000
v 0.695768 0.212218 0.200000
v 0.709662 0.215771 -0.200000
v 0.709662 0.215771 0.200000
v 0.723473 0.219741 -0.200000
v 0.723473 0.219741 0.200000
v 0.737199 0.224130 -0.200000
v 0.737199 0.224130 0.200000
v 0.750843 0.228936 -0.200000
v 0.750843 0.228936 0.200000
v 0.764041 0.234207 -0.200000
v 0.764041 0.234207 0.200000
v 0.776434 0.239990 -0.200000
v 0.776434 0.239990 0.200000
v 0.788021 0.246284 -0.200000
v 0.788021 0.246284 0.200000
v 0.798802 0.253089 -0.200000
v 0.798802 0.253089 0.200000
v 0.808777 0.260407 -0.200000
v 0.808777 0.260407 0.200000
v 0.817947 0.268235 -0.200000
v 0.817947 0.268235 0.200000
v 0.826310 0.276576 -0.200000
v 0.826310 0.276576 0.200000
v 0.833868 0.285428 -0.200000
v 0.833868 0.285428 0.200000
v 0.840621 0.294791 -0.200000
v 0.840621 0.294791 0.200000
v 0.846567 0.304666 -0.200000
v 0.846567 0.304666 0.200000
v 0.851708 0.315053 -0.200000
v 0.851708 0.315053 0.200000
v 0.856042 0.325951 -0.200000
v 0.856042 0.325951 0.200000
v 1.133365 0.325951 -0.200000
v 1.133365 0.325951 0.200000
v 1.118647 0.283271 -0.200000
v 1.118647 0.283271 0.200000
v 1.098245 0.244303 -0.200000
v 1.098245 0.244303 0.200000
v 1.072159 0.209046 -0.200000
v 1.072159 0.209045 0.200000
v 1.040390 0.177500 -0.200000
v 1.040390 0.177500 0.200000
v 1.002936 0.149665 -0.200000
v 1.002936 0.149665 0.200000
v 0.959798 0.125542 -0.200000
v 0.959798 0.125542 0.200000
v 0.910976 0.105130 -0.200000
v 0.910976 0.105130 0.200000
v 0.856470 0.088429 -0.200000
v 0.856470 0.088429 0.200000
v 0.796281 0.075439 -0.200000
v 0.796281 0.075439 0.200000
v 0.730407 0.066161 -0.200000
v 0.730407 0.066161 0.200000
v 0.658850 0.060594 -0.200000
v 0.658850 0.060594 0.200000
v 0.581608 0.058739 -0.200000
v 0.581608 0.058739 0.200000
v 0.497937 0.060845 -0.200000
v 0.497937 0.060845 0.200000
v 0.421214 0.067164 -0.200000
v 0.421214 0.067164 0.200000
v 0.351438 0.077696 -0.200000
v 0.351438 0.077696 0.200000
v 0.288611 0.092441 -0.200000
v 0.288611 0.092441 0.200000
v 0.232731 0.111399 -0.200000
v 0.232731 0.111399 0.200000
v 0.183799 0.134569 -0.200000
v 0.183799 0.134569 0.200000
v 0.141814 0.161952 -0.200000
v 0.141814 0.161952 0.200000
v 0.106778 0.193548 -0.200000
v 0.106778 0.193548 0.200000
v 0.078689 0.229357 -0.200000
v 0.078689 0.229357 0.200000
v 0.057548 0.269379 -0.200000
v 0.057548 0.269379 0.200000
v 0.043355 0.313613 -0.200000
v 0.043355 0.313613 0.200000
v 0.036110 0.362061 -0.200000
v 0.036110 0.362061 0.200000
v 0.043355 0.414122 -0.200000
v 0.043355 0.414122 0.200000
v 0.057548 0.461657 -0.200000
v 0.057548 0.461657 0.200000
v 0.078689 0.504664 -0.200000
v 0.078689 0.504664 0.200000
v 0.106778 0.543145 -0.200000
v 0.106778 0.543145 0.200000
v 0.141814 0.577098 -0.200000
v 0.141814 0.577098 0.200000
v 0.183799 0.606524 -0.200000
v 0.183799 0.606524 0.200000
v 0.232731 0.631423 -0.200000
v 0.232731 0.631423 0.200000
v 0.288611 0.651795 -0.200000
v 0.288611 0.651795 0.200000
v 0.351438 0.667640 -0.200000
v 0.351438 0.667640 0.200000
v 0.421214 0.678957 -0.200000
v 0.421214 0.678957 0.200000
v 0.497937 0.685748 -0.200000
v 0.497937 0.685748 0.200000
v 0.581608 0.688012 -0.200000
v 0.581608 0.688012 0.200000
v 1.490130 0.649976 -0.200000
v 1.490130 0.649976 0.200000
v 1.512408 0.656589 -0.200000
v 1.512408 0.656589 0.200000
v 1.534786 0.662628 -0.200000
v 1.534786 0.662628 0.200000
v 1.557264 0.668091 -0.200000
v 1.557264 0.668091 0.200000
v 1.579843 0.672979 -0.200000
v 1.579843 0.672979 0.200000
v 1.602522 0.677292 -0.200000
v 1.602522 0.677292 0.200000
v 1.625301 0.681030 -0.200000
v 1.625301 0.681030 0.200000
v 1.648180 0.684193 -0.200000
v 1.648180 0.684193 0.200000
v 1.671160 0.686781 -0.200000
v 1.671160 0.686781 0.200000
v 1.694240 0.688794 -0.200000
v 1.694240 0.688794 0.200000
v 1.717421 0.690232 -0.200000
v 1.717421 0.690232 0.200000
v 1.740702 0.691094 -0.200000
v 1.740702 0.691094 0.200000
v 1.764083 0.691382 -0.200000
v 1.764083 0.691382 0.200000
v 1.787537 0.691094 -0.200000
v 1.787537 0.691094 0.200000
v 1.810878 0.690232 -0.200000
v 1.810878 0.690232 0.200000
v 1.834106 0.688794 -0.200000
v 1.834106 0.688794 0.200000
v 1.857219 0.686781 -0.200000
v 1.857219 0.686781 0.200000
v 1.880219 0.684193 -0.200000
v 1.880219 0.684193 0.200000
v 1.903105 0.681030 -0.200000
v 1.903105 0.681030 0.200000
v 1.925878 0.677292 -0.200000
v 1.925878 0.677292 0.200000
v 1.948537 0.672979 -0.200000
v 1.948537 0.672979 0.200000
v 1.971082 0.668091 -0.200000
v 1.971082 0.668091 0.200000
v 1.993514 0.662628 -0.200000
v 1.993514 0.662628 0.200000
v 2.015831 0.656589 -0.200000
v 2.015831 0.656589 0.200000
v 2.038036 0.649976 -0.200000
v 2.038036 0.649976 0.200000
v 2.059785 0.642831 -0.200000
v 2.059785 0.642831 0.200000
v 2.080739 0.635198 -0.200000
v 2.080739 0.635198 0.200000
v 2.100897 0.627076 -0.200000
v 2.100897 0.627076 0.200000
v 2.120259 0.618467 -0.200000
v 2.120259 0.618467 0.200000
v 2.138825 0.609369 -0.200000
v 2.138825 0.609369 0.200000
v 2.156596 0.599783 -0.200000
v 2.156596 0.599783 0.200000
v 2.173571 0.589709 -0.200000
v 2.173571 0.589709 0.200000
v 2.189750 0.579147 -0.200000
v 2.189750 0.579147 0.200000
v 2.205133 0.568097 -0.200000
v 2.205133 0.568097 0.200000
v 2.219721 0.556559 -0.200000
v 2.219721 0.556559 0.200000
v 2.233513 0.544532 -0.200000
v 2.233513 0.544532 0.200000
v 2.246509 0.532017 -0.200000
v 2.246509 0.532017 0.200000
v 2.258583 0.519208 -0.200000
v 2.258583 0.519208 0.200000
v 2.269606 0.506299 -0.200000
v 2.269606 0.506299 0.200000
v 2.279580 0.493290 -0.200000
v 2.279580 0.493290 0.200000
v 2.288504 0.480180 -0.200000
v 2.288504 0.480180 0.200000
v 2.296378 0.466970 -0.200000
v 2.296378 0.466970 0.200000
v 2.303202 0.453659 -0.200000
v 2.303202 0.453659 0.200000
v 2.308976 0.440248 -0.200000
v 2.308976 0.440248 0.200000
v 2.313700 0.426737 -0.200000
v 2.313700 0.426737 0.200000
v 2.317375 0.413126 -0.200000
v 2.317375 0.413126 0.200000
v 2.319999 0.399414 -0.200000
v 2.319999 0.399414 0.200000
v 2.321574 0.385602 -0.200000
v 2.321574 0.385602 0.200000
v 2.322099 0.371690 -0.200000
v 2.322099 0.371690 0.200000
v 2.321589 0.357860 -0.200000
v 2.321589 0.357860 0.200000
v 2.320060 0.344133 -0.200000
v 2.320060 0.344133 0.200000
v 2.317510 0.330510 -0.200000
v 2.317510 0.330510 0.200000
v 2.313941 0.316990 -0.200000
v 2.313941 0.316990 0.200000
v 2.309352 0.303575 -0.200000
v 2.309352 0.303575 0.200000
v 2.303743 0.290262 -0.200000
v 2.303743 0.290262 0.200000
v 2.297115 0.277054 -0.200000
v 2.297115 0.277054 0.200000
v 2.289466 0.263949 -0.200000
v 2.289466 0.263949 0.200000
v 2.280798 0.250948 -0.200000
v 2.280798 0.250948 0.200000
v 2.271111 0.238050 -0.200000
v 2.271111 0.238050 0.200000
v 2.260403 0.225256 -0.200000
v 2.260403 0.225256 0.200000
v 2.248676 0.212566 -0.200000
v 2.248676 0.212566 0.200000
v 2.236024 0.200160 -0.200000
v 2.236024 0.200160 0.200000
v 2.222543 0.188219 -0.200000
v 2.222543 0.188219 0.200000
v 2.208233 0.176742 -0.200000
v 2.208233 0.176742 0.200000
v 2.193094 0.165730 -0.200000
v 2.193094 0.165730 0.200000
v 2.177125 0.155183 -0.200000
v 2.177125 0.155183 0.200000
v 2.160327 0.145101 -0.200000
v 2.160327 0.145101 0.200000
v 2.142700 0.135484 -0.200000
v 2.142700 0.135484 0.200000
v 2.124244 0.126331 -0.200000
v 2.124244 0.126331 0.200000
v 2.104959 0.117643 -0.200000
v 2.104959 0.117643 0.200000
v 2.084845 0.109419 -0.200000
v 2.084845 0.109419 0.200000
v 2.063901 0.101661 -0.200000
v 2.063901 0.101661 0.200000
v 2.042128 0.094367 -0.200000
v 2.042128 0.094367 0.200000
v 2.019859 0.087600 -0.200000
v 2.019859 0.087600 0.200000
v 1.997425 0.081421 -0.200000
v 1.997425 0.081421 0.200000
v 1.974828 0.075831 -0.200000
v 1.974828 0.075831 0.200000
v 1.952067 0.070829 -0.200000
v 1.952067 0.070829 0.200000
v 1.929143 0.066415 -0.200000
v 1.929143 0.066415 0.200000
v 1.906054 0.062590 -0.200000
v 1.906054 0.062590 0.200000
v 1.882802 0.059354 -0.200000
v 1.882802 0.059354 0.200000
v 1.859386 0.056706 -0.200000
v 1.859386 0.056706 0.200000
v 1.835806 0.054646 -0.200000
v 1.835806 0.054646 0.200000
v 1.812062 0.053175 -0.200000
v 1.812062 0.053175 0.200000
v 1.788154 0.052292 -0.200000
v 1.788154 0.052292 0.200000
v 1.764083 0.051998 -0.200000
v 1.764083 0.051998 0.200000
v 1.740167 0.052292 -0.200000
v 1.740167 0.052292 0.200000
v 1.716404 0.053175 -0.200000
v 1.716404 0.053175 0.200000
v 1.692796 0.054646 -0.200000
v 1.692796 0.054646 0.200000
v 1.669341 0.056706 -0.200000
v 1.669341 0.056706 0.200000
v 1.646041 0.059354 -0.200000
v 1.646041 0.059354 0.200000
v 1.622894 0.062590 -0.200000
v 1.622894 0.062590 0.200000
v 1.599900 0.066415 -0.200000
v 1.599900 0.066415 0.200000
v 1.577061 0.070829 -0.200000
v 1.577061 0.070829 0.200000
v 1.554375 0.075831 -0.200000
v 1.554375 0.075831 0.200000
v 1.531843 0.081421 -0.200000
v 1.531843 0.081421 0.200000
v 1.509465 0.087600 -0.200000
v 1.509465 0.087600 0.200000
v 1.487241 0.094367 -0.200000
v 1.487241 0.094367 0.200000
v 1.465505 0.101661 -0.200000
v 1.465505 0.101661 0.200000
v 1.444592 0.109419 -0.200000
v 1.444592 0.109419 0.200000
v 1.424500 0.117643 -0.200000
v 1.424500 0.117643 0.200000
v 1.405232 0.126331 -0.200000
v 1.405232 0.126331 0.200000
v 1.386786 0.135484 -0.200000
v 1.386786 0.135484 0.200000
v 1.369162 0.145101 -0.200000
v 1.369162 0.145101 0.200000
v 1.352361 0.155183 -0.200000
v 1.352361 0.155183 0.200000
v 1.336383 0.165731 -0.200000
v 1.336383 0.165730 0.200000
v 1.321226 0.176742 -0.200000
v 1.321226 0.176742 0.200000
v 1.306893 0.188219 -0.200000
v 1.306893 0.188219 0.200000
v 1.293382 0.200160 -0.200000
v 1.293382 0.200160 0.200000
v 1.280693 0.212566 -0.200000
v 1.280693 0.212566 0.200000
v 1.268928 0.225256 -0.200000
v 1.268928 0.225256 0.200000
v 1.258185 0.238050 -0.200000
v 1.258185 0.238050 0.200000
v 1.248465 0.250948 -0.200000
v 1.248465 0.250948 0.200000
v 1.239769 0.263949 -0.200000
v 1.239769 0.263949 0.200000
v 1.232095 0.277054 -0.200000
v 1.232095 0.277054 0.200000
v 1.225445 0.290262 -0.200000
v 1.225445 0.290262 0.200000
v 1.219818 0.303575 -0.200000
v 1.219818 0.303575 0.200000
v 1.215214 0.316990 -0.200000
v 1.215214 0.316990 0.200000
v 1.211633 0.330510 -0.200000
v 1.211633 0.330510 0.200000
v 1.209075 0.344133 -0.200000
v 1.209075 0.344133 0.200000
v 1.207541 0.357860 -0.200000
v 1.207541 0.357860 0.200000
v 1.207029 0.371690 -0.200000
v 1.207029 0.371690 0.200000
v 1.207549 0.385602 -0.200000
v 1.207549 0.385602 0.200000
v 1.209109 0.399414 -0.200000
v 1.209109 0.399414 0.200000
v 1.211709 0.413126 -0.200000
v 1.211709 0.413126 0.200000
v 1.215348 0.426737 -0.200000
v 1.215348 0.426737 0.200000
v 1.220027 0.440248 -0.200000
v 1.220027 0.440248 0.200000
v 1.225746 0.453659 -0.200000
v 1.225746 0.453659 0.200000
v 1.232505 0.466970 -0.200000
v 1.232505 0.466970 0.200000
v 1.240304 0.480180 -0.200000
v 1.240304 0.480180 0.200000
v 1.249142 0.493290 -0.200000
v 1.249142 0.493290 0.200000
v 1.259021 0.506299 -0.200000
v 1.259021 0.506299 0.200000
v 1.269939 0.519208 -0.200000
v 1.269939 0.519208 0.200000
v 1.281897 0.532017 -0.200000
v 1.281897 0.532017 0.200000
v 1.294781 0.544532 -0.200000
v 1.294781 0.544532 0.200000
v 1.308478 0.556559 -0.200000
v 1.308478 0.556559 0.200000
v 1.322987 0.568097 -0.200000
v 1.322987 0.568097 0.200000
v 1.338308 0.579147 -0.200000
v 1.338308 0.579147 0.200000
v 1.354442 0.589709 -0.200000
v 1.354442 0.589709 0.200000
v 1.371389 0.599783 -0.200000
v 1.371389 0.599783 0.200000
v 1.389148 0.609369 -0.200000
v 1.389148 0.609369 0.200000
v 1.407719 0.618467 -0.200000
v 1.407719 0.618467 0.200000
v 1.427103 0.627076 -0.200000
v 1.427103 0.627076 0.200000
v 1.447300 0.635198 -0.200000
v 1.447300 0.635198 0.200000
v 1.468309 0.642831 -0.200000
v 1.468309 0.642831 0.200000
v 1.771305 0.534425 -0.200000
v 1.771305 0.534425 0.200000
v 1.760261 0.534273 -0.200000
v 1.760261 0.534273 0.200000
v 1.749278 0.533816 -0.200000
v 1.749278 0.533816 0.200000
v 1.738355 0.533055 -0.200000
v 1.738355 0.533055 0.200000
v 1.727491 0.531991 -0.200000
v 1.727491 0.531991 0.200000
v 1.716689 0.530621 -0.200000
v 1.716689 0.530621 0.200000
v 1.705946 0.528948 -0.200000
v 1.705946 0.528948 0.200000
v 1.695264 0.526970 -0.200000
v 1.695264 0.526970 0.200000
v 1.684641 0.524688 -0.200000
v 1.684641 0.524688 0.200000
v 1.674079 0.522102 -0.200000
v 1.674079 0.522102 0.200000
v 1.663577 0.519212 -0.200000
v 1.663577 0.519212 0.200000
v 1.653135 0.516017 -0.200000
v 1.653135 0.516017 0.200000
v 1.642754 0.512518 -0.200000
v 1.642754 0.512518 0.200000
v 1.632590 0.508745 -0.200000
v 1.632590 0.508745 0.200000
v 1.622800 0.504728 -0.200000
v 1.622800 0.504728 0.200000
v 1.613385 0.500466 -0.200000
v 1.613385 0.500466 0.200000
v 1.604344 0.495961 -0.200000
v 1.604344 0.495961 0.200000
v 1.595677 0.491212 -0.200000
v 1.595677 0.491212 0.200000
v 1.587386 0.486218 -0.200000
v 1.587386 0.486218 0.200000
v 1.579468 0.480980 -0.200000
v 1.579468 0.480980 0.200000
v 1.571925 0.475499 -0.200000
v 1.571925 0.475499 0.200000
v 1.564757 0.469773 -0.200000
v 1.564757 0.469773 0.200000
v 1.557963 0.463803 -0.200000
v 1.557963 0.463803 0.200000
v 1.551543 0.457589 -0.200000
v 1.551543 0.457589 0.200000
v 1.545498 0.451131 -0.200000
v 1.545498 0.451131 0.200000
v 1.539885 0.444521 -0.200000
v 1.539885 0.444521 0.200000
v 1.534759 0.437851 -0.200000
v 1.534759 0.437851 0.200000
v 1.530122 0.431121 -0.200000
v 1.530122 0.431121 0.200000
v 1.525972 0.424330 -0.200000
v 1.525972 0.424330 0.200000
v 1.522311 0.417479 -0.200000
v 1.522311 0.417479 0.200000
v 1.519138 0.410568 -0.200000
v 1.519138 0.410568 0.200000
v 1.516453 0.403597 -0.200000
v 1.516453 0.403597 0.200000
v 1.514257 0.396566 -0.200000
v 1.514257 0.396566 0.200000
v 1.512548 0.389474 -0.200000
v 1.512548 0.389474 0.200000
v 1.511328 0.382322 -0.200000
v 1.511328 0.382322 0.200000
v 1.510596 0.375110 -0.200000
v 1.510596 0.375110 0.200000
v 1.510351 0.367838 -0.200000
v 1.510351 0.367838 0.200000
v 1.510590 0.360645 -0.200000
v 1.510590 0.360645 0.200000
v 1.511308 0.353508 -0.200000
v 1.511308 0.353508 0.200000
v 1.512503 0.346428 -0.200000
v 1.512503 0.346428 0.200000
v 1.514176 0.339405 -0.200000
v 1.514176 0.339405 0.200000
v 1.516328 0.332439 -0.200000
v 1.516328 0.332439 0.200000
v 1.518957 0.325530 -0.200000
v 1.518957 0.325530 0.200000
v 1.522065 0.318677 -0.200000
v 1.522065 0.318677 0.200000
v 1.525651 0.311881 -0.200000
v 1.525651 0.311881 0.200000
v 1.529715 0.305143 -0.200000
v 1.529715 0.305143 0.200000
v 1.534257 0.298461 -0.200000
v 1.534257 0.298461 0.200000
v 1.539278 0.291836 -0.200000
v 1.539278 0.291836 0.200000
v 1.544776 0.285267 -0.200000
v 1.544776 0.285267 0.200000
v 1.550709 0.278846 -0.200000
v 1.550709 0.278846 0.200000
v 1.557033 0.272662 -0.200000
v 1.557033 0.272662 0.200000
v 1.563749 0.266716 -0.200000
v 1.563749 0.266716 0.200000
v 1.570855 0.261007 -0.200000
v 1.570855 0.261007 0.200000
v 1.578353 0.255535 -0.200000
v 1.578353 0.255535 0.200000
v 1.586242 0.250301 -0.200000
v 1.586242 0.250301 0.200000
v 1.594522 0.245304 -0.200000
v 1.594522 0.245304 0.200000
v 1.603194 0.240545 -0.200000
v 1.603194 0.240545 0.200000
v 1.612256 0.236023 -0.200000
v 1.612256 0.236023 0.200000
v 1.621710 0.231738 -0.200000
v 1.621710 0.231738 0.200000
v 1.631555 0.227691 -0.200000
v 1.631555 0.227691 0.200000
v 1.641791 0.223881 -0.200000
v 1.641791 0.223881 0.200000
v 1.652253 0.220343 -0.200000
v 1.652253 0.220343 0.200000
v 1.662775 0.217113 -0.200000
v 1.662775 0.217113 0.200000
v 1.673357 0.214191 -0.200000
v 1.673357 0.214191 0.200000
v 1.683999 0.211577 -0.200000
v 1.683999 0.211576 0.200000
v 1.694702 0.209270 -0.200000
v 1.694702 0.209269 0.200000
v 1.705465 0.207270 -0.200000
v 1.705465 0.207270 0.200000
v 1.716287 0.205578 -0.200000
v 1.716287 0.205578 0.200000
v 1.727171 0.204194 -0.200000
v 1.727171 0.204194 0.200000
v 1.738114 0.203117 -0.200000
v 1.738114 0.203117 0.200000
v 1.749117 0.202348 -0.200000
v 1.749117 0.202348 0.200000
v 1.760181 0.201887 -0.200000
v 1.760181 0.201887 0.200000
v 1.771305 0.201733 -0.200000
v 1.771305 0.201733 0.200000
v 1.782429 0.201887 -0.200000
v 1.782429 0.201887 0.200000
v 1.793492 0.202348 -0.200000
v 1.793492 0.202348 0.200000
v 1.804496 0.203117 -0.200000
v 1.804496 0.203117 0.200000
v 1.815439 0.204194 -0.200000
v 1.815439 0.204194 0.200000
v 1.826322 0.205578 -0.200000
v 1.826322 0.205578 0.200000
v 1.837145 0.207270 -0.200000
v 1.837145 0.207270 0.200000
v 1.847908 0.209270 -0.200000
v 1.847908 0.209269 0.200000
v 1.858610 0.211577 -0.200000
v 1.858610 0.211577 0.200000
v 1.869252 0.214191 -0.200000
v 1.869252 0.214191 0.200000
v 1.879835 0.217113 -0.200000
v 1.879835 0.217113 0.200000
v 1.890357 0.220343 -0.200000
v 1.890357 0.220343 0.200000
v 1.900818 0.223881 -0.200000
v 1.900818 0.223881 0.200000
v 1.911053 0.227691 -0.200000
v 1.911053 0.227691 0.200000
v 1.920893 0.231738 -0.200000
v 1.920893 0.231738 0.200000
v 1.930338 0.236023 -0.200000
v 1.930338 0.236023 0.200000
v 1.939389 0.240545 -0.200000
v 1.939389 0.240545 0.200000
v 1.948045 0.245304 -0.200000
v 1.948045 0.245304 0.200000
v 1.956307 0.250301 -0.200000
v 1.956307 0.250301 0.200000
v 1.964174 0.255535 -0.200000
v 1.964174 0.255535 0.200000
v 1.971647 0.261007 -0.200000
v 1.971647 0.261007 0.200000
v 1.978725 0.266716 -0.200000
v 1.978725 0.266716 0.200000
v 1.985409 0.272662 -0.200000
v 1.985409 0.272662 0.200000
v 1.991698 0.278846 -0.200000
v 1.991698 0.278846 0.200000
v 1.997593 0.285267 -0.200000
v 1.997593 0.285267 0.200000
v 2.003053 0.291836 -0.200000
v 2.003053 0.291836 0.200000
v 2.008038 0.298461 -0.200000
v 2.008038 0.298461 0.200000
v 2.012548 0.305143 -0.200000
v 2.012548 0.305143 0.200000
v 2.016584 0.311881 -0.200000
v 2.016584 0.311881 0.200000
v 2.020144 0.318677 -0.200000
v 2.020144 0.318677 0.200000
v 2.023231 0.325530 -0.200000
v 2.023231 0.325530 0.200000
v 2.025842 0.332439 -0.200000
v 2.025842 0.332439 0.200000
v 2.027978 0.339405 -0.200000
v 2.027978 0.339405 0.200000
v 2.029640 0.346428 -0.200000
v 2.029640 0.346428 0.200000
v 2.030827 0.353508 -0.200000
v 2.030827 0.353508 0.200000
v 2.031539 0.360645 -0.200000
v 2.031539 0.360645 0.200000
v 2.031776 0.367838 -0.200000
v 2.031776 0.367838 0.200000
v 2.031531 0.375110 -0.200000
v 2.031531 0.375110 0.200000
v 2.030793 0.382322 -0.200000
v 2.030793 0.382322 0.200000
v 2.029565 0.389474 -0.200000
v 2.029565 0.389474 0.200000
v 2.027844 0.396566 -0.200000
v 2.027844 0.396566 0.200000
v 2.025633 0.403597 -0.200000
v 2.025633 0.403597 0.200000
v 2.022929 0.410568 -0.200000
v 2.022929 0.410568 0.200000
v 2.019735 0.417479 -0.200000
v 2.019735 0.417479 0.200000
v 2.016048 0.424330 -0.200000
v 2.016048 0.424330 0.200000
v 2.011871 0.431121 -0.200000
v 2.011871 0.431121 0.200000
v 2.007201 0.437851 -0.200000
v 2.007201 0.437851 0.200000
v 2.002041 0.444521 -0.200000
v 2.002041 0.444521 0.200000
v 1.996389 0.451131 -0.200000
v 1.996389 0.451131 0.200000
v 1.990305 0.457589 -0.200000
v 1.990305 0.457589 0.200000
v 1.983851 0.463803 -0.200000
v 1.983851 0.463803 0.200000
v 1.977025 0.469773 -0.200000
v 1.977025 0.469773 0.200000
v 1.969828 0.475499 -0.200000
v 1.969828 0.475499 0.200000
v 1.962260 0.480981 -0.200000
v 1.962260 0.480981 0.200000
v 1.954321 0.486218 -0.200000
v 1.954321 0.486218 0.200000
v 1.946011 0.491212 -0.200000
v 1.946011 0.491212 0.200000
v 1.937329 0.495961 -0.200000
v 1.937329 0.495961 0.200000
v 1.928277 0.500466 -0.200000
v 1.928277 0.500466 0.200000
v 1.918853 0.504728 -0.200000
v 1.918853 0.504728 0.200000
v 1.909059 0.508745 -0.200000
v 1.909059 0.508745 0.200000
v 1.898893 0.512518 -0.200000
v 1.898893 0.512518 0.200000
v 1.888518 0.516017 -0.200000
v 1.888518 0.516017 0.200000
v 1.878096 0.519212 -0.200000
v 1.878096 0.519212 0.200000
v 1.867628 0.522102 -0.200000
v 1.867628 0.522102 0.200000
v 1.857112 0.524688 -0.200000
v 1.857112 0.524688 0.200000
v 1.846550 0.526970 -0.200000
v 1.846550 0.526970 0.200000
v 1.835941 0.528948 -0.200000
v 1.835941 0.528948 0.200000
v 1.825286 0.530621 -0.200000
v 1.825286 0.530621 0.200000
v 1.814583 0.531991 -0.200000
v 1.814583 0.531991 0.200000
v 1.803834 0.533055 -0.200000
v 1.803834 0.533055 0.200000
v 1.793038 0.533816 -0.200000
v 1.793038 0.533816 0.200000
v 1.782195 0.534273 -0.200000
v 1.782195 0.534273 0.200000
v 3.155994 0.308618 -0.200000
v 3.155994 0.308618 0.200000
v 3.155994 0.678864 -0.200000
v 3.155994 0.678864 0.200000
v 3.387578 0.678864 -0.200000
v 3.387578 0.678864 0.200000
v 3.387578 0.065961 -0.200000
v 3.387578 0.065961 0.200000
v 3.042850 0.065961 -0.200000
v 3.042850 0.065961 0.200000
v 2.629273 0.448243 -0.200000
v 2.629273 0.448243 0.200000
v 2.629273 0.065961 -0.200000
v 2.629273 0.065961 0.200000
v 2.394319 0.065961 -0.200000
v 2.394319 0.065961 0.200000
v 2.394319 0.678864 -0.200000
v 2.394319 0.678864 0.200000
v 2.727492 0.678864 -0.200000
v 2.727492 0.678864 0.200000
v 4.081665 0.686223 -0.200000
v 4.081665 0.686223 0.200000
v 4.152531 0.680856 -0.200000
v 4.152531 0.680856 0.200000
v 4.217893 0.671913 -0.200000
v 4.217893 0.671913 0.200000
v 4.277751 0.659391 -0.200000
v 4.277751 0.659391 0.200000
v 4.332107 0.643292 -0.200000
v 4.332107 0.643292 0.200000
v 4.380959 0.623616 -0.200000
v 4.380959 0.623616 0.200000
v 4.424307 0.600362 -0.200000
v 4.424307 0.600362 0.200000
v 4.462152 0.573530 -0.200000
v 4.462152 0.573530 0.200000
v 4.494493 0.543121 -0.200000
v 4.494493 0.543121 0.200000
v 4.521332 0.509134 -0.200000
v 4.521332 0.509134 0.200000
v 4.542666 0.471570 -0.200000
v 4.542666 0.471570 0.200000
v 4.558498 0.430429 -0.200000
v 4.558498 0.430429 0.200000
v 4.269619 0.430429 -0.200000
v 4.269619 0.430429 0.200000
v 4.266900 0.439742 -0.200000
v 4.266900 0.439742 0.200000
v 4.263234 0.448584 -0.200000
v 4.263234 0.448584 0.200000
v 4.258622 0.456954 -0.200000
v 4.258622 0.456954 0.200000
v 4.253063 0.464853 -0.200000
v 4.253063 0.464853 0.200000
v 4.246558 0.472281 -0.200000
v 4.246558 0.472281 0.200000
v 4.239107 0.479237 -0.200000
v 4.239107 0.479237 0.200000
v 4.230710 0.485722 -0.200000
v 4.230710 0.485722 0.200000
v 4.221366 0.491735 -0.200000
v 4.221366 0.491735 0.200000
v 4.211077 0.497277 -0.200000
v 4.211077 0.497277 0.200000
v 4.199841 0.502347 -0.200000
v 4.199841 0.502347 0.200000
v 4.187659 0.506946 -0.200000
v 4.187659 0.506946 0.200000
v 4.174531 0.511074 -0.200000
v 4.174531 0.511074 0.200000
v 4.160888 0.514803 -0.200000
v 4.160888 0.514803 0.200000
v 4.147161 0.518209 -0.200000
v 4.147161 0.518209 0.200000
v 4.133351 0.521290 -0.200000
v 4.133351 0.521290 0.200000
v 4.119457 0.524046 -0.200000
v 4.119457 0.524046 0.200000
v 4.105479 0.526479 -0.200000
v 4.105479 0.526479 0.200000
v 4.091418 0.528587 -0.200000
v 4.091418 0.528587 0.200000
v 4.077273 0.530371 -0.200000
v 4.077273 0.530371 0.200000
v 4.063045 0.531830 -0.200000
v 4.063045 0.531830 0.200000
v 4.048733 0.532965 -0.200000
v 4.048733 0.532965 0.200000
v 4.034338 0.533776 -0.200000
v 4.034338 0.533776 0.200000
v 4.019859 0.534262 -0.200000
v 4.019859 0.534262 0.200000
v 4.005296 0.534425 -0.200000
v 4.005296 0.534425 0.200000
v 3.991380 0.534177 -0.200000
v 3.991380 0.534177 0.200000
v 3.977558 0.533435 -0.200000
v 3.977558 0.533435 0.200000
v 3.963830 0.532198 -0.200000
v 3.963830 0.532198 0.200000
v 3.950195 0.530466 -0.200000
v 3.950195 0.530466 0.200000
v 3.936654 0.528239 -0.200000
v 3.936654 0.528239 0.200000
v 3.923206 0.525518 -0.200000
v 3.923206 0.525518 0.200000
v 3.909853 0.522301 -0.200000
v 3.909853 0.522301 0.200000
v 3.896592 0.518590 -0.200000
v 3.896592 0.518590 0.200000
v 3.883425 0.514384 -0.200000
v 3.883425 0.514384 0.200000
v 3.870353 0.509683 -0.200000
v 3.870353 0.509683 0.200000
v 3.857373 0.504487 -0.200000
v 3.857373 0.504487 0.200000
v 3.844487 0.498796 -0.200000
v 3.844487 0.498796 0.200000
v 3.832130 0.492417 -0.200000
v 3.832130 0.492417 0.200000
v 3.820735 0.485155 -0.200000
v 3.820735 0.485155 0.200000
v 3.810303 0.477010 -0.200000
v 3.810303 0.477010 0.200000
v 3.800834 0.467983 -0.200000
v 3.800834 0.467983 0.200000
v 3.792329 0.458073 -0.200000
v 3.792329 0.458073 0.200000
v 3.784786 0.447280 -0.200000
v 3.784786 0.447280 0.200000
v 3.778206 0.435604 -0.200000
v 3.778206 0.435604 0.200000
v 3.772588 0.423046 -0.200000
v 3.772588 0.423046 0.200000
v 3.767934 0.409605 -0.200000
v 3.767934 0.409605 0.200000
v 3.764243 0.395282 -0.200000
v 3.764243 0.395282 0.200000
v 3.761515 0.380075 -0.200000
v 3.761515 0.380075 0.200000
v 3.759750 0.363987 -0.200000
v 3.759750 0.363987 0.200000
v 3.760387 0.349496 -0.200000
v 3.760387 0.349496 0.200000
v 3.762137 0.335714 -0.200000
v 3.762137 0.335714 0.200000
v 3.765001 0.322641 -0.200000
v 3.765001 0.322641 0.200000
v 3.768978 0.310277 -0.200000
v 3.768978 0.310277 0.200000
v 3.774068 0.298621 -0.200000
v 3.774068 0.298621 0.200000
v 3.780272 0.287675 -0.200000
v 3.780272 0.287675 0.200000
v 3.787589 0.277437 -0.200000
v 3.787589 0.277437 0.200000
v 3.796020 0.267908 -0.200000
v 3.796020 0.267908 0.200000
v 3.805564 0.259088 -0.200000
v 3.805564 0.259088 0.200000
v 3.816221 0.250976 -0.200000
v 3.816221 0.250976 0.200000
v 3.827992 0.243574 -0.200000
v 3.827992 0.243574 0.200000
v 3.840876 0.236880 -0.200000
v 3.840876 0.236880 0.200000
v 3.854338 0.230805 -0.200000
v 3.854338 0.230805 0.200000
v 3.867844 0.225258 -0.200000
v 3.867844 0.225258 0.200000
v 3.881394 0.220240 -0.200000
v 3.881394 0.220240 0.200000
v 3.894987 0.215749 -0.200000
v 3.894987 0.215749 0.200000
v 3.908623 0.211787 -0.200000
v 3.908623 0.211787 0.200000
v 3.922303 0.208353 -0.200000
v 3.922303 0.208353 0.200000
v 3.936027 0.205448 -0.200000
v 3.936027 0.205448 0.200000
v 3.949794 0.203071 -0.200000
v 3.949794 0.203071 0.200000
v 3.963604 0.201222 -0.200000
v 3.963604 0.201222 0.200000
v 3.977458 0.199901 -0.200000
v 3.977458 0.199901 0.200000
v 3.991355 0.199109 -0.200000
v 3.991355 0.199109 0.200000
v 4.005296 0.198845 -0.200000
v 4.005296 0.198844 0.200000
v 4.019810 0.199053 -0.200000
v 4.019810 0.199053 0.200000
v 4.034144 0.199680 -0.200000
v 4.034144 0.199680 0.200000
v 4.048297 0.200725 -0.200000
v 4.048297 0.200725 0.200000
v 4.062269 0.202188 -0.200000
v 4.062269 0.202188 0.200000
v 4.076061 0.204069 -0.200000
v 4.076061 0.204069 0.200000
v 4.089673 0.206367 -0.200000
v 4.089673 0.206367 0.200000
v 4.103103 0.209084 -0.200000
v 4.103103 0.209084 0.200000
v 4.116354 0.212218 -0.200000
v 4.116354 0.212218 0.200000
v 4.129423 0.215771 -0.200000
v 4.129423 0.215771 0.200000
v 4.142313 0.219741 -0.200000
v 4.142313 0.219741 0.200000
v 4.155021 0.224130 -0.200000
v 4.155021 0.224130 0.200000
v 4.167549 0.228936 -0.200000
v 4.167549 0.228936 0.200000
v 4.179729 0.234207 -0.200000
v 4.179729 0.234207 0.200000
v 4.191395 0.239990 -0.200000
v 4.191395 0.239990 0.200000
v 4.202545 0.246284 -0.200000
v 4.202545 0.246284 0.200000
v 4.213181 0.253089 -0.200000
v 4.213181 0.253089 0.200000
v 4.223302 0.260407 -0.200000
v 4.223302 0.260407 0.200000
v 4.232908 0.268235 -0.200000
v 4.232908 0.268235 0.200000
v 4.241999 0.276576 -0.200000
v 4.241999 0.276576 0.200000
v 4.250575 0.285428 -0.200000
v 4.250575 0.285428 0.200000
v 4.258636 0.294791 -0.200000
v 4.258636 0.294791 0.200000
v 4.266182 0.304666 -0.200000
v 4.266182 0.304666 0.200000
v 4.273214 0.315053 -0.200000
v 4.273214 0.315053 0.200000
v 4.279730 0.325951 -0.200000
v 4.279730 0.325951 0.200000
v 4.557054 0.325951 -0.200000
v 4.557054 0.325951 0.200000
v 4.542336 0.283271 -0.200000
v 4.542336 0.283271 0.200000
v 4.521934 0.244303 -0.200000
v 4.521934 0.244303 0.200000
v 4.495848 0.209046 -0.200000
v 4.495848 0.209045 0.200000
v 4.464078 0.177500 -0.200000
v 4.464078 0.177500 0.200000
v 4.426624 0.149665 -0.200000
v 4.426624 0.149665 0.200000
v 4.383486 0.125542 -0.200000
v 4.383486 0.125542 0.200000
v 4.334664 0.105130 -0.200000
v 4.334664 0.105130 0.200000
v 4.280159 0.088429 -0.200000
v 4.280159 0.088429 0.200000
v 4.219969 0.075439 -0.200000
v 4.219969 0.075439 0.200000
v 4.154095 0.066161 -0.200000
v 4.154095 0.066161 0.200000
v 4.082538 0.060594 -0.200000
v 4.082538 0.060594 0.200000
v 4.005296 0.058739 -0.200000
v 4.005296 0.058739 0.200000
v 3.921625 0.060845 -0.200000
v 3.921625 0.060845 0.200000
v 3.844902 0.067164 -0.200000
v 3.844902 0.067164 0.200000
v 3.775126 0.077696 -0.200000
v 3.775126 0.077696 0.200000
v 3.712299 0.092441 -0.200000
v 3.712299 0.092441 0.200000
v 3.656419 0.111399 -0.200000
v 3.656419 0.111399 0.200000
v 3.607487 0.134569 -0.200000
v 3.607487 0.134569 0.200000
v 3.565502 0.161952 -0.200000
v 3.565502 0.161952 0.200000
v 3.530466 0.193548 -0.200000
v 3.530466 0.193548 0.200000
v 3.502377 0.229357 -0.200000
v 3.502377 0.229357 0.200000
v 3.481236 0.269379 -0.200000
v 3.481236 0.269379 0.200000
v 3.467043 0.313613 -0.200000
v 3.467043 0.313613 0.200000
v 3.459798 0.362061 -0.200000
v 3.459798 0.362061 0.200000
v 3.467043 0.414122 -0.200000
v 3.467043 0.414122 0.200000
v 3.481236 0.461657 -0.200000
v 3.481236 0.461657 0.200000
v 3.502377 0.504664 -0.200000
v 3.502377 0.504664 0.200000
v 3.530466 0.543145 -0.200000
v 3.530466 0.543145 0.200000
v 3.565502 0.577098 -0.200000
v 3.565502 0.577098 0.200000
v 3.607487 0.606524 -0.200000
v 3.607487 0.606524 0.200000
v 3.656419 0.631423 -0.200000
v 3.656419 0.631423 0.200000
v 3.712299 0.651795 -0.200000
v 3.712299 0.651795 0.200000
v 3.775126 0.667640 -0.200000
v 3.775126 0.667640 0.200000
v 3.844902 0.678957 -0.200000
v 3.844902 0.678957 0.200000
v 3.921625 0.685748 -0.200000
v 3.921625 0.685748 0.200000
v 4.005296 0.688012 -0.200000
v 4.005296 0.688012 0.200000
v 4.931632 0.678864 -0.200000
v 4.931632 0.678864 0.200000
v 4.931632 0.244102 -0.200000
v 4.931632 0.244102 0.200000
v 5.384208 0.244102 -0.200000
v 5.384208 0.244102 0.200000
v 5.384208 0.065961 -0.200000
v 5.384208 0.065961 0.200000
v 4.630717 0.065961 -0.200000
v 4.630717 0.065961 0.200000
v 4.630717 0.678864 -0.200000
v 4.630717 0.678864 0.200000
v 5.456428 0.311507 -0.200000
v 5.456428 0.311507 0.200000
v 5.456428 0.678864 -0.200000
v 5.456428 0.678864 0.200000
v 5.721714 0.678864 -0.200000
v 5.721714 0.678864 0.200000
v 5.721714 0.328840 -0.200000
v 5.721714 0.328840 0.200000
v 5.723115 0.311303 -0.200000
v 5.723115 0.311303 0.200000
v 5.727318 0.295284 -0.200000
v 5.727318 0.295284 0.200000
v 5.734323 0.280784 -0.200000
v 5.734323 0.280784 0.200000
v 5.744129 0.267801 -0.200000
v 5.744129 0.267801 0.200000
v 5.756738 0.256336 -0.200000
v 5.756738 0.256336 0.200000
v 5.772148 0.246389 -0.200000
v 5.772148 0.246389 0.200000
v 5.790359 0.237960 -0.200000
v 5.790359 0.237960 0.200000
v 5.811373 0.231049 -0.200000
v 5.811373 0.231049 0.200000
v 5.835189 0.225656 -0.200000
v 5.835189 0.225656 0.200000
v 5.861806 0.221781 -0.200000
v 5.861806 0.221781 0.200000
v 5.891226 0.219424 -0.200000
v 5.891226 0.219424 0.200000
v 5.923447 0.218585 -0.200000
v 5.923447 0.218584 0.200000
v 5.950026 0.218859 -0.200000
v 5.950026 0.218859 0.200000
v 5.974876 0.219521 -0.200000
v 5.974876 0.219521 0.200000
v 5.997998 0.220571 -0.200000
v 5.997998 0.220571 0.200000
v 6.019392 0.222008 -0.200000
v 6.019392 0.222008 0.200000
v 6.039056 0.223834 -0.200000
v 6.039056 0.223834 0.200000
v 6.056993 0.226047 -0.200000
v 6.056993 0.226047 0.200000
v 6.073200 0.228648 -0.200000
v 6.073200 0.228648 0.200000
v 6.087679 0.231638 -0.200000
v 6.087679 0.231637 0.200000
v 6.100430 0.235014 -0.200000
v 6.100430 0.235014 0.200000
v 6.111452 0.238779 -0.200000
v 6.111452 0.238779 0.200000
v 6.120745 0.242932 -0.200000
v 6.120745 0.242932 0.200000
v 6.128310 0.247472 -0.200000
v 6.128310 0.247472 0.200000
v 6.134731 0.252377 -0.200000
v 6.134731 0.252377 0.200000
v 6.140594 0.257623 -0.200000
v 6.140594 0.257623 0.200000
v 6.145898 0.263210 -0.200000
v 6.145898 0.263210 0.200000
v 6.150644 0.269138 -0.200000
v 6.150644 0.269138 0.200000
v 6.154832 0.275407 -0.200000
v 6.154832 0.275407 0.200000
v 6.158461 0.282017 -0.200000
v 6.158461 0.282017 0.200000
v 6.161532 0.288968 -0.200000
v 6.161532 0.288968 0.200000
v 6.164044 0.296261 -0.200000
v 6.164044 0.296261 0.200000
v 6.165998 0.303894 -0.200000
v 6.165998 0.303894 0.200000
v 6.167394 0.311868 -0.200000
v 6.167394 0.311868 0.200000
v 6.168231 0.320183 -0.200000
v 6.168231 0.320183 0.200000
v 6.168512 0.328840 -0.200000
v 6.168512 0.328840 0.200000
v 6.168512 0.678864 -0.200000
v 6.168512 0.678864 0.200000
v 6.433799 0.678864 -0.200000
v 6.433799 0.678864 0.200000
v 6.433799 0.330766 -0.200000
v 6.433799 0.330766 0.200000
v 6.433581 0.319571 -0.200000
v 6.433581 0.319571 0.200000
v 6.432930 0.308618 -0.200000
v 6.432930 0.308618 0.200000
v 6.431843 0.297906 -0.200000
v 6.431843 0.297906 0.200000
v 6.430322 0.287434 -0.200000
v 6.430322 0.287434 0.200000
v 6.428366 0.277203 -0.200000
v 6.428366 0.277203 0.200000
v 6.425975 0.267212 -0.200000
v 6.425975 0.267212 0.200000
v 6.423150 0.257463 -0.200000
v 6.423150 0.257463 0.200000
v 6.419890 0.247954 -0.200000
v 6.419890 0.247954 0.200000
v 6.416195 0.238686 -0.200000
v 6.416195 0.238686 0.200000
v 6.412066 0.229658 -0.200000
v 6.412066 0.229658 0.200000
v 6.407502 0.220871 -0.200000
v 6.407502 0.220871 0.200000
v 6.402503 0.212325 -0.200000
v 6.402503 0.212325 0.200000
v 6.397084 0.204025 -0.200000
v 6.397084 0.204025 0.200000
v 6.391256 0.195976 -0.200000
v 6.391256 0.195976 0.200000
v 6.385020 0.188177 -0.200000
v 6.385020 0.188177 0.200000
v 6.378377 0.180629 -0.200000
v 6.378377 0.180629 0.200000
v 6.371325 0.173332 -0.200000
v 6.371325 0.173332 0.200000
v 6.363866 0.166286 -0.200000
v 6.363866 0.166285 0.200000
v 6.355999 0.159490 -0.200000
v 6.355999 0.159490 0.200000
v 6.347724 0.152945 -0.200000
v 6.347724 0.152945 0.200000
v 6.339041 0.146651 -0.200000
v 6.339041 0.146651 0.200000
v 6.329950 0.140607 -0.200000
v 6.329950 0.140607 0.200000
v 6.320451 0.134815 -0.200000
v 6.320451 0.134815 0.200000
v 6.310544 0.129273 -0.200000
v 6.310544 0.129273 0.200000
v 6.300244 0.123972 -0.200000
v 6.300244 0.123972 0.200000
v 6.289567 0.118901 -0.200000
v 6.289567 0.118901 0.200000
v 6.278512 0.114062 -0.200000
v 6.278512 0.114062 0.200000
v 6.267078 0.109453 -0.200000
v 6.267078 0.109453 0.200000
v 6.255268 0.105074 -0.200000
v 6.255268 0.105074 0.200000
v 6.243079 0.100927 -0.200000
v 6.243079 0.100927 0.200000
v 6.230512 0.097010 -0.200000
v 6.230512 0.097010 0.200000
v 6.217568 0.093324 -0.200000
v 6.217568 0.093324 0.200000
v 6.204246 0.089868 -0.200000
v 6.204246 0.089868 0.200000
v 6.190546 0.086643 -0.200000
v 6.190546 0.086643 0.200000
v 6.176468 0.083649 -0.200000
v 6.176468 0.083649 0.200000
v 6.162013 0.080886 -0.200000
v 6.162013 0.080886 0.200000
v 6.147186 0.078348 -0.200000
v 6.147186 0.078348 0.200000
v 6.131995 0.076031 -0.200000
v 6.131995 0.076031 0.200000
v 6.116439 0.073935 -0.200000
v 6.116439 0.073935 0.200000
v 6.100519 0.072059 -0.200000
v 6.100519 0.072059 0.200000
v 6.084234 0.070404 -0.200000
v 6.084234 0.070404 0.200000
v 6.067585 0.068970 -0.200000
v 6.067585 0.068970 0.200000
v 6.050572 0.067756 -0.200000
v 6.050572 0.067756 0.200000
v 6.033194 0.066763 -0.200000
v 6.033194 0.066763 0.200000
v 6.015452 0.065991 -0.200000
v 6.015452 0.065991 0.200000
v 5.997345 0.065439 -0.200000
v 5.997345 0.065439 0.200000
v 5.978874 0.065108 -0.200000
v 5.978874 0.065108 0.200000
v 5.960038 0.064998 -0.200000
v 5.960038 0.064998 0.200000
v 5.940547 0.065103 -0.200000
v 5.940547 0.065103 0.200000
v 5.921394 0.065419 -0.200000
v 5.921394 0.065419 0.200000
v 5.902579 0.065945 -0.200000
v 5.902579 0.065945 0.200000
v 5.884101 0.066683 -0.200000
v 5.884101 0.066683 0.200000
v 5.865961 0.067631 -0.200000
v 5.865961 0.067631 0.200000
v 5.848158 0.068789 -0.200000
v 5.848158 0.068789 0.200000
v 5.830694 0.070158 -0.200000
v 5.830694 0.070158 0.200000
v 5.813567 0.071738 -0.200000
v 5.813567 0.071738 0.200000
v 5.796777 0.073529 -0.200000
v 5.796777 0.073529 0.200000
v 5.780325 0.075530 -0.200000
v 5.780325 0.075530 0.200000
v 5.764211 0.077741 -0.200000
v 5.764211 0.077741 0.200000
v 5.748435 0.080164 -0.200000
v 5.748435 0.080164 0.200000
v 5.733027 0.082797 -0.200000
v 5.733027 0.082797 0.200000
v 5.718016 0.085640 -0.200000
v 5.718016 0.085640 0.200000
v 5.703403 0.088695 -0.200000
v 5.703403 0.088695 0.200000
v 5.689188 0.091960 -0.200000
v 5.689188 0.091960 0.200000
v 5.675372 0.095435 -0.200000
v 5.675372 0.095435 0.200000
v 5.661952 0.099121 -0.200000
v 5.661952 0.099121 0.200000
v 5.648931 0.103018 -0.200000
v 5.648931 0.103018 0.200000
v 5.636308 0.107126 -0.200000
v 5.636308 0.107126 0.200000
v 5.624082 0.111444 -0.200000
v 5.624082 0.111444 0.200000
v 5.612255 0.115973 -0.200000
v 5.612255 0.115973 0.200000
v 5.600825 0.120712 -0.200000
v 5.600825 0.120712 0.200000
v 5.589793 0.125662 -0.200000
v 5.589793 0.125662 0.200000
v 5.579174 0.130828 -0.200000
v 5.579174 0.130828 0.200000
v 5.568983 0.136214 -0.200000
v 5.568983 0.136214 0.200000
v 5.559220 0.141821 -0.200000
v 5.559220 0.141821 0.200000
v 5.549885 0.147649 -0.200000
v 5.549885 0.147649 0.200000
v 5.540978 0.153697 -0.200000
v 5.540978 0.153697 0.200000
v 5.532499 0.159966 -0.200000
v 5.532499 0.159966 0.200000
v 5.524448 0.166456 -0.200000
v 5.524448 0.166456 0.200000
v 5.516825 0.173166 -0.200000
v 5.516825 0.173166 0.200000
v 5.509630 0.180097 -0.200000
v 5.509630 0.180097 0.200000
v 5.502863 0.187249 -0.200000
v 5.502863 0.187249 0.200000
v 5.496524 0.194622 -0.200000
v 5.496524 0.194622 0.200000
v 5.490612 0.202215 -0.200000
v 5.490612 0.202215 0.200000
v 5.485152 0.210035 -0.200000
v 5.485152 0.210035 0.200000
v 5.480166 0.218090 -0.200000
v 5.480166 0.218090 0.200000
v 5.475656 0.226378 -0.200000
v 5.475656 0.226378 0.200000
v 5.471621 0.234901 -0.200000
v 5.471621 0.234901 0.200000
v 5.468060 0.243657 -0.200000
v 5.468060 0.243657 0.200000
v 5.464973 0.252648 -0.200000
v 5.464973 0.252648 0.200000
v 5.462362 0.261873 -0.200000
v 5.462362 0.261873 0.200000
v 5.460226 0.271332 -0.200000
v 5.460226 0.271332 0.200000
v 5.458564 0.281024 -0.200000
v 5.458564 0.281024 0.200000
v 5.457377 0.290951 -0.200000
v 5.457377 0.290951 0.200000
v 5.456665 0.301112 -0.200000
v 5.456665 0.301112 0.200000
v 7.145843 0.561494 -0.200000
v 7.145843 0.561494 0.200000
v 7.142031 0.563901 -0.200000
v 7.142031 0.563901 0.200000
v 7.138059 0.566201 -0.200000
v 7.138059 0.566201 0.200000
v 7.133926 0.568395 -0.200000
v 7.133926 0.568395 0.200000
v 7.129633 0.570481 -0.200000
v 7.129633 0.570481 0.200000
v 7.125180 0.572460 -0.200000
v 7.125180 0.572460 0.200000
v 7.120566 0.574333 -0.200000
v 7.120566 0.574333 0.200000
v 7.115791 0.576098 -0.200000
v 7.115791 0.576098 0.200000
v 7.110857 0.577756 -0.200000
v 7.110857 0.577756 0.200000
v 7.105761 0.579308 -0.200000
v 7.105761 0.579308 0.200000
v 7.100505 0.580752 -0.200000
v 7.100505 0.580752 0.200000
v 7.095089 0.582090 -0.200000
v 7.095089 0.582090 0.200000
v 7.089336 0.583350 -0.200000
v 7.089336 0.583350 0.200000
v 7.083072 0.584564 -0.200000
v 7.083072 0.584564 0.200000
v 7.076297 0.585731 -0.200000
v 7.076297 0.585731 0.200000
v 7.069010 0.586851 -0.200000
v 7.069010 0.586851 0.200000
v 7.061211 0.587924 -0.200000
v 7.061211 0.587924 0.200000
v 7.052901 0.588950 -0.200000
v 7.052901 0.588950 0.200000
v 7.044079 0.589930 -0.200000
v 7.044079 0.589930 0.200000
v 7.034745 0.590863 -0.200000
v 7.034745 0.590863 0.200000
v 7.024900 0.591749 -0.200000
v 7.024900 0.591749 0.200000
v 7.014544 0.592588 -0.200000
v 7.014544 0.592588 0.200000
v 7.003676 0.593381 -0.200000
v 7.003676 0.593381 0.200000
v 6.992296 0.594126 -0.200000
v 6.992296 0.594126 0.200000
v 6.981499 0.593459 -0.200000
v 6.981499 0.593459 0.200000
v 6.971252 0.592742 -0.200000
v 6.971252 0.592742 0.200000
v 6.961558 0.591975 -0.200000
v 6.961558 0.591975 0.200000
v 6.952415 0.591157 -0.200000
v 6.952415 0.591157 0.200000
v 6.943824 0.590290 -0.200000
v 6.943824 0.590290 0.200000
v 6.935784 0.589372 -0.200000
v 6.935784 0.589372 0.200000
v 6.928297 0.588404 -0.200000
v 6.928297 0.588404 0.200000
v 6.921360 0.587386 -0.200000
v 6.921360 0.587386 0.200000
v 6.914976 0.586317 -0.200000
v 6.914976 0.586317 0.200000
v 6.909143 0.585199 -0.200000
v 6.909143 0.585199 0.200000
v 6.903862 0.584031 -0.200000
v 6.903862 0.584031 0.200000
v 6.899133 0.582812 -0.200000
v 6.899133 0.582812 0.200000
v 6.894763 0.581518 -0.200000
v 6.894763 0.581518 0.200000
v 6.890561 0.580124 -0.200000
v 6.890561 0.580124 0.200000
v 6.886525 0.578629 -0.200000
v 6.886525 0.578629 0.200000
v 6.882657 0.577034 -0.200000
v 6.882657 0.577034 0.200000
v 6.878955 0.575339 -0.200000
v 6.878955 0.575339 0.200000
v 6.875421 0.573544 -0.200000
v 6.875421 0.573544 0.200000
v 6.872054 0.571648 -0.200000
v 6.872054 0.571648 0.200000
v 6.868855 0.569652 -0.200000
v 6.868855 0.569652 0.200000
v 6.865822 0.567555 -0.200000
v 6.865822 0.567555 0.200000
v 6.862957 0.565359 -0.200000
v 6.862957 0.565359 0.200000
v 6.860258 0.563062 -0.200000
v 6.860258 0.563062 0.200000
v 6.857727 0.560664 -0.200000
v 6.857727 0.560664 0.200000
v 6.855379 0.558212 -0.200000
v 6.855379 0.558212 0.200000
v 6.853227 0.555749 -0.200000
v 6.853227 0.555749 0.200000
v 6.851273 0.553277 -0.200000
v 6.851273 0.553277 0.200000
v 6.849516 0.550794 -0.200000
v 6.849516 0.550794 0.200000
v 6.847956 0.548302 -0.200000
v 6.847956 0.548302 0.200000
v 6.846594 0.545799 -0.200000
v 6.846594 0.545799 0.200000
v 6.845428 0.543287 -0.200000
v 6.845428 0.543287 0.200000
v 6.844460 0.540764 -0.200000
v 6.844460 0.540764 0.200000
v 6.843690 0.538231 -0.200000
v 6.843690 0.538231 0.200000
v 6.843116 0.535688 -0.200000
v 6.843116 0.535688 0.200000
v 6.842740 0.533136 -0.200000
v 6.842740 0.533136 0.200000
v 6.842561 0.530573 -0.200000
v 6.842561 0.530573 0.200000
v 6.842737 0.528014 -0.200000
v 6.842737 0.528014 0.200000
v 6.843103 0.525471 -0.200000
v 6.843103 0.525471 0.200000
v 6.843659 0.522945 -0.200000
v 6.843659 0.522945 0.200000
v 6.844407 0.520436 -0.200000
v 6.844407 0.520436 0.200000
v 6.845345 0.517943 -0.200000
v 6.845345 0.517943 0.200000
v 6.846473 0.515467 -0.200000
v 6.846473 0.515467 0.200000
v 6.847792 0.513008 -0.200000
v 6.847792 0.513008 0.200000
v 6.849301 0.510565 -0.200000
v 6.849301 0.510565 0.200000
v 6.851002 0.508140 -0.200000
v 6.851002 0.508140 0.200000
v 6.852892 0.505731 -0.200000
v 6.852892 0.505731 0.200000
v 6.854974 0.503338 -0.200000
v 6.854974 0.503338 0.200000
v 6.857246 0.500963 -0.200000
v 6.857246 0.500963 0.200000
v 6.859698 0.498639 -0.200000
v 6.859698 0.498639 0.200000
v 6.862321 0.496402 -0.200000
v 6.862321 0.496402 0.200000
v 6.865114 0.494253 -0.200000
v 6.865114 0.494253 0.200000
v 6.868078 0.492190 -0.200000
v 6.868078 0.492190 0.200000
v 6.871213 0.490214 -0.200000
v 6.871213 0.490214 0.200000
v 6.874518 0.488324 -0.200000
v 6.874518 0.488324 0.200000
v 6.877994 0.486522 -0.200000
v 6.877994 0.486522 0.200000
v 6.881639 0.484807 -0.200000
v 6.881639 0.484807 0.200000
v 6.885456 0.483179 -0.200000
v 6.885456 0.483179 0.200000
v 6.889443 0.481637 -0.200000
v 6.889443 0.481637 0.200000
v 6.893601 0.480183 -0.200000
v 6.893601 0.480183 0.200000
v 6.897929 0.478816 -0.200000
v 6.897929 0.478816 0.200000
v 6.902366 0.477548 -0.200000
v 6.902366 0.477548 0.200000
v 6.906850 0.476395 -0.200000
v 6.906850 0.476395 0.200000
v 6.911380 0.475355 -0.200000
v 6.911380 0.475355 0.200000
v 6.915957 0.474429 -0.200000
v 6.915957 0.474429 0.200000
v 6.920581 0.473616 -0.200000
v 6.920581 0.473616 0.200000
v 6.925252 0.472918 -0.200000
v 6.925252 0.472918 0.200000
v 6.929970 0.472333 -0.200000
v 6.929970 0.472333 0.200000
v 6.934735 0.471861 -0.200000
v 6.934735 0.471861 0.200000
v 6.939546 0.471503 -0.200000
v 6.939546 0.471503 0.200000
v 6.944404 0.471259 -0.200000
v 6.944404 0.471259 0.200000
v 6.949309 0.471129 -0.200000
v 6.949309 0.471129 0.200000
v 6.954261 0.471112 -0.200000
v 6.954261 0.471112 0.200000
v 6.959410 0.471151 -0.200000
v 6.959410 0.471151 0.200000
v 6.964906 0.471186 -0.200000
v 6.964906 0.471186 0.200000
v 6.970751 0.471218 -0.200000
v 6.970751 0.471218 0.200000
v 6.976943 0.471246 -0.200000
v 6.976943 0.471246 0.200000
v 6.983483 0.471271 -0.200000
v 6.983483 0.471271 0.200000
v 6.990370 0.471293 -0.200000
v 6.990370 0.471293 0.200000
v 6.997606 0.471311 -0.200000
v 6.997606 0.471311 0.200000
v 7.005189 0.471326 -0.200000
v 7.005189 0.471326 0.200000
v 7.013120 0.471338 -0.200000
v 7.013120 0.471338 0.200000
v 7.021398 0.471346 -0.200000
v 7.021398 0.471346 0.200000
v 7.030024 0.471351 -0.200000
v 7.030024 0.471351 0.200000
v 7.038998 0.471353 -0.200000
v 7.038998 0.471353 0.200000
v 7.057207 0.470786 -0.200000
v 7.057207 0.470786 0.200000
v 7.074600 0.470209 -0.200000
v 7.074600 0.470209 0.200000
v 7.091177 0.469623 -0.200000
v 7.091177 0.469623 0.200000
v 7.106938 0.469026 -0.200000
v 7.106938 0.469026 0.200000
v 7.121884 0.468419 -0.200000
v 7.121884 0.468419 0.200000
v 7.136014 0.467802 -0.200000
v 7.136014 0.467802 0.200000
v 7.149327 0.467175 -0.200000
v 7.149327 0.467175 0.200000
v 7.161825 0.466538 -0.200000
v 7.161825 0.466538 0.200000
v 7.173507 0.465891 -0.200000
v 7.173507 0.465891 0.200000
v 7.184373 0.465234 -0.200000
v 7.184373 0.465234 0.200000
v 7.194424 0.464567 -0.200000
v 7.194424 0.464567 0.200000
v 7.203659 0.463890 -0.200000
v 7.203659 0.463890 0.200000
v 7.212318 0.463208 -0.200000
v 7.212318 0.463208 0.200000
v 7.220644 0.462526 -0.200000
v 7.220644 0.462526 0.200000
v 7.228634 0.461844 -0.200000
v 7.228634 0.461844 0.200000
v 7.236291 0.461162 -0.200000
v 7.236291 0.461162 0.200000
v 7.243613 0.460480 -0.200000
v 7.243613 0.460480 0.200000
v 7.250601 0.459798 -0.200000
v 7.250601 0.459798 0.200000
v 7.257255 0.459116 -0.200000
v 7.257255 0.459116 0.200000
v 7.263574 0.458434 -0.200000
v 7.263574 0.458434 0.200000
v 7.269559 0.457752 -0.200000
v 7.269559 0.457752 0.200000
v 7.275209 0.457070 -0.200000
v 7.275209 0.457070 0.200000
v 7.280526 0.456387 -0.200000
v 7.280526 0.456387 0.200000
v 7.285508 0.455705 -0.200000
v 7.285508 0.455705 0.200000
v 7.290446 0.454916 -0.200000
v 7.290446 0.454916 0.200000
v 7.295632 0.453913 -0.200000
v 7.295632 0.453913 0.200000
v 7.301065 0.452696 -0.200000
v 7.301065 0.452696 0.200000
v 7.306746 0.451265 -0.200000
v 7.306746 0.451265 0.200000
v 7.312674 0.449620 -0.200000
v 7.312674 0.449620 0.200000
v 7.318849 0.447761 -0.200000
v 7.318849 0.447761 0.200000
v 7.325272 0.445688 -0.200000
v 7.325272 0.445688 0.200000
v 7.331943 0.443401 -0.200000
v 7.331943 0.443401 0.200000
v 7.338860 0.440900 -0.200000
v 7.338860 0.440900 0.200000
v 7.346025 0.438185 -0.200000
v 7.346025 0.438185 0.200000
v 7.353437 0.435257 -0.200000
v 7.353437 0.435257 0.200000
v 7.361097 0.432114 -0.200000
v 7.361097 0.432114 0.200000
v 7.368733 0.428844 -0.200000
v 7.368733 0.428844 0.200000
v 7.376075 0.425534 -0.200000
v 7.376075 0.425534 0.200000
v 7.383123 0.422183 -0.200000
v 7.383123 0.422183 0.200000
v 7.389877 0.418793 -0.200000
v 7.389877 0.418793 0.200000
v 7.396337 0.415363 -0.200000
v 7.396337 0.415363 0.200000
v 7.402503 0.411892 -0.200000
v 7.402503 0.411892 0.200000
v 7.408374 0.408381 -0.200000
v 7.408374 0.408381 0.200000
v 7.413951 0.404831 -0.200000
v 7.413951 0.404831 0.200000
v 7.419234 0.401240 -0.200000
v 7.419234 0.401240 0.200000
v 7.424222 0.397609 -0.200000
v 7.424222 0.397609 0.200000
v 7.428917 0.393938 -0.200000
v 7.428917 0.393938 0.200000
v 7.433317 0.390226 -0.200000
v 7.433317 0.390226 0.200000
v 7.437498 0.386408 -0.200000
v 7.437498 0.386408 0.200000
v 7.441535 0.382416 -0.200000
v 7.441535 0.382416 0.200000
v 7.445429 0.378250 -0.200000
v 7.445429 0.378250 0.200000
v 7.449179 0.373910 -0.200000
v 7.449179 0.373910 0.200000
v 7.452785 0.369396 -0.200000
v 7.452785 0.369396 0.200000
v 7.456247 0.364709 -0.200000
v 7.456247 0.364709 0.200000
v 7.459565 0.359847 -0.200000
v 7.459565 0.359847 0.200000
v 7.462740 0.354812 -0.200000
v 7.462740 0.354812 0.200000
v 7.465771 0.349603 -0.200000
v 7.465771 0.349603 0.200000
v 7.468658 0.344220 -0.200000
v 7.468658 0.344220 0.200000
v 7.471401 0.338663 -0.200000
v 7.471401 0.338663 0.200000
v 7.474001 0.332932 -0.200000
v 7.474001 0.332932 0.200000
v 7.476371 0.327111 -0.200000
v 7.476371 0.327111 0.200000
v 7.478427 0.321283 -0.200000
v 7.478427 0.321283 0.200000
v 7.480169 0.315449 -0.200000
v 7.480169 0.315449 0.200000
v 7.481597 0.309608 -0.200000
v 7.481597 0.309608 0.200000
v 7.482710 0.303760 -0.200000
v 7.482710 0.303760 0.200000
v 7.483510 0.297906 -0.200000
v 7.483510 0.297906 0.200000
v 7.483994 0.292044 -0.200000
v 7.483994 0.292044 0.200000
v 7.484165 0.286177 -0.200000
v 7.484165 0.286177 0.200000
v 7.484022 0.280302 -0.200000
v 7.484022 0.280302 0.200000
v 7.483563 0.274421 -0.200000
v 7.483563 0.274421 0.200000
v 7.482791 0.268533 -0.200000
v 7.482791 0.268533 0.200000
v 7.481704 0.262638 -0.200000
v 7.481704 0.262638 0.200000
v 7.480320 0.256742 -0.200000
v 7.480320 0.256742 0.200000
v 7.478660 0.250849 -0.200000
v 7.478660 0.250849 0.200000
v 7.476723 0.244960 -0.200000
v 7.476723 0.244960 0.200000
v 7.474508 0.239073 -0.200000
v 7.474508 0.239073 0.200000
v 7.472015 0.233191 -0.200000
v 7.472015 0.233191 0.200000
v 7.469245 0.227311 -0.200000
v 7.469245 0.227311 0.200000
v 7.466198 0.221435 -0.200000
v 7.466198 0.221435 0.200000
v 7.462873 0.215562 -0.200000
v 7.462873 0.215562 0.200000
v 7.459270 0.209692 -0.200000
v 7.459270 0.209692 0.200000
v 7.455390 0.203826 -0.200000
v 7.455390 0.203826 0.200000
v 7.451233 0.197963 -0.200000
v 7.451233 0.197963 0.200000
v 7.446798 0.192104 -0.200000
v 7.446798 0.192104 0.200000
v 7.441943 0.186245 -0.200000
v 7.441943 0.186245 0.200000
v 7.436522 0.180382 -0.200000
v 7.436522 0.180382 0.200000
v 7.430535 0.174516 -0.200000
v 7.430535 0.174516 0.200000
v 7.423983 0.168646 -0.200000
v 7.423983 0.168646 0.200000
v 7.416866 0.162773 -0.200000
v 7.416866 0.162773 0.200000
v 7.409184 0.156897 -0.200000
v 7.409184 0.156897 0.200000
v 7.400938 0.151017 -0.200000
v 7.400938 0.151017 0.200000
v 7.392126 0.145135 -0.200000
v 7.392126 0.145135 0.200000
v 7.382749 0.139248 -0.200000
v 7.382749 0.139248 0.200000
v 7.372807 0.133359 -0.200000
v 7.372807 0.133359 0.200000
v 7.362299 0.127466 -0.200000
v 7.362299 0.127466 0.200000
v 7.351227 0.121570 -0.200000
v 7.351227 0.121570 0.200000
v 7.339982 0.115835 -0.200000
v 7.339982 0.115835 0.200000
v 7.328953 0.110429 -0.200000
v 7.328953 0.110429 0.200000
v 7.318142 0.105350 -0.200000
v 7.318142 0.105350 0.200000
v 7.307548 0.100599 -0.200000
v 7.307548 0.100599 0.200000
v 7.297172 0.096176 -0.200000
v 7.297172 0.096176 0.200000
v 7.287013 0.092080 -0.200000
v 7.287013 0.092080 0.200000
v 7.277071 0.088312 -0.200000
v 7.277071 0.088312 0.200000
v 7.267346 0.084871 -0.200000
v 7.267346 0.084871 0.200000
v 7.257839 0.081759 -0.200000
v 7.257839 0.081759 0.200000
v 7.248549 0.078973 -0.200000
v 7.248549 0.078973 0.200000
v 7.239476 0.076516 -0.200000
v 7.239476 0.076516 0.200000
v 7.230621 0.074386 -0.200000
v 7.230621 0.074386 0.200000
v 7.221874 0.072475 -0.200000
v 7.221874 0.072475 0.200000
v 7.213133 0.070675 -0.200000
v 7.213133 0.070675 0.200000
v 7.204395 0.068985 -0.200000
v 7.204395 0.068985 0.200000
v 7.195660 0.067405 -0.200000
v 7.195660 0.067405 0.200000
v 7.186929 0.065935 -0.200000
v 7.186929 0.065935 0.200000
v 7.178201 0.064576 -0.200000
v 7.178201 0.064576 0.200000
v 7.169476 0.063328 -0.200000
v 7.169476 0.063328 0.200000
v 7.160755 0.062189 -0.200000
v 7.160755 0.062189 0.200000
v 7.152037 0.061161 -0.200000
v 7.152037 0.061161 0.200000
v 7.143322 0.060243 -0.200000
v 7.143322 0.060243 0.200000
v 7.134611 0.059436 -0.200000
v 7.134611 0.059436 0.200000
v 7.125903 0.058739 -0.200000
v 7.125903 0.058739 0.200000
v 7.116803 0.058123 -0.200000
v 7.116803 0.058123 0.200000
v 7.106918 0.057562 -0.200000
v 7.106918 0.057562 0.200000
v 7.096248 0.057053 -0.200000
v 7.096248 0.057053 0.200000
v 7.084791 0.056599 -0.200000
v 7.084791 0.056599 0.200000
v 7.072549 0.056198 -0.200000
v 7.072549 0.056198 0.200000
v 7.059521 0.055850 -0.200000
v 7.059521 0.055850 0.200000
v 7.045707 0.055556 -0.200000
v 7.045707 0.055556 0.200000
v 7.031108 0.055315 -0.200000
v 7.031108 0.055315 0.200000
v 7.015723 0.055128 -0.200000
v 7.015723 0.055128 0.200000
v 6.999552 0.054994 -0.200000
v 6.999552 0.054994 0.200000
v 6.982595 0.054914 -0.200000
v 6.982595 0.054914 0.200000
v 6.964853 0.054887 -0.200000
v 6.964853 0.054887 0.200000
v 6.945119 0.056184 -0.200000
v 6.945119 0.056184 0.200000
v 6.926202 0.057508 -0.200000
v 6.926202 0.057508 0.200000
v 6.908100 0.058859 -0.200000
v 6.908100 0.058859 0.200000
v 6.890814 0.060236 -0.200000
v 6.890814 0.060236 0.200000
v 6.874344 0.061641 -0.200000
v 6.874344 0.061641 0.200000
v 6.858690 0.063072 -0.200000
v 6.858690 0.063072 0.200000
v 6.843852 0.064530 -0.200000
v 6.843852 0.064530 0.200000
v 6.829829 0.066014 -0.200000
v 6.829829 0.066014 0.200000
v 6.816622 0.067525 -0.200000
v 6.816622 0.067525 0.200000
v 6.804231 0.069063 -0.200000
v 6.804231 0.069063 0.200000
v 6.792656 0.070628 -0.200000
v 6.792656 0.070628 0.200000
v 6.781897 0.072220 -0.200000
v 6.781897 0.072220 0.200000
v 6.771666 0.073866 -0.200000
v 6.771666 0.073866 0.200000
v 6.761675 0.075596 -0.200000
v 6.761675 0.075596 0.200000
v 6.751926 0.077410 -0.200000
v 6.751926 0.077410 0.200000
v 6.742417 0.079308 -0.200000
v 6.742417 0.079308 0.200000
v 6.733149 0.081289 -0.200000
v 6.733149 0.081289 0.200000
v 6.724121 0.083353 -0.200000
v 6.724121 0.083353 0.200000
v 6.715334 0.085502 -0.200000
v 6.715334 0.085502 0.200000
v 6.706789 0.087733 -0.200000
v 6.706789 0.087733 0.200000
v 6.698483 0.090049 -0.200000
v 6.698483 0.090049 0.200000
v 6.690419 0.092448 -0.200000
v 6.690419 0.092448 0.200000
v 6.682595 0.094930 -0.200000
v 6.682595 0.094930 0.200000
v 6.675012 0.097496 -0.200000
v 6.675012 0.097496 0.200000
v 6.667577 0.100201 -0.200000
v 6.667577 0.100201 0.200000
v 6.660200 0.103100 -0.200000
v 6.660200 0.103100 0.200000
v 6.652880 0.106193 -0.200000
v 6.652880 0.106193 0.200000
v 6.645616 0.109479 -0.200000
v 6.645616 0.109479 0.200000
v 6.638409 0.112960 -0.200000
v 6.638409 0.112960 0.200000
v 6.631259 0.116635 -0.200000
v 6.631259 0.116635 0.200000
v 6.624166 0.120503 -0.200000
v 6.624166 0.120503 0.200000
v 6.617129 0.124565 -0.200000
v 6.617129 0.124565 0.200000
v 6.610150 0.128822 -0.200000
v 6.610150 0.128822 0.200000
v 6.603227 0.133272 -0.200000
v 6.603227 0.133272 0.200000
v 6.596361 0.137916 -0.200000
v 6.596361 0.137916 0.200000
v 6.589552 0.142754 -0.200000
v 6.589552 0.142754 0.200000
v 6.582906 0.147662 -0.200000
v 6.582906 0.147662 0.200000
v 6.576526 0.152517 -0.200000
v 6.576526 0.152517 0.200000
v 6.570414 0.157318 -0.200000
v 6.570414 0.157318 0.200000
v 6.564569 0.162066 -0.200000
v 6.564569 0.162066 0.200000
v 6.558992 0.166760 -0.200000
v 6.558992 0.166760 0.200000
v 6.553683 0.171401 -0.200000
v 6.553683 0.171401 0.200000
v 6.548641 0.175988 -0.200000
v 6.548641 0.175988 0.200000
v 6.543866 0.180522 -0.200000
v 6.543866 0.180522 0.200000
v 6.539359 0.185002 -0.200000
v 6.539359 0.185002 0.200000
v 6.535120 0.189429 -0.200000
v 6.535120 0.189429 0.200000
v 6.531147 0.193803 -0.200000
v 6.531147 0.193802 0.200000
v 6.527443 0.198122 -0.200000
v 6.527443 0.198122 0.200000
v 6.524020 0.202471 -0.200000
v 6.524020 0.202470 0.200000
v 6.520895 0.206929 -0.200000
v 6.520895 0.206929 0.200000
v 6.518069 0.211498 -0.200000
v 6.518069 0.211498 0.200000
v 6.515540 0.216177 -0.200000
v 6.515540 0.216177 0.200000
v 6.513308 0.220967 -0.200000
v 6.513308 0.220967 0.200000
v 6.511374 0.225867 -0.200000
v 6.511374 0.225867 0.200000
v 6.509737 0.230877 -0.200000
v 6.509737 0.230877 0.200000
v 6.508399 0.235997 -0.200000
v 6.508399 0.235997 0.200000
v 6.507357 0.241228 -0.200000
v 6.507357 0.241228 0.200000
v 6.506613 0.246570 -0.200000
v 6.506613 0.246570 0.200000
v 6.506167 0.252021 -0.200000
v 6.506167 0.252021 0.200000
v 6.506018 0.257583 -0.200000
v 6.506018 0.257583 0.200000
v 6.820414 0.257583 -0.200000
v 6.820414 0.257583 0.200000
v 6.821153 0.254525 -0.200000
v 6.821153 0.254525 0.200000
v 6.822086 0.251451 -0.200000
v 6.822086 0.251451 0.200000
v 6.823213 0.248360 -0.200000
v 6.823213 0.248360 0.200000
v 6.824533 0.245252 -0.200000
v 6.824533 0.245252 0.200000
v 6.826048 0.242128 -0.200000
v 6.826048 0.242128 0.200000
v 6.827756 0.238987 -0.200000
v 6.827756 0.238986 0.200000
v 6.829659 0.235829 -0.200000
v 6.829659 0.235829 0.200000
v 6.831755 0.232654 -0.200000
v 6.831755 0.232654 0.200000
v 6.834045 0.229463 -0.200000
v 6.834045 0.229463 0.200000
v 6.836530 0.226254 -0.200000
v 6.836530 0.226254 0.200000
v 6.839208 0.223030 -0.200000
v 6.839208 0.223030 0.200000
v 6.842080 0.219788 -0.200000
v 6.842080 0.219788 0.200000
v 6.845072 0.216604 -0.200000
v 6.845072 0.216603 0.200000
v 6.848112 0.213549 -0.200000
v 6.848112 0.213549 0.200000
v 6.851198 0.210625 -0.200000
v 6.851198 0.210625 0.200000
v 6.854331 0.207832 -0.200000
v 6.854331 0.207832 0.200000
v 6.857510 0.205169 -0.200000
v 6.857510 0.205169 0.200000
v 6.860736 0.202636 -0.200000
v 6.860736 0.202636 0.200000
v 6.864010 0.200234 -0.200000
v 6.864010 0.200234 0.200000
v 6.867330 0.197962 -0.200000
v 6.867330 0.197962 0.200000
v 6.870697 0.195820 -0.200000
v 6.870697 0.195820 0.200000
v 6.874111 0.193809 -0.200000
v 6.874111 0.193809 0.200000
v 6.877571 0.191928 -0.200000
v 6.877571 0.191928 0.200000
v 6.881078 0.190178 -0.200000
v 6.881078 0.190178 0.200000
v 6.884659 0.188543 -0.200000
v 6.884659 0.188543 0.200000
v 6.888340 0.187009 -0.200000
v 6.888340 0.187009 0.200000
v 6.892122 0.185574 -0.200000
v 6.892122 0.185574 0.200000
v 6.896004 0.184240 -0.200000
v 6.896004 0.184240 0.200000
v 6.899986 0.183006 -0.200000
v 6.899986 0.183006 0.200000
v 6.904068 0.181873 -0.200000
v 6.904068 0.181873 0.200000
v 6.908251 0.180840 -0.200000
v 6.908251 0.180840 0.200000
v 6.912534 0.179907 -0.200000
v 6.912534 0.179907 0.200000
v 6.916917 0.179074 -0.200000
v 6.916917 0.179074 0.200000
v 6.921401 0.178342 -0.200000
v 6.921401 0.178342 0.200000
v 6.925984 0.177710 -0.200000
v 6.925984 0.177710 0.200000
v 6.930669 0.177179 -0.200000
v 6.930669 0.177179 0.200000
v 6.935493 0.176711 -0.200000
v 6.935493 0.176711 0.200000
v 6.940499 0.176269 -0.200000
v 6.940499 0.176269 0.200000
v 6.945684 0.175855 -0.200000
v 6.945684 0.175855 0.200000
v 6.951051 0.175467 -0.200000
v 6.951051 0.175467 0.200000
v 6.956598 0.175106 -0.200000
v 6.956598 0.175106 0.200000
v 6.962325 0.174771 -0.200000
v 6.962325 0.174771 0.200000
v 6.968233 0.174464 -0.200000
v 6.968233 0.174464 0.200000
v 6.974322 0.174183 -0.200000
v 6.974322 0.174183 0.200000
v 6.980591 0.173929 -0.200000
v 6.980591 0.173929 0.200000
v 6.987041 0.173701 -0.200000
v 6.987041 0.173701 0.200000
v 6.993670 0.173501 -0.200000
v 6.993670 0.173501 0.200000
v 7.000481 0.173327 -0.200000
v 7.000481 0.173327 0.200000
v 7.009432 0.174686 -0.200000
v 7.009432 0.174686 0.200000
v 7.017988 0.176035 -0.200000
v 7.017988 0.176035 0.200000
v 7.026149 0.177374 -0.200000
v 7.026149 0.177374 0.200000
v 7.033916 0.178703 -0.200000
v 7.033916 0.178703 0.200000
v 7.041288 0.180022 -0.200000
v 7.041288 0.180022 0.200000
v 7.048266 0.181331 -0.200000
v 7.048266 0.181331 0.200000
v 7.054850 0.182630 -0.200000
v 7.054850 0.182630 0.200000
v 7.061038 0.183919 -0.200000
v 7.061038 0.183919 0.200000
v 7.066833 0.185198 -0.200000
v 7.066833 0.185198 0.200000
v 7.072233 0.186467 -0.200000
v 7.072233 0.186467 0.200000
v 7.077238 0.187726 -0.200000
v 7.077238 0.187726 0.200000
v 7.081849 0.188974 -0.200000
v 7.081849 0.188974 0.200000
v 7.086180 0.190268 -0.200000
v 7.086180 0.190268 0.200000
v 7.090348 0.191663 -0.200000
v 7.090348 0.191663 0.200000
v 7.094352 0.193157 -0.200000
v 7.094352 0.193157 0.200000
v 7.098192 0.194752 -0.200000
v 7.098192 0.194752 0.200000
v 7.101868 0.196447 -0.200000
v 7.101868 0.196447 0.200000
v 7.105380 0.198243 -0.200000
v 7.105380 0.198243 0.200000
v 7.108728 0.200138 -0.200000
v 7.108728 0.200138 0.200000
v 7.111913 0.202135 -0.200000
v 7.111913 0.202134 0.200000
v 7.114934 0.204231 -0.200000
v 7.114934 0.204231 0.200000
v 7.117791 0.206428 -0.200000
v 7.117791 0.206428 0.200000
v 7.120484 0.208725 -0.200000
v 7.120484 0.208725 0.200000
v 7.123013 0.211122 -0.200000
v 7.123013 0.211122 0.200000
v 7.125359 0.213571 -0.200000
v 7.125359 0.213571 0.200000
v 7.127501 0.216023 -0.200000
v 7.127501 0.216023 0.200000
v 7.129438 0.218479 -0.200000
v 7.129438 0.218479 0.200000
v 7.131172 0.220938 -0.200000
v 7.131172 0.220938 0.200000
v 7.132701 0.223401 -0.200000
v 7.132701 0.223401 0.200000
v 7.134027 0.225867 -0.200000
v 7.134027 0.225867 0.200000
v 7.135149 0.228336 -0.200000
v 7.135149 0.228336 0.200000
v 7.136066 0.230808 -0.200000
v 7.136066 0.230808 0.200000
v 7.136780 0.233284 -0.200000
v 7.136780 0.233284 0.200000
v 7.137290 0.235763 -0.200000
v 7.137290 0.235763 0.200000
v 7.137596 0.238246 -0.200000
v 7.137596 0.238246 0.200000
v 7.137698 0.240732 -0.200000
v 7.137698 0.240732 0.200000
v 7.137595 0.243295 -0.200000
v 7.137595 0.243295 0.200000
v 7.137284 0.245847 -0.200000
v 7.137284 0.245847 0.200000
v 7.136765 0.248390 -0.200000
v 7.136765 0.248390 0.200000
v 7.136040 0.250923 -0.200000
v 7.136040 0.250923 0.200000
v 7.135107 0.253445 -0.200000
v 7.135107 0.253445 0.200000
v 7.133967 0.255958 -0.200000
v 7.133967 0.255958 0.200000
v 7.132619 0.258461 -0.200000
v 7.132619 0.258461 0.200000
v 7.131065 0.260953 -0.200000
v 7.131065 0.260953 0.200000
v 7.129303 0.263436 -0.200000
v 7.129303 0.263436 0.200000
v 7.127334 0.265908 -0.200000
v 7.127334 0.265908 0.200000
v 7.125157 0.268371 -0.200000
v 7.125157 0.268371 0.200000
v 7.122773 0.270823 -0.200000
v 7.122773 0.270823 0.200000
v 7.120207 0.273224 -0.200000
v 7.120207 0.273224 0.200000
v 7.117484 0.275531 -0.200000
v 7.117484 0.275531 0.200000
v 7.114603 0.277744 -0.200000
v 7.114603 0.277744 0.200000
v 7.111566 0.279864 -0.200000
v 7.111566 0.279864 0.200000
v 7.108371 0.281890 -0.200000
v 7.108371 0.281890 0.200000
v 7.105019 0.283823 -0.200000
v 7.105019 0.283823 0.200000
v 7.101510 0.285662 -0.200000
v 7.101510 0.285662 0.200000
v 7.097844 0.287407 -0.200000
v 7.097844 0.287407 0.200000
v 7.094021 0.289059 -0.200000
v 7.094021 0.289059 0.200000
v 7.090040 0.290617 -0.200000
v 7.090040 0.290617 0.200000
v 7.085903 0.292081 -0.200000
v 7.085903 0.292081 0.200000
v 7.081608 0.293452 -0.200000
v 7.081608 0.293452 0.200000
v 7.077219 0.294714 -0.200000
v 7.077219 0.294714 0.200000
v 7.072801 0.295853 -0.200000
v 7.072801 0.295853 0.200000
v 7.068353 0.296868 -0.200000
v 7.068353 0.296868 0.200000
v 7.063874 0.297759 -0.200000
v 7.063874 0.297759 0.200000
v 7.059366 0.298526 -0.200000
v 7.059366 0.298526 0.200000
v 7.054827 0.299170 -0.200000
v 7.054827 0.299170 0.200000
v 7.050258 0.299689 -0.200000
v 7.050258 0.299689 0.200000
v 7.045659 0.300086 -0.200000
v 7.045659 0.300086 0.200000
v 7.041029 0.300358 -0.200000
v 7.041029 0.300358 0.200000
v 7.036370 0.300507 -0.200000
v 7.036370 0.300507 0.200000
v 7.031681 0.300532 -0.200000
v 7.031681 0.300532 0.200000
v 7.026962 0.300433 -0.200000
v 7.026962 0.300433 0.200000
v 6.988415 0.301553 -0.200000
v 6.988415 0.301553 0.200000
v 6.951894 0.302827 -0.200000
v 6.951894 0.302827 0.200000
v 6.917399 0.304255 -0.200000
v 6.917399 0.304255 0.200000
v 6.884930 0.305836 -0.200000
v 6.884930 0.305836 0.200000
v 6.854487 0.307572 -0.200000
v 6.854487 0.307572 0.200000
v 6.826071 0.309461 -0.200000
v 6.826071 0.309461 0.200000
v 6.799681 0.311504 -0.200000
v 6.799681 0.311504 0.200000
v 6.775317 0.313700 -0.200000
v 6.775317 0.313700 0.200000
v 6.752979 0.316051 -0.200000
v 6.752979 0.316051 0.200000
v 6.732667 0.318555 -0.200000
v 6.732667 0.318555 0.200000
v 6.714382 0.321213 -0.200000
v 6.714382 0.321213 0.200000
v 6.698122 0.324025 -0.200000
v 6.698122 0.324025 0.200000
v 6.683160 0.327081 -0.200000
v 6.683160 0.327081 0.200000
v 6.668772 0.330471 -0.200000
v 6.668772 0.330471 0.200000
v 6.654955 0.334196 -0.200000
v 6.654955 0.334196 0.200000
v 6.641710 0.338255 -0.200000
v 6.641710 0.338255 0.200000
v 6.629036 0.342648 -0.200000
v 6.629036 0.342648 0.200000
v 6.616935 0.347376 -0.200000
v 6.616935 0.347376 0.200000
v 6.605405 0.352438 -0.200000
v 6.605405 0.352438 0.200000
v 6.594447 0.357834 -0.200000
v 6.594447 0.357834 0.200000
v 6.584060 0.363565 -0.200000
v 6.584060 0.363565 0.200000
v 6.574245 0.369630 -0.200000
v 6.574245 0.369630 0.200000
v 6.565002 0.376030 -0.200000
v 6.565002 0.376030 0.200000
v 6.556331 0.382764 -0.200000
v 6.556331 0.382764 0.200000
v 6.548296 0.389705 -0.200000
v 6.548296 0.389705 0.200000
v 6.540958 0.396726 -0.200000
v 6.540958 0.396726 0.200000
v 6.534320 0.403828 -0.200000
v 6.534320 0.403828 0.200000
v 6.528380 0.411009 -0.200000
v 6.528380 0.411009 0.200000
v 6.523139 0.418272 -0.200000
v 6.523139 0.418272 0.200000
v 6.518597 0.425614 -0.200000
v 6.518597 0.425614 0.200000
v 6.514753 0.433036 -0.200000
v 6.514753 0.433036 0.200000
v 6.511609 0.440539 -0.200000
v 6.511609 0.440539 0.200000
v 6.509163 0.448122 -0.200000
v 6.509163 0.448122 0.200000
v 6.507416 0.455786 -0.200000
v 6.507416 0.455786 0.200000
v 6.506368 0.463529 -0.200000
v 6.506368 0.463529 0.200000
v 6.506018 0.471353 -0.200000
v 6.506018 0.471353 0.200000
v 6.506205 0.479165 -0.200000
v 6.506205 0.479165 0.200000
v 6.506767 0.486873 -0.200000
v 6.506767 0.486873 0.200000
v 6.507703 0.494478 -0.200000
v 6.507703 0.494478 0.200000
v 6.509014 0.501979 -0.200000
v 6.509014 0.501979 0.200000
v 6.510699 0.509377 -0.200000
v 6.510699 0.509377 0.200000
v 6.512758 0.516671 -0.200000
v 6.512758 0.516671 0.200000
v 6.515193 0.523861 -0.200000
v 6.515193 0.523861 0.200000
v 6.518001 0.530947 -0.200000
v 6.518001 0.530947 0.200000
v 6.521184 0.537930 -0.200000
v 6.521184 0.537930 0.200000
v 6.524742 0.544810 -0.200000
v 6.524742 0.544810 0.200000
v 6.528674 0.551585 -0.200000
v 6.528674 0.551585 0.200000
v 6.532980 0.558257 -0.200000
v 6.532980 0.558257 0.200000
v 6.537796 0.564845 -0.200000
v 6.537796 0.564845 0.200000
v 6.543258 0.571370 -0.200000
v 6.543258 0.571370 0.200000
v 6.549365 0.577832 -0.200000
v 6.549365 0.577832 0.200000
v 6.556117 0.584229 -0.200000
v 6.556117 0.584229 0.200000
v 6.563515 0.590564 -0.200000
v 6.563515 0.590564 0.200000
v 6.571558 0.596834 -0.200000
v 6.571558 0.596834 0.200000
v 6.580245 0.603042 -0.200000
v 6.580245 0.603042 0.200000
v 6.589579 0.609185 -0.200000
v 6.589579 0.609185 0.200000
v 6.599557 0.615265 -0.200000
v 6.599557 0.615265 0.200000
v 6.610181 0.621282 -0.200000
v 6.610181 0.621282 0.200000
v 6.621450 0.627235 -0.200000
v 6.621450 0.627235 0.200000
v 6.633365 0.633125 -0.200000
v 6.633365 0.633125 0.200000
v 6.645892 0.638849 -0.200000
v 6.645892 0.638849 0.200000
v 6.658997 0.644305 -0.200000
v 6.658997 0.644305 0.200000
v 6.672680 0.649494 -0.200000
v 6.672680 0.649494 0.200000
v 6.686942 0.654416 -0.200000
v 6.686942 0.654416 0.200000
v 6.701782 0.659070 -0.200000
v 6.701782 0.659070 0.200000
v 6.717201 0.663457 -0.200000
v 6.717201 0.663457 0.200000
v 6.733198 0.667576 -0.200000
v 6.733198 0.667576 0.200000
v 6.749773 0.671428 -0.200000
v 6.749773 0.671428 0.200000
v 6.766927 0.675012 -0.200000
v 6.766927 0.675012 0.200000
v 6.784659 0.678329 -0.200000
v 6.784659 0.678329 0.200000
v 6.802969 0.681378 -0.200000
v 6.802969 0.681378 0.200000
v 6.821858 0.684160 -0.200000
v 6.821858 0.684160 0.200000
v 6.840699 0.686671 -0.200000
v 6.840699 0.686671 0.200000
v 6.858864 0.688908 -0.200000
v 6.858864 0.688908 0.200000
v 6.876354 0.690870 -0.200000
v 6.876354 0.690870 0.200000
v 6.893168 0.692559 -0.200000
v 6.893168 0.692559 0.200000
v 6.909307 0.693973 -0.200000
v 6.909307 0.693973 0.200000
v 6.924771 0.695113 -0.200000
v 6.924771 0.695113 0.200000
v 6.939559 0.695979 -0.200000
v 6.939559 0.695979 0.200000
v 6.953672 0.696571 -0.200000
v 6.953672 0.696571 0.200000
v 6.967110 0.696889 -0.200000
v 6.967110 0.696889 0.200000
v 6.979872 0.696932 -0.200000
v 6.979872 0.696932 0.200000
v 6.991959 0.696701 -0.200000
v 6.991959 0.696701 0.200000
v 7.003370 0.696196 -0.200000
v 7.003370 0.696196 0.200000
v 7.012257 0.696100 -0.200000
v 7.012257 0.696100 0.200000
v 7.022067 0.695809 -0.200000
v 7.022067 0.695809 0.200000
v 7.032799 0.695324 -0.200000
v 7.032799 0.695324 0.200000
v 7.044455 0.694645 -0.200000
v 7.044455 0.694645 0.200000
v 7.057033 0.693772 -0.200000
v 7.057033 0.693772 0.200000
v 7.070534 0.692706 -0.200000
v 7.070534 0.692706 0.200000
v 7.084958 0.691445 -0.200000
v 7.084958 0.691445 0.200000
v 7.100305 0.689991 -0.200000
v 7.100305 0.689991 0.200000
v 7.116574 0.688343 -0.200000
v 7.116574 0.688343 0.200000
v 7.133767 0.686500 -0.200000
v 7.133767 0.686500 0.200000
v 7.151882 0.684464 -0.200000
v 7.151882 0.684464 0.200000
v 7.170919 0.682234 -0.200000
v 7.170919 0.682234 0.200000
v 7.189981 0.679842 -0.200000
v 7.189981 0.679842 0.200000
v 7.208166 0.677319 -0.200000
v 7.208166 0.677319 0.200000
v 7.225475 0.674666 -0.200000
v 7.225475 0.674666 0.200000
v 7.241909 0.671883 -0.200000
v 7.241909 0.671883 0.200000
v 7.257466 0.668969 -0.200000
v 7.257466 0.668969 0.200000
v 7.272147 0.665924 -0.200000
v 7.272147 0.665924 0.200000
v 7.285953 0.662750 -0.200000
v 7.285953 0.662750 0.200000
v 7.298882 0.659445 -0.200000
v 7.298882 0.659445 0.200000
v 7.310935 0.656009 -0.200000
v 7.310935 0.656009 0.200000
v 7.322113 0.652443 -0.200000
v 7.322113 0.652443 0.200000
v 7.332414 0.648747 -0.200000
v 7.332414 0.648747 0.200000
v 7.341839 0.644921 -0.200000
v 7.341839 0.644921 0.200000
v 7.350753 0.640943 -0.200000
v 7.350753 0.640943 0.200000
v 7.359520 0.636796 -0.200000
v 7.359520 0.636796 0.200000
v 7.368139 0.632478 -0.200000
v 7.368139 0.632478 0.200000
v 7.376612 0.627989 -0.200000
v 7.376612 0.627989 0.200000
v 7.384937 0.623330 -0.200000
v 7.384937 0.623330 0.200000
v 7.393115 0.618500 -0.200000
v 7.393115 0.618500 0.200000
v 7.401146 0.613500 -0.200000
v 7.401146 0.613500 0.200000
v 7.409030 0.608329 -0.200000
v 7.409030 0.608329 0.200000
v 7.416767 0.602988 -0.200000
v 7.416767 0.602988 0.200000
v 7.424356 0.597476 -0.200000
v 7.424356 0.597476 0.200000
v 7.431799 0.591794 -0.200000
v 7.431799 0.591794 0.200000
v 7.439095 0.585941 -0.200000
v 7.439095 0.585941 0.200000
v 7.446093 0.579923 -0.200000
v 7.446093 0.579923 0.200000
v 7.452642 0.573744 -0.200000
v 7.452642 0.573744 0.200000
v 7.458745 0.567405 -0.200000
v 7.458745 0.567405 0.200000
v 7.464398 0.560905 -0.200000
v 7.464398 0.560905 0.200000
v 7.469604 0.554245 -0.200000
v 7.469604 0.554245 0.200000
v 7.474362 0.547424 -0.200000
v 7.474362 0.547424 0.200000
v 7.478672 0.540443 -0.200000
v 7.478672 0.540443 0.200000
v 7.482533 0.533301 -0.200000
v 7.482533 0.533301 0.200000
v 7.485947 0.525999 -0.200000
v 7.485947 0.525999 0.200000
v 7.488913 0.518536 -0.200000
v 7.488913 0.518536 0.200000
v 7.491430 0.510913 -0.200000
v 7.491430 0.510913 0.200000
v 7.493500 0.503130 -0.200000
v 7.493500 0.503130 0.200000
v 7.197400 0.503130 -0.200000
v 7.197400 0.503130 0.200000
v 7.193021 0.509696 -0.200000
v 7.193021 0.509696 0.200000
v 7.188713 0.515915 -0.200000
v 7.188713 0.515915 0.200000
v 7.184475 0.521786 -0.200000
v 7.184475 0.521786 0.200000
v 7.180307 0.527310 -0.200000
v 7.180307 0.527310 0.200000
v 7.176210 0.532485 -0.200000
v 7.176210 0.532485 0.200000
v 7.172183 0.537313 -0.200000
v 7.172183 0.537313 0.200000
v 7.168226 0.541794 -0.200000
v 7.168226 0.541794 0.200000
v 7.164339 0.545926 -0.200000
v 7.164339 0.545926 0.200000
v 7.160522 0.549711 -0.200000
v 7.160522 0.549711 0.200000
v 7.156776 0.553148 -0.200000
v 7.156776 0.553148 0.200000
v 7.153100 0.556238 -0.200000
v 7.153100 0.556238 0.200000
v 7.149494 0.558979 -0.200000
v 7.149494 0.558979 0.200000
v 7.851709 0.065961 -0.200000
v 7.851709 0.065961 0.200000
v 7.565720 0.065961 -0.200000
v 7.565720 0.065961 0.200000
v 7.565720 0.678864 -0.200000
v 7.565720 0.678864 0.200000
v 7.851709 0.678864 -0.200000
v 7.851709 0.678864 0.200000
v 8.207029 0.649976 -0.200000
v 8.207029 0.649976 0.200000
v 8.229307 0.656589 -0.200000
v 8.229307 0.656589 0.200000
v 8.251685 0.662628 -0.200000
v 8.251685 0.662628 0.200000
v 8.274163 0.668091 -0.200000
v 8.274163 0.668091 0.200000
v 8.296741 0.672979 -0.200000
v 8.296741 0.672979 0.200000
v 8.319421 0.677292 -0.200000
v 8.319421 0.677292 0.200000
v 8.342200 0.681030 -0.200000
v 8.342200 0.681030 0.200000
v 8.365080 0.684193 -0.200000
v 8.365080 0.684193 0.200000
v 8.388060 0.686781 -0.200000
v 8.388060 0.686781 0.200000
v 8.411139 0.688794 -0.200000
v 8.411139 0.688794 0.200000
v 8.434319 0.690232 -0.200000
v 8.434319 0.690232 0.200000
v 8.457601 0.691094 -0.200000
v 8.457601 0.691094 0.200000
v 8.480982 0.691382 -0.200000
v 8.480982 0.691382 0.200000
v 8.504436 0.691094 -0.200000
v 8.504436 0.691094 0.200000
v 8.527778 0.690232 -0.200000
v 8.527778 0.690232 0.200000
v 8.551005 0.688794 -0.200000
v 8.551005 0.688794 0.200000
v 8.574119 0.686781 -0.200000
v 8.574119 0.686781 0.200000
v 8.597118 0.684193 -0.200000
v 8.597118 0.684193 0.200000
v 8.620005 0.681030 -0.200000
v 8.620005 0.681030 0.200000
v 8.642777 0.677292 -0.200000
v 8.642777 0.677292 0.200000
v 8.665437 0.672979 -0.200000
v 8.665437 0.672979 0.200000
v 8.687982 0.668091 -0.200000
v 8.687982 0.668091 0.200000
v 8.710413 0.662628 -0.200000
v 8.710413 0.662628 0.200000
v 8.732731 0.656589 -0.200000
v 8.732731 0.656589 0.200000
v 8.754935 0.649976 -0.200000
v 8.754935 0.649976 0.200000
v 8.776685 0.642831 -0.200000
v 8.776685 0.642831 0.200000
v 8.797638 0.635198 -0.200000
v 8.797638 0.635198 0.200000
v 8.817796 0.627076 -0.200000
v 8.817796 0.627076 0.200000
v 8.837158 0.618467 -0.200000
v 8.837158 0.618467 0.200000
v 8.855724 0.609369 -0.200000
v 8.855724 0.609369 0.200000
v 8.873495 0.599783 -0.200000
v 8.873495 0.599783 0.200000
v 8.890470 0.589709 -0.200000
v 8.890470 0.589709 0.200000
v 8.906649 0.579147 -0.200000
v 8.906649 0.579147 0.200000
v 8.922032 0.568097 -0.200000
v 8.922032 0.568097 0.200000
v 8.936620 0.556559 -0.200000
v 8.936620 0.556559 0.200000
v 8.950412 0.544532 -0.200000
v 8.950412 0.544532 0.200000
v 8.963408 0.532017 -0.200000
v 8.963408 0.532017 0.200000
v 8.975482 0.519208 -0.200000
v 8.975482 0.519208 0.200000
v 8.986506 0.506299 -0.200000
v 8.986506 0.506299 0.200000
v 8.996479 0.493290 -0.200000
v 8.996479 0.493290 0.200000
v 9.005403 0.480180 -0.200000
v 9.005403 0.480180 0.200000
v 9.013276 0.466970 -0.200000
v 9.013276 0.466970 0.200000
v 9.020101 0.453659 -0.200000
v 9.020101 0.453659 0.200000
v 9.025875 0.440248 -0.200000
v 9.025875 0.440248 0.200000
v 9.030600 0.426737 -0.200000
v 9.030600 0.426737 0.200000
v 9.034274 0.413126 -0.200000
v 9.034274 0.413126 0.200000
v 9.036899 0.399414 -0.200000
v 9.036899 0.399414 0.200000
v 9.038473 0.385602 -0.200000
v 9.038473 0.385602 0.200000
v 9.038999 0.371690 -0.200000
v 9.038999 0.371690 0.200000
v 9.038488 0.357860 -0.200000
v 9.038488 0.357860 0.200000
v 9.036959 0.344133 -0.200000
v 9.036959 0.344133 0.200000
v 9.034410 0.330510 -0.200000
v 9.034410 0.330510 0.200000
v 9.030840 0.316990 -0.200000
v 9.030840 0.316990 0.200000
v 9.026251 0.303575 -0.200000
v 9.026251 0.303575 0.200000
v 9.020642 0.290262 -0.200000
v 9.020642 0.290262 0.200000
v 9.014014 0.277054 -0.200000
v 9.014014 0.277054 0.200000
v 9.006366 0.263949 -0.200000
v 9.006366 0.263949 0.200000
v 8.997698 0.250948 -0.200000
v 8.997698 0.250948 0.200000
v 8.988010 0.238050 -0.200000
v 8.988010 0.238050 0.200000
v 8.977303 0.225256 -0.200000
v 8.977303 0.225256 0.200000
v 8.965575 0.212566 -0.200000
v 8.965575 0.212566 0.200000
v 8.952924 0.200160 -0.200000
v 8.952924 0.200160 0.200000
v 8.939443 0.188219 -0.200000
v 8.939443 0.188219 0.200000
v 8.925133 0.176742 -0.200000
v 8.925133 0.176742 0.200000
v 8.909993 0.165730 -0.200000
v 8.909993 0.165730 0.200000
v 8.894025 0.155183 -0.200000
v 8.894025 0.155183 0.200000
v 8.877227 0.145101 -0.200000
v 8.877227 0.145101 0.200000
v 8.859600 0.135484 -0.200000
v 8.859600 0.135484 0.200000
v 8.841144 0.126331 -0.200000
v 8.841144 0.126331 0.200000
v 8.821858 0.117643 -0.200000
v 8.821858 0.117643 0.200000
v 8.801744 0.109419 -0.200000
v 8.801744 0.109419 0.200000
v 8.780800 0.101661 -0.200000
v 8.780800 0.101661 0.200000
v 8.759027 0.094367 -0.200000
v 8.759027 0.094367 0.200000
v 8.736758 0.087600 -0.200000
v 8.736758 0.087600 0.200000
v 8.714325 0.081421 -0.200000
v 8.714325 0.081421 0.200000
v 8.691728 0.075831 -0.200000
v 8.691728 0.075831 0.200000
v 8.668966 0.070829 -0.200000
v 8.668966 0.070829 0.200000
v 8.646042 0.066415 -0.200000
v 8.646042 0.066415 0.200000
v 8.622953 0.062590 -0.200000
v 8.622953 0.062590 0.200000
v 8.599701 0.059354 -0.200000
v 8.599701 0.059354 0.200000
v 8.576284 0.056706 -0.200000
v 8.576284 0.056706 0.200000
v 8.552705 0.054646 -0.200000
v 8.552705 0.054646 0.200000
v 8.528961 0.053175 -0.200000
v 8.528961 0.053175 0.200000
v 8.505054 0.052292 -0.200000
v 8.505054 0.052292 0.200000
v 8.480982 0.051998 -0.200000
v 8.480982 0.051998 0.200000
v 8.457066 0.052292 -0.200000
v 8.457066 0.052292 0.200000
v 8.433304 0.053175 -0.200000
v 8.433304 0.053175 0.200000
v 8.409696 0.054646 -0.200000
v 8.409696 0.054646 0.200000
v 8.386241 0.056706 -0.200000
v 8.386241 0.056706 0.200000
v 8.362940 0.059354 -0.200000
v 8.362940 0.059354 0.200000
v 8.339793 0.062590 -0.200000
v 8.339793 0.062590 0.200000
v 8.316800 0.066415 -0.200000
v 8.316800 0.066415 0.200000
v 8.293961 0.070829 -0.200000
v 8.293961 0.070829 0.200000
v 8.271275 0.075831 -0.200000
v 8.271275 0.075831 0.200000
v 8.248743 0.081421 -0.200000
v 8.248743 0.081421 0.200000
v 8.226365 0.087600 -0.200000
v 8.226365 0.087600 0.200000
v 8.204141 0.094367 -0.200000
v 8.204141 0.094367 0.200000
v 8.182405 0.101661 -0.200000
v 8.182405 0.101661 0.200000
v 8.161490 0.109419 -0.200000
v 8.161490 0.109419 0.200000
v 8.141399 0.117643 -0.200000
v 8.141399 0.117643 0.200000
v 8.122130 0.126331 -0.200000
v 8.122130 0.126331 0.200000
v 8.103684 0.135484 -0.200000
v 8.103684 0.135484 0.200000
v 8.086061 0.145101 -0.200000
v 8.086061 0.145101 0.200000
v 8.069260 0.155183 -0.200000
v 8.069260 0.155183 0.200000
v 8.053281 0.165731 -0.200000
v 8.053281 0.165730 0.200000
v 8.038125 0.176742 -0.200000
v 8.038125 0.176742 0.200000
v 8.023791 0.188219 -0.200000
v 8.023791 0.188219 0.200000
v 8.010281 0.200160 -0.200000
v 8.010281 0.200160 0.200000
v 7.997592 0.212566 -0.200000
v 7.997592 0.212566 0.200000
v 7.985827 0.225256 -0.200000
v 7.985827 0.225256 0.200000
v 7.975084 0.238050 -0.200000
v 7.975084 0.238050 0.200000
v 7.965365 0.250948 -0.200000
v 7.965365 0.250948 0.200000
v 7.956668 0.263949 -0.200000
v 7.956668 0.263949 0.200000
v 7.948995 0.277054 -0.200000
v 7.948995 0.277054 0.200000
v 7.942345 0.290262 -0.200000
v 7.942345 0.290262 0.200000
v 7.936718 0.303575 -0.200000
v 7.936718 0.303575 0.200000
v 7.932114 0.316990 -0.200000
v 7.932114 0.316990 0.200000
v 7.928533 0.330510 -0.200000
v 7.928533 0.330510 0.200000
v 7.925975 0.344133 -0.200000
v 7.925975 0.344133 0.200000
v 7.924441 0.357860 -0.200000
v 7.924441 0.357860 0.200000
v 7.923929 0.371690 -0.200000
v 7.923929 0.371690 0.200000
v 7.924448 0.385602 -0.200000
v 7.924448 0.385602 0.200000
v 7.926008 0.399414 -0.200000
v 7.926008 0.399414 0.200000
v 7.928608 0.413126 -0.200000
v 7.928608 0.413126 0.200000
v 7.932247 0.426737 -0.200000
v 7.932247 0.426737 0.200000
v 7.936926 0.440248 -0.200000
v 7.936926 0.440248 0.200000
v 7.942646 0.453659 -0.200000
v 7.942646 0.453659 0.200000
v 7.949404 0.466970 -0.200000
v 7.949404 0.466970 0.200000
v 7.957203 0.480180 -0.200000
v 7.957203 0.480180 0.200000
v 7.966042 0.493290 -0.200000
v 7.966042 0.493290 0.200000
v 7.975920 0.506299 -0.200000
v 7.975920 0.506299 0.200000
v 7.986838 0.519208 -0.200000
v 7.986838 0.519208 0.200000
v 7.998796 0.532017 -0.200000
v 7.998796 0.532017 0.200000
v 8.011681 0.544532 -0.200000
v 8.011681 0.544532 0.200000
v 8.025377 0.556559 -0.200000
v 8.025377 0.556559 0.200000
v 8.039886 0.568097 -0.200000
v 8.039886 0.568097 0.200000
v 8.055208 0.579147 -0.200000
v 8.055208 0.579147 0.200000
v 8.071342 0.589709 -0.200000
v 8.071342 0.589709 0.200000
v 8.088289 0.599783 -0.200000
v 8.088289 0.599783 0.200000
v 8.106049 0.609369 -0.200000
v 8.106049 0.609369 0.200000
v 8.124620 0.618467 -0.200000
v 8.124620 0.618467 0.200000
v 8.144005 0.627076 -0.200000
v 8.144005 0.627076 0.200000
v 8.164202 0.635198 -0.200000
v 8.164202 0.635198 0.200000
v 8.185211 0.642831 -0.200000
v 8.185211 0.642831 0.200000
v 8.488204 0.534425 -0.200000
v 8.488204 0.534425 0.200000
v 8.477160 0.534273 -0.200000
v 8.477160 0.534273 0.200000
v 8.466177 0.533816 -0.200000
v 8.466177 0.533816 0.200000
v 8.455254 0.533055 -0.200000
v 8.455254 0.533055 0.200000
v 8.444390 0.531991 -0.200000
v 8.444390 0.531991 0.200000
v 8.433587 0.530621 -0.200000
v 8.433587 0.530621 0.200000
v 8.422845 0.528948 -0.200000
v 8.422845 0.528948 0.200000
v 8.412163 0.526970 -0.200000
v 8.412163 0.526970 0.200000
v 8.401541 0.524688 -0.200000
v 8.401541 0.524688 0.200000
v 8.390979 0.522102 -0.200000
v 8.390979 0.522102 0.200000
v 8.380477 0.519212 -0.200000
v 8.380477 0.519212 0.200000
v 8.370035 0.516017 -0.200000
v 8.370035 0.516017 0.200000
v 8.359653 0.512518 -0.200000
v 8.359653 0.512518 0.200000
v 8.349489 0.508745 -0.200000
v 8.349489 0.508745 0.200000
v 8.339700 0.504728 -0.200000
v 8.339700 0.504728 0.200000
v 8.330284 0.500466 -0.200000
v 8.330284 0.500466 0.200000
v 8.321243 0.495961 -0.200000
v 8.321243 0.495961 0.200000
v 8.312577 0.491212 -0.200000
v 8.312577 0.491212 0.200000
v 8.304285 0.486218 -0.200000
v 8.304285 0.486218 0.200000
v 8.296368 0.480980 -0.200000
v 8.296368 0.480980 0.200000
v 8.288825 0.475499 -0.200000
v 8.288825 0.475499 0.200000
v 8.281656 0.469773 -0.200000
v 8.281656 0.469773 0.200000
v 8.274862 0.463803 -0.200000
v 8.274862 0.463803 0.200000
v 8.268443 0.457589 -0.200000
v 8.268443 0.457589 0.200000
v 8.262398 0.451131 -0.200000
v 8.262398 0.451131 0.200000
v 8.256783 0.444521 -0.200000
v 8.256783 0.444521 0.200000
v 8.251657 0.437851 -0.200000
v 8.251657 0.437851 0.200000
v 8.247020 0.431121 -0.200000
v 8.247020 0.431121 0.200000
v 8.242870 0.424330 -0.200000
v 8.242870 0.424330 0.200000
v 8.239209 0.417479 -0.200000
v 8.239209 0.417479 0.200000
v 8.236036 0.410568 -0.200000
v 8.236036 0.410568 0.200000
v 8.233352 0.403597 -0.200000
v 8.233352 0.403597 0.200000
v 8.231155 0.396566 -0.200000
v 8.231155 0.396566 0.200000
v 8.229447 0.389474 -0.200000
v 8.229447 0.389474 0.200000
v 8.228227 0.382322 -0.200000
v 8.228227 0.382322 0.200000
v 8.227494 0.375110 -0.200000
v 8.227494 0.375110 0.200000
v 8.227251 0.367838 -0.200000
v 8.227251 0.367838 0.200000
v 8.227490 0.360645 -0.200000
v 8.227490 0.360645 0.200000
v 8.228208 0.353508 -0.200000
v 8.228208 0.353508 0.200000
v 8.229403 0.346428 -0.200000
v 8.229403 0.346428 0.200000
v 8.231076 0.339405 -0.200000
v 8.231076 0.339405 0.200000
v 8.233228 0.332439 -0.200000
v 8.233228 0.332439 0.200000
v 8.235857 0.325530 -0.200000
v 8.235857 0.325530 0.200000
v 8.238965 0.318677 -0.200000
v 8.238965 0.318677 0.200000
v 8.242551 0.311881 -0.200000
v 8.242551 0.311881 0.200000
v 8.246614 0.305143 -0.200000
v 8.246614 0.305143 0.200000
v 8.251157 0.298461 -0.200000
v 8.251157 0.298461 0.200000
v 8.256177 0.291836 -0.200000
v 8.256177 0.291836 0.200000
v 8.261675 0.285267 -0.200000
v 8.261675 0.285267 0.200000
v 8.267608 0.278846 -0.200000
v 8.267608 0.278846 0.200000
v 8.273932 0.272662 -0.200000
v 8.273932 0.272662 0.200000
v 8.280648 0.266716 -0.200000
v 8.280648 0.266716 0.200000
v 8.287755 0.261007 -0.200000
v 8.287755 0.261007 0.200000
v 8.295253 0.255535 -0.200000
v 8.295253 0.255535 0.200000
v 8.303142 0.250301 -0.200000
v 8.303142 0.250301 0.200000
v 8.311421 0.245304 -0.200000
v 8.311421 0.245304 0.200000
v 8.320093 0.240545 -0.200000
v 8.320093 0.240545 0.200000
v 8.329156 0.236023 -0.200000
v 8.329156 0.236023 0.200000
v 8.338610 0.231738 -0.200000
v 8.338610 0.231738 0.200000
v 8.348454 0.227691 -0.200000
v 8.348454 0.227691 0.200000
v 8.358690 0.223881 -0.200000
v 8.358690 0.223881 0.200000
v 8.369152 0.220343 -0.200000
v 8.369152 0.220343 0.200000
v 8.379674 0.217113 -0.200000
v 8.379674 0.217113 0.200000
v 8.390256 0.214191 -0.200000
v 8.390256 0.214191 0.200000
v 8.400898 0.211577 -0.200000
v 8.400898 0.211576 0.200000
v 8.411600 0.209270 -0.200000
v 8.411600 0.209269 0.200000
v 8.422363 0.207270 -0.200000
v 8.422363 0.207270 0.200000
v 8.433187 0.205578 -0.200000
v 8.433187 0.205578 0.200000
v 8.444070 0.204194 -0.200000
v 8.444070 0.204194 0.200000
v 8.455013 0.203117 -0.200000
v 8.455013 0.203117 0.200000
v 8.466017 0.202348 -0.200000
v 8.466017 0.202348 0.200000
v 8.477080 0.201887 -0.200000
v 8.477080 0.201887 0.200000
v 8.488204 0.201733 -0.200000
v 8.488204 0.201733 0.200000
v 8.499328 0.201887 -0.200000
v 8.499328 0.201887 0.200000
v 8.510391 0.202348 -0.200000
v 8.510391 0.202348 0.200000
v 8.521395 0.203117 -0.200000
v 8.521395 0.203117 0.200000
v 8.532338 0.204194 -0.200000
v 8.532338 0.204194 0.200000
v 8.543221 0.205578 -0.200000
v 8.543221 0.205578 0.200000
v 8.554045 0.207270 -0.200000
v 8.554045 0.207270 0.200000
v 8.564808 0.209270 -0.200000
v 8.564808 0.209269 0.200000
v 8.575510 0.211577 -0.200000
v 8.575510 0.211577 0.200000
v 8.586152 0.214191 -0.200000
v 8.586152 0.214191 0.200000
v 8.596734 0.217113 -0.200000
v 8.596734 0.217113 0.200000
v 8.607256 0.220343 -0.200000
v 8.607256 0.220343 0.200000
v 8.617718 0.223881 -0.200000
v 8.617718 0.223881 0.200000
v 8.627953 0.227691 -0.200000
v 8.627953 0.227691 0.200000
v 8.637793 0.231738 -0.200000
v 8.637793 0.231738 0.200000
v 8.647238 0.236023 -0.200000
v 8.647238 0.236023 0.200000
v 8.656289 0.240545 -0.200000
v 8.656289 0.240545 0.200000
v 8.664946 0.245304 -0.200000
v 8.664946 0.245304 0.200000
v 8.673207 0.250301 -0.200000
v 8.673207 0.250301 0.200000
v 8.681074 0.255535 -0.200000
v 8.681074 0.255535 0.200000
v 8.688547 0.261007 -0.200000
v 8.688547 0.261007 0.200000
v 8.695625 0.266716 -0.200000
v 8.695625 0.266716 0.200000
v 8.702309 0.272662 -0.200000
v 8.702309 0.272662 0.200000
v 8.708598 0.278846 -0.200000
v 8.708598 0.278846 0.200000
v 8.714492 0.285267 -0.200000
v 8.714492 0.285267 0.200000
v 8.719952 0.291836 -0.200000
v 8.719952 0.291836 0.200000
v 8.724936 0.298461 -0.200000
v 8.724936 0.298461 0.200000
v 8.729446 0.305143 -0.200000
v 8.729446 0.305143 0.200000
v 8.733482 0.311881 -0.200000
v 8.733482 0.311881 0.200000
v 8.737043 0.318677 -0.200000
v 8.737043 0.318677 0.200000
v 8.740129 0.325530 -0.200000
v 8.740129 0.325530 0.200000
v 8.742741 0.332439 -0.200000
v 8.742741 0.332439 0.200000
v 8.744877 0.339405 -0.200000
v 8.744877 0.339405 0.200000
v 8.746539 0.346428 -0.200000
v 8.746539 0.346428 0.200000
v 8.747726 0.353508 -0.200000
v 8.747726 0.353508 0.200000
v 8.748439 0.360645 -0.200000
v 8.748439 0.360645 0.200000
v 8.748676 0.367838 -0.200000
v 8.748676 0.367838 0.200000
v 8.748430 0.375110 -0.200000
v 8.748430 0.375110 0.200000
v 8.747693 0.382322 -0.200000
v 8.747693 0.382322 0.200000
v 8.746465 0.389474 -0.200000
v 8.746465 0.389474 0.200000
v 8.744744 0.396566 -0.200000
v 8.744744 0.396566 0.200000
v 8.742533 0.403597 -0.200000
v 8.742533 0.403597 0.200000
v 8.739829 0.410568 -0.200000
v 8.739829 0.410568 0.200000
v 8.736634 0.417479 -0.200000
v 8.736634 0.417479 0.200000
v 8.732948 0.424330 -0.200000
v 8.732948 0.424330 0.200000
v 8.728770 0.431121 -0.200000
v 8.728770 0.431121 0.200000
v 8.724101 0.437851 -0.200000
v 8.724101 0.437851 0.200000
v 8.718941 0.444521 -0.200000
v 8.718941 0.444521 0.200000
v 8.713288 0.451131 -0.200000
v 8.713288 0.451131 0.200000
v 8.707205 0.457589 -0.200000
v 8.707205 0.457589 0.200000
v 8.700750 0.463803 -0.200000
v 8.700750 0.463803 0.200000
v 8.693925 0.469773 -0.200000
v 8.693925 0.469773 0.200000
v 8.686728 0.475499 -0.200000
v 8.686728 0.475499 0.200000
v 8.679160 0.480981 -0.200000
v 8.679160 0.480981 0.200000
v 8.671221 0.486218 -0.200000
v 8.671221 0.486218 0.200000
v 8.662910 0.491212 -0.200000
v 8.662910 0.491212 0.200000
v 8.654229 0.495961 -0.200000
v 8.654229 0.495961 0.200000
v 8.645177 0.500466 -0.200000
v 8.645177 0.500466 0.200000
v 8.635754 0.504728 -0.200000
v 8.635754 0.504728 0.200000
v 8.625958 0.508745 -0.200000
v 8.625958 0.508745 0.200000
v 8.615792 0.512518 -0.200000
v 8.615792 0.512518 0.200000
v 8.605417 0.516017 -0.200000
v 8.605417 0.516017 0.200000
v 8.594995 0.519212 -0.200000
v 8.594995 0.519212 0.200000
v 8.584527 0.522102 -0.200000
v 8.584527 0.522102 0.200000
v 8.574012 0.524688 -0.200000
v 8.574012 0.524688 0.200000
v 8.563450 0.526970 -0.200000
v 8.563450 0.526970 0.200000
v 8.552841 0.528948 -0.200000
v 8.552841 0.528948 0.200000
v 8.542186 0.530621 -0.200000
v 8.542186 0.530621 0.200000
v 8.531484 0.531991 -0.200000
v 8.531484 0.531991 0.200000
v 8.520735 0.533055 -0.200000
v 8.520735 0.533055 0.200000
v 8.509938 0.533816 -0.200000
v 8.509938 0.533816 0.200000
v 8.499095 0.534273 -0.200000
v 8.499095 0.534273 0.200000
v 9.872894 0.308618 -0.200000
v 9.872894 0.308618 0.200000
v 9.872894 0.678864 -0.200000
v 9.872894 0.678864 0.200000
v 10.104478 0.678864 -0.200000
v 10.104478 0.678864 0.200000
v 10.104478 0.065961 -0.200000
v 10.104478 0.065961 0.200000
v 9.759749 0.065961 -0.200000
v 9.759749 0.065961 0.200000
v 9.346172 0.448243 -0.200000
v 9.346172 0.448243 0.200000
v 9.346172 0.065961 -0.200000
v 9.346172 0.065961 0.200000
v 9.111218 0.065961 -0.200000
v 9.111218 0.065961 0.200000
v 9.111218 0.678864 -0.200000
v 9.111218 0.678864 0.200000
v 9.444391 0.678864 -0.200000
v 9.444391 0.678864 0.200000
vn -0.0000 -0.0000 1.0000
vn -0.0000 -0.0000 -1.0000
vn 0.0495 0.9988 -0.0000
vn 0.1056 0.9944 -0.0000
vn 0.1703 0.9854 -0.0000
vn 0.2446 0.9696 -0.0000
vn 0.3292 0.9443 -0.0000
vn 0.4238 0.9058 -0.0000
vn 0.5266 0.8501 -0.0000
vn 0.6332 0.7740 -0.0000
vn 0.7369 0.6760 -0.0000
vn 0.8296 0.5584 -0.0000
vn 0.9039 0.4277 -0.0000
vn 0.8244 -0.5661 -0.0000
vn -0.5999 -0.8001 -0.0000
vn -0.9432 -0.3322 -0.0000
vn -0.9012 -0.4335 -0.0000
vn -0.8481 -0.5298 -0.0000
vn -0.7862 -0.6180 -0.0000
vn -0.7183 -0.6958 -0.0000
vn -0.6475 -0.7620 -0.0000
vn -0.5767 -0.8169 -0.0000
vn -0.5081 -0.8613 -0.0000
vn -0.4430 -0.8965 -0.0000
vn -0.3824 -0.9240 -0.0000
vn -0.3267 -0.9451 -0.0000
vn -0.2819 -0.9595 -0.0000
vn -0.2523 -0.9677 -0.0000
vn -0.2293 -0.9734 -0.0000
vn -0.2062 -0.9785 -0.0000
vn -0.1830 -0.9831 -0.0000
vn -0.1599 -0.9871 -0.0000
vn -0.1367 -0.9906 -0.0000
vn -0.1136 -0.9935 -0.0000
vn -0.0906 -0.9959 -0.0000
vn -0.0677 -0.9977 -0.0000
vn -0.0449 -0.9990 -0.0000
vn -0.0224 -0.9998 -0.0000
vn 0.0033 -1.0000 -0.0000
vn 0.0357 -0.9994 -0.0000
vn 0.0717 -0.9974 -0.0000
vn 0.1079 -0.9942 -0.0000
vn 0.1442 -0.9896 -0.0000
vn 0.1803 -0.9836 -0.0000
vn 0.2163 -0.9763 -0.0000
vn 0.2519 -0.9678 -0.0000
vn 0.2870 -0.9579 -0.0000
vn 0.3214 -0.9469 -0.0000
vn 0.3551 -0.9348 -0.0000
vn 0.3879 -0.9217 -0.0000
vn 0.4315 -0.9021 -0.0000
vn 0.4986 -0.8668 -0.0000
vn 0.5771 -0.8167 -0.0000
vn 0.6535 -0.7569 -0.0000
vn 0.7253 -0.6884 -0.0000
vn 0.7902 -0.6128 -0.0000
vn 0.8464 -0.5325 -0.0000
vn 0.8930 -0.4501 -0.0000
vn 0.9298 -0.3681 -0.0000
vn 0.9574 -0.2886 -0.0000
vn 0.9770 -0.2132 -0.0000
vn 0.9897 -0.1429 -0.0000
vn 0.9995 -0.0327 -0.0000
vn 0.9964 0.0850 -0.0000
vn 0.9854 0.1702 -0.0000
vn 0.9655 0.2604 -0.0000
vn 0.9354 0.3537 -0.0000
vn 0.8944 0.4473 -0.0000
vn 0.8429 0.5380 -0.0000
vn 0.7823 0.6229 -0.0000
vn 0.7147 0.6994 -0.0000
vn 0.6429 0.7659 -0.0000
vn 0.5696 0.8219 -0.0000
vn 0.4971 0.8677 -0.0000
vn 0.4363 0.8998 -0.0000
vn 0.3957 0.9184 -0.0000
vn 0.3637 0.9315 -0.0000
vn 0.3306 0.9438 -0.0000
vn 0.2964 0.9551 -0.0000
vn 0.2613 0.9653 -0.0000
vn 0.2253 0.9743 -0.0000
vn 0.1887 0.9820 -0.0000
vn 0.1515 0.9885 -0.0000
vn 0.1138 0.9935 -0.0000
vn 0.0759 0.9971 -0.0000
vn 0.0379 0.9993 -0.0000
vn 0.0023 1.0000 -0.0000
vn -0.0288 0.9996 -0.0000
vn -0.0578 0.9983 -0.0000
vn -0.0870 0.9962 -0.0000
vn -0.1164 0.9932 -0.0000
vn -0.1457 0.9893 -0.0000
vn -0.1751 0.9846 -0.0000
vn -0.2043 0.9789 -0.0000
vn -0.2333 0.9724 -0.0000
vn -0.2620 0.9651 -0.0000
vn -0.2904 0.9569 -0.0000
vn -0.3184 0.9479 -0.0000
vn -0.3517 0.9361 -0.0000
vn -0.3970 0.9178 -0.0000
vn -0.4503 0.8929 -0.0000
vn -0.5058 0.8626 -0.0000
vn -0.5630 0.8265 -0.0000
vn -0.6208 0.7840 -0.0000
vn -0.6782 0.7349 -0.0000
vn -0.7339 0.6793 -0.0000
vn -0.7865 0.6176 -0.0000
vn -0.8346 0.5509 -0.0000
vn -0.8772 0.4801 -0.0000
vn -0.9135 0.4069 -0.0000
vn -0.5614 0.8275 -0.0000
vn 0.8143 0.5805 -0.0000
vn 0.9182 -0.3960 -0.0000
vn 0.8474 -0.5309 -0.0000
vn 0.7564 -0.6541 -0.0000
vn 0.6522 -0.7580 -0.0000
vn 0.5434 -0.8395 -0.0000
vn 0.4376 -0.8992 -0.0000
vn 0.3398 -0.9405 -0.0000
vn 0.2522 -0.9677 -0.0000
vn 0.1753 -0.9845 -0.0000
vn 0.1086 -0.9941 -0.0000
vn 0.0508 -0.9987 -0.0000
vn -0.0006 -1.0000 -0.0000
vn -0.0536 -0.9986 -0.0000
vn -0.1157 -0.9933 -0.0000
vn -0.1890 -0.9820 -0.0000
vn -0.2752 -0.9614 -0.0000
vn -0.3752 -0.9269 -0.0000
vn -0.4883 -0.8727 -0.0000
vn -0.6099 -0.7925 -0.0000
vn -0.7310 -0.6824 -0.0000
vn -0.8389 -0.5443 -0.0000
vn -0.9217 -0.3878 -0.0000
vn -0.9738 -0.2275 -0.0000
vn -1.0000 -0.0051 -0.0000
vn -0.9771 0.2126 -0.0000
vn -0.9310 0.3649 -0.0000
vn -0.8558 0.5173 -0.0000
vn -0.7546 0.6562 -0.0000
vn -0.6369 0.7709 -0.0000
vn -0.5150 0.8572 -0.0000
vn -0.3987 0.9171 -0.0000
vn -0.2939 0.9558 -0.0000
vn -0.2025 0.9793 -0.0000
vn -0.1242 0.9923 -0.0000
vn -0.0576 0.9983 -0.0000
vn -0.0018 1.0000 -0.0000
vn -0.2979 0.9546 -0.0000
vn -0.2726 0.9621 -0.0000
vn -0.2484 0.9687 -0.0000
vn -0.2239 0.9746 -0.0000
vn -0.1992 0.9800 -0.0000
vn -0.1744 0.9847 -0.0000
vn -0.1494 0.9888 -0.0000
vn -0.1244 0.9922 -0.0000
vn -0.0994 0.9950 -0.0000
vn -0.0744 0.9972 -0.0000
vn -0.0495 0.9988 -0.0000
vn -0.0247 0.9997 -0.0000
vn -0.0000 1.0000 -0.0000
vn 0.0246 0.9997 -0.0000
vn 0.0494 0.9988 -0.0000
vn 0.0743 0.9972 -0.0000
vn 0.0993 0.9951 -0.0000
vn 0.1244 0.9922 -0.0000
vn 0.1495 0.9888 -0.0000
vn 0.1745 0.9847 -0.0000
vn 0.1995 0.9799 -0.0000
vn 0.2243 0.9745 -0.0000
vn 0.2489 0.9685 -0.0000
vn 0.2733 0.9619 -0.0000
vn 0.2988 0.9543 -0.0000
vn 0.3272 0.9449 -0.0000
vn 0.3580 0.9337 -0.0000
vn 0.3901 0.9208 -0.0000
vn 0.4232 0.9060 -0.0000
vn 0.4575 0.8892 -0.0000
vn 0.4927 0.8702 -0.0000
vn 0.5286 0.8489 -0.0000
vn 0.5652 0.8250 -0.0000
vn 0.6020 0.7985 -0.0000
vn 0.6390 0.7692 -0.0000
vn 0.6756 0.7372 -0.0000
vn 0.7109 0.7033 -0.0000
vn 0.7443 0.6678 -0.0000
vn 0.7773 0.6291 -0.0000
vn 0.8105 0.5858 -0.0000
vn 0.8432 0.5376 -0.0000
vn 0.8749 0.4844 -0.0000
vn 0.9047 0.4261 -0.0000
vn 0.9318 0.3630 -0.0000
vn 0.9553 0.2955 -0.0000
vn 0.9745 0.2245 -0.0000
vn 0.9886 0.1508 -0.0000
vn 0.9971 0.0755 -0.0000
vn 1.0000 0.0004 -0.0000
vn 0.9973 -0.0739 -0.0000
vn 0.9891 -0.1475 -0.0000
vn 0.9756 -0.2197 -0.0000
vn 0.9571 -0.2896 -0.0000
vn 0.9344 -0.3562 -0.0000
vn 0.9082 -0.4186 -0.0000
vn 0.8792 -0.4765 -0.0000
vn 0.8482 -0.5296 -0.0000
vn 0.8161 -0.5779 -0.0000
vn 0.7835 -0.6214 -0.0000
vn 0.7509 -0.6604 -0.0000
vn 0.7175 -0.6966 -0.0000
vn 0.6818 -0.7315 -0.0000
vn 0.6445 -0.7646 -0.0000
vn 0.6071 -0.7946 -0.0000
vn 0.5698 -0.8218 -0.0000
vn 0.5330 -0.8461 -0.0000
vn 0.4969 -0.8678 -0.0000
vn 0.4617 -0.8870 -0.0000
vn 0.4276 -0.9040 -0.0000
vn 0.3946 -0.9188 -0.0000
vn 0.3630 -0.9318 -0.0000
vn 0.3326 -0.9431 -0.0000
vn 0.3042 -0.9526 -0.0000
vn 0.2782 -0.9605 -0.0000
vn 0.2529 -0.9675 -0.0000
vn 0.2274 -0.9738 -0.0000
vn 0.2019 -0.9794 -0.0000
vn 0.1763 -0.9843 -0.0000
vn 0.1507 -0.9886 -0.0000
vn 0.1251 -0.9921 -0.0000
vn 0.0997 -0.9950 -0.0000
vn 0.0744 -0.9972 -0.0000
vn 0.0494 -0.9988 -0.0000
vn 0.0246 -0.9997 -0.0000
vn -0.0000 -1.0000 -0.0000
vn -0.0247 -0.9997 -0.0000
vn -0.0497 -0.9988 -0.0000
vn -0.0748 -0.9972 -0.0000
vn -0.1002 -0.9950 -0.0000
vn -0.1257 -0.9921 -0.0000
vn -0.1513 -0.9885 -0.0000
vn -0.1769 -0.9842 -0.0000
vn -0.2025 -0.9793 -0.0000
vn -0.2281 -0.9736 -0.0000
vn -0.2535 -0.9673 -0.0000
vn -0.2787 -0.9604 -0.0000
vn -0.3047 -0.9524 -0.0000
vn -0.3330 -0.9429 -0.0000
vn -0.3634 -0.9316 -0.0000
vn -0.3950 -0.9187 -0.0000
vn -0.4278 -0.9039 -0.0000
vn -0.4618 -0.8870 -0.0000
vn -0.4969 -0.8678 -0.0000
vn -0.5328 -0.8462 -0.0000
vn -0.5695 -0.8220 -0.0000
vn -0.6066 -0.7950 -0.0000
vn -0.6438 -0.7652 -0.0000
vn -0.6809 -0.7324 -0.0000
vn -0.7164 -0.6977 -0.0000
vn -0.7498 -0.6617 -0.0000
vn -0.7825 -0.6227 -0.0000
vn -0.8152 -0.5791 -0.0000
vn -0.8475 -0.5309 -0.0000
vn -0.8785 -0.4777 -0.0000
vn -0.9076 -0.4198 -0.0000
vn -0.9340 -0.3572 -0.0000
vn -0.9569 -0.2905 -0.0000
vn -0.9754 -0.2204 -0.0000
vn -0.9890 -0.1479 -0.0000
vn -0.9973 -0.0741 -0.0000
vn -1.0000 0.0002 -0.0000
vn -0.9972 0.0748 -0.0000
vn -0.9888 0.1493 -0.0000
vn -0.9749 0.2224 -0.0000
vn -0.9561 0.2930 -0.0000
vn -0.9330 0.3600 -0.0000
vn -0.9062 0.4228 -0.0000
vn -0.8768 0.4808 -0.0000
vn -0.8455 0.5339 -0.0000
vn -0.8131 0.5821 -0.0000
vn -0.7802 0.6255 -0.0000
vn -0.7475 0.6643 -0.0000
vn -0.7141 0.7001 -0.0000
vn -0.6785 0.7346 -0.0000
vn -0.6413 0.7673 -0.0000
vn -0.6039 0.7971 -0.0000
vn -0.5665 0.8241 -0.0000
vn -0.5295 0.8483 -0.0000
vn -0.4931 0.8700 -0.0000
vn -0.4575 0.8892 -0.0000
vn -0.4230 0.9061 -0.0000
vn -0.3896 0.9210 -0.0000
vn -0.3573 0.9340 -0.0000
vn -0.3264 0.9452 -0.0000
vn -0.0001 -1.0000 -0.0000
vn 0.0276 -0.9996 -0.0000
vn 0.0555 -0.9985 -0.0000
vn 0.0835 -0.9965 -0.0000
vn 0.1117 -0.9937 -0.0000
vn 0.1398 -0.9902 -0.0000
vn 0.1680 -0.9858 -0.0000
vn 0.1961 -0.9806 -0.0000
vn 0.2240 -0.9746 -0.0000
vn 0.2516 -0.9678 -0.0000
vn 0.2790 -0.9603 -0.0000
vn 0.3060 -0.9520 -0.0000
vn 0.3337 -0.9427 -0.0000
vn 0.3639 -0.9314 -0.0000
vn 0.3960 -0.9182 -0.0000
vn 0.4293 -0.9032 -0.0000
vn 0.4634 -0.8862 -0.0000
vn 0.4983 -0.8670 -0.0000
vn 0.5339 -0.8455 -0.0000
vn 0.5699 -0.8217 -0.0000
vn 0.6061 -0.7954 -0.0000
vn 0.6423 -0.7665 -0.0000
vn 0.6780 -0.7351 -0.0000
vn 0.7130 -0.7012 -0.0000
vn 0.7464 -0.6655 -0.0000
vn 0.7778 -0.6285 -0.0000
vn 0.8085 -0.5885 -0.0000
vn 0.8387 -0.5446 -0.0000
vn 0.8680 -0.4966 -0.0000
vn 0.8958 -0.4445 -0.0000
vn 0.9214 -0.3885 -0.0000
vn 0.9443 -0.3290 -0.0000
vn 0.9639 -0.2664 -0.0000
vn 0.9795 -0.2013 -0.0000
vn 0.9909 -0.1347 -0.0000
vn 0.9977 -0.0673 -0.0000
vn 1.0000 -0.0002 -0.0000
vn 0.9978 0.0666 -0.0000
vn 0.9911 0.1333 -0.0000
vn 0.9799 0.1992 -0.0000
vn 0.9646 0.2636 -0.0000
vn 0.9455 0.3256 -0.0000
vn 0.9231 0.3846 -0.0000
vn 0.8980 0.4401 -0.0000
vn 0.8707 0.4918 -0.0000
vn 0.8420 0.5395 -0.0000
vn 0.8123 0.5833 -0.0000
vn 0.7821 0.6231 -0.0000
vn 0.7509 0.6605 -0.0000
vn 0.7170 0.6970 -0.0000
vn 0.6812 0.7321 -0.0000
vn 0.6448 0.7644 -0.0000
vn 0.6080 0.7939 -0.0000
vn 0.5713 0.8207 -0.0000
vn 0.5349 0.8449 -0.0000
vn 0.4990 0.8666 -0.0000
vn 0.4639 0.8859 -0.0000
vn 0.4297 0.9030 -0.0000
vn 0.3966 0.9180 -0.0000
vn 0.3646 0.9312 -0.0000
vn 0.3346 0.9424 -0.0000
vn 0.3069 0.9517 -0.0000
vn 0.2798 0.9600 -0.0000
vn 0.2524 0.9676 -0.0000
vn 0.2247 0.9744 -0.0000
vn 0.1967 0.9805 -0.0000
vn 0.1686 0.9857 -0.0000
vn 0.1403 0.9901 -0.0000
vn 0.1121 0.9937 -0.0000
vn 0.0838 0.9965 -0.0000
vn 0.0557 0.9984 -0.0000
vn 0.0277 0.9996 -0.0000
vn -0.0277 0.9996 -0.0000
vn -0.0557 0.9984 -0.0000
vn -0.0838 0.9965 -0.0000
vn -0.1121 0.9937 -0.0000
vn -0.1403 0.9901 -0.0000
vn -0.1686 0.9857 -0.0000
vn -0.1967 0.9805 -0.0000
vn -0.2247 0.9744 -0.0000
vn -0.2524 0.9676 -0.0000
vn -0.2798 0.9600 -0.0000
vn -0.3069 0.9517 -0.0000
vn -0.3346 0.9423 -0.0000
vn -0.3647 0.9311 -0.0000
vn -0.3968 0.9179 -0.0000
vn -0.4301 0.9028 -0.0000
vn -0.4645 0.8856 -0.0000
vn -0.4998 0.8662 -0.0000
vn -0.5358 0.8443 -0.0000
vn -0.5725 0.8199 -0.0000
vn -0.6095 0.7928 -0.0000
vn -0.6464 0.7630 -0.0000
vn -0.6831 0.7303 -0.0000
vn -0.7191 0.6949 -0.0000
vn -0.7531 0.6579 -0.0000
vn -0.7843 0.6204 -0.0000
vn -0.8142 0.5806 -0.0000
vn -0.8437 0.5368 -0.0000
vn -0.8722 0.4891 -0.0000
vn -0.8992 0.4376 -0.0000
vn -0.9241 0.3823 -0.0000
vn -0.9462 0.3235 -0.0000
vn -0.9651 0.2619 -0.0000
vn -0.9802 0.1979 -0.0000
vn -0.9912 0.1324 -0.0000
vn -0.9978 0.0662 -0.0000
vn -1.0000 -0.0004 -0.0000
vn -0.9977 -0.0678 -0.0000
vn -0.9908 -0.1356 -0.0000
vn -0.9793 -0.2026 -0.0000
vn -0.9634 -0.2680 -0.0000
vn -0.9436 -0.3310 -0.0000
vn -0.9205 -0.3908 -0.0000
vn -0.8946 -0.4469 -0.0000
vn -0.8665 -0.4991 -0.0000
vn -0.8370 -0.5472 -0.0000
vn -0.8066 -0.5912 -0.0000
vn -0.7757 -0.6311 -0.0000
vn -0.7442 -0.6680 -0.0000
vn -0.7109 -0.7033 -0.0000
vn -0.6761 -0.7368 -0.0000
vn -0.6406 -0.7678 -0.0000
vn -0.6048 -0.7964 -0.0000
vn -0.5688 -0.8225 -0.0000
vn -0.5330 -0.8461 -0.0000
vn -0.4976 -0.8674 -0.0000
vn -0.4628 -0.8864 -0.0000
vn -0.4289 -0.9034 -0.0000
vn -0.3958 -0.9183 -0.0000
vn -0.3638 -0.9315 -0.0000
vn -0.3338 -0.9426 -0.0000
vn -0.3064 -0.9519 -0.0000
vn -0.2796 -0.9601 -0.0000
vn -0.2525 -0.9676 -0.0000
vn -0.2250 -0.9744 -0.0000
vn -0.1972 -0.9804 -0.0000
vn -0.1692 -0.9856 -0.0000
vn -0.1410 -0.9900 -0.0000
vn -0.1128 -0.9936 -0.0000
vn -0.0844 -0.9964 -0.0000
vn -0.0562 -0.9984 -0.0000
vn -0.0280 -0.9996 -0.0000
vn -0.4161 0.9093 -0.0000
vn -0.7071 0.7071 -0.0000
vn 0.7071 0.7071 -0.0000
vn 0.7071 -0.7071 -0.0000
vn -0.3645 -0.9312 -0.0000
vn 0.4008 -0.9162 -0.0000
vn -0.7071 -0.7071 -0.0000
vn 0.3488 0.9372 -0.0000
vn -0.9432 -0.3321 -0.0000
vn -0.6475 -0.7621 -0.0000
vn 0.8944 0.4472 -0.0000
vn -0.0290 0.9996 -0.0000
vn -0.0587 0.9983 -0.0000
vn -0.0889 0.9960 -0.0000
vn -0.1196 0.9928 -0.0000
vn -0.1508 0.9886 -0.0000
vn -0.1824 0.9832 -0.0000
vn -0.2143 0.9768 -0.0000
vn -0.2463 0.9692 -0.0000
vn -0.2784 0.9605 -0.0000
vn -0.3104 0.9506 -0.0000
vn -0.3423 0.9396 -0.0000
vn -0.3778 0.9259 -0.0000
vn -0.4208 0.9072 -0.0000
vn -0.4680 0.8837 -0.0000
vn -0.5155 0.8569 -0.0000
vn -0.5627 0.8267 -0.0000
vn -0.6091 0.7931 -0.0000
vn -0.6542 0.7563 -0.0000
vn -0.6974 0.7167 -0.0000
vn -0.7383 0.6744 -0.0000
vn -0.7765 0.6301 -0.0000
vn -0.8117 0.5841 -0.0000
vn -0.8435 0.5371 -0.0000
vn -0.4934 0.8698 -0.0000
vn -0.9999 -0.0114 -0.0000
vn 0.9992 0.0399 -0.0000
vn 0.9859 0.1674 -0.0000
vn 0.9382 0.3460 -0.0000
vn 0.8533 0.5214 -0.0000
vn 0.7385 0.6742 -0.0000
vn 0.6096 0.7927 -0.0000
vn 0.4823 0.8760 -0.0000
vn 0.3668 0.9303 -0.0000
vn 0.2669 0.9637 -0.0000
vn 0.1826 0.9832 -0.0000
vn 0.1120 0.9937 -0.0000
vn 0.0530 0.9986 -0.0000
vn 0.0079 1.0000 -0.0000
vn -0.0185 0.9998 -0.0000
vn -0.0360 0.9994 -0.0000
vn -0.0562 0.9984 -0.0000
vn -0.0798 0.9968 -0.0000
vn -0.1075 0.9942 -0.0000
vn -0.1405 0.9901 -0.0000
vn -0.1804 0.9836 -0.0000
vn -0.2292 0.9734 -0.0000
vn -0.2898 0.9571 -0.0000
vn -0.3660 0.9306 -0.0000
vn -0.4621 0.8868 -0.0000
vn -0.5617 0.8273 -0.0000
vn -0.6374 0.7705 -0.0000
vn -0.6966 0.7175 -0.0000
vn -0.7536 0.6573 -0.0000
vn -0.8068 0.5908 -0.0000
vn -0.8549 0.5188 -0.0000
vn -0.8965 0.4431 -0.0000
vn -0.9309 0.3653 -0.0000
vn -0.9579 0.2871 -0.0000
vn -0.9776 0.2104 -0.0000
vn -0.9907 0.1364 -0.0000
vn -0.9978 0.0663 -0.0000
vn -0.9999 0.0162 -0.0000
vn 1.0000 -0.0097 -0.0000
vn 0.9992 -0.0394 -0.0000
vn 0.9968 -0.0802 -0.0000
vn 0.9925 -0.1224 -0.0000
vn 0.9862 -0.1658 -0.0000
vn 0.9776 -0.2103 -0.0000
vn 0.9668 -0.2556 -0.0000
vn 0.9535 -0.3014 -0.0000
vn 0.9377 -0.3474 -0.0000
vn 0.9194 -0.3932 -0.0000
vn 0.8987 -0.4386 -0.0000
vn 0.8756 -0.4831 -0.0000
vn 0.8505 -0.5260 -0.0000
vn 0.8239 -0.5668 -0.0000
vn 0.7957 -0.6056 -0.0000
vn 0.7661 -0.6428 -0.0000
vn 0.7351 -0.6780 -0.0000
vn 0.7031 -0.7111 -0.0000
vn 0.6704 -0.7420 -0.0000
vn 0.6372 -0.7707 -0.0000
vn 0.6038 -0.7972 -0.0000
vn 0.5704 -0.8214 -0.0000
vn 0.5372 -0.8434 -0.0000
vn 0.5045 -0.8634 -0.0000
vn 0.4730 -0.8811 -0.0000
vn 0.4434 -0.8963 -0.0000
vn 0.4150 -0.9098 -0.0000
vn 0.3875 -0.9219 -0.0000
vn 0.3608 -0.9327 -0.0000
vn 0.3349 -0.9423 -0.0000
vn 0.3099 -0.9508 -0.0000
vn 0.2858 -0.9583 -0.0000
vn 0.2625 -0.9649 -0.0000
vn 0.2401 -0.9707 -0.0000
vn 0.2186 -0.9758 -0.0000
vn 0.1979 -0.9802 -0.0000
vn 0.1782 -0.9840 -0.0000
vn 0.1597 -0.9872 -0.0000
vn 0.1422 -0.9898 -0.0000
vn 0.1253 -0.9921 -0.0000
vn 0.1091 -0.9940 -0.0000
vn 0.0935 -0.9956 -0.0000
vn 0.0785 -0.9969 -0.0000
vn 0.0641 -0.9979 -0.0000
vn 0.0503 -0.9987 -0.0000
vn 0.0370 -0.9993 -0.0000
vn 0.0242 -0.9997 -0.0000
vn 0.0119 -0.9999 -0.0000
vn 0.0002 -1.0000 -0.0000
vn -0.0109 -0.9999 -0.0000
vn -0.0222 -0.9998 -0.0000
vn -0.0339 -0.9994 -0.0000
vn -0.0460 -0.9989 -0.0000
vn -0.0586 -0.9983 -0.0000
vn -0.0715 -0.9974 -0.0000
vn -0.0850 -0.9964 -0.0000
vn -0.0989 -0.9951 -0.0000
vn -0.1134 -0.9936 -0.0000
vn -0.1284 -0.9917 -0.0000
vn -0.1439 -0.9896 -0.0000
vn -0.1601 -0.9871 -0.0000
vn -0.1773 -0.9842 -0.0000
vn -0.1954 -0.9807 -0.0000
vn -0.2142 -0.9768 -0.0000
vn -0.2339 -0.9723 -0.0000
vn -0.2544 -0.9671 -0.0000
vn -0.2758 -0.9612 -0.0000
vn -0.2981 -0.9545 -0.0000
vn -0.3213 -0.9470 -0.0000
vn -0.3453 -0.9385 -0.0000
vn -0.3703 -0.9289 -0.0000
vn -0.3962 -0.9181 -0.0000
vn -0.4235 -0.9059 -0.0000
vn -0.4524 -0.8918 -0.0000
vn -0.4827 -0.8758 -0.0000
vn -0.5139 -0.8579 -0.0000
vn -0.5458 -0.8379 -0.0000
vn -0.5783 -0.8159 -0.0000
vn -0.6112 -0.7915 -0.0000
vn -0.6443 -0.7648 -0.0000
vn -0.6774 -0.7356 -0.0000
vn -0.7103 -0.7039 -0.0000
vn -0.7425 -0.6698 -0.0000
vn -0.7739 -0.6333 -0.0000
vn -0.8048 -0.5936 -0.0000
vn -0.8354 -0.5496 -0.0000
vn -0.8647 -0.5023 -0.0000
vn -0.8914 -0.4532 -0.0000
vn -0.9154 -0.4025 -0.0000
vn -0.9364 -0.3508 -0.0000
vn -0.9544 -0.2986 -0.0000
vn -0.9692 -0.2464 -0.0000
vn -0.9809 -0.1947 -0.0000
vn -0.9896 -0.1439 -0.0000
vn -0.9955 -0.0944 -0.0000
vn -0.9989 -0.0464 -0.0000
vn -0.5507 -0.8347 -0.0000
vn -0.5177 -0.8556 -0.0000
vn -0.4851 -0.8745 -0.0000
vn -0.4530 -0.8915 -0.0000
vn -0.4217 -0.9068 -0.0000
vn -0.3911 -0.9203 -0.0000
vn -0.3615 -0.9324 -0.0000
vn -0.3327 -0.9430 -0.0000
vn -0.3049 -0.9524 -0.0000
vn -0.2781 -0.9605 -0.0000
vn -0.2524 -0.9676 -0.0000
vn -0.2269 -0.9739 -0.0000
vn -0.2021 -0.9794 -0.0000
vn -0.1800 -0.9837 -0.0000
vn -0.1608 -0.9870 -0.0000
vn -0.1441 -0.9896 -0.0000
vn -0.1295 -0.9916 -0.0000
vn -0.1165 -0.9932 -0.0000
vn -0.1049 -0.9945 -0.0000
vn -0.0945 -0.9955 -0.0000
vn -0.0852 -0.9964 -0.0000
vn -0.0767 -0.9971 -0.0000
vn -0.0690 -0.9976 -0.0000
vn -0.0019 -1.0000 -0.0000
vn 0.0657 -0.9978 -0.0000
vn 0.0840 -0.9965 -0.0000
vn 0.0948 -0.9955 -0.0000
vn 0.1070 -0.9943 -0.0000
vn 0.1208 -0.9927 -0.0000
vn 0.1367 -0.9906 -0.0000
vn 0.1551 -0.9879 -0.0000
vn 0.1767 -0.9843 -0.0000
vn 0.2022 -0.9793 -0.0000
vn 0.2328 -0.9725 -0.0000
vn 0.2668 -0.9638 -0.0000
vn 0.2994 -0.9541 -0.0000
vn 0.3311 -0.9436 -0.0000
vn 0.3643 -0.9313 -0.0000
vn 0.3988 -0.9170 -0.0000
vn 0.4348 -0.9005 -0.0000
vn 0.4719 -0.8817 -0.0000
vn 0.5101 -0.8601 -0.0000
vn 0.5491 -0.8357 -0.0000
vn 0.5887 -0.8083 -0.0000
vn 0.6285 -0.7778 -0.0000
vn 0.6681 -0.7440 -0.0000
vn 0.7052 -0.7090 -0.0000
vn 0.7378 -0.6750 -0.0000
vn 0.7690 -0.6392 -0.0000
vn 0.8007 -0.5991 -0.0000
vn 0.8323 -0.5543 -0.0000
vn 0.8634 -0.5045 -0.0000
vn 0.8932 -0.4497 -0.0000
vn 0.9209 -0.3898 -0.0000
vn 0.9458 -0.3248 -0.0000
vn 0.9667 -0.2557 -0.0000
vn 0.9831 -0.1831 -0.0000
vn 0.9942 -0.1078 -0.0000
vn 1.0000 -0.0006 -0.0000
vn 0.9944 0.1056 -0.0000
vn 0.9839 0.1790 -0.0000
vn 0.9681 0.2504 -0.0000
vn 0.9477 0.3191 -0.0000
vn 0.9235 0.3836 -0.0000
vn 0.8961 0.4438 -0.0000
vn 0.8663 0.4995 -0.0000
vn 0.8351 0.5501 -0.0000
vn 0.8030 0.5959 -0.0000
vn 0.7708 0.6371 -0.0000
vn 0.7387 0.6740 -0.0000
vn 0.7055 0.7087 -0.0000
vn 0.6686 0.7436 -0.0000
vn 0.6296 0.7770 -0.0000
vn 0.5908 0.8068 -0.0000
vn 0.5524 0.8336 -0.0000
vn 0.5149 0.8573 -0.0000
vn 0.4784 0.8782 -0.0000
vn 0.4431 0.8965 -0.0000
vn 0.4091 0.9125 -0.0000
vn 0.3765 0.9264 -0.0000
vn 0.3454 0.9384 -0.0000
vn 0.3158 0.9488 -0.0000
vn 0.2880 0.9576 -0.0000
vn 0.2619 0.9651 -0.0000
vn 0.2365 0.9716 -0.0000
vn 0.2110 0.9775 -0.0000
vn 0.1857 0.9826 -0.0000
vn 0.1605 0.9870 -0.0000
vn 0.1355 0.9908 -0.0000
vn 0.1108 0.9938 -0.0000
vn 0.0863 0.9963 -0.0000
vn 0.0622 0.9981 -0.0000
vn 0.0384 0.9993 -0.0000
vn 0.0150 0.9999 -0.0000
vn -0.0020 1.0000 -0.0000
vn -0.0069 1.0000 -0.0000
vn -0.0059 1.0000 -0.0000
vn -0.0050 1.0000 -0.0000
vn -0.0042 1.0000 -0.0000
vn -0.0035 1.0000 -0.0000
vn -0.0028 1.0000 -0.0000
vn -0.0023 1.0000 -0.0000
vn -0.0017 1.0000 -0.0000
vn -0.0012 1.0000 -0.0000
vn -0.0008 1.0000 -0.0000
vn -0.0004 1.0000 -0.0000
vn 0.0155 0.9999 -0.0000
vn 0.0321 0.9995 -0.0000
vn 0.0343 0.9994 -0.0000
vn 0.0366 0.9993 -0.0000
vn 0.0392 0.9992 -0.0000
vn 0.0421 0.9991 -0.0000
vn 0.0453 0.9990 -0.0000
vn 0.0490 0.9988 -0.0000
vn 0.0531 0.9986 -0.0000
vn 0.0578 0.9983 -0.0000
vn 0.0633 0.9980 -0.0000
vn 0.0697 0.9976 -0.0000
vn 0.0758 0.9971 -0.0000
vn 0.0801 0.9968 -0.0000
vn 0.0834 0.9965 -0.0000
vn 0.0869 0.9962 -0.0000
vn 0.0907 0.9959 -0.0000
vn 0.0949 0.9955 -0.0000
vn 0.0996 0.9950 -0.0000
vn 0.1047 0.9945 -0.0000
vn 0.1103 0.9939 -0.0000
vn 0.1165 0.9932 -0.0000
vn 0.1236 0.9923 -0.0000
vn 0.1314 0.9913 -0.0000
vn 0.1467 0.9892 -0.0000
vn 0.1739 0.9848 -0.0000
vn 0.2043 0.9789 -0.0000
vn 0.2315 0.9728 -0.0000
vn 0.2559 0.9667 -0.0000
vn 0.2778 0.9606 -0.0000
vn 0.2977 0.9547 -0.0000
vn 0.3157 0.9488 -0.0000
vn 0.3322 0.9432 -0.0000
vn 0.3472 0.9378 -0.0000
vn 0.3609 0.9326 -0.0000
vn 0.3736 0.9276 -0.0000
vn 0.3866 0.9222 -0.0000
vn 0.4023 0.9155 -0.0000
vn 0.4202 0.9074 -0.0000
vn 0.4390 0.8985 -0.0000
vn 0.4588 0.8885 -0.0000
vn 0.4798 0.8774 -0.0000
vn 0.5019 0.8649 -0.0000
vn 0.5252 0.8510 -0.0000
vn 0.5497 0.8354 -0.0000
vn 0.5754 0.8179 -0.0000
vn 0.6023 0.7982 -0.0000
vn 0.6305 0.7762 -0.0000
vn 0.6597 0.7515 -0.0000
vn 0.6889 0.7249 -0.0000
vn 0.7170 0.6971 -0.0000
vn 0.7438 0.6684 -0.0000
vn 0.7691 0.6391 -0.0000
vn 0.7930 0.6093 -0.0000
vn 0.8153 0.5790 -0.0000
vn 0.8361 0.5486 -0.0000
vn 0.8553 0.5182 -0.0000
vn 0.8729 0.4879 -0.0000
vn 0.8891 0.4577 -0.0000
vn 0.9038 0.4280 -0.0000
vn 0.9186 0.3952 -0.0000
vn 0.9349 0.3550 -0.0000
vn 0.9509 0.3095 -0.0000
vn 0.9651 0.2619 -0.0000
vn 0.9772 0.2123 -0.0000
vn 0.9869 0.1612 -0.0000
vn 0.9941 0.1089 -0.0000
vn 0.9984 0.0558 -0.0000
vn 1.0000 0.0023 -0.0000
vn 0.9987 -0.0511 -0.0000
vn 0.9946 -0.1039 -0.0000
vn 0.9878 -0.1557 -0.0000
vn 0.9788 -0.2050 -0.0000
vn 0.9683 -0.2499 -0.0000
vn 0.9564 -0.2919 -0.0000
vn 0.9431 -0.3324 -0.0000
vn 0.9286 -0.3712 -0.0000
vn 0.9129 -0.4082 -0.0000
vn 0.8963 -0.4434 -0.0000
vn 0.8791 -0.4766 -0.0000
vn 0.8614 -0.5080 -0.0000
vn 0.8433 -0.5374 -0.0000
vn 0.8250 -0.5651 -0.0000
vn 0.8066 -0.5911 -0.0000
vn 0.7839 -0.6209 -0.0000
vn 0.7524 -0.6587 -0.0000
vn 0.7173 -0.6968 -0.0000
vn 0.6837 -0.7297 -0.0000
vn 0.6520 -0.7582 -0.0000
vn 0.6221 -0.7829 -0.0000
vn 0.5941 -0.8044 -0.0000
vn 0.5679 -0.8231 -0.0000
vn 0.5435 -0.8394 -0.0000
vn 0.5207 -0.8537 -0.0000
vn 0.4995 -0.8663 -0.0000
vn 0.4796 -0.8775 -0.0000
vn 0.4622 -0.8868 -0.0000
vn 0.4472 -0.8944 -0.0000
vn 0.4327 -0.9015 -0.0000
vn 0.4172 -0.9088 -0.0000
vn 0.4007 -0.9162 -0.0000
vn 0.3831 -0.9237 -0.0000
vn 0.3642 -0.9313 -0.0000
vn 0.3440 -0.9390 -0.0000
vn 0.3224 -0.9466 -0.0000
vn 0.2992 -0.9542 -0.0000
vn 0.2743 -0.9616 -0.0000
vn 0.2477 -0.9688 -0.0000
vn 0.2236 -0.9747 -0.0000
vn 0.2076 -0.9782 -0.0000
vn 0.1958 -0.9806 -0.0000
vn 0.1839 -0.9829 -0.0000
vn 0.1720 -0.9851 -0.0000
vn 0.1599 -0.9871 -0.0000
vn 0.1478 -0.9890 -0.0000
vn 0.1356 -0.9908 -0.0000
vn 0.1233 -0.9924 -0.0000
vn 0.1109 -0.9938 -0.0000
vn 0.0985 -0.9951 -0.0000
vn 0.0860 -0.9963 -0.0000
vn 0.0736 -0.9973 -0.0000
vn 0.0621 -0.9981 -0.0000
vn 0.0522 -0.9986 -0.0000
vn 0.0436 -0.9990 -0.0000
vn 0.0362 -0.9993 -0.0000
vn 0.0297 -0.9996 -0.0000
vn 0.0240 -0.9997 -0.0000
vn 0.0189 -0.9998 -0.0000
vn 0.0143 -0.9999 -0.0000
vn 0.0102 -0.9999 -0.0000
vn 0.0065 -1.0000 -0.0000
vn 0.0031 -1.0000 -0.0000
vn -0.0321 -0.9995 -0.0000
vn -0.0721 -0.9974 -0.0000
vn -0.0769 -0.9970 -0.0000
vn -0.0822 -0.9966 -0.0000
vn -0.0880 -0.9961 -0.0000
vn -0.0944 -0.9955 -0.0000
vn -0.1015 -0.9948 -0.0000
vn -0.1095 -0.9940 -0.0000
vn -0.1184 -0.9930 -0.0000
vn -0.1286 -0.9917 -0.0000
vn -0.1401 -0.9901 -0.0000
vn -0.1526 -0.9883 -0.0000
vn -0.1648 -0.9863 -0.0000
vn -0.1768 -0.9842 -0.0000
vn -0.1893 -0.9819 -0.0000
vn -0.2024 -0.9793 -0.0000
vn -0.2160 -0.9764 -0.0000
vn -0.2302 -0.9731 -0.0000
vn -0.2451 -0.9695 -0.0000
vn -0.2606 -0.9654 -0.0000
vn -0.2768 -0.9609 -0.0000
vn -0.2938 -0.9559 -0.0000
vn -0.3115 -0.9502 -0.0000
vn -0.3312 -0.9435 -0.0000
vn -0.3539 -0.9353 -0.0000
vn -0.3775 -0.9260 -0.0000
vn -0.4007 -0.9162 -0.0000
vn -0.4236 -0.9058 -0.0000
vn -0.4460 -0.8950 -0.0000
vn -0.4680 -0.8837 -0.0000
vn -0.4894 -0.8720 -0.0000
vn -0.5104 -0.8600 -0.0000
vn -0.5307 -0.8475 -0.0000
vn -0.5506 -0.8348 -0.0000
vn -0.5698 -0.8218 -0.0000
vn -0.5866 -0.8098 -0.0000
vn -0.5998 -0.8001 -0.0000
vn -0.6117 -0.7911 -0.0000
vn -0.6241 -0.7813 -0.0000
vn -0.6372 -0.7707 -0.0000
vn -0.6510 -0.7590 -0.0000
vn -0.6656 -0.7463 -0.0000
vn -0.6808 -0.7324 -0.0000
vn -0.6968 -0.7172 -0.0000
vn -0.7136 -0.7005 -0.0000
vn -0.7313 -0.6821 -0.0000
vn -0.7726 -0.6349 -0.0000
vn -0.8026 -0.5965 -0.0000
vn -0.8350 -0.5502 -0.0000
vn -0.8654 -0.5010 -0.0000
vn -0.8935 -0.4491 -0.0000
vn -0.9187 -0.3949 -0.0000
vn -0.9408 -0.3390 -0.0000
vn -0.9595 -0.2819 -0.0000
vn -0.9745 -0.2242 -0.0000
vn -0.9860 -0.1667 -0.0000
vn -0.9940 -0.1098 -0.0000
vn -0.9985 -0.0542 -0.0000
vn -0.7165 0.6976 -0.0000
vn 0.6184 0.7859 -0.0000
vn 0.9648 0.2628 -0.0000
vn 0.9486 0.3165 -0.0000
vn 0.9303 0.3669 -0.0000
vn 0.9104 0.4138 -0.0000
vn 0.8894 0.4572 -0.0000
vn 0.8677 0.4971 -0.0000
vn 0.8457 0.5336 -0.0000
vn 0.8236 0.5671 -0.0000
vn 0.8017 0.5978 -0.0000
vn 0.7801 0.6257 -0.0000
vn 0.7590 0.6511 -0.0000
vn 0.7189 0.6952 -0.0000
vn 0.6984 0.7157 -0.0000
vn 0.6767 0.7362 -0.0000
vn 0.6539 0.7566 -0.0000
vn 0.6299 0.7767 -0.0000
vn 0.6046 0.7965 -0.0000
vn 0.5783 0.8158 -0.0000
vn 0.5508 0.8346 -0.0000
vn 0.5222 0.8528 -0.0000
vn 0.4926 0.8702 -0.0000
vn 0.4621 0.8868 -0.0000
vn 0.4310 0.9024 -0.0000
vn 0.4001 0.9165 -0.0000
vn 0.3698 0.9291 -0.0000
vn 0.3399 0.9405 -0.0000
vn 0.3105 0.9506 -0.0000
vn 0.2818 0.9595 -0.0000
vn 0.2537 0.9673 -0.0000
vn 0.2263 0.9741 -0.0000
vn 0.1997 0.9799 -0.0000
vn 0.1489 0.9889 -0.0000
vn 0.1247 0.9922 -0.0000
vn 0.0922 0.9957 -0.0000
vn 0.0685 0.9976 -0.0000
vn 0.0616 0.9981 -0.0000
vn 0.0551 0.9985 -0.0000
vn 0.0433 0.9991 -0.0000
vn 0.0327 0.9995 -0.0000
vn 0.0279 0.9996 -0.0000
vn -0.0625 0.9980 -0.0000
vn -0.1529 0.9882 -0.0000
vn -0.1588 0.9873 -0.0000
vn -0.1653 0.9862 -0.0000
vn -0.1724 0.9850 -0.0000
vn -0.1802 0.9836 -0.0000
vn -0.1890 0.9820 -0.0000
vn -0.1987 0.9801 -0.0000
vn -0.2097 0.9778 -0.0000
vn -0.2221 0.9750 -0.0000
vn -0.2363 0.9717 -0.0000
vn -0.2527 0.9676 -0.0000
vn -0.2738 0.9618 -0.0000
vn -0.3018 0.9534 -0.0000
vn -0.3335 0.9427 -0.0000
vn -0.3667 0.9303 -0.0000
vn -0.4012 0.9160 -0.0000
vn -0.4371 0.8994 -0.0000
vn -0.4740 0.8805 -0.0000
vn -0.5120 0.8590 -0.0000
vn -0.5507 0.8347 -0.0000
vn -0.5900 0.8074 -0.0000
vn -0.6294 0.7771 -0.0000
vn -0.6686 0.7436 -0.0000
vn -0.7053 0.7089 -0.0000
vn -0.7379 0.6749 -0.0000
vn -0.7694 0.6387 -0.0000
vn -0.8015 0.5980 -0.0000
vn -0.8337 0.5522 -0.0000
vn -0.8656 0.5008 -0.0000
vn -0.8961 0.4438 -0.0000
vn -0.9245 0.3811 -0.0000
vn -0.9498 0.3128 -0.0000
vn -0.9709 0.2394 -0.0000
vn -0.9868 0.1619 -0.0000
vn -0.9966 0.0818 -0.0000
vn -1.0000 0.0004 -0.0000
vn -0.9967 -0.0808 -0.0000
vn -0.9870 -0.1604 -0.0000
vn -0.9713 -0.2378 -0.0000
vn -0.9503 -0.3114 -0.0000
vn -0.9249 -0.3802 -0.0000
vn -0.8961 -0.4439 -0.0000
vn -0.8649 -0.5019 -0.0000
vn -0.8324 -0.5542 -0.0000
vn -0.7992 -0.6011 -0.0000
vn -0.7660 -0.6429 -0.0000
vn -0.7334 -0.6798 -0.0000
vn -0.7003 -0.7138 -0.0000
vn -0.6649 -0.7469 -0.0000
vn -0.6280 -0.7782 -0.0000
vn -0.5909 -0.8067 -0.0000
vn -0.5541 -0.8325 -0.0000
vn -0.4819 -0.8762 -0.0000
vn -0.4471 -0.8945 -0.0000
vn -0.4133 -0.9106 -0.0000
vn -0.3806 -0.9247 -0.0000
vn -0.3491 -0.9371 -0.0000
vn -0.3189 -0.9478 -0.0000
vn -0.2903 -0.9569 -0.0000
vn -0.2630 -0.9648 -0.0000
vn -0.2360 -0.9718 -0.0000
vn -0.2088 -0.9780 -0.0000
vn -0.1815 -0.9834 -0.0000
vn -0.1541 -0.9881 -0.0000
vn -0.1267 -0.9919 -0.0000
vn -0.0995 -0.9950 -0.0000
vn -0.0723 -0.9974 -0.0000
vn -0.0453 -0.9990 -0.0000
vn -0.0186 -0.9998 -0.0000
vn 0.0078 -1.0000 -0.0000
vn -0.0041 -1.0000 -0.0000
vn -0.0320 -0.9995 -0.0000
vn -0.0381 -0.9993 -0.0000
vn -0.0450 -0.9990 -0.0000
vn -0.0528 -0.9986 -0.0000
vn -0.0616 -0.9981 -0.0000
vn -0.0718 -0.9974 -0.0000
vn -0.0835 -0.9965 -0.0000
vn -0.0972 -0.9953 -0.0000
vn -0.1135 -0.9935 -0.0000
vn -0.1331 -0.9911 -0.0000
vn -0.1571 -0.9876 -0.0000
vn -0.1853 -0.9827 -0.0000
vn -0.2148 -0.9767 -0.0000
vn -0.2448 -0.9696 -0.0000
vn -0.2767 -0.9610 -0.0000
vn -0.3103 -0.9506 -0.0000
vn -0.3458 -0.9383 -0.0000
vn -0.3830 -0.9237 -0.0000
vn -0.4220 -0.9066 -0.0000
vn -0.4626 -0.8866 -0.0000
vn -0.5045 -0.8634 -0.0000
vn -0.5477 -0.8367 -0.0000
vn -0.5915 -0.8063 -0.0000
vn -0.6337 -0.7735 -0.0000
vn -0.6727 -0.7399 -0.0000
vn -0.7112 -0.7030 -0.0000
vn -0.7509 -0.6604 -0.0000
vn -0.7912 -0.6116 -0.0000
vn -0.8312 -0.5560 -0.0000
vn -0.8699 -0.4933 -0.0000
vn -0.9059 -0.4235 -0.0000
vn -0.9378 -0.3471 -0.0000
vn -0.9643 -0.2649 -0.0000
vn -0.9840 -0.1784 -0.0000
vn -0.9960 -0.0895 -0.0000
vn -0.9999 -0.0104 -0.0000
vn -0.9988 0.0483 -0.0000
vn -0.9952 0.0975 -0.0000
vn -0.9891 0.1472 -0.0000
vn -0.9804 0.1972 -0.0000
vn -0.9690 0.2470 -0.0000
vn -0.9551 0.2963 -0.0000
vn -0.9387 0.3447 -0.0000
vn -0.9201 0.3917 -0.0000
vn -0.8994 0.4372 -0.0000
vn -0.8528 0.5223 -0.0000
vn -0.8241 0.5665 -0.0000
vn -0.7875 0.6164 -0.0000
vn -0.7471 0.6647 -0.0000
vn -0.7076 0.7066 -0.0000
vn -0.6693 0.7430 -0.0000
vn -0.6328 0.7743 -0.0000
vn -0.5982 0.8013 -0.0000
vn -0.5657 0.8246 -0.0000
vn -0.5352 0.8447 -0.0000
vn -0.5066 0.8622 -0.0000
vn -0.4800 0.8773 -0.0000
vn -0.4552 0.8904 -0.0000
vn -0.4294 0.9031 -0.0000
vn -0.4001 0.9165 -0.0000
vn -0.3695 0.9292 -0.0000
vn -0.3404 0.9403 -0.0000
vn -0.3128 0.9498 -0.0000
vn -0.2865 0.9581 -0.0000
vn -0.2615 0.9652 -0.0000
vn -0.2379 0.9713 -0.0000
vn -0.2155 0.9765 -0.0000
vn -0.1942 0.9810 -0.0000
vn -0.1741 0.9847 -0.0000
vn -0.1550 0.9879 -0.0000
vn -0.1389 0.9903 -0.0000
vn -0.1272 0.9919 -0.0000
vn -0.1169 0.9931 -0.0000
vn -0.1057 0.9944 -0.0000
vn -0.0936 0.9956 -0.0000
vn -0.0804 0.9968 -0.0000
vn -0.0660 0.9978 -0.0000
vn -0.0502 0.9987 -0.0000
vn -0.0328 0.9995 -0.0000
vn -0.0135 0.9999 -0.0000
vn 0.0078 1.0000 -0.0000
vn 0.0316 0.9995 -0.0000
vn 0.0276 0.9996 -0.0000
vn 0.0203 0.9998 -0.0000
vn 0.0374 0.9993 -0.0000
vn 0.0516 0.9987 -0.0000
vn 0.0637 0.9980 -0.0000
vn 0.0740 0.9973 -0.0000
vn 0.0829 0.9966 -0.0000
vn 0.0976 0.9952 -0.0000
vn 0.1037 0.9946 -0.0000
vn 0.1091 0.9940 -0.0000
vn 0.1140 0.9935 -0.0000
vn 0.1204 0.9927 -0.0000
vn 0.1310 0.9914 -0.0000
vn 0.1445 0.9895 -0.0000
vn 0.1593 0.9872 -0.0000
vn 0.1756 0.9845 -0.0000
vn 0.1936 0.9811 -0.0000
vn 0.2136 0.9769 -0.0000
vn 0.2359 0.9718 -0.0000
vn 0.2609 0.9654 -0.0000
vn 0.2891 0.9573 -0.0000
vn 0.3209 0.9471 -0.0000
vn 0.3570 0.9341 -0.0000
vn 0.3919 0.9200 -0.0000
vn 0.4176 0.9086 -0.0000
vn 0.4378 0.8991 -0.0000
vn 0.4581 0.8889 -0.0000
vn 0.4783 0.8782 -0.0000
vn 0.4985 0.8669 -0.0000
vn 0.5186 0.8550 -0.0000
vn 0.5385 0.8426 -0.0000
vn 0.5583 0.8296 -0.0000
vn 0.5779 0.8161 -0.0000
vn 0.5973 0.8020 -0.0000
vn 0.6163 0.7875 -0.0000
vn 0.6693 0.7430 -0.0000
vn 0.7035 0.7107 -0.0000
vn 0.7377 0.6751 -0.0000
vn 0.7715 0.6363 -0.0000
vn 0.8043 0.5942 -0.0000
vn 0.8359 0.5489 -0.0000
vn 0.8656 0.5007 -0.0000
vn 0.8931 0.4498 -0.0000
vn 0.9180 0.3966 -0.0000
vn 0.9398 0.3416 -0.0000
vn 0.9584 0.2854 -0.0000
vn 0.7928 -0.6095 -0.0000
vn -0.4718 -0.8817 -0.0000
vn -0.8270 -0.5621 -0.0000
vn -0.8165 -0.5774 -0.0000
vn -0.8046 -0.5938 -0.0000
vn -0.7912 -0.6115 -0.0000
vn -0.7760 -0.6307 -0.0000
vn -0.7588 -0.6513 -0.0000
vn -0.7391 -0.6736 -0.0000
vn -0.6902 -0.7236 -0.0000
vn -0.6599 -0.7514 -0.0000
vn -0.6245 -0.7810 -0.0000
vn -0.5863 -0.8101 -0.0000
vn 0.1494 0.9888 -0.0000
vn 0.6021 0.7985 -0.0000
vn 0.7443 0.6679 -0.0000
vn 0.9886 0.1507 -0.0000
vn 0.9971 0.0756 -0.0000
vn 0.9891 -0.1474 -0.0000
vn 0.9756 -0.2198 -0.0000
vn 0.9571 -0.2897 -0.0000
vn 0.7509 -0.6605 -0.0000
vn 0.3629 -0.9318 -0.0000
vn -0.9749 0.2225 -0.0000
vn -0.9062 0.4227 -0.0000
vn 0.4292 -0.9032 -0.0000
vn 0.4634 -0.8861 -0.0000
vn 0.6062 -0.7953 -0.0000
vn 0.6422 -0.7665 -0.0000
vn 0.7463 -0.6656 -0.0000
vn 0.8084 -0.5886 -0.0000
vn 0.9215 -0.3885 -0.0000
vn 0.9444 -0.3289 -0.0000
vn 0.9639 -0.2663 -0.0000
vn 1.0000 -0.0001 -0.0000
vn 0.9978 0.0667 -0.0000
vn 0.9455 0.3255 -0.0000
vn 0.8708 0.4917 -0.0000
vn 0.7509 0.6604 -0.0000
vn -0.0278 0.9996 -0.0000
vn -0.3346 0.9424 -0.0000
vn -0.4644 0.8856 -0.0000
vn -0.5359 0.8443 -0.0000
vn -0.6094 0.7928 -0.0000
vn -0.6465 0.7630 -0.0000
vn -0.8142 0.5805 -0.0000
vn -0.8722 0.4892 -0.0000
vn -0.9241 0.3822 -0.0000
vn -0.9802 0.1980 -0.0000
vn -0.9634 -0.2681 -0.0000
vn -0.8065 -0.5912 -0.0000
vn -0.6407 -0.7678 -0.0000
vn -0.4629 -0.8864 -0.0000
vn -0.3637 -0.9315 -0.0000
vt 0.777778 0.000000
vt 1.000000 0.000000
vt 0.888889 0.000000
vt 0.555556 0.000000
vt 0.000000 0.000000
vt 0.222222 0.000000
vt 0.111111 0.000000
vt 0.333333 0.000000
vt 0.666667 0.000000
vt 0.444444 0.000000
vt 0.038328 0.000000
vt 0.045296 0.000000
vt 0.041812 0.000000
vt 0.034843 0.000000
vt 0.048780 0.000000
vt 0.031359 0.000000
vt 0.052265 0.000000
vt 0.027875 0.000000
vt 0.055749 0.000000
vt 0.024390 0.000000
vt 0.059233 0.000000
vt 0.020906 0.000000
vt 0.062718 0.000000
vt 0.017422 0.000000
vt 0.066202 0.000000
vt 0.013937 0.000000
vt 0.069686 0.000000
vt 0.010453 0.000000
vt 0.073171 0.000000
vt 0.006969 0.000000
vt 0.076655 0.000000
vt 0.003484 0.000000
vt 0.080139 0.000000
vt 0.083624 0.000000
vt 0.498258 0.000000
vt 0.087108 0.000000
vt 0.090592 0.000000
vt 0.494774 0.000000
vt 0.094077 0.000000
vt 0.491289 0.000000
vt 0.097561 0.000000
vt 0.487805 0.000000
vt 0.484321 0.000000
vt 0.101045 0.000000
vt 0.480836 0.000000
vt 0.104530 0.000000
vt 0.477352 0.000000
vt 0.108014 0.000000
vt 0.473868 0.000000
vt 0.111498 0.000000
vt 0.470383 0.000000
vt 0.114983 0.000000
vt 0.466899 0.000000
vt 0.118467 0.000000
vt 0.463415 0.000000
vt 0.121951 0.000000
vt 0.459930 0.000000
vt 0.501742 0.000000
vt 0.125436 0.000000
vt 0.505226 0.000000
vt 0.508711 0.000000
vt 0.996516 0.000000
vt 0.512195 0.000000
vt 0.993031 0.000000
vt 0.515679 0.000000
vt 0.989547 0.000000
vt 0.456446 0.000000
vt 0.128920 0.000000
vt 0.519164 0.000000
vt 0.986063 0.000000
vt 0.522648 0.000000
vt 0.982578 0.000000
vt 0.526132 0.000000
vt 0.979094 0.000000
vt 0.529617 0.000000
vt 0.975610 0.000000
vt 0.533101 0.000000
vt 0.972125 0.000000
vt 0.536585 0.000000
vt 0.968641 0.000000
vt 0.540070 0.000000
vt 0.965157 0.000000
vt 0.132404 0.000000
vt 0.452962 0.000000
vt 0.543554 0.000000
vt 0.961672 0.000000
vt 0.547038 0.000000
vt 0.958188 0.000000
vt 0.954704 0.000000
vt 0.550523 0.000000
vt 0.135889 0.000000
vt 0.449477 0.000000
vt 0.951219 0.000000
vt 0.554007 0.000000
vt 0.947735 0.000000
vt 0.557491 0.000000
vt 0.944251 0.000000
vt 0.560976 0.000000
vt 0.139373 0.000000
vt 0.445993 0.000000
vt 0.940767 0.000000
vt 0.564460 0.000000
vt 0.937282 0.000000
vt 0.567944 0.000000
vt 0.933798 0.000000
vt 0.571429 0.000000
vt 0.142857 0.000000
vt 0.442509 0.000000
vt 0.930314 0.000000
vt 0.574913 0.000000
vt 0.926829 0.000000
vt 0.578397 0.000000
vt 0.146341 0.000000
vt 0.439024 0.000000
vt 0.923345 0.000000
vt 0.581882 0.000000
vt 0.919861 0.000000
vt 0.585366 0.000000
vt 0.149826 0.000000
vt 0.435540 0.000000
vt 0.588850 0.000000
vt 0.916376 0.000000
vt 0.592335 0.000000
vt 0.912892 0.000000
vt 0.153310 0.000000
vt 0.432056 0.000000
vt 0.595819 0.000000
vt 0.909408 0.000000
vt 0.599303 0.000000
vt 0.905923 0.000000
vt 0.156794 0.000000
vt 0.428571 0.000000
vt 0.602787 0.000000
vt 0.902439 0.000000
vt 0.606272 0.000000
vt 0.898955 0.000000
vt 0.160279 0.000000
vt 0.425087 0.000000
vt 0.609756 0.000000
vt 0.895470 0.000000
vt 0.613240 0.000000
vt 0.891986 0.000000
vt 0.163763 0.000000
vt 0.421603 0.000000
vt 0.616725 0.000000
vt 0.888502 0.000000
vt 0.620209 0.000000
vt 0.885017 0.000000
vt 0.167247 0.000000
vt 0.418118 0.000000
vt 0.623693 0.000000
vt 0.881533 0.000000
vt 0.627178 0.000000
vt 0.878049 0.000000
vt 0.414634 0.000000
vt 0.170732 0.000000
vt 0.630662 0.000000
vt 0.874564 0.000000
vt 0.634146 0.000000
vt 0.871080 0.000000
vt 0.411150 0.000000
vt 0.174216 0.000000
vt 0.637631 0.000000
vt 0.867596 0.000000
vt 0.641115 0.000000
vt 0.864111 0.000000
vt 0.407665 0.000000
vt 0.177700 0.000000
vt 0.644599 0.000000
vt 0.860627 0.000000
vt 0.648084 0.000000
vt 0.857143 0.000000
vt 0.404181 0.000000
vt 0.181185 0.000000
vt 0.651568 0.000000
vt 0.853659 0.000000
vt 0.655052 0.000000
vt 0.850174 0.000000
vt 0.400697 0.000000
vt 0.184669 0.000000
vt 0.658537 0.000000
vt 0.846690 0.000000
vt 0.662021 0.000000
vt 0.843206 0.000000
vt 0.397213 0.000000
vt 0.188153 0.000000
vt 0.665505 0.000000
vt 0.839721 0.000000
vt 0.668990 0.000000
vt 0.836237 0.000000
vt 0.393728 0.000000
vt 0.191638 0.000000
vt 0.672474 0.000000
vt 0.832753 0.000000
vt 0.675958 0.000000
vt 0.829268 0.000000
vt 0.390244 0.000000
vt 0.195122 0.000000
vt 0.679443 0.000000
vt 0.825784 0.000000
vt 0.682927 0.000000
vt 0.822300 0.000000
vt 0.386760 0.000000
vt 0.198606 0.000000
vt 0.686411 0.000000
vt 0.818815 0.000000
vt 0.689895 0.000000
vt 0.815331 0.000000
vt 0.383275 0.000000
vt 0.202091 0.000000
vt 0.693380 0.000000
vt 0.811847 0.000000
vt 0.696864 0.000000
vt 0.808362 0.000000
vt 0.700348 0.000000
vt 0.804878 0.000000
vt 0.379791 0.000000
vt 0.205575 0.000000
vt 0.703833 0.000000
vt 0.801394 0.000000
vt 0.707317 0.000000
vt 0.797909 0.000000
vt 0.710801 0.000000
vt 0.794425 0.000000
vt 0.376307 0.000000
vt 0.209059 0.000000
vt 0.714286 0.000000
vt 0.790941 0.000000
vt 0.787456 0.000000
vt 0.717770 0.000000
vt 0.783972 0.000000
vt 0.721254 0.000000
vt 0.780488 0.000000
vt 0.724739 0.000000
vt 0.372822 0.000000
vt 0.212544 0.000000
vt 0.777003 0.000000
vt 0.728223 0.000000
vt 0.773519 0.000000
vt 0.731707 0.000000
vt 0.770035 0.000000
vt 0.735192 0.000000
vt 0.766551 0.000000
vt 0.738676 0.000000
vt 0.763066 0.000000
vt 0.742160 0.000000
vt 0.759582 0.000000
vt 0.745645 0.000000
vt 0.756098 0.000000
vt 0.749129 0.000000
vt 0.752613 0.000000
vt 0.369338 0.000000
vt 0.216028 0.000000
vt 0.365854 0.000000
vt 0.219512 0.000000
vt 0.362369 0.000000
vt 0.222997 0.000000
vt 0.358885 0.000000
vt 0.226481 0.000000
vt 0.355401 0.000000
vt 0.229965 0.000000
vt 0.351916 0.000000
vt 0.233449 0.000000
vt 0.348432 0.000000
vt 0.236934 0.000000
vt 0.344948 0.000000
vt 0.240418 0.000000
vt 0.341463 0.000000
vt 0.243902 0.000000
vt 0.337979 0.000000
vt 0.247387 0.000000
vt 0.334495 0.000000
vt 0.250871 0.000000
vt 0.331010 0.000000
vt 0.254355 0.000000
vt 0.327526 0.000000
vt 0.257840 0.000000
vt 0.324042 0.000000
vt 0.261324 0.000000
vt 0.320558 0.000000
vt 0.264808 0.000000
vt 0.317073 0.000000
vt 0.268293 0.000000
vt 0.313589 0.000000
vt 0.271777 0.000000
vt 0.310105 0.000000
vt 0.275261 0.000000
vt 0.306620 0.000000
vt 0.278746 0.000000
vt 0.303136 0.000000
vt 0.282230 0.000000
vt 0.299652 0.000000
vt 0.285714 0.000000
vt 0.296167 0.000000
vt 0.289199 0.000000
vt 0.292683 0.000000
vt 0.886726 0.000000
vt 0.890265 0.000000
vt 0.888496 0.000000
vt 0.884956 0.000000
vt 0.892035 0.000000
vt 0.883186 0.000000
vt 0.893805 0.000000
vt 0.895575 0.000000
vt 0.881416 0.000000
vt 0.897345 0.000000
vt 0.899115 0.000000
vt 0.879646 0.000000
vt 0.900885 0.000000
vt 0.877876 0.000000
vt 0.902655 0.000000
vt 0.904425 0.000000
vt 0.876106 0.000000
vt 0.906195 0.000000
vt 0.874336 0.000000
vt 0.907965 0.000000
vt 0.872566 0.000000
vt 0.909734 0.000000
vt 0.870796 0.000000
vt 0.911504 0.000000
vt 0.913274 0.000000
vt 0.869027 0.000000
vt 0.915044 0.000000
vt 0.867257 0.000000
vt 0.916814 0.000000
vt 0.865487 0.000000
vt 0.918584 0.000000
vt 0.863717 0.000000
vt 0.920354 0.000000
vt 0.922124 0.000000
vt 0.861947 0.000000
vt 0.923894 0.000000
vt 0.860177 0.000000
vt 0.925664 0.000000
vt 0.858407 0.000000
vt 0.927434 0.000000
vt 0.929204 0.000000
vt 0.856637 0.000000
vt 0.930973 0.000000
vt 0.854867 0.000000
vt 0.932743 0.000000
vt 0.853097 0.000000
vt 0.934513 0.000000
vt 0.936283 0.000000
vt 0.851327 0.000000
vt 0.938053 0.000000
vt 0.849558 0.000000
vt 0.939823 0.000000
vt 0.847788 0.000000
vt 0.941593 0.000000
vt 0.943363 0.000000
vt 0.846018 0.000000
vt 0.945133 0.000000
vt 0.844248 0.000000
vt 0.946903 0.000000
vt 0.842478 0.000000
vt 0.948673 0.000000
vt 0.840708 0.000000
vt 0.950442 0.000000
vt 0.838938 0.000000
vt 0.952212 0.000000
vt 0.953982 0.000000
vt 0.837168 0.000000
vt 0.040708 0.000000
vt 0.042478 0.000000
vt 0.038938 0.000000
vt 0.044248 0.000000
vt 0.037168 0.000000
vt 0.046018 0.000000
vt 0.035398 0.000000
vt 0.047788 0.000000
vt 0.955752 0.000000
vt 0.033628 0.000000
vt 0.049558 0.000000
vt 0.031858 0.000000
vt 0.835398 0.000000
vt 0.051327 0.000000
vt 0.030088 0.000000
vt 0.053097 0.000000
vt 0.028319 0.000000
vt 0.054867 0.000000
vt 0.026549 0.000000
vt 0.056637 0.000000
vt 0.024779 0.000000
vt 0.058407 0.000000
vt 0.957522 0.000000
vt 0.023009 0.000000
vt 0.060177 0.000000
vt 0.021239 0.000000
vt 0.833628 0.000000
vt 0.061947 0.000000
vt 0.019469 0.000000
vt 0.063717 0.000000
vt 0.017699 0.000000
vt 0.065487 0.000000
vt 0.015929 0.000000
vt 0.067257 0.000000
vt 0.959292 0.000000
vt 0.014159 0.000000
vt 0.069027 0.000000
vt 0.831858 0.000000
vt 0.012389 0.000000
vt 0.070796 0.000000
vt 0.010619 0.000000
vt 0.072566 0.000000
vt 0.008850 0.000000
vt 0.961062 0.000000
vt 0.074336 0.000000
vt 0.007080 0.000000
vt 0.076106 0.000000
vt 0.830088 0.000000
vt 0.005310 0.000000
vt 0.077876 0.000000
vt 0.003540 0.000000
vt 0.079646 0.000000
vt 0.962832 0.000000
vt 0.001770 0.000000
vt 0.081416 0.000000
vt 0.828319 0.000000
vt 0.083186 0.000000
vt 0.964602 0.000000
vt 0.084956 0.000000
vt 0.998230 0.000000
vt 0.826549 0.000000
vt 0.086726 0.000000
vt 0.996460 0.000000
vt 0.088496 0.000000
vt 0.966372 0.000000
vt 0.090265 0.000000
vt 0.994690 0.000000
vt 0.824779 0.000000
vt 0.092035 0.000000
vt 0.992920 0.000000
vt 0.093805 0.000000
vt 0.968142 0.000000
vt 0.991150 0.000000
vt 0.095575 0.000000
vt 0.823009 0.000000
vt 0.097345 0.000000
vt 0.989381 0.000000
vt 0.099115 0.000000
vt 0.969912 0.000000
vt 0.100885 0.000000
vt 0.821239 0.000000
vt 0.987611 0.000000
vt 0.102655 0.000000
vt 0.971681 0.000000
vt 0.104425 0.000000
vt 0.985841 0.000000
vt 0.819469 0.000000
vt 0.106195 0.000000
vt 0.107965 0.000000
vt 0.984071 0.000000
vt 0.973451 0.000000
vt 0.109735 0.000000
vt 0.817699 0.000000
vt 0.111504 0.000000
vt 0.982301 0.000000
vt 0.113274 0.000000
vt 0.975221 0.000000
vt 0.115044 0.000000
vt 0.815929 0.000000
vt 0.980531 0.000000
vt 0.116814 0.000000
vt 0.118584 0.000000
vt 0.976991 0.000000
vt 0.120354 0.000000
vt 0.978761 0.000000
vt 0.814159 0.000000
vt 0.122124 0.000000
vt 0.123894 0.000000
vt 0.125664 0.000000
vt 0.812389 0.000000
vt 0.127434 0.000000
vt 0.129204 0.000000
vt 0.130973 0.000000
vt 0.810619 0.000000
vt 0.132743 0.000000
vt 0.134513 0.000000
vt 0.136283 0.000000
vt 0.138053 0.000000
vt 0.808850 0.000000
vt 0.139823 0.000000
vt 0.141593 0.000000
vt 0.143363 0.000000
vt 0.145133 0.000000
vt 0.146903 0.000000
vt 0.807080 0.000000
vt 0.148673 0.000000
vt 0.150442 0.000000
vt 0.152212 0.000000
vt 0.153982 0.000000
vt 0.155752 0.000000
vt 0.157522 0.000000
vt 0.159292 0.000000
vt 0.161062 0.000000
vt 0.162832 0.000000
vt 0.164602 0.000000
vt 0.805310 0.000000
vt 0.187611 0.000000
vt 0.191150 0.000000
vt 0.189381 0.000000
vt 0.185841 0.000000
vt 0.184071 0.000000
vt 0.182301 0.000000
vt 0.180531 0.000000
vt 0.178761 0.000000
vt 0.176991 0.000000
vt 0.175221 0.000000
vt 0.166372 0.000000
vt 0.173451 0.000000
vt 0.171681 0.000000
vt 0.169912 0.000000
vt 0.168142 0.000000
vt 0.192920 0.000000
vt 0.194690 0.000000
vt 0.196460 0.000000
vt 0.198230 0.000000
vt 0.200000 0.000000
vt 0.201770 0.000000
vt 0.203540 0.000000
vt 0.205310 0.000000
vt 0.207080 0.000000
vt 0.208850 0.000000
vt 0.210619 0.000000
vt 0.212389 0.000000
vt 0.803540 0.000000
vt 0.214159 0.000000
vt 0.215929 0.000000
vt 0.217699 0.000000
vt 0.219469 0.000000
vt 0.221239 0.000000
vt 0.223009 0.000000
vt 0.224779 0.000000
vt 0.226549 0.000000
vt 0.228319 0.000000
vt 0.230089 0.000000
vt 0.231858 0.000000
vt 0.801770 0.000000
vt 0.233628 0.000000
vt 0.235398 0.000000
vt 0.237168 0.000000
vt 0.238938 0.000000
vt 0.240708 0.000000
vt 0.242478 0.000000
vt 0.800000 0.000000
vt 0.244248 0.000000
vt 0.246018 0.000000
vt 0.247788 0.000000
vt 0.249558 0.000000
vt 0.798230 0.000000
vt 0.251327 0.000000
vt 0.253097 0.000000
vt 0.796460 0.000000
vt 0.254867 0.000000
vt 0.256637 0.000000
vt 0.794690 0.000000
vt 0.258407 0.000000
vt 0.260177 0.000000
vt 0.261947 0.000000
vt 0.792920 0.000000
vt 0.263717 0.000000
vt 0.265487 0.000000
vt 0.791150 0.000000
vt 0.267257 0.000000
vt 0.269027 0.000000
vt 0.789381 0.000000
vt 0.270796 0.000000
vt 0.272566 0.000000
vt 0.787611 0.000000
vt 0.274336 0.000000
vt 0.276106 0.000000
vt 0.785841 0.000000
vt 0.277876 0.000000
vt 0.784071 0.000000
vt 0.279646 0.000000
vt 0.281416 0.000000
vt 0.782301 0.000000
vt 0.283186 0.000000
vt 0.780531 0.000000
vt 0.284956 0.000000
vt 0.286726 0.000000
vt 0.778761 0.000000
vt 0.288496 0.000000
vt 0.776991 0.000000
vt 0.290266 0.000000
vt 0.775221 0.000000
vt 0.292035 0.000000
vt 0.773451 0.000000
vt 0.293805 0.000000
vt 0.771681 0.000000
vt 0.295575 0.000000
vt 0.769912 0.000000
vt 0.768142 0.000000
vt 0.297345 0.000000
vt 0.766372 0.000000
vt 0.299115 0.000000
vt 0.764602 0.000000
vt 0.762832 0.000000
vt 0.300885 0.000000
vt 0.761062 0.000000
vt 0.759292 0.000000
vt 0.757522 0.000000
vt 0.302655 0.000000
vt 0.755752 0.000000
vt 0.753982 0.000000
vt 0.304425 0.000000
vt 0.752212 0.000000
vt 0.750443 0.000000
vt 0.748673 0.000000
vt 0.746903 0.000000
vt 0.306195 0.000000
vt 0.745133 0.000000
vt 0.743363 0.000000
vt 0.741593 0.000000
vt 0.739823 0.000000
vt 0.738053 0.000000
vt 0.736283 0.000000
vt 0.734513 0.000000
vt 0.732743 0.000000
vt 0.730973 0.000000
vt 0.729204 0.000000
vt 0.307965 0.000000
vt 0.727434 0.000000
vt 0.725664 0.000000
vt 0.723894 0.000000
vt 0.722124 0.000000
vt 0.720354 0.000000
vt 0.718584 0.000000
vt 0.309735 0.000000
vt 0.716814 0.000000
vt 0.715044 0.000000
vt 0.713274 0.000000
vt 0.311504 0.000000
vt 0.711504 0.000000
vt 0.709734 0.000000
vt 0.707965 0.000000
vt 0.313274 0.000000
vt 0.706195 0.000000
vt 0.704425 0.000000
vt 0.702655 0.000000
vt 0.315044 0.000000
vt 0.700885 0.000000
vt 0.699115 0.000000
vt 0.316814 0.000000
vt 0.697345 0.000000
vt 0.695575 0.000000
vt 0.693805 0.000000
vt 0.318584 0.000000
vt 0.692035 0.000000
vt 0.690265 0.000000
vt 0.527434 0.000000
vt 0.530973 0.000000
vt 0.529204 0.000000
vt 0.532743 0.000000
vt 0.320354 0.000000
vt 0.688496 0.000000
vt 0.534513 0.000000
vt 0.686726 0.000000
vt 0.525664 0.000000
vt 0.536283 0.000000
vt 0.684956 0.000000
vt 0.322124 0.000000
vt 0.683186 0.000000
vt 0.538053 0.000000
vt 0.523894 0.000000
vt 0.681416 0.000000
vt 0.539823 0.000000
vt 0.323894 0.000000
vt 0.679646 0.000000
vt 0.541593 0.000000
vt 0.522124 0.000000
vt 0.677876 0.000000
vt 0.325664 0.000000
vt 0.543363 0.000000
vt 0.676106 0.000000
vt 0.520354 0.000000
vt 0.545133 0.000000
vt 0.674336 0.000000
vt 0.672566 0.000000
vt 0.327434 0.000000
vt 0.546903 0.000000
vt 0.518584 0.000000
vt 0.670796 0.000000
vt 0.548673 0.000000
vt 0.669027 0.000000
vt 0.329204 0.000000
vt 0.550442 0.000000
vt 0.516814 0.000000
vt 0.667257 0.000000
vt 0.665487 0.000000
vt 0.552212 0.000000
vt 0.330973 0.000000
vt 0.515044 0.000000
vt 0.663717 0.000000
vt 0.553982 0.000000
vt 0.661947 0.000000
vt 0.555752 0.000000
vt 0.513274 0.000000
vt 0.660177 0.000000
vt 0.332743 0.000000
vt 0.658407 0.000000
vt 0.557522 0.000000
vt 0.511504 0.000000
vt 0.656637 0.000000
vt 0.559292 0.000000
vt 0.334513 0.000000
vt 0.654867 0.000000
vt 0.561062 0.000000
vt 0.509735 0.000000
vt 0.653097 0.000000
vt 0.562832 0.000000
vt 0.651327 0.000000
vt 0.336283 0.000000
vt 0.564602 0.000000
vt 0.507965 0.000000
vt 0.649558 0.000000
vt 0.566372 0.000000
vt 0.647788 0.000000
vt 0.646018 0.000000
vt 0.506195 0.000000
vt 0.338053 0.000000
vt 0.568142 0.000000
vt 0.644248 0.000000
vt 0.569911 0.000000
vt 0.642478 0.000000
vt 0.571681 0.000000
vt 0.504425 0.000000
vt 0.640708 0.000000
vt 0.339823 0.000000
vt 0.573451 0.000000
vt 0.638938 0.000000
vt 0.637168 0.000000
vt 0.575221 0.000000
vt 0.502655 0.000000
vt 0.635398 0.000000
vt 0.576991 0.000000
vt 0.633628 0.000000
vt 0.578761 0.000000
vt 0.631858 0.000000
vt 0.341593 0.000000
vt 0.580531 0.000000
vt 0.630089 0.000000
vt 0.500885 0.000000
vt 0.582301 0.000000
vt 0.628319 0.000000
vt 0.584071 0.000000
vt 0.626549 0.000000
vt 0.585841 0.000000
vt 0.624779 0.000000
vt 0.587611 0.000000
vt 0.499115 0.000000
vt 0.343363 0.000000
vt 0.623009 0.000000
vt 0.589381 0.000000
vt 0.591150 0.000000
vt 0.621239 0.000000
vt 0.592920 0.000000
vt 0.594690 0.000000
vt 0.619469 0.000000
vt 0.596460 0.000000
vt 0.598230 0.000000
vt 0.600000 0.000000
vt 0.617699 0.000000
vt 0.497345 0.000000
vt 0.601770 0.000000
vt 0.603540 0.000000
vt 0.605310 0.000000
vt 0.607080 0.000000
vt 0.615929 0.000000
vt 0.345133 0.000000
vt 0.608850 0.000000
vt 0.610619 0.000000
vt 0.612389 0.000000
vt 0.614159 0.000000
vt 0.495575 0.000000
vt 0.346903 0.000000
vt 0.493805 0.000000
vt 0.348673 0.000000
vt 0.492035 0.000000
vt 0.490265 0.000000
vt 0.350442 0.000000
vt 0.488496 0.000000
vt 0.352212 0.000000
vt 0.486726 0.000000
vt 0.353982 0.000000
vt 0.484956 0.000000
vt 0.355752 0.000000
vt 0.483186 0.000000
vt 0.357522 0.000000
vt 0.481416 0.000000
vt 0.479646 0.000000
vt 0.359292 0.000000
vt 0.477876 0.000000
vt 0.361062 0.000000
vt 0.476106 0.000000
vt 0.474336 0.000000
vt 0.362832 0.000000
vt 0.472566 0.000000
vt 0.364602 0.000000
vt 0.470796 0.000000
vt 0.469027 0.000000
vt 0.366372 0.000000
vt 0.467257 0.000000
vt 0.368142 0.000000
vt 0.465487 0.000000
vt 0.463717 0.000000
vt 0.369911 0.000000
vt 0.461947 0.000000
vt 0.460177 0.000000
vt 0.371681 0.000000
vt 0.458407 0.000000
vt 0.373451 0.000000
vt 0.456637 0.000000
vt 0.454867 0.000000
vt 0.375221 0.000000
vt 0.453097 0.000000
vt 0.376991 0.000000
vt 0.451327 0.000000
vt 0.449558 0.000000
vt 0.378761 0.000000
vt 0.447788 0.000000
vt 0.380531 0.000000
vt 0.446018 0.000000
vt 0.382301 0.000000
vt 0.444248 0.000000
vt 0.384071 0.000000
vt 0.442478 0.000000
vt 0.385841 0.000000
vt 0.440708 0.000000
vt 0.438938 0.000000
vt 0.387611 0.000000
vt 0.437168 0.000000
vt 0.389381 0.000000
vt 0.435398 0.000000
vt 0.391150 0.000000
vt 0.392920 0.000000
vt 0.433628 0.000000
vt 0.394690 0.000000
vt 0.431858 0.000000
vt 0.396460 0.000000
vt 0.430088 0.000000
vt 0.398230 0.000000
vt 0.400000 0.000000
vt 0.428319 0.000000
vt 0.401770 0.000000
vt 0.426549 0.000000
vt 0.403540 0.000000
vt 0.405310 0.000000
vt 0.407080 0.000000
vt 0.424779 0.000000
vt 0.408850 0.000000
vt 0.410619 0.000000
vt 0.412389 0.000000
vt 0.423009 0.000000
vt 0.414159 0.000000
vt 0.415929 0.000000
vt 0.417699 0.000000
vt 0.419469 0.000000
vt 0.421239 0.000000
vt 0.014599 0.000000
vt 0.007299 0.000000
vt 0.021898 0.000000
vt 0.284672 0.000000
vt 0.299270 0.000000
vt 0.291971 0.000000
vt 0.306569 0.000000
vt 0.313869 0.000000
vt 0.029197 0.000000
vt 0.277372 0.000000
vt 0.270073 0.000000
vt 0.321168 0.000000
vt 0.262774 0.000000
vt 0.036496 0.000000
vt 0.328467 0.000000
vt 0.255474 0.000000
vt 0.992701 0.000000
vt 0.335766 0.000000
vt 0.248175 0.000000
vt 0.043796 0.000000
vt 0.985401 0.000000
vt 0.240876 0.000000
vt 0.343066 0.000000
vt 0.233577 0.000000
vt 0.978102 0.000000
vt 0.051095 0.000000
vt 0.350365 0.000000
vt 0.226277 0.000000
vt 0.970803 0.000000
vt 0.218978 0.000000
vt 0.058394 0.000000
vt 0.357664 0.000000
vt 0.211679 0.000000
vt 0.963504 0.000000
vt 0.204380 0.000000
vt 0.364964 0.000000
vt 0.065693 0.000000
vt 0.956204 0.000000
vt 0.197080 0.000000
vt 0.372263 0.000000
vt 0.189781 0.000000
vt 0.072993 0.000000
vt 0.948905 0.000000
vt 0.182482 0.000000
vt 0.175182 0.000000
vt 0.379562 0.000000
vt 0.080292 0.000000
vt 0.167883 0.000000
vt 0.941606 0.000000
vt 0.160584 0.000000
vt 0.087591 0.000000
vt 0.386861 0.000000
vt 0.153285 0.000000
vt 0.934307 0.000000
vt 0.145985 0.000000
vt 0.094891 0.000000
vt 0.138686 0.000000
vt 0.131387 0.000000
vt 0.102190 0.000000
vt 0.394161 0.000000
vt 0.124088 0.000000
vt 0.116788 0.000000
vt 0.109489 0.000000
vt 0.927007 0.000000
vt 0.401460 0.000000
vt 0.919708 0.000000
vt 0.408759 0.000000
vt 0.912409 0.000000
vt 0.416058 0.000000
vt 0.905109 0.000000
vt 0.423358 0.000000
vt 0.897810 0.000000
vt 0.430657 0.000000
vt 0.890511 0.000000
vt 0.437956 0.000000
vt 0.883212 0.000000
vt 0.875912 0.000000
vt 0.445255 0.000000
vt 0.868613 0.000000
vt 0.452555 0.000000
vt 0.861314 0.000000
vt 0.459854 0.000000
vt 0.854015 0.000000
vt 0.467153 0.000000
vt 0.846715 0.000000
vt 0.474453 0.000000
vt 0.839416 0.000000
vt 0.481752 0.000000
vt 0.832117 0.000000
vt 0.489051 0.000000
vt 0.824818 0.000000
vt 0.496350 0.000000
vt 0.817518 0.000000
vt 0.503650 0.000000
vt 0.810219 0.000000
vt 0.510949 0.000000
vt 0.802920 0.000000
vt 0.518248 0.000000
vt 0.795620 0.000000
vt 0.525547 0.000000
vt 0.788321 0.000000
vt 0.532847 0.000000
vt 0.781022 0.000000
vt 0.540146 0.000000
vt 0.773723 0.000000
vt 0.547445 0.000000
vt 0.766423 0.000000
vt 0.554745 0.000000
vt 0.759124 0.000000
vt 0.562044 0.000000
vt 0.751825 0.000000
vt 0.569343 0.000000
vt 0.744526 0.000000
vt 0.576642 0.000000
vt 0.737226 0.000000
vt 0.583942 0.000000
vt 0.729927 0.000000
vt 0.591241 0.000000
vt 0.722628 0.000000
vt 0.598540 0.000000
vt 0.715328 0.000000
vt 0.605839 0.000000
vt 0.708029 0.000000
vt 0.613139 0.000000
vt 0.700730 0.000000
vt 0.620438 0.000000
vt 0.693431 0.000000
vt 0.627737 0.000000
vt 0.686131 0.000000
vt 0.635036 0.000000
vt 0.678832 0.000000
vt 0.642336 0.000000
vt 0.671533 0.000000
vt 0.649635 0.000000
vt 0.664234 0.000000
vt 0.656934 0.000000
vt 0.993103 0.000000
vt 0.006897 0.000000
vt 0.986207 0.000000
vt 0.013793 0.000000
vt 0.979310 0.000000
vt 0.020690 0.000000
vt 0.972414 0.000000
vt 0.027586 0.000000
vt 0.965517 0.000000
vt 0.034483 0.000000
vt 0.958621 0.000000
vt 0.041379 0.000000
vt 0.951724 0.000000
vt 0.048276 0.000000
vt 0.944828 0.000000
vt 0.055172 0.000000
vt 0.937931 0.000000
vt 0.262069 0.000000
vt 0.255172 0.000000
vt 0.248276 0.000000
vt 0.241379 0.000000
vt 0.234483 0.000000
vt 0.062069 0.000000
vt 0.227586 0.000000
vt 0.268966 0.000000
vt 0.220690 0.000000
vt 0.275862 0.000000
vt 0.213793 0.000000
vt 0.282759 0.000000
vt 0.206897 0.000000
vt 0.289655 0.000000
vt 0.193103 0.000000
vt 0.296552 0.000000
vt 0.186207 0.000000
vt 0.303448 0.000000
vt 0.179310 0.000000
vt 0.310345 0.000000
vt 0.172414 0.000000
vt 0.165517 0.000000
vt 0.317241 0.000000
vt 0.158621 0.000000
vt 0.324138 0.000000
vt 0.068966 0.000000
vt 0.151724 0.000000
vt 0.931035 0.000000
vt 0.331034 0.000000
vt 0.144828 0.000000
vt 0.337931 0.000000
vt 0.137931 0.000000
vt 0.344828 0.000000
vt 0.131034 0.000000
vt 0.124138 0.000000
vt 0.351724 0.000000
vt 0.117241 0.000000
vt 0.358621 0.000000
vt 0.110345 0.000000
vt 0.075862 0.000000
vt 0.365517 0.000000
vt 0.103448 0.000000
vt 0.924138 0.000000
vt 0.372414 0.000000
vt 0.096552 0.000000
vt 0.089655 0.000000
vt 0.379310 0.000000
vt 0.082759 0.000000
vt 0.386207 0.000000
vt 0.393103 0.000000
vt 0.917241 0.000000
vt 0.406897 0.000000
vt 0.413793 0.000000
vt 0.420690 0.000000
vt 0.910345 0.000000
vt 0.427586 0.000000
vt 0.434483 0.000000
vt 0.737931 0.000000
vt 0.751724 0.000000
vt 0.744828 0.000000
vt 0.758621 0.000000
vt 0.441379 0.000000
vt 0.731034 0.000000
vt 0.903448 0.000000
vt 0.448276 0.000000
vt 0.724138 0.000000
vt 0.455172 0.000000
vt 0.717241 0.000000
vt 0.462069 0.000000
vt 0.710345 0.000000
vt 0.765517 0.000000
vt 0.468966 0.000000
vt 0.703448 0.000000
vt 0.896552 0.000000
vt 0.696552 0.000000
vt 0.475862 0.000000
vt 0.689655 0.000000
vt 0.482759 0.000000
vt 0.682759 0.000000
vt 0.489655 0.000000
vt 0.675862 0.000000
vt 0.772414 0.000000
vt 0.496552 0.000000
vt 0.668966 0.000000
vt 0.503448 0.000000
vt 0.662069 0.000000
vt 0.510345 0.000000
vt 0.889655 0.000000
vt 0.655172 0.000000
vt 0.517241 0.000000
vt 0.648276 0.000000
vt 0.524138 0.000000
vt 0.641379 0.000000
vt 0.634483 0.000000
vt 0.531034 0.000000
vt 0.627586 0.000000
vt 0.537931 0.000000
vt 0.620690 0.000000
vt 0.779310 0.000000
vt 0.544828 0.000000
vt 0.613793 0.000000
vt 0.551724 0.000000
vt 0.606897 0.000000
vt 0.558621 0.000000
vt 0.565517 0.000000
vt 0.593103 0.000000
vt 0.572414 0.000000
vt 0.586207 0.000000
vt 0.579310 0.000000
vt 0.882759 0.000000
vt 0.786207 0.000000
vt 0.875862 0.000000
vt 0.793103 0.000000
vt 0.868966 0.000000
vt 0.862069 0.000000
vt 0.806897 0.000000
vt 0.855172 0.000000
vt 0.813793 0.000000
vt 0.848276 0.000000
vt 0.820690 0.000000
vt 0.841379 0.000000
vt 0.827586 0.000000
vt 0.834483 0.000000
vt 0.000000 1.000000
vt 0.006849 1.000000
vt 0.006849 0.000000
vt 0.013699 1.000000
vt 0.013699 0.000000
vt 0.020548 1.000000
vt 0.020548 0.000000
vt 0.027397 1.000000
vt 0.027397 0.000000
vt 0.034247 1.000000
vt 0.034247 0.000000
vt 0.041096 1.000000
vt 0.041096 0.000000
vt 0.047945 1.000000
vt 0.047945 0.000000
vt 0.054795 1.000000
vt 0.054795 0.000000
vt 0.061644 1.000000
vt 0.061644 0.000000
vt 0.068493 1.000000
vt 0.068493 0.000000
vt 0.075342 1.000000
vt 0.075342 0.000000
vt 0.082192 1.000000
vt 0.082192 0.000000
vt 0.089041 1.000000
vt 0.089041 0.000000
vt 0.095890 1.000000
vt 0.095890 0.000000
vt 0.102740 1.000000
vt 0.102740 0.000000
vt 0.109589 1.000000
vt 0.109589 0.000000
vt 0.116438 1.000000
vt 0.116438 0.000000
vt 0.123288 1.000000
vt 0.123288 0.000000
vt 0.130137 1.000000
vt 0.130137 0.000000
vt 0.136986 1.000000
vt 0.136986 0.000000
vt 0.143836 1.000000
vt 0.143836 0.000000
vt 0.150685 1.000000
vt 0.150685 0.000000
vt 0.157534 1.000000
vt 0.157534 0.000000
vt 0.164384 1.000000
vt 0.164384 0.000000
vt 0.171233 1.000000
vt 0.171233 0.000000
vt 0.178082 1.000000
vt 0.178082 0.000000
vt 0.184932 1.000000
vt 0.184932 0.000000
vt 0.191781 1.000000
vt 0.191781 0.000000
vt 0.198630 1.000000
vt 0.198630 0.000000
vt 0.205479 1.000000
vt 0.205479 0.000000
vt 0.212329 1.000000
vt 0.212329 0.000000
vt 0.219178 1.000000
vt 0.219178 0.000000
vt 0.226027 1.000000
vt 0.226027 0.000000
vt 0.232877 1.000000
vt 0.232877 0.000000
vt 0.239726 1.000000
vt 0.239726 0.000000
vt 0.246575 1.000000
vt 0.246575 0.000000
vt 0.253425 1.000000
vt 0.253425 0.000000
vt 0.260274 1.000000
vt 0.260274 0.000000
vt 0.267123 1.000000
vt 0.267123 0.000000
vt 0.273973 1.000000
vt 0.273973 0.000000
vt 0.280822 1.000000
vt 0.280822 0.000000
vt 0.287671 1.000000
vt 0.287671 0.000000
vt 0.294521 1.000000
vt 0.294521 0.000000
vt 0.301370 1.000000
vt 0.301370 0.000000
vt 0.308219 1.000000
vt 0.308219 0.000000
vt 0.315068 1.000000
vt 0.315068 0.000000
vt 0.321918 1.000000
vt 0.321918 0.000000
vt 0.328767 1.000000
vt 0.328767 0.000000
vt 0.335616 1.000000
vt 0.335616 0.000000
vt 0.342466 1.000000
vt 0.342466 0.000000
vt 0.349315 1.000000
vt 0.349315 0.000000
vt 0.356164 1.000000
vt 0.356164 0.000000
vt 0.363014 1.000000
vt 0.363014 0.000000
vt 0.369863 1.000000
vt 0.369863 0.000000
vt 0.376712 1.000000
vt 0.376712 0.000000
vt 0.383562 1.000000
vt 0.383562 0.000000
vt 0.390411 1.000000
vt 0.390411 0.000000
vt 0.397260 1.000000
vt 0.397260 0.000000
vt 0.404110 1.000000
vt 0.404110 0.000000
vt 0.410959 1.000000
vt 0.410959 0.000000
vt 0.417808 1.000000
vt 0.417808 0.000000
vt 0.424658 1.000000
vt 0.424658 0.000000
vt 0.431507 1.000000
vt 0.431507 0.000000
vt 0.438356 1.000000
vt 0.438356 0.000000
vt 0.445205 1.000000
vt 0.445205 0.000000
vt 0.452055 1.000000
vt 0.452055 0.000000
vt 0.458904 1.000000
vt 0.458904 0.000000
vt 0.465753 1.000000
vt 0.465753 0.000000
vt 0.472603 1.000000
vt 0.472603 0.000000
vt 0.479452 1.000000
vt 0.479452 0.000000
vt 0.486301 1.000000
vt 0.486301 0.000000
vt 0.493151 1.000000
vt 0.493151 0.000000
vt 0.500000 1.000000
vt 0.500000 0.000000
vt 0.506849 1.000000
vt 0.506849 0.000000
vt 0.513699 1.000000
vt 0.513699 0.000000
vt 0.520548 1.000000
vt 0.520548 0.000000
vt 0.527397 1.000000
vt 0.527397 0.000000
vt 0.534247 1.000000
vt 0.534247 0.000000
vt 0.541096 1.000000
vt 0.541096 0.000000
vt 0.547945 1.000000
vt 0.547945 0.000000
vt 0.554795 1.000000
vt 0.554795 0.000000
vt 0.561644 1.000000
vt 0.561644 0.000000
vt 0.568493 1.000000
vt 0.568493 0.000000
vt 0.575342 1.000000
vt 0.575342 0.000000
vt 0.582192 1.000000
vt 0.582192 0.000000
vt 0.589041 1.000000
vt 0.589041 0.000000
vt 0.595890 1.000000
vt 0.595890 0.000000
vt 0.602740 1.000000
vt 0.602740 0.000000
vt 0.609589 1.000000
vt 0.609589 0.000000
vt 0.616438 1.000000
vt 0.616438 0.000000
vt 0.623288 1.000000
vt 0.623288 0.000000
vt 0.630137 1.000000
vt 0.630137 0.000000
vt 0.636986 1.000000
vt 0.636986 0.000000
vt 0.643836 1.000000
vt 0.643836 0.000000
vt 0.650685 1.000000
vt 0.650685 0.000000
vt 0.657534 1.000000
vt 0.657534 0.000000
vt 0.664384 1.000000
vt 0.664384 0.000000
vt 0.671233 1.000000
vt 0.671233 0.000000
vt 0.678082 1.000000
vt 0.678082 0.000000
vt 0.684932 1.000000
vt 0.684932 0.000000
vt 0.691781 1.000000
vt 0.691781 0.000000
vt 0.698630 1.000000
vt 0.698630 0.000000
vt 0.705479 1.000000
vt 0.705479 0.000000
vt 0.712329 1.000000
vt 0.712329 0.000000
vt 0.719178 1.000000
vt 0.719178 0.000000
vt 0.726027 1.000000
vt 0.726027 0.000000
vt 0.732877 1.000000
vt 0.732877 0.000000
vt 0.739726 1.000000
vt 0.739726 0.000000
vt 0.746575 1.000000
vt 0.746575 0.000000
vt 0.753425 1.000000
vt 0.753425 0.000000
vt 0.760274 1.000000
vt 0.760274 0.000000
vt 0.767123 1.000000
vt 0.767123 0.000000
vt 0.773973 1.000000
vt 0.773973 0.000000
vt 0.780822 1.000000
vt 0.780822 0.000000
vt 0.787671 1.000000
vt 0.787671 0.000000
vt 0.794521 1.000000
vt 0.794521 0.000000
vt 0.801370 1.000000
vt 0.801370 0.000000
vt 0.808219 1.000000
vt 0.808219 0.000000
vt 0.815068 1.000000
vt 0.815068 0.000000
vt 0.821918 1.000000
vt 0.821918 0.000000
vt 0.828767 1.000000
vt 0.828767 0.000000
vt 0.835616 1.000000
vt 0.835616 0.000000
vt 0.842466 1.000000
vt 0.842466 0.000000
vt 0.849315 1.000000
vt 0.849315 0.000000
vt 0.856164 1.000000
vt 0.856164 0.000000
vt 0.863014 1.000000
vt 0.863014 0.000000
vt 0.869863 1.000000
vt 0.869863 0.000000
vt 0.876712 1.000000
vt 0.876712 0.000000
vt 0.883562 1.000000
vt 0.883562 0.000000
vt 0.890411 1.000000
vt 0.890411 0.000000
vt 0.897260 1.000000
vt 0.897260 0.000000
vt 0.904110 1.000000
vt 0.904110 0.000000
vt 0.910959 1.000000
vt 0.910959 0.000000
vt 0.917808 1.000000
vt 0.917808 0.000000
vt 0.924658 1.000000
vt 0.924658 0.000000
vt 0.931507 1.000000
vt 0.931507 0.000000
vt 0.938356 1.000000
vt 0.938356 0.000000
vt 0.945205 1.000000
vt 0.945205 0.000000
vt 0.952055 1.000000
vt 0.952055 0.000000
vt 0.958904 1.000000
vt 0.958904 0.000000
vt 0.965753 1.000000
vt 0.965753 0.000000
vt 0.972603 1.000000
vt 0.972603 0.000000
vt 0.979452 1.000000
vt 0.979452 0.000000
vt 0.986301 1.000000
vt 0.986301 0.000000
vt 0.993151 1.000000
vt 0.993151 0.000000
vt 1.000000 1.000000
vt 0.006944 1.000000
vt 0.006944 0.000000
vt 0.013889 1.000000
vt 0.013889 0.000000
vt 0.020833 1.000000
vt 0.020833 0.000000
vt 0.027778 1.000000
vt 0.027778 0.000000
vt 0.034722 1.000000
vt 0.034722 0.000000
vt 0.041667 1.000000
vt 0.041667 0.000000
vt 0.048611 1.000000
vt 0.048611 0.000000
vt 0.055556 1.000000
vt 0.055556 0.000000
vt 0.062500 1.000000
vt 0.062500 0.000000
vt 0.069444 1.000000
vt 0.069444 0.000000
vt 0.076389 1.000000
vt 0.076389 0.000000
vt 0.083333 1.000000
vt 0.083333 0.000000
vt 0.090278 1.000000
vt 0.090278 0.000000
vt 0.097222 1.000000
vt 0.097222 0.000000
vt 0.104167 1.000000
vt 0.104167 0.000000
vt 0.111111 1.000000
vt 0.118056 1.000000
vt 0.118056 0.000000
vt 0.125000 1.000000
vt 0.125000 0.000000
vt 0.131944 1.000000
vt 0.131944 0.000000
vt 0.138889 1.000000
vt 0.138889 0.000000
vt 0.145833 1.000000
vt 0.145833 0.000000
vt 0.152778 1.000000
vt 0.152778 0.000000
vt 0.159722 1.000000
vt 0.159722 0.000000
vt 0.166667 1.000000
vt 0.166667 0.000000
vt 0.173611 1.000000
vt 0.173611 0.000000
vt 0.180556 1.000000
vt 0.180556 0.000000
vt 0.187500 1.000000
vt 0.187500 0.000000
vt 0.194444 1.000000
vt 0.194444 0.000000
vt 0.201389 1.000000
vt 0.201389 0.000000
vt 0.208333 1.000000
vt 0.208333 0.000000
vt 0.215278 1.000000
vt 0.215278 0.000000
vt 0.222222 1.000000
vt 0.229167 1.000000
vt 0.229167 0.000000
vt 0.236111 1.000000
vt 0.236111 0.000000
vt 0.243056 1.000000
vt 0.243056 0.000000
vt 0.250000 1.000000
vt 0.250000 0.000000
vt 0.256944 1.000000
vt 0.256944 0.000000
vt 0.263889 1.000000
vt 0.263889 0.000000
vt 0.270833 1.000000
vt 0.270833 0.000000
vt 0.277778 1.000000
vt 0.277778 0.000000
vt 0.284722 1.000000
vt 0.284722 0.000000
vt 0.291667 1.000000
vt 0.291667 0.000000
vt 0.298611 1.000000
vt 0.298611 0.000000
vt 0.305556 1.000000
vt 0.305556 0.000000
vt 0.312500 1.000000
vt 0.312500 0.000000
vt 0.319444 1.000000
vt 0.319444 0.000000
vt 0.326389 1.000000
vt 0.326389 0.000000
vt 0.333333 1.000000
vt 0.340278 1.000000
vt 0.340278 0.000000
vt 0.347222 1.000000
vt 0.347222 0.000000
vt 0.354167 1.000000
vt 0.354167 0.000000
vt 0.361111 1.000000
vt 0.361111 0.000000
vt 0.368056 1.000000
vt 0.368056 0.000000
vt 0.375000 1.000000
vt 0.375000 0.000000
vt 0.381944 1.000000
vt 0.381944 0.000000
vt 0.388889 1.000000
vt 0.388889 0.000000
vt 0.395833 1.000000
vt 0.395833 0.000000
vt 0.402778 1.000000
vt 0.402778 0.000000
vt 0.409722 1.000000
vt 0.409722 0.000000
vt 0.416667 1.000000
vt 0.416667 0.000000
vt 0.423611 1.000000
vt 0.423611 0.000000
vt 0.430556 1.000000
vt 0.430556 0.000000
vt 0.437500 1.000000
vt 0.437500 0.000000
vt 0.444444 1.000000
vt 0.451389 1.000000
vt 0.451389 0.000000
vt 0.458333 1.000000
vt 0.458333 0.000000
vt 0.465278 1.000000
vt 0.465278 0.000000
vt 0.472222 1.000000
vt 0.472222 0.000000
vt 0.479167 1.000000
vt 0.479167 0.000000
vt 0.486111 1.000000
vt 0.486111 0.000000
vt 0.493056 1.000000
vt 0.493056 0.000000
vt 0.506944 1.000000
vt 0.506944 0.000000
vt 0.513889 1.000000
vt 0.513889 0.000000
vt 0.520833 1.000000
vt 0.520833 0.000000
vt 0.527778 1.000000
vt 0.527778 0.000000
vt 0.534722 1.000000
vt 0.534722 0.000000
vt 0.541667 1.000000
vt 0.541667 0.000000
vt 0.548611 1.000000
vt 0.548611 0.000000
vt 0.555556 1.000000
vt 0.562500 1.000000
vt 0.562500 0.000000
vt 0.569444 1.000000
vt 0.569444 0.000000
vt 0.576389 1.000000
vt 0.576389 0.000000
vt 0.583333 1.000000
vt 0.583333 0.000000
vt 0.590278 1.000000
vt 0.590278 0.000000
vt 0.597222 1.000000
vt 0.597222 0.000000
vt 0.604167 1.000000
vt 0.604167 0.000000
vt 0.611111 1.000000
vt 0.611111 0.000000
vt 0.618056 1.000000
vt 0.618056 0.000000
vt 0.625000 1.000000
vt 0.625000 0.000000
vt 0.631944 1.000000
vt 0.631944 0.000000
vt 0.638889 1.000000
vt 0.638889 0.000000
vt 0.645833 1.000000
vt 0.645833 0.000000
vt 0.652778 1.000000
vt 0.652778 0.000000
vt 0.659722 1.000000
vt 0.659722 0.000000
vt 0.666667 1.000000
vt 0.673611 1.000000
vt 0.673611 0.000000
vt 0.680556 1.000000
vt 0.680556 0.000000
vt 0.687500 1.000000
vt 0.687500 0.000000
vt 0.694444 1.000000
vt 0.694444 0.000000
vt 0.701389 1.000000
vt 0.701389 0.000000
vt 0.708333 1.000000
vt 0.708333 0.000000
vt 0.715278 1.000000
vt 0.715278 0.000000
vt 0.722222 1.000000
vt 0.722222 0.000000
vt 0.729167 1.000000
vt 0.729167 0.000000
vt 0.736111 1.000000
vt 0.736111 0.000000
vt 0.743056 1.000000
vt 0.743056 0.000000
vt 0.750000 1.000000
vt 0.750000 0.000000
vt 0.756944 1.000000
vt 0.756944 0.000000
vt 0.763889 1.000000
vt 0.763889 0.000000
vt 0.770833 1.000000
vt 0.770833 0.000000
vt 0.777778 1.000000
vt 0.784722 1.000000
vt 0.784722 0.000000
vt 0.791667 1.000000
vt 0.791667 0.000000
vt 0.798611 1.000000
vt 0.798611 0.000000
vt 0.805556 1.000000
vt 0.805556 0.000000
vt 0.812500 1.000000
vt 0.812500 0.000000
vt 0.819444 1.000000
vt 0.819444 0.000000
vt 0.826389 1.000000
vt 0.826389 0.000000
vt 0.833333 1.000000
vt 0.833333 0.000000
vt 0.840278 1.000000
vt 0.840278 0.000000
vt 0.847222 1.000000
vt 0.847222 0.000000
vt 0.854167 1.000000
vt 0.854167 0.000000
vt 0.861111 1.000000
vt 0.861111 0.000000
vt 0.868056 1.000000
vt 0.868056 0.000000
vt 0.875000 1.000000
vt 0.875000 0.000000
vt 0.881944 1.000000
vt 0.881944 0.000000
vt 0.888889 1.000000
vt 0.895833 1.000000
vt 0.895833 0.000000
vt 0.902778 1.000000
vt 0.902778 0.000000
vt 0.909722 1.000000
vt 0.909722 0.000000
vt 0.916667 1.000000
vt 0.916667 0.000000
vt 0.923611 1.000000
vt 0.923611 0.000000
vt 0.930556 1.000000
vt 0.930556 0.000000
vt 0.937500 1.000000
vt 0.937500 0.000000
vt 0.944444 1.000000
vt 0.944444 0.000000
vt 0.951389 1.000000
vt 0.951389 0.000000
vt 0.958333 1.000000
vt 0.958333 0.000000
vt 0.965278 1.000000
vt 0.965278 0.000000
vt 0.972222 1.000000
vt 0.972222 0.000000
vt 0.979167 1.000000
vt 0.979167 0.000000
vt 0.986111 1.000000
vt 0.986111 0.000000
vt 0.993056 1.000000
vt 0.993056 0.000000
vt 0.100000 1.000000
vt 0.100000 0.000000
vt 0.200000 1.000000
vt 0.300000 1.000000
vt 0.300000 0.000000
vt 0.400000 1.000000
vt 0.600000 1.000000
vt 0.700000 1.000000
vt 0.700000 0.000000
vt 0.800000 1.000000
vt 0.900000 1.000000
vt 0.900000 0.000000
vt 0.007246 1.000000
vt 0.007246 0.000000
vt 0.014493 1.000000
vt 0.014493 0.000000
vt 0.021739 1.000000
vt 0.021739 0.000000
vt 0.028986 1.000000
vt 0.028986 0.000000
vt 0.036232 1.000000
vt 0.036232 0.000000
vt 0.043478 1.000000
vt 0.043478 0.000000
vt 0.050725 1.000000
vt 0.050725 0.000000
vt 0.057971 1.000000
vt 0.057971 0.000000
vt 0.065217 1.000000
vt 0.065217 0.000000
vt 0.072464 1.000000
vt 0.072464 0.000000
vt 0.079710 1.000000
vt 0.079710 0.000000
vt 0.086957 1.000000
vt 0.086957 0.000000
vt 0.094203 1.000000
vt 0.094203 0.000000
vt 0.101449 1.000000
vt 0.101449 0.000000
vt 0.108696 1.000000
vt 0.108696 0.000000
vt 0.115942 1.000000
vt 0.115942 0.000000
vt 0.123188 1.000000
vt 0.123188 0.000000
vt 0.130435 1.000000
vt 0.130435 0.000000
vt 0.137681 1.000000
vt 0.137681 0.000000
vt 0.144928 1.000000
vt 0.144928 0.000000
vt 0.152174 1.000000
vt 0.152174 0.000000
vt 0.159420 1.000000
vt 0.159420 0.000000
vt 0.173913 1.000000
vt 0.173913 0.000000
vt 0.181159 1.000000
vt 0.181159 0.000000
vt 0.188406 1.000000
vt 0.188406 0.000000
vt 0.195652 1.000000
vt 0.195652 0.000000
vt 0.202899 1.000000
vt 0.202899 0.000000
vt 0.210145 1.000000
vt 0.210145 0.000000
vt 0.217391 1.000000
vt 0.217391 0.000000
vt 0.224638 1.000000
vt 0.224638 0.000000
vt 0.231884 1.000000
vt 0.231884 0.000000
vt 0.239130 1.000000
vt 0.239130 0.000000
vt 0.246377 1.000000
vt 0.246377 0.000000
vt 0.253623 1.000000
vt 0.253623 0.000000
vt 0.260870 1.000000
vt 0.260870 0.000000
vt 0.268116 1.000000
vt 0.268116 0.000000
vt 0.275362 1.000000
vt 0.275362 0.000000
vt 0.282609 1.000000
vt 0.282609 0.000000
vt 0.289855 1.000000
vt 0.289855 0.000000
vt 0.297101 1.000000
vt 0.297101 0.000000
vt 0.304348 1.000000
vt 0.304348 0.000000
vt 0.311594 1.000000
vt 0.311594 0.000000
vt 0.318841 1.000000
vt 0.318841 0.000000
vt 0.326087 1.000000
vt 0.326087 0.000000
vt 0.340580 1.000000
vt 0.340580 0.000000
vt 0.347826 1.000000
vt 0.347826 0.000000
vt 0.355072 1.000000
vt 0.355072 0.000000
vt 0.362319 1.000000
vt 0.362319 0.000000
vt 0.369565 1.000000
vt 0.369565 0.000000
vt 0.376812 1.000000
vt 0.376812 0.000000
vt 0.384058 1.000000
vt 0.384058 0.000000
vt 0.391304 1.000000
vt 0.391304 0.000000
vt 0.398551 1.000000
vt 0.398551 0.000000
vt 0.405797 1.000000
vt 0.405797 0.000000
vt 0.413043 1.000000
vt 0.413043 0.000000
vt 0.420290 1.000000
vt 0.420290 0.000000
vt 0.427536 1.000000
vt 0.427536 0.000000
vt 0.434783 1.000000
vt 0.434783 0.000000
vt 0.442029 1.000000
vt 0.442029 0.000000
vt 0.449275 1.000000
vt 0.449275 0.000000
vt 0.456522 1.000000
vt 0.456522 0.000000
vt 0.463768 1.000000
vt 0.463768 0.000000
vt 0.471014 1.000000
vt 0.471014 0.000000
vt 0.478261 1.000000
vt 0.478261 0.000000
vt 0.485507 1.000000
vt 0.485507 0.000000
vt 0.492754 1.000000
vt 0.492754 0.000000
vt 0.507246 1.000000
vt 0.507246 0.000000
vt 0.514493 1.000000
vt 0.514493 0.000000
vt 0.521739 1.000000
vt 0.521739 0.000000
vt 0.528986 1.000000
vt 0.528986 0.000000
vt 0.536232 1.000000
vt 0.536232 0.000000
vt 0.543478 1.000000
vt 0.543478 0.000000
vt 0.550725 1.000000
vt 0.550725 0.000000
vt 0.557971 1.000000
vt 0.557971 0.000000
vt 0.565217 1.000000
vt 0.565217 0.000000
vt 0.572464 1.000000
vt 0.572464 0.000000
vt 0.579710 1.000000
vt 0.579710 0.000000
vt 0.586957 1.000000
vt 0.586957 0.000000
vt 0.594203 1.000000
vt 0.594203 0.000000
vt 0.601449 1.000000
vt 0.601449 0.000000
vt 0.608696 1.000000
vt 0.608696 0.000000
vt 0.615942 1.000000
vt 0.615942 0.000000
vt 0.623188 1.000000
vt 0.623188 0.000000
vt 0.630435 1.000000
vt 0.630435 0.000000
vt 0.637681 1.000000
vt 0.637681 0.000000
vt 0.644928 1.000000
vt 0.644928 0.000000
vt 0.652174 1.000000
vt 0.652174 0.000000
vt 0.659420 1.000000
vt 0.659420 0.000000
vt 0.673913 1.000000
vt 0.673913 0.000000
vt 0.681159 1.000000
vt 0.681159 0.000000
vt 0.688406 1.000000
vt 0.688406 0.000000
vt 0.695652 1.000000
vt 0.695652 0.000000
vt 0.702899 1.000000
vt 0.702899 0.000000
vt 0.710145 1.000000
vt 0.710145 0.000000
vt 0.717391 1.000000
vt 0.717391 0.000000
vt 0.724638 1.000000
vt 0.724638 0.000000
vt 0.731884 1.000000
vt 0.731884 0.000000
vt 0.739130 1.000000
vt 0.739130 0.000000
vt 0.746377 1.000000
vt 0.746377 0.000000
vt 0.753623 1.000000
vt 0.753623 0.000000
vt 0.760870 1.000000
vt 0.760870 0.000000
vt 0.768116 1.000000
vt 0.768116 0.000000
vt 0.775362 1.000000
vt 0.775362 0.000000
vt 0.782609 1.000000
vt 0.782609 0.000000
vt 0.789855 1.000000
vt 0.789855 0.000000
vt 0.797101 1.000000
vt 0.797101 0.000000
vt 0.804348 1.000000
vt 0.804348 0.000000
vt 0.811594 1.000000
vt 0.811594 0.000000
vt 0.818841 1.000000
vt 0.818841 0.000000
vt 0.826087 1.000000
vt 0.826087 0.000000
vt 0.840580 1.000000
vt 0.840580 0.000000
vt 0.847826 1.000000
vt 0.847826 0.000000
vt 0.855072 1.000000
vt 0.855072 0.000000
vt 0.862319 1.000000
vt 0.862319 0.000000
vt 0.869565 1.000000
vt 0.869565 0.000000
vt 0.876812 1.000000
vt 0.876812 0.000000
vt 0.884058 1.000000
vt 0.884058 0.000000
vt 0.891304 1.000000
vt 0.891304 0.000000
vt 0.898551 1.000000
vt 0.898551 0.000000
vt 0.905797 1.000000
vt 0.905797 0.000000
vt 0.913043 1.000000
vt 0.913043 0.000000
vt 0.920290 1.000000
vt 0.920290 0.000000
vt 0.927536 1.000000
vt 0.927536 0.000000
vt 0.934783 1.000000
vt 0.934783 0.000000
vt 0.942029 1.000000
vt 0.942029 0.000000
vt 0.949275 1.000000
vt 0.949275 0.000000
vt 0.956522 1.000000
vt 0.956522 0.000000
vt 0.963768 1.000000
vt 0.963768 0.000000
vt 0.971014 1.000000
vt 0.971014 0.000000
vt 0.978261 1.000000
vt 0.978261 0.000000
vt 0.985507 1.000000
vt 0.985507 0.000000
vt 0.992754 1.000000
vt 0.992754 0.000000
vt 0.001767 1.000000
vt 0.001767 0.000000
vt 0.003534 1.000000
vt 0.003534 0.000000
vt 0.005300 1.000000
vt 0.005300 0.000000
vt 0.007067 1.000000
vt 0.007067 0.000000
vt 0.008834 1.000000
vt 0.008834 0.000000
vt 0.010601 1.000000
vt 0.010601 0.000000
vt 0.012367 1.000000
vt 0.012367 0.000000
vt 0.014134 1.000000
vt 0.014134 0.000000
vt 0.015901 1.000000
vt 0.015901 0.000000
vt 0.017668 1.000000
vt 0.017668 0.000000
vt 0.019435 1.000000
vt 0.019435 0.000000
vt 0.021201 1.000000
vt 0.021201 0.000000
vt 0.022968 1.000000
vt 0.022968 0.000000
vt 0.024735 1.000000
vt 0.024735 0.000000
vt 0.026502 1.000000
vt 0.026502 0.000000
vt 0.028269 1.000000
vt 0.028269 0.000000
vt 0.030035 1.000000
vt 0.030035 0.000000
vt 0.031802 1.000000
vt 0.031802 0.000000
vt 0.033569 1.000000
vt 0.033569 0.000000
vt 0.035336 1.000000
vt 0.035336 0.000000
vt 0.037102 1.000000
vt 0.037102 0.000000
vt 0.038869 1.000000
vt 0.038869 0.000000
vt 0.040636 1.000000
vt 0.040636 0.000000
vt 0.042403 1.000000
vt 0.042403 0.000000
vt 0.044170 1.000000
vt 0.044170 0.000000
vt 0.045936 1.000000
vt 0.045936 0.000000
vt 0.047703 1.000000
vt 0.047703 0.000000
vt 0.049470 1.000000
vt 0.049470 0.000000
vt 0.051237 1.000000
vt 0.051237 0.000000
vt 0.053004 1.000000
vt 0.053004 0.000000
vt 0.054770 1.000000
vt 0.054770 0.000000
vt 0.056537 1.000000
vt 0.056537 0.000000
vt 0.058304 1.000000
vt 0.058304 0.000000
vt 0.060071 1.000000
vt 0.060071 0.000000
vt 0.061837 1.000000
vt 0.061837 0.000000
vt 0.063604 1.000000
vt 0.063604 0.000000
vt 0.065371 1.000000
vt 0.065371 0.000000
vt 0.067138 1.000000
vt 0.067138 0.000000
vt 0.068905 1.000000
vt 0.068905 0.000000
vt 0.070671 1.000000
vt 0.070671 0.000000
vt 0.072438 1.000000
vt 0.072438 0.000000
vt 0.074205 1.000000
vt 0.074205 0.000000
vt 0.075972 1.000000
vt 0.075972 0.000000
vt 0.077739 1.000000
vt 0.077739 0.000000
vt 0.079505 1.000000
vt 0.079505 0.000000
vt 0.081272 1.000000
vt 0.081272 0.000000
vt 0.083039 1.000000
vt 0.083039 0.000000
vt 0.084806 1.000000
vt 0.084806 0.000000
vt 0.086572 1.000000
vt 0.086572 0.000000
vt 0.088339 1.000000
vt 0.088339 0.000000
vt 0.090106 1.000000
vt 0.090106 0.000000
vt 0.091873 1.000000
vt 0.091873 0.000000
vt 0.093640 1.000000
vt 0.093640 0.000000
vt 0.095406 1.000000
vt 0.095406 0.000000
vt 0.097173 1.000000
vt 0.097173 0.000000
vt 0.098940 1.000000
vt 0.098940 0.000000
vt 0.100707 1.000000
vt 0.100707 0.000000
vt 0.102473 1.000000
vt 0.102473 0.000000
vt 0.104240 1.000000
vt 0.104240 0.000000
vt 0.106007 1.000000
vt 0.106007 0.000000
vt 0.107774 1.000000
vt 0.107774 0.000000
vt 0.109541 1.000000
vt 0.109541 0.000000
vt 0.111307 1.000000
vt 0.111307 0.000000
vt 0.113074 1.000000
vt 0.113074 0.000000
vt 0.114841 1.000000
vt 0.114841 0.000000
vt 0.116608 1.000000
vt 0.116608 0.000000
vt 0.118375 1.000000
vt 0.118375 0.000000
vt 0.120141 1.000000
vt 0.120141 0.000000
vt 0.121908 1.000000
vt 0.121908 0.000000
vt 0.123675 1.000000
vt 0.123675 0.000000
vt 0.125442 1.000000
vt 0.125442 0.000000
vt 0.127208 1.000000
vt 0.127208 0.000000
vt 0.128975 1.000000
vt 0.128975 0.000000
vt 0.130742 1.000000
vt 0.130742 0.000000
vt 0.132509 1.000000
vt 0.132509 0.000000
vt 0.134276 1.000000
vt 0.134276 0.000000
vt 0.136042 1.000000
vt 0.136042 0.000000
vt 0.137809 1.000000
vt 0.137809 0.000000
vt 0.139576 1.000000
vt 0.139576 0.000000
vt 0.141343 1.000000
vt 0.141343 0.000000
vt 0.143110 1.000000
vt 0.143110 0.000000
vt 0.144876 1.000000
vt 0.144876 0.000000
vt 0.146643 1.000000
vt 0.146643 0.000000
vt 0.148410 1.000000
vt 0.148410 0.000000
vt 0.150177 1.000000
vt 0.150177 0.000000
vt 0.151943 1.000000
vt 0.151943 0.000000
vt 0.153710 1.000000
vt 0.153710 0.000000
vt 0.155477 1.000000
vt 0.155477 0.000000
vt 0.157244 1.000000
vt 0.157244 0.000000
vt 0.159011 1.000000
vt 0.159011 0.000000
vt 0.160777 1.000000
vt 0.160777 0.000000
vt 0.162544 1.000000
vt 0.162544 0.000000
vt 0.164311 1.000000
vt 0.164311 0.000000
vt 0.166078 1.000000
vt 0.166078 0.000000
vt 0.167845 1.000000
vt 0.167845 0.000000
vt 0.169611 1.000000
vt 0.169611 0.000000
vt 0.171378 1.000000
vt 0.171378 0.000000
vt 0.173145 1.000000
vt 0.173145 0.000000
vt 0.174912 1.000000
vt 0.174912 0.000000
vt 0.176678 1.000000
vt 0.176678 0.000000
vt 0.178445 1.000000
vt 0.178445 0.000000
vt 0.180212 1.000000
vt 0.180212 0.000000
vt 0.181979 1.000000
vt 0.181979 0.000000
vt 0.183746 1.000000
vt 0.183746 0.000000
vt 0.185512 1.000000
vt 0.185512 0.000000
vt 0.187279 1.000000
vt 0.187279 0.000000
vt 0.189046 1.000000
vt 0.189046 0.000000
vt 0.190813 1.000000
vt 0.190813 0.000000
vt 0.192580 1.000000
vt 0.192580 0.000000
vt 0.194346 1.000000
vt 0.194346 0.000000
vt 0.196113 1.000000
vt 0.196113 0.000000
vt 0.197880 1.000000
vt 0.197880 0.000000
vt 0.199647 1.000000
vt 0.199647 0.000000
vt 0.201413 1.000000
vt 0.201413 0.000000
vt 0.203180 1.000000
vt 0.203180 0.000000
vt 0.204947 1.000000
vt 0.204947 0.000000
vt 0.206714 1.000000
vt 0.206714 0.000000
vt 0.208481 1.000000
vt 0.208481 0.000000
vt 0.210247 1.000000
vt 0.210247 0.000000
vt 0.212014 1.000000
vt 0.212014 0.000000
vt 0.213781 1.000000
vt 0.213781 0.000000
vt 0.215548 1.000000
vt 0.215548 0.000000
vt 0.217314 1.000000
vt 0.217314 0.000000
vt 0.219081 1.000000
vt 0.219081 0.000000
vt 0.220848 1.000000
vt 0.220848 0.000000
vt 0.222615 1.000000
vt 0.222615 0.000000
vt 0.224382 1.000000
vt 0.224382 0.000000
vt 0.226148 1.000000
vt 0.226148 0.000000
vt 0.227915 1.000000
vt 0.227915 0.000000
vt 0.229682 1.000000
vt 0.229682 0.000000
vt 0.231449 1.000000
vt 0.231449 0.000000
vt 0.233216 1.000000
vt 0.233216 0.000000
vt 0.234982 1.000000
vt 0.234982 0.000000
vt 0.236749 1.000000
vt 0.236749 0.000000
vt 0.238516 1.000000
vt 0.238516 0.000000
vt 0.240283 1.000000
vt 0.240283 0.000000
vt 0.242049 1.000000
vt 0.242049 0.000000
vt 0.243816 1.000000
vt 0.243816 0.000000
vt 0.245583 1.000000
vt 0.245583 0.000000
vt 0.247350 1.000000
vt 0.247350 0.000000
vt 0.249117 1.000000
vt 0.249117 0.000000
vt 0.250883 1.000000
vt 0.250883 0.000000
vt 0.252650 1.000000
vt 0.252650 0.000000
vt 0.254417 1.000000
vt 0.254417 0.000000
vt 0.256184 1.000000
vt 0.256184 0.000000
vt 0.257951 1.000000
vt 0.257951 0.000000
vt 0.259717 1.000000
vt 0.259717 0.000000
vt 0.261484 1.000000
vt 0.261484 0.000000
vt 0.263251 1.000000
vt 0.263251 0.000000
vt 0.265018 1.000000
vt 0.265018 0.000000
vt 0.266784 1.000000
vt 0.266784 0.000000
vt 0.268551 1.000000
vt 0.268551 0.000000
vt 0.270318 1.000000
vt 0.270318 0.000000
vt 0.272085 1.000000
vt 0.272085 0.000000
vt 0.273852 1.000000
vt 0.273852 0.000000
vt 0.275618 1.000000
vt 0.275618 0.000000
vt 0.277385 1.000000
vt 0.277385 0.000000
vt 0.279152 1.000000
vt 0.279152 0.000000
vt 0.280919 1.000000
vt 0.280919 0.000000
vt 0.282686 1.000000
vt 0.282686 0.000000
vt 0.284452 1.000000
vt 0.284452 0.000000
vt 0.286219 1.000000
vt 0.286219 0.000000
vt 0.287986 1.000000
vt 0.287986 0.000000
vt 0.289753 1.000000
vt 0.289753 0.000000
vt 0.291519 1.000000
vt 0.291519 0.000000
vt 0.293286 1.000000
vt 0.293286 0.000000
vt 0.295053 1.000000
vt 0.295053 0.000000
vt 0.296820 1.000000
vt 0.296820 0.000000
vt 0.298587 1.000000
vt 0.298587 0.000000
vt 0.300353 1.000000
vt 0.300353 0.000000
vt 0.302120 1.000000
vt 0.302120 0.000000
vt 0.303887 1.000000
vt 0.303887 0.000000
vt 0.305654 1.000000
vt 0.305654 0.000000
vt 0.307420 1.000000
vt 0.307420 0.000000
vt 0.309187 1.000000
vt 0.309187 0.000000
vt 0.310954 1.000000
vt 0.310954 0.000000
vt 0.312721 1.000000
vt 0.312721 0.000000
vt 0.314488 1.000000
vt 0.314488 0.000000
vt 0.316254 1.000000
vt 0.316254 0.000000
vt 0.318021 1.000000
vt 0.318021 0.000000
vt 0.319788 1.000000
vt 0.319788 0.000000
vt 0.321555 1.000000
vt 0.321555 0.000000
vt 0.323322 1.000000
vt 0.323322 0.000000
vt 0.325088 1.000000
vt 0.325088 0.000000
vt 0.326855 1.000000
vt 0.326855 0.000000
vt 0.328622 1.000000
vt 0.328622 0.000000
vt 0.330389 1.000000
vt 0.330389 0.000000
vt 0.332155 1.000000
vt 0.332155 0.000000
vt 0.333922 1.000000
vt 0.333922 0.000000
vt 0.335689 1.000000
vt 0.335689 0.000000
vt 0.337456 1.000000
vt 0.337456 0.000000
vt 0.339223 1.000000
vt 0.339223 0.000000
vt 0.340989 1.000000
vt 0.340989 0.000000
vt 0.342756 1.000000
vt 0.342756 0.000000
vt 0.344523 1.000000
vt 0.344523 0.000000
vt 0.346290 1.000000
vt 0.346290 0.000000
vt 0.348057 1.000000
vt 0.348057 0.000000
vt 0.349823 1.000000
vt 0.349823 0.000000
vt 0.351590 1.000000
vt 0.351590 0.000000
vt 0.353357 1.000000
vt 0.353357 0.000000
vt 0.355124 1.000000
vt 0.355124 0.000000
vt 0.356890 1.000000
vt 0.356890 0.000000
vt 0.358657 1.000000
vt 0.358657 0.000000
vt 0.360424 1.000000
vt 0.360424 0.000000
vt 0.362191 1.000000
vt 0.362191 0.000000
vt 0.363958 1.000000
vt 0.363958 0.000000
vt 0.365724 1.000000
vt 0.365724 0.000000
vt 0.367491 1.000000
vt 0.367491 0.000000
vt 0.369258 1.000000
vt 0.369258 0.000000
vt 0.371025 1.000000
vt 0.371025 0.000000
vt 0.372792 1.000000
vt 0.372792 0.000000
vt 0.374558 1.000000
vt 0.374558 0.000000
vt 0.376325 1.000000
vt 0.376325 0.000000
vt 0.378092 1.000000
vt 0.378092 0.000000
vt 0.379859 1.000000
vt 0.379859 0.000000
vt 0.381625 1.000000
vt 0.381625 0.000000
vt 0.383392 1.000000
vt 0.383392 0.000000
vt 0.385159 1.000000
vt 0.385159 0.000000
vt 0.386926 1.000000
vt 0.386926 0.000000
vt 0.388693 1.000000
vt 0.388693 0.000000
vt 0.390459 1.000000
vt 0.390459 0.000000
vt 0.392226 1.000000
vt 0.392226 0.000000
vt 0.393993 1.000000
vt 0.393993 0.000000
vt 0.395760 1.000000
vt 0.395760 0.000000
vt 0.397527 1.000000
vt 0.397527 0.000000
vt 0.399293 1.000000
vt 0.399293 0.000000
vt 0.401060 1.000000
vt 0.401060 0.000000
vt 0.402827 1.000000
vt 0.402827 0.000000
vt 0.404594 1.000000
vt 0.404594 0.000000
vt 0.406360 1.000000
vt 0.406360 0.000000
vt 0.408127 1.000000
vt 0.408127 0.000000
vt 0.409894 1.000000
vt 0.409894 0.000000
vt 0.411661 1.000000
vt 0.411661 0.000000
vt 0.413428 1.000000
vt 0.413428 0.000000
vt 0.415194 1.000000
vt 0.415194 0.000000
vt 0.416961 1.000000
vt 0.416961 0.000000
vt 0.418728 1.000000
vt 0.418728 0.000000
vt 0.420495 1.000000
vt 0.420495 0.000000
vt 0.422261 1.000000
vt 0.422261 0.000000
vt 0.424028 1.000000
vt 0.424028 0.000000
vt 0.425795 1.000000
vt 0.425795 0.000000
vt 0.427562 1.000000
vt 0.427562 0.000000
vt 0.429329 1.000000
vt 0.429329 0.000000
vt 0.431095 1.000000
vt 0.431095 0.000000
vt 0.432862 1.000000
vt 0.432862 0.000000
vt 0.434629 1.000000
vt 0.434629 0.000000
vt 0.436396 1.000000
vt 0.436396 0.000000
vt 0.438163 1.000000
vt 0.438163 0.000000
vt 0.439929 1.000000
vt 0.439929 0.000000
vt 0.441696 1.000000
vt 0.441696 0.000000
vt 0.443463 1.000000
vt 0.443463 0.000000
vt 0.445230 1.000000
vt 0.445230 0.000000
vt 0.446996 1.000000
vt 0.446996 0.000000
vt 0.448763 1.000000
vt 0.448763 0.000000
vt 0.450530 1.000000
vt 0.450530 0.000000
vt 0.452297 1.000000
vt 0.452297 0.000000
vt 0.454064 1.000000
vt 0.454064 0.000000
vt 0.455830 1.000000
vt 0.455830 0.000000
vt 0.457597 1.000000
vt 0.457597 0.000000
vt 0.459364 1.000000
vt 0.459364 0.000000
vt 0.461131 1.000000
vt 0.461131 0.000000
vt 0.462898 1.000000
vt 0.462898 0.000000
vt 0.464664 1.000000
vt 0.464664 0.000000
vt 0.466431 1.000000
vt 0.466431 0.000000
vt 0.468198 1.000000
vt 0.468198 0.000000
vt 0.469965 1.000000
vt 0.469965 0.000000
vt 0.471731 1.000000
vt 0.471731 0.000000
vt 0.473498 1.000000
vt 0.473498 0.000000
vt 0.475265 1.000000
vt 0.475265 0.000000
vt 0.477032 1.000000
vt 0.477032 0.000000
vt 0.478799 1.000000
vt 0.478799 0.000000
vt 0.480565 1.000000
vt 0.480565 0.000000
vt 0.482332 1.000000
vt 0.482332 0.000000
vt 0.484099 1.000000
vt 0.484099 0.000000
vt 0.485866 1.000000
vt 0.485866 0.000000
vt 0.487633 1.000000
vt 0.487633 0.000000
vt 0.489399 1.000000
vt 0.489399 0.000000
vt 0.491166 1.000000
vt 0.491166 0.000000
vt 0.492933 1.000000
vt 0.492933 0.000000
vt 0.494700 1.000000
vt 0.494700 0.000000
vt 0.496466 1.000000
vt 0.496466 0.000000
vt 0.498233 1.000000
vt 0.498233 0.000000
vt 0.501767 1.000000
vt 0.501767 0.000000
vt 0.503534 1.000000
vt 0.503534 0.000000
vt 0.505300 1.000000
vt 0.505300 0.000000
vt 0.507067 1.000000
vt 0.507067 0.000000
vt 0.508834 1.000000
vt 0.508834 0.000000
vt 0.510601 1.000000
vt 0.510601 0.000000
vt 0.512367 1.000000
vt 0.512367 0.000000
vt 0.514134 1.000000
vt 0.514134 0.000000
vt 0.515901 1.000000
vt 0.515901 0.000000
vt 0.517668 1.000000
vt 0.517668 0.000000
vt 0.519435 1.000000
vt 0.519435 0.000000
vt 0.521201 1.000000
vt 0.521201 0.000000
vt 0.522968 1.000000
vt 0.522968 0.000000
vt 0.524735 1.000000
vt 0.524735 0.000000
vt 0.526502 1.000000
vt 0.526502 0.000000
vt 0.528269 1.000000
vt 0.528269 0.000000
vt 0.530035 1.000000
vt 0.530035 0.000000
vt 0.531802 1.000000
vt 0.531802 0.000000
vt 0.533569 1.000000
vt 0.533569 0.000000
vt 0.535336 1.000000
vt 0.535336 0.000000
vt 0.537102 1.000000
vt 0.537102 0.000000
vt 0.538869 1.000000
vt 0.538869 0.000000
vt 0.540636 1.000000
vt 0.540636 0.000000
vt 0.542403 1.000000
vt 0.542403 0.000000
vt 0.544170 1.000000
vt 0.544170 0.000000
vt 0.545936 1.000000
vt 0.545936 0.000000
vt 0.547703 1.000000
vt 0.547703 0.000000
vt 0.549470 1.000000
vt 0.549470 0.000000
vt 0.551237 1.000000
vt 0.551237 0.000000
vt 0.553004 1.000000
vt 0.553004 0.000000
vt 0.554770 1.000000
vt 0.554770 0.000000
vt 0.556537 1.000000
vt 0.556537 0.000000
vt 0.558304 1.000000
vt 0.558304 0.000000
vt 0.560071 1.000000
vt 0.560071 0.000000
vt 0.561837 1.000000
vt 0.561837 0.000000
vt 0.563604 1.000000
vt 0.563604 0.000000
vt 0.565371 1.000000
vt 0.565371 0.000000
vt 0.567138 1.000000
vt 0.567138 0.000000
vt 0.568905 1.000000
vt 0.568905 0.000000
vt 0.570671 1.000000
vt 0.570671 0.000000
vt 0.572438 1.000000
vt 0.572438 0.000000
vt 0.574205 1.000000
vt 0.574205 0.000000
vt 0.575972 1.000000
vt 0.575972 0.000000
vt 0.577739 1.000000
vt 0.577739 0.000000
vt 0.579505 1.000000
vt 0.579505 0.000000
vt 0.581272 1.000000
vt 0.581272 0.000000
vt 0.583039 1.000000
vt 0.583039 0.000000
vt 0.584806 1.000000
vt 0.584806 0.000000
vt 0.586572 1.000000
vt 0.586572 0.000000
vt 0.588339 1.000000
vt 0.588339 0.000000
vt 0.590106 1.000000
vt 0.590106 0.000000
vt 0.591873 1.000000
vt 0.591873 0.000000
vt 0.593640 1.000000
vt 0.593640 0.000000
vt 0.595406 1.000000
vt 0.595406 0.000000
vt 0.597173 1.000000
vt 0.597173 0.000000
vt 0.598940 1.000000
vt 0.598940 0.000000
vt 0.600707 1.000000
vt 0.600707 0.000000
vt 0.602473 1.000000
vt 0.602473 0.000000
vt 0.604240 1.000000
vt 0.604240 0.000000
vt 0.606007 1.000000
vt 0.606007 0.000000
vt 0.607774 1.000000
vt 0.607774 0.000000
vt 0.609541 1.000000
vt 0.609541 0.000000
vt 0.611307 1.000000
vt 0.611307 0.000000
vt 0.613074 1.000000
vt 0.613074 0.000000
vt 0.614841 1.000000
vt 0.614841 0.000000
vt 0.616608 1.000000
vt 0.616608 0.000000
vt 0.618375 1.000000
vt 0.618375 0.000000
vt 0.620141 1.000000
vt 0.620141 0.000000
vt 0.621908 1.000000
vt 0.621908 0.000000
vt 0.623675 1.000000
vt 0.623675 0.000000
vt 0.625442 1.000000
vt 0.625442 0.000000
vt 0.627208 1.000000
vt 0.627208 0.000000
vt 0.628975 1.000000
vt 0.628975 0.000000
vt 0.630742 1.000000
vt 0.630742 0.000000
vt 0.632509 1.000000
vt 0.632509 0.000000
vt 0.634276 1.000000
vt 0.634276 0.000000
vt 0.636042 1.000000
vt 0.636042 0.000000
vt 0.637809 1.000000
vt 0.637809 0.000000
vt 0.639576 1.000000
vt 0.639576 0.000000
vt 0.641343 1.000000
vt 0.641343 0.000000
vt 0.643110 1.000000
vt 0.643110 0.000000
vt 0.644876 1.000000
vt 0.644876 0.000000
vt 0.646643 1.000000
vt 0.646643 0.000000
vt 0.648410 1.000000
vt 0.648410 0.000000
vt 0.650177 1.000000
vt 0.650177 0.000000
vt 0.651943 1.000000
vt 0.651943 0.000000
vt 0.653710 1.000000
vt 0.653710 0.000000
vt 0.655477 1.000000
vt 0.655477 0.000000
vt 0.657244 1.000000
vt 0.657244 0.000000
vt 0.659011 1.000000
vt 0.659011 0.000000
vt 0.660777 1.000000
vt 0.660777 0.000000
vt 0.662544 1.000000
vt 0.662544 0.000000
vt 0.664311 1.000000
vt 0.664311 0.000000
vt 0.666078 1.000000
vt 0.666078 0.000000
vt 0.667845 1.000000
vt 0.667845 0.000000
vt 0.669611 1.000000
vt 0.669611 0.000000
vt 0.671378 1.000000
vt 0.671378 0.000000
vt 0.673145 1.000000
vt 0.673145 0.000000
vt 0.674912 1.000000
vt 0.674912 0.000000
vt 0.676678 1.000000
vt 0.676678 0.000000
vt 0.678445 1.000000
vt 0.678445 0.000000
vt 0.680212 1.000000
vt 0.680212 0.000000
vt 0.681979 1.000000
vt 0.681979 0.000000
vt 0.683746 1.000000
vt 0.683746 0.000000
vt 0.685512 1.000000
vt 0.685512 0.000000
vt 0.687279 1.000000
vt 0.687279 0.000000
vt 0.689046 1.000000
vt 0.689046 0.000000
vt 0.690813 1.000000
vt 0.690813 0.000000
vt 0.692580 1.000000
vt 0.692580 0.000000
vt 0.694346 1.000000
vt 0.694346 0.000000
vt 0.696113 1.000000
vt 0.696113 0.000000
vt 0.697880 1.000000
vt 0.697880 0.000000
vt 0.699647 1.000000
vt 0.699647 0.000000
vt 0.701413 1.000000
vt 0.701413 0.000000
vt 0.703180 1.000000
vt 0.703180 0.000000
vt 0.704947 1.000000
vt 0.704947 0.000000
vt 0.706714 1.000000
vt 0.706714 0.000000
vt 0.708481 1.000000
vt 0.708481 0.000000
vt 0.710247 1.000000
vt 0.710247 0.000000
vt 0.712014 1.000000
vt 0.712014 0.000000
vt 0.713781 1.000000
vt 0.713781 0.000000
vt 0.715548 1.000000
vt 0.715548 0.000000
vt 0.717314 1.000000
vt 0.717314 0.000000
vt 0.719081 1.000000
vt 0.719081 0.000000
vt 0.720848 1.000000
vt 0.720848 0.000000
vt 0.722615 1.000000
vt 0.722615 0.000000
vt 0.724382 1.000000
vt 0.724382 0.000000
vt 0.726148 1.000000
vt 0.726148 0.000000
vt 0.727915 1.000000
vt 0.727915 0.000000
vt 0.729682 1.000000
vt 0.729682 0.000000
vt 0.731449 1.000000
vt 0.731449 0.000000
vt 0.733216 1.000000
vt 0.733216 0.000000
vt 0.734982 1.000000
vt 0.734982 0.000000
vt 0.736749 1.000000
vt 0.736749 0.000000
vt 0.738516 1.000000
vt 0.738516 0.000000
vt 0.740283 1.000000
vt 0.740283 0.000000
vt 0.742049 1.000000
vt 0.742049 0.000000
vt 0.743816 1.000000
vt 0.743816 0.000000
vt 0.745583 1.000000
vt 0.745583 0.000000
vt 0.747350 1.000000
vt 0.747350 0.000000
vt 0.749117 1.000000
vt 0.749117 0.000000
vt 0.750883 1.000000
vt 0.750883 0.000000
vt 0.752650 1.000000
vt 0.752650 0.000000
vt 0.754417 1.000000
vt 0.754417 0.000000
vt 0.756184 1.000000
vt 0.756184 0.000000
vt 0.757951 1.000000
vt 0.757951 0.000000
vt 0.759717 1.000000
vt 0.759717 0.000000
vt 0.761484 1.000000
vt 0.761484 0.000000
vt 0.763251 1.000000
vt 0.763251 0.000000
vt 0.765018 1.000000
vt 0.765018 0.000000
vt 0.766784 1.000000
vt 0.766784 0.000000
vt 0.768551 1.000000
vt 0.768551 0.000000
vt 0.770318 1.000000
vt 0.770318 0.000000
vt 0.772085 1.000000
vt 0.772085 0.000000
vt 0.773852 1.000000
vt 0.773852 0.000000
vt 0.775618 1.000000
vt 0.775618 0.000000
vt 0.777385 1.000000
vt 0.777385 0.000000
vt 0.779152 1.000000
vt 0.779152 0.000000
vt 0.780919 1.000000
vt 0.780919 0.000000
vt 0.782686 1.000000
vt 0.782686 0.000000
vt 0.784452 1.000000
vt 0.784452 0.000000
vt 0.786219 1.000000
vt 0.786219 0.000000
vt 0.787986 1.000000
vt 0.787986 0.000000
vt 0.789753 1.000000
vt 0.789753 0.000000
vt 0.791519 1.000000
vt 0.791519 0.000000
vt 0.793286 1.000000
vt 0.793286 0.000000
vt 0.795053 1.000000
vt 0.795053 0.000000
vt 0.796820 1.000000
vt 0.796820 0.000000
vt 0.798587 1.000000
vt 0.798587 0.000000
vt 0.800353 1.000000
vt 0.800353 0.000000
vt 0.802120 1.000000
vt 0.802120 0.000000
vt 0.803887 1.000000
vt 0.803887 0.000000
vt 0.805654 1.000000
vt 0.805654 0.000000
vt 0.807420 1.000000
vt 0.807420 0.000000
vt 0.809187 1.000000
vt 0.809187 0.000000
vt 0.810954 1.000000
vt 0.810954 0.000000
vt 0.812721 1.000000
vt 0.812721 0.000000
vt 0.814488 1.000000
vt 0.814488 0.000000
vt 0.816254 1.000000
vt 0.816254 0.000000
vt 0.818021 1.000000
vt 0.818021 0.000000
vt 0.819788 1.000000
vt 0.819788 0.000000
vt 0.821555 1.000000
vt 0.821555 0.000000
vt 0.823322 1.000000
vt 0.823322 0.000000
vt 0.825088 1.000000
vt 0.825088 0.000000
vt 0.826855 1.000000
vt 0.826855 0.000000
vt 0.828622 1.000000
vt 0.828622 0.000000
vt 0.830389 1.000000
vt 0.830389 0.000000
vt 0.832155 1.000000
vt 0.832155 0.000000
vt 0.833922 1.000000
vt 0.833922 0.000000
vt 0.835689 1.000000
vt 0.835689 0.000000
vt 0.837456 1.000000
vt 0.837456 0.000000
vt 0.839223 1.000000
vt 0.839223 0.000000
vt 0.840989 1.000000
vt 0.840989 0.000000
vt 0.842756 1.000000
vt 0.842756 0.000000
vt 0.844523 1.000000
vt 0.844523 0.000000
vt 0.846290 1.000000
vt 0.846290 0.000000
vt 0.848057 1.000000
vt 0.848057 0.000000
vt 0.849823 1.000000
vt 0.849823 0.000000
vt 0.851590 1.000000
vt 0.851590 0.000000
vt 0.853357 1.000000
vt 0.853357 0.000000
vt 0.855124 1.000000
vt 0.855124 0.000000
vt 0.856890 1.000000
vt 0.856890 0.000000
vt 0.858657 1.000000
vt 0.858657 0.000000
vt 0.860424 1.000000
vt 0.860424 0.000000
vt 0.862191 1.000000
vt 0.862191 0.000000
vt 0.863958 1.000000
vt 0.863958 0.000000
vt 0.865724 1.000000
vt 0.865724 0.000000
vt 0.867491 1.000000
vt 0.867491 0.000000
vt 0.869258 1.000000
vt 0.869258 0.000000
vt 0.871025 1.000000
vt 0.871025 0.000000
vt 0.872792 1.000000
vt 0.872792 0.000000
vt 0.874558 1.000000
vt 0.874558 0.000000
vt 0.876325 1.000000
vt 0.876325 0.000000
vt 0.878092 1.000000
vt 0.878092 0.000000
vt 0.879859 1.000000
vt 0.879859 0.000000
vt 0.881625 1.000000
vt 0.881625 0.000000
vt 0.883392 1.000000
vt 0.883392 0.000000
vt 0.885159 1.000000
vt 0.885159 0.000000
vt 0.886926 1.000000
vt 0.886926 0.000000
vt 0.888693 1.000000
vt 0.888693 0.000000
vt 0.890459 1.000000
vt 0.890459 0.000000
vt 0.892226 1.000000
vt 0.892226 0.000000
vt 0.893993 1.000000
vt 0.893993 0.000000
vt 0.895760 1.000000
vt 0.895760 0.000000
vt 0.897527 1.000000
vt 0.897527 0.000000
vt 0.899293 1.000000
vt 0.899293 0.000000
vt 0.901060 1.000000
vt 0.901060 0.000000
vt 0.902827 1.000000
vt 0.902827 0.000000
vt 0.904594 1.000000
vt 0.904594 0.000000
vt 0.906360 1.000000
vt 0.906360 0.000000
vt 0.908127 1.000000
vt 0.908127 0.000000
vt 0.909894 1.000000
vt 0.909894 0.000000
vt 0.911661 1.000000
vt 0.911661 0.000000
vt 0.913428 1.000000
vt 0.913428 0.000000
vt 0.915194 1.000000
vt 0.915194 0.000000
vt 0.916961 1.000000
vt 0.916961 0.000000
vt 0.918728 1.000000
vt 0.918728 0.000000
vt 0.920495 1.000000
vt 0.920495 0.000000
vt 0.922261 1.000000
vt 0.922261 0.000000
vt 0.924028 1.000000
vt 0.924028 0.000000
vt 0.925795 1.000000
vt 0.925795 0.000000
vt 0.927562 1.000000
vt 0.927562 0.000000
vt 0.929329 1.000000
vt 0.929329 0.000000
vt 0.931095 1.000000
vt 0.931095 0.000000
vt 0.932862 1.000000
vt 0.932862 0.000000
vt 0.934629 1.000000
vt 0.934629 0.000000
vt 0.936396 1.000000
vt 0.936396 0.000000
vt 0.938163 1.000000
vt 0.938163 0.000000
vt 0.939929 1.000000
vt 0.939929 0.000000
vt 0.941696 1.000000
vt 0.941696 0.000000
vt 0.943463 1.000000
vt 0.943463 0.000000
vt 0.945230 1.000000
vt 0.945230 0.000000
vt 0.946996 1.000000
vt 0.946996 0.000000
vt 0.948763 1.000000
vt 0.948763 0.000000
vt 0.950530 1.000000
vt 0.950530 0.000000
vt 0.952297 1.000000
vt 0.952297 0.000000
vt 0.954064 1.000000
vt 0.954064 0.000000
vt 0.955830 1.000000
vt 0.955830 0.000000
vt 0.957597 1.000000
vt 0.957597 0.000000
vt 0.959364 1.000000
vt 0.959364 0.000000
vt 0.961131 1.000000
vt 0.961131 0.000000
vt 0.962898 1.000000
vt 0.962898 0.000000
vt 0.964664 1.000000
vt 0.964664 0.000000
vt 0.966431 1.000000
vt 0.966431 0.000000
vt 0.968198 1.000000
vt 0.968198 0.000000
vt 0.969965 1.000000
vt 0.969965 0.000000
vt 0.971731 1.000000
vt 0.971731 0.000000
vt 0.973498 1.000000
vt 0.973498 0.000000
vt 0.975265 1.000000
vt 0.975265 0.000000
vt 0.977032 1.000000
vt 0.977032 0.000000
vt 0.978799 1.000000
vt 0.978799 0.000000
vt 0.980565 1.000000
vt 0.980565 0.000000
vt 0.982332 1.000000
vt 0.982332 0.000000
vt 0.984099 1.000000
vt 0.984099 0.000000
vt 0.985866 1.000000
vt 0.985866 0.000000
vt 0.987633 1.000000
vt 0.987633 0.000000
vt 0.989399 1.000000
vt 0.989399 0.000000
vt 0.991166 1.000000
vt 0.991166 0.000000
vt 0.992933 1.000000
vt 0.992933 0.000000
vt 0.994700 1.000000
vt 0.994700 0.000000
vt 0.996466 1.000000
vt 0.996466 0.000000
vt 0.998233 1.000000
vt 0.998233 0.000000
s 0
usemtl Material.001
f 8/1/1 10/2/1 9/3/1
f 8/1/1 6/4/1 10/2/1
f 6/4/1 1/5/1 10/2/1
f 1/5/1 3/6/1 2/7/1
f 1/5/1 4/8/1 3/6/1
f 8/1/1 7/9/1 6/4/1
f 5/10/1 1/5/1 6/4/1
f 5/10/1 4/8/1 1/5/1
f 22/11/1 24/12/1 23/13/1
f 21/14/1 24/12/1 22/11/1
f 21/14/1 25/15/1 24/12/1
f 20/16/1 25/15/1 21/14/1
f 20/16/1 26/17/1 25/15/1
f 19/18/1 26/17/1 20/16/1
f 19/18/1 27/19/1 26/17/1
f 18/20/1 27/19/1 19/18/1
f 18/20/1 28/21/1 27/19/1
f 17/22/1 28/21/1 18/20/1
f 17/22/1 29/23/1 28/21/1
f 16/24/1 29/23/1 17/22/1
f 16/24/1 30/25/1 29/23/1
f 15/26/1 30/25/1 16/24/1
f 15/26/1 31/27/1 30/25/1
f 14/28/1 31/27/1 15/26/1
f 14/28/1 32/29/1 31/27/1
f 13/30/1 32/29/1 14/28/1
f 13/30/1 33/31/1 32/29/1
f 12/32/1 33/31/1 13/30/1
f 12/32/1 34/33/1 33/31/1
f 11/5/1 34/33/1 12/32/1
f 11/5/1 35/34/1 34/33/1
f 154/35/1 35/34/1 11/5/1
f 154/35/1 36/36/1 35/34/1
f 154/35/1 37/37/1 36/36/1
f 153/38/1 37/37/1 154/35/1
f 153/38/1 38/39/1 37/37/1
f 152/40/1 38/39/1 153/38/1
f 152/40/1 39/41/1 38/39/1
f 151/42/1 39/41/1 152/40/1
f 150/43/1 39/41/1 151/42/1
f 150/43/1 40/44/1 39/41/1
f 149/45/1 40/44/1 150/43/1
f 149/45/1 41/46/1 40/44/1
f 148/47/1 41/46/1 149/45/1
f 148/47/1 42/48/1 41/46/1
f 147/49/1 42/48/1 148/47/1
f 147/49/1 43/50/1 42/48/1
f 146/51/1 43/50/1 147/49/1
f 146/51/1 44/52/1 43/50/1
f 145/53/1 44/52/1 146/51/1
f 145/53/1 45/54/1 44/52/1
f 144/55/1 45/54/1 145/53/1
f 144/55/1 46/56/1 45/54/1
f 143/57/1 46/56/1 144/55/1
f 143/57/1 155/58/1 46/56/1
f 155/58/1 47/59/1 46/56/1
f 143/57/1 156/60/1 155/58/1
f 298/2/1 47/59/1 155/58/1
f 143/57/1 157/61/1 156/60/1
f 297/62/1 47/59/1 298/2/1
f 143/57/1 158/63/1 157/61/1
f 296/64/1 47/59/1 297/62/1
f 143/57/1 159/65/1 158/63/1
f 295/66/1 47/59/1 296/64/1
f 142/67/1 159/65/1 143/57/1
f 295/66/1 48/68/1 47/59/1
f 142/67/1 160/69/1 159/65/1
f 294/70/1 48/68/1 295/66/1
f 142/67/1 161/71/1 160/69/1
f 293/72/1 48/68/1 294/70/1
f 142/67/1 162/73/1 161/71/1
f 292/74/1 48/68/1 293/72/1
f 142/67/1 163/75/1 162/73/1
f 291/76/1 48/68/1 292/74/1
f 142/67/1 164/77/1 163/75/1
f 290/78/1 48/68/1 291/76/1
f 142/67/1 165/79/1 164/77/1
f 289/80/1 48/68/1 290/78/1
f 142/67/1 166/81/1 165/79/1
f 288/82/1 48/68/1 289/80/1
f 288/82/1 49/83/1 48/68/1
f 141/84/1 166/81/1 142/67/1
f 141/84/1 167/85/1 166/81/1
f 287/86/1 49/83/1 288/82/1
f 141/84/1 168/87/1 167/85/1
f 286/88/1 49/83/1 287/86/1
f 285/89/1 49/83/1 286/88/1
f 141/84/1 169/90/1 168/87/1
f 285/89/1 50/91/1 49/83/1
f 140/92/1 169/90/1 141/84/1
f 284/93/1 50/91/1 285/89/1
f 140/92/1 170/94/1 169/90/1
f 283/95/1 50/91/1 284/93/1
f 140/92/1 171/96/1 170/94/1
f 282/97/1 50/91/1 283/95/1
f 140/92/1 172/98/1 171/96/1
f 282/97/1 51/99/1 50/91/1
f 139/100/1 172/98/1 140/92/1
f 281/101/1 51/99/1 282/97/1
f 139/100/1 173/102/1 172/98/1
f 280/103/1 51/99/1 281/101/1
f 139/100/1 174/104/1 173/102/1
f 279/105/1 51/99/1 280/103/1
f 139/100/1 175/106/1 174/104/1
f 279/105/1 52/107/1 51/99/1
f 138/108/1 175/106/1 139/100/1
f 278/109/1 52/107/1 279/105/1
f 138/108/1 176/110/1 175/106/1
f 277/111/1 52/107/1 278/109/1
f 138/108/1 177/112/1 176/110/1
f 277/111/1 53/113/1 52/107/1
f 137/114/1 177/112/1 138/108/1
f 276/115/1 53/113/1 277/111/1
f 137/114/1 178/116/1 177/112/1
f 275/117/1 53/113/1 276/115/1
f 137/114/1 179/118/1 178/116/1
f 275/117/1 54/119/1 53/113/1
f 136/120/1 179/118/1 137/114/1
f 136/120/1 180/121/1 179/118/1
f 274/122/1 54/119/1 275/117/1
f 136/120/1 181/123/1 180/121/1
f 273/124/1 54/119/1 274/122/1
f 273/124/1 55/125/1 54/119/1
f 135/126/1 181/123/1 136/120/1
f 135/126/1 182/127/1 181/123/1
f 272/128/1 55/125/1 273/124/1
f 135/126/1 183/129/1 182/127/1
f 271/130/1 55/125/1 272/128/1
f 271/130/1 56/131/1 55/125/1
f 134/132/1 183/129/1 135/126/1
f 134/132/1 184/133/1 183/129/1
f 270/134/1 56/131/1 271/130/1
f 134/132/1 185/135/1 184/133/1
f 269/136/1 56/131/1 270/134/1
f 269/136/1 57/137/1 56/131/1
f 133/138/1 185/135/1 134/132/1
f 133/138/1 186/139/1 185/135/1
f 268/140/1 57/137/1 269/136/1
f 133/138/1 187/141/1 186/139/1
f 267/142/1 57/137/1 268/140/1
f 267/142/1 58/143/1 57/137/1
f 132/144/1 187/141/1 133/138/1
f 132/144/1 188/145/1 187/141/1
f 266/146/1 58/143/1 267/142/1
f 132/144/1 189/147/1 188/145/1
f 265/148/1 58/143/1 266/146/1
f 265/148/1 59/149/1 58/143/1
f 131/150/1 189/147/1 132/144/1
f 131/150/1 190/151/1 189/147/1
f 264/152/1 59/149/1 265/148/1
f 131/150/1 191/153/1 190/151/1
f 263/154/1 59/149/1 264/152/1
f 130/155/1 191/153/1 131/150/1
f 263/154/1 60/156/1 59/149/1
f 130/155/1 192/157/1 191/153/1
f 262/158/1 60/156/1 263/154/1
f 130/155/1 193/159/1 192/157/1
f 261/160/1 60/156/1 262/158/1
f 129/161/1 193/159/1 130/155/1
f 261/160/1 61/162/1 60/156/1
f 129/161/1 194/163/1 193/159/1
f 260/164/1 61/162/1 261/160/1
f 129/161/1 195/165/1 194/163/1
f 259/166/1 61/162/1 260/164/1
f 128/167/1 195/165/1 129/161/1
f 259/166/1 62/168/1 61/162/1
f 128/167/1 196/169/1 195/165/1
f 258/170/1 62/168/1 259/166/1
f 128/167/1 197/171/1 196/169/1
f 257/172/1 62/168/1 258/170/1
f 127/173/1 197/171/1 128/167/1
f 257/172/1 63/174/1 62/168/1
f 127/173/1 198/175/1 197/171/1
f 256/176/1 63/174/1 257/172/1
f 127/173/1 199/177/1 198/175/1
f 255/178/1 63/174/1 256/176/1
f 126/179/1 199/177/1 127/173/1
f 255/178/1 64/180/1 63/174/1
f 126/179/1 200/181/1 199/177/1
f 254/182/1 64/180/1 255/178/1
f 126/179/1 201/183/1 200/181/1
f 253/184/1 64/180/1 254/182/1
f 125/185/1 201/183/1 126/179/1
f 253/184/1 65/186/1 64/180/1
f 125/185/1 202/187/1 201/183/1
f 252/188/1 65/186/1 253/184/1
f 125/185/1 203/189/1 202/187/1
f 251/190/1 65/186/1 252/188/1
f 124/191/1 203/189/1 125/185/1
f 251/190/1 66/192/1 65/186/1
f 124/191/1 204/193/1 203/189/1
f 250/194/1 66/192/1 251/190/1
f 124/191/1 205/195/1 204/193/1
f 249/196/1 66/192/1 250/194/1
f 123/197/1 205/195/1 124/191/1
f 249/196/1 67/198/1 66/192/1
f 123/197/1 206/199/1 205/195/1
f 248/200/1 67/198/1 249/196/1
f 123/197/1 207/201/1 206/199/1
f 247/202/1 67/198/1 248/200/1
f 122/203/1 207/201/1 123/197/1
f 247/202/1 68/204/1 67/198/1
f 122/203/1 208/205/1 207/201/1
f 246/206/1 68/204/1 247/202/1
f 122/203/1 209/207/1 208/205/1
f 245/208/1 68/204/1 246/206/1
f 121/209/1 209/207/1 122/203/1
f 245/208/1 69/210/1 68/204/1
f 121/209/1 210/211/1 209/207/1
f 244/212/1 69/210/1 245/208/1
f 121/209/1 211/213/1 210/211/1
f 243/214/1 69/210/1 244/212/1
f 121/209/1 212/215/1 211/213/1
f 242/216/1 69/210/1 243/214/1
f 120/217/1 212/215/1 121/209/1
f 242/216/1 70/218/1 69/210/1
f 120/217/1 213/219/1 212/215/1
f 241/220/1 70/218/1 242/216/1
f 120/217/1 214/221/1 213/219/1
f 240/222/1 70/218/1 241/220/1
f 120/217/1 215/223/1 214/221/1
f 239/224/1 70/218/1 240/222/1
f 119/225/1 215/223/1 120/217/1
f 239/224/1 71/226/1 70/218/1
f 119/225/1 216/227/1 215/223/1
f 238/228/1 71/226/1 239/224/1
f 237/229/1 71/226/1 238/228/1
f 119/225/1 217/230/1 216/227/1
f 236/231/1 71/226/1 237/229/1
f 119/225/1 218/232/1 217/230/1
f 235/233/1 71/226/1 236/231/1
f 119/225/1 219/234/1 218/232/1
f 118/235/1 219/234/1 119/225/1
f 235/233/1 72/236/1 71/226/1
f 234/237/1 72/236/1 235/233/1
f 118/235/1 220/238/1 219/234/1
f 233/239/1 72/236/1 234/237/1
f 118/235/1 221/240/1 220/238/1
f 232/241/1 72/236/1 233/239/1
f 118/235/1 222/242/1 221/240/1
f 231/243/1 72/236/1 232/241/1
f 118/235/1 223/244/1 222/242/1
f 230/245/1 72/236/1 231/243/1
f 118/235/1 224/246/1 223/244/1
f 229/247/1 72/236/1 230/245/1
f 118/235/1 225/248/1 224/246/1
f 228/249/1 72/236/1 229/247/1
f 118/235/1 226/250/1 225/248/1
f 227/251/1 72/236/1 228/249/1
f 118/235/1 227/251/1 226/250/1
f 118/235/1 72/236/1 227/251/1
f 117/252/1 72/236/1 118/235/1
f 117/252/1 73/253/1 72/236/1
f 116/254/1 73/253/1 117/252/1
f 116/254/1 74/255/1 73/253/1
f 115/256/1 74/255/1 116/254/1
f 115/256/1 75/257/1 74/255/1
f 114/258/1 75/257/1 115/256/1
f 114/258/1 76/259/1 75/257/1
f 113/260/1 76/259/1 114/258/1
f 113/260/1 77/261/1 76/259/1
f 112/262/1 77/261/1 113/260/1
f 112/262/1 78/263/1 77/261/1
f 111/264/1 78/263/1 112/262/1
f 111/264/1 79/265/1 78/263/1
f 110/266/1 79/265/1 111/264/1
f 110/266/1 80/267/1 79/265/1
f 109/268/1 80/267/1 110/266/1
f 109/268/1 81/269/1 80/267/1
f 108/270/1 81/269/1 109/268/1
f 108/270/1 82/271/1 81/269/1
f 107/272/1 82/271/1 108/270/1
f 107/272/1 83/273/1 82/271/1
f 106/274/1 83/273/1 107/272/1
f 106/274/1 84/275/1 83/273/1
f 105/276/1 84/275/1 106/274/1
f 105/276/1 85/277/1 84/275/1
f 104/278/1 85/277/1 105/276/1
f 104/278/1 86/279/1 85/277/1
f 103/280/1 86/279/1 104/278/1
f 103/280/1 87/281/1 86/279/1
f 102/282/1 87/281/1 103/280/1
f 102/282/1 88/283/1 87/281/1
f 101/284/1 88/283/1 102/282/1
f 101/284/1 89/285/1 88/283/1
f 100/286/1 89/285/1 101/284/1
f 100/286/1 90/287/1 89/285/1
f 99/288/1 90/287/1 100/286/1
f 99/288/1 91/289/1 90/287/1
f 98/290/1 91/289/1 99/288/1
f 98/290/1 92/291/1 91/289/1
f 97/292/1 92/291/1 98/290/1
f 97/292/1 93/293/1 92/291/1
f 96/294/1 93/293/1 97/292/1
f 96/294/1 94/295/1 93/293/1
f 95/296/1 94/295/1 96/294/1
f 300/8/1 302/2/1 301/9/1
f 300/8/1 299/5/1 302/2/1
f 804/297/1 806/298/1 805/299/1
f 803/300/1 806/298/1 804/297/1
f 803/300/1 807/301/1 806/298/1
f 802/302/1 807/301/1 803/300/1
f 802/302/1 808/303/1 807/301/1
f 802/302/1 809/304/1 808/303/1
f 801/305/1 809/304/1 802/302/1
f 801/305/1 810/306/1 809/304/1
f 801/305/1 811/307/1 810/306/1
f 800/308/1 811/307/1 801/305/1
f 800/308/1 812/309/1 811/307/1
f 799/310/1 812/309/1 800/308/1
f 799/310/1 813/311/1 812/309/1
f 799/310/1 814/312/1 813/311/1
f 798/313/1 814/312/1 799/310/1
f 798/313/1 815/314/1 814/312/1
f 797/315/1 815/314/1 798/313/1
f 797/315/1 816/316/1 815/314/1
f 796/317/1 816/316/1 797/315/1
f 796/317/1 817/318/1 816/316/1
f 795/319/1 817/318/1 796/317/1
f 795/319/1 818/320/1 817/318/1
f 795/319/1 819/321/1 818/320/1
f 794/322/1 819/321/1 795/319/1
f 794/322/1 820/323/1 819/321/1
f 793/324/1 820/323/1 794/322/1
f 793/324/1 821/325/1 820/323/1
f 792/326/1 821/325/1 793/324/1
f 792/326/1 822/327/1 821/325/1
f 791/328/1 822/327/1 792/326/1
f 791/328/1 823/329/1 822/327/1
f 791/328/1 824/330/1 823/329/1
f 790/331/1 824/330/1 791/328/1
f 790/331/1 825/332/1 824/330/1
f 789/333/1 825/332/1 790/331/1
f 789/333/1 826/334/1 825/332/1
f 788/335/1 826/334/1 789/333/1
f 788/335/1 827/336/1 826/334/1
f 788/335/1 828/337/1 827/336/1
f 787/338/1 828/337/1 788/335/1
f 787/338/1 829/339/1 828/337/1
f 786/340/1 829/339/1 787/338/1
f 786/340/1 830/341/1 829/339/1
f 785/342/1 830/341/1 786/340/1
f 785/342/1 831/343/1 830/341/1
f 785/342/1 832/344/1 831/343/1
f 784/345/1 832/344/1 785/342/1
f 784/345/1 833/346/1 832/344/1
f 783/347/1 833/346/1 784/345/1
f 783/347/1 834/348/1 833/346/1
f 782/349/1 834/348/1 783/347/1
f 782/349/1 835/350/1 834/348/1
f 782/349/1 836/351/1 835/350/1
f 781/352/1 836/351/1 782/349/1
f 781/352/1 837/353/1 836/351/1
f 780/354/1 837/353/1 781/352/1
f 780/354/1 838/355/1 837/353/1
f 779/356/1 838/355/1 780/354/1
f 779/356/1 839/357/1 838/355/1
f 778/358/1 839/357/1 779/356/1
f 778/358/1 840/359/1 839/357/1
f 777/360/1 840/359/1 778/358/1
f 777/360/1 841/361/1 840/359/1
f 777/360/1 842/362/1 841/361/1
f 776/363/1 326/364/1 777/360/1
f 326/364/1 842/362/1 777/360/1
f 776/363/1 327/365/1 326/364/1
f 325/366/1 842/362/1 326/364/1
f 776/363/1 328/367/1 327/365/1
f 324/368/1 842/362/1 325/366/1
f 776/363/1 329/369/1 328/367/1
f 323/370/1 842/362/1 324/368/1
f 776/363/1 330/371/1 329/369/1
f 323/370/1 843/372/1 842/362/1
f 322/373/1 843/372/1 323/370/1
f 776/363/1 331/374/1 330/371/1
f 321/375/1 843/372/1 322/373/1
f 775/376/1 331/374/1 776/363/1
f 775/376/1 332/377/1 331/374/1
f 320/378/1 843/372/1 321/375/1
f 775/376/1 333/379/1 332/377/1
f 319/380/1 843/372/1 320/378/1
f 775/376/1 334/381/1 333/379/1
f 318/382/1 843/372/1 319/380/1
f 775/376/1 335/383/1 334/381/1
f 317/384/1 843/372/1 318/382/1
f 775/376/1 336/385/1 335/383/1
f 317/384/1 844/386/1 843/372/1
f 316/387/1 844/386/1 317/384/1
f 775/376/1 337/388/1 336/385/1
f 315/389/1 844/386/1 316/387/1
f 774/390/1 337/388/1 775/376/1
f 774/390/1 338/391/1 337/388/1
f 314/392/1 844/386/1 315/389/1
f 774/390/1 339/393/1 338/391/1
f 313/394/1 844/386/1 314/392/1
f 774/390/1 340/395/1 339/393/1
f 312/396/1 844/386/1 313/394/1
f 774/390/1 341/397/1 340/395/1
f 312/396/1 845/398/1 844/386/1
f 311/399/1 845/398/1 312/396/1
f 774/390/1 342/400/1 341/397/1
f 773/401/1 342/400/1 774/390/1
f 310/402/1 845/398/1 311/399/1
f 773/401/1 343/403/1 342/400/1
f 309/404/1 845/398/1 310/402/1
f 773/401/1 344/405/1 343/403/1
f 308/406/1 845/398/1 309/404/1
f 308/406/1 846/407/1 845/398/1
f 773/401/1 345/408/1 344/405/1
f 307/409/1 846/407/1 308/406/1
f 773/401/1 346/410/1 345/408/1
f 772/411/1 346/410/1 773/401/1
f 306/412/1 846/407/1 307/409/1
f 772/411/1 347/413/1 346/410/1
f 305/414/1 846/407/1 306/412/1
f 772/411/1 348/415/1 347/413/1
f 305/414/1 847/416/1 846/407/1
f 304/417/1 847/416/1 305/414/1
f 772/411/1 349/418/1 348/415/1
f 771/419/1 349/418/1 772/411/1
f 303/5/1 847/416/1 304/417/1
f 771/419/1 350/420/1 349/418/1
f 868/2/1 847/416/1 303/5/1
f 868/2/1 848/421/1 847/416/1
f 771/419/1 351/422/1 350/420/1
f 867/423/1 848/421/1 868/2/1
f 770/424/1 351/422/1 771/419/1
f 770/424/1 352/425/1 351/422/1
f 866/426/1 848/421/1 867/423/1
f 770/424/1 353/427/1 352/425/1
f 866/426/1 849/428/1 848/421/1
f 770/424/1 354/429/1 353/427/1
f 865/430/1 849/428/1 866/426/1
f 769/431/1 354/429/1 770/424/1
f 769/431/1 355/432/1 354/429/1
f 864/433/1 849/428/1 865/430/1
f 769/431/1 356/434/1 355/432/1
f 864/433/1 850/435/1 849/428/1
f 863/436/1 850/435/1 864/433/1
f 769/431/1 357/437/1 356/434/1
f 768/438/1 357/437/1 769/431/1
f 768/438/1 358/439/1 357/437/1
f 862/440/1 850/435/1 863/436/1
f 768/438/1 359/441/1 358/439/1
f 862/440/1 851/442/1 850/435/1
f 768/438/1 360/443/1 359/441/1
f 767/444/1 360/443/1 768/438/1
f 861/445/1 851/442/1 862/440/1
f 767/444/1 361/446/1 360/443/1
f 861/445/1 852/447/1 851/442/1
f 767/444/1 362/448/1 361/446/1
f 860/449/1 852/447/1 861/445/1
f 766/450/1 362/448/1 767/444/1
f 766/450/1 363/451/1 362/448/1
f 766/450/1 364/452/1 363/451/1
f 859/453/1 852/447/1 860/449/1
f 859/453/1 853/454/1 852/447/1
f 766/450/1 365/455/1 364/452/1
f 765/456/1 365/455/1 766/450/1
f 765/456/1 366/457/1 365/455/1
f 858/458/1 853/454/1 859/453/1
f 765/456/1 367/459/1 366/457/1
f 858/458/1 854/460/1 853/454/1
f 765/456/1 368/461/1 367/459/1
f 764/462/1 368/461/1 765/456/1
f 857/463/1 854/460/1 858/458/1
f 764/462/1 369/464/1 368/461/1
f 764/462/1 370/465/1 369/464/1
f 857/463/1 855/466/1 854/460/1
f 764/462/1 371/467/1 370/465/1
f 856/468/1 855/466/1 857/463/1
f 763/469/1 371/467/1 764/462/1
f 763/469/1 372/470/1 371/467/1
f 763/469/1 373/471/1 372/470/1
f 763/469/1 374/472/1 373/471/1
f 762/473/1 374/472/1 763/469/1
f 762/473/1 375/474/1 374/472/1
f 762/473/1 376/475/1 375/474/1
f 762/473/1 377/476/1 376/475/1
f 761/477/1 377/476/1 762/473/1
f 761/477/1 378/478/1 377/476/1
f 761/477/1 379/479/1 378/478/1
f 761/477/1 380/480/1 379/479/1
f 761/477/1 381/481/1 380/480/1
f 760/482/1 381/481/1 761/477/1
f 760/482/1 382/483/1 381/481/1
f 760/482/1 383/484/1 382/483/1
f 760/482/1 384/485/1 383/484/1
f 760/482/1 385/486/1 384/485/1
f 760/482/1 386/487/1 385/486/1
f 759/488/1 386/487/1 760/482/1
f 759/488/1 387/489/1 386/487/1
f 759/488/1 388/490/1 387/489/1
f 759/488/1 389/491/1 388/490/1
f 759/488/1 390/492/1 389/491/1
f 759/488/1 391/493/1 390/492/1
f 759/488/1 392/494/1 391/493/1
f 759/488/1 393/495/1 392/494/1
f 759/488/1 394/496/1 393/495/1
f 759/488/1 395/497/1 394/496/1
f 759/488/1 396/498/1 395/497/1
f 758/499/1 396/498/1 759/488/1
f 409/500/1 411/501/1 410/502/1
f 408/503/1 411/501/1 409/500/1
f 407/504/1 411/501/1 408/503/1
f 406/505/1 411/501/1 407/504/1
f 405/506/1 411/501/1 406/505/1
f 404/507/1 411/501/1 405/506/1
f 403/508/1 411/501/1 404/507/1
f 402/509/1 411/501/1 403/508/1
f 758/499/1 397/510/1 396/498/1
f 401/511/1 411/501/1 402/509/1
f 400/512/1 411/501/1 401/511/1
f 399/513/1 411/501/1 400/512/1
f 398/514/1 411/501/1 399/513/1
f 758/499/1 398/514/1 397/510/1
f 758/499/1 411/501/1 398/514/1
f 758/499/1 412/515/1 411/501/1
f 758/499/1 413/516/1 412/515/1
f 758/499/1 414/517/1 413/516/1
f 758/499/1 415/518/1 414/517/1
f 758/499/1 416/519/1 415/518/1
f 758/499/1 417/520/1 416/519/1
f 758/499/1 418/521/1 417/520/1
f 758/499/1 419/522/1 418/521/1
f 758/499/1 420/523/1 419/522/1
f 758/499/1 421/524/1 420/523/1
f 758/499/1 422/525/1 421/524/1
f 758/499/1 423/526/1 422/525/1
f 757/527/1 423/526/1 758/499/1
f 757/527/1 424/528/1 423/526/1
f 757/527/1 425/529/1 424/528/1
f 757/527/1 426/530/1 425/529/1
f 757/527/1 427/531/1 426/530/1
f 757/527/1 428/532/1 427/531/1
f 757/527/1 429/533/1 428/532/1
f 757/527/1 430/534/1 429/533/1
f 757/527/1 431/535/1 430/534/1
f 757/527/1 432/536/1 431/535/1
f 757/527/1 433/537/1 432/536/1
f 757/527/1 434/538/1 433/537/1
f 756/539/1 434/538/1 757/527/1
f 756/539/1 435/540/1 434/538/1
f 756/539/1 436/541/1 435/540/1
f 756/539/1 437/542/1 436/541/1
f 756/539/1 438/543/1 437/542/1
f 756/539/1 439/544/1 438/543/1
f 756/539/1 440/545/1 439/544/1
f 755/546/1 440/545/1 756/539/1
f 755/546/1 441/547/1 440/545/1
f 755/546/1 442/548/1 441/547/1
f 755/546/1 443/549/1 442/548/1
f 755/546/1 444/550/1 443/549/1
f 754/551/1 444/550/1 755/546/1
f 754/551/1 445/552/1 444/550/1
f 754/551/1 446/553/1 445/552/1
f 753/554/1 446/553/1 754/551/1
f 753/554/1 447/555/1 446/553/1
f 753/554/1 448/556/1 447/555/1
f 752/557/1 448/556/1 753/554/1
f 752/557/1 449/558/1 448/556/1
f 752/557/1 450/559/1 449/558/1
f 752/557/1 451/560/1 450/559/1
f 751/561/1 451/560/1 752/557/1
f 751/561/1 452/562/1 451/560/1
f 751/561/1 453/563/1 452/562/1
f 750/564/1 453/563/1 751/561/1
f 750/564/1 454/565/1 453/563/1
f 750/564/1 455/566/1 454/565/1
f 749/567/1 455/566/1 750/564/1
f 749/567/1 456/568/1 455/566/1
f 749/567/1 457/569/1 456/568/1
f 748/570/1 457/569/1 749/567/1
f 748/570/1 458/571/1 457/569/1
f 748/570/1 459/572/1 458/571/1
f 747/573/1 459/572/1 748/570/1
f 747/573/1 460/574/1 459/572/1
f 746/575/1 460/574/1 747/573/1
f 746/575/1 461/576/1 460/574/1
f 746/575/1 462/577/1 461/576/1
f 745/578/1 462/577/1 746/575/1
f 745/578/1 463/579/1 462/577/1
f 744/580/1 463/579/1 745/578/1
f 744/580/1 464/581/1 463/579/1
f 744/580/1 465/582/1 464/581/1
f 743/583/1 465/582/1 744/580/1
f 743/583/1 466/584/1 465/582/1
f 742/585/1 466/584/1 743/583/1
f 742/585/1 467/586/1 466/584/1
f 741/587/1 467/586/1 742/585/1
f 741/587/1 468/588/1 467/586/1
f 740/589/1 468/588/1 741/587/1
f 740/589/1 469/590/1 468/588/1
f 739/591/1 469/590/1 740/589/1
f 739/591/1 470/592/1 469/590/1
f 738/593/1 470/592/1 739/591/1
f 737/594/1 470/592/1 738/593/1
f 737/594/1 471/595/1 470/592/1
f 736/596/1 471/595/1 737/594/1
f 736/596/1 472/597/1 471/595/1
f 735/598/1 472/597/1 736/596/1
f 734/599/1 472/597/1 735/598/1
f 734/599/1 473/600/1 472/597/1
f 733/601/1 473/600/1 734/599/1
f 732/602/1 473/600/1 733/601/1
f 731/603/1 473/600/1 732/602/1
f 731/603/1 474/604/1 473/600/1
f 730/605/1 474/604/1 731/603/1
f 729/606/1 474/604/1 730/605/1
f 729/606/1 475/607/1 474/604/1
f 728/608/1 475/607/1 729/606/1
f 727/609/1 475/607/1 728/608/1
f 726/610/1 475/607/1 727/609/1
f 725/611/1 475/607/1 726/610/1
f 725/611/1 476/612/1 475/607/1
f 724/613/1 476/612/1 725/611/1
f 723/614/1 722/615/1 724/613/1
f 722/615/1 721/616/1 724/613/1
f 721/616/1 476/612/1 724/613/1
f 720/617/1 476/612/1 721/616/1
f 719/618/1 476/612/1 720/617/1
f 718/619/1 476/612/1 719/618/1
f 717/620/1 476/612/1 718/619/1
f 716/621/1 476/612/1 717/620/1
f 715/622/1 476/612/1 716/621/1
f 715/622/1 477/623/1 476/612/1
f 714/624/1 477/623/1 715/622/1
f 713/625/1 477/623/1 714/624/1
f 712/626/1 477/623/1 713/625/1
f 711/627/1 477/623/1 712/626/1
f 710/628/1 477/623/1 711/627/1
f 709/629/1 477/623/1 710/628/1
f 709/629/1 478/630/1 477/623/1
f 708/631/1 478/630/1 709/629/1
f 707/632/1 478/630/1 708/631/1
f 706/633/1 478/630/1 707/632/1
f 706/633/1 479/634/1 478/630/1
f 705/635/1 479/634/1 706/633/1
f 704/636/1 479/634/1 705/635/1
f 703/637/1 479/634/1 704/636/1
f 703/637/1 480/638/1 479/634/1
f 702/639/1 480/638/1 703/637/1
f 701/640/1 480/638/1 702/639/1
f 700/641/1 480/638/1 701/640/1
f 700/641/1 481/642/1 480/638/1
f 699/643/1 481/642/1 700/641/1
f 698/644/1 481/642/1 699/643/1
f 698/644/1 482/645/1 481/642/1
f 697/646/1 482/645/1 698/644/1
f 696/647/1 482/645/1 697/646/1
f 695/648/1 482/645/1 696/647/1
f 695/648/1 483/649/1 482/645/1
f 694/650/1 483/649/1 695/648/1
f 693/651/1 483/649/1 694/650/1
f 601/652/1 603/653/1 602/654/1
f 601/652/1 604/655/1 603/653/1
f 693/651/1 484/656/1 483/649/1
f 692/657/1 484/656/1 693/651/1
f 601/652/1 605/658/1 604/655/1
f 691/659/1 484/656/1 692/657/1
f 600/660/1 605/658/1 601/652/1
f 600/660/1 606/661/1 605/658/1
f 690/662/1 484/656/1 691/659/1
f 690/662/1 485/663/1 484/656/1
f 689/664/1 485/663/1 690/662/1
f 600/660/1 607/665/1 606/661/1
f 599/666/1 607/665/1 600/660/1
f 688/667/1 485/663/1 689/664/1
f 599/666/1 608/668/1 607/665/1
f 688/667/1 486/669/1 485/663/1
f 687/670/1 486/669/1 688/667/1
f 599/666/1 609/671/1 608/668/1
f 598/672/1 609/671/1 599/666/1
f 686/673/1 486/669/1 687/670/1
f 686/673/1 487/674/1 486/669/1
f 598/672/1 610/675/1 609/671/1
f 685/676/1 487/674/1 686/673/1
f 597/677/1 610/675/1 598/672/1
f 597/677/1 611/678/1 610/675/1
f 684/679/1 487/674/1 685/676/1
f 683/680/1 487/674/1 684/679/1
f 683/680/1 488/681/1 487/674/1
f 597/677/1 612/682/1 611/678/1
f 596/683/1 612/682/1 597/677/1
f 682/684/1 488/681/1 683/680/1
f 596/683/1 613/685/1 612/682/1
f 681/686/1 488/681/1 682/684/1
f 681/686/1 489/687/1 488/681/1
f 596/683/1 614/688/1 613/685/1
f 595/689/1 614/688/1 596/683/1
f 680/690/1 489/687/1 681/686/1
f 679/691/1 489/687/1 680/690/1
f 595/689/1 615/692/1 614/688/1
f 679/691/1 490/693/1 489/687/1
f 594/694/1 615/692/1 595/689/1
f 678/695/1 490/693/1 679/691/1
f 594/694/1 616/696/1 615/692/1
f 677/697/1 490/693/1 678/695/1
f 594/694/1 617/698/1 616/696/1
f 593/699/1 617/698/1 594/694/1
f 676/700/1 490/693/1 677/697/1
f 676/700/1 491/701/1 490/693/1
f 675/702/1 491/701/1 676/700/1
f 593/699/1 618/703/1 617/698/1
f 592/704/1 618/703/1 593/699/1
f 674/705/1 491/701/1 675/702/1
f 592/704/1 619/706/1 618/703/1
f 674/705/1 492/707/1 491/701/1
f 673/708/1 492/707/1 674/705/1
f 592/704/1 620/709/1 619/706/1
f 591/710/1 620/709/1 592/704/1
f 672/711/1 492/707/1 673/708/1
f 591/710/1 621/712/1 620/709/1
f 671/713/1 492/707/1 672/711/1
f 671/713/1 493/714/1 492/707/1
f 591/710/1 622/715/1 621/712/1
f 590/716/1 622/715/1 591/710/1
f 670/717/1 493/714/1 671/713/1
f 590/716/1 623/718/1 622/715/1
f 669/719/1 493/714/1 670/717/1
f 668/720/1 493/714/1 669/719/1
f 589/721/1 623/718/1 590/716/1
f 668/720/1 494/722/1 493/714/1
f 589/721/1 624/723/1 623/718/1
f 667/724/1 494/722/1 668/720/1
f 589/721/1 625/725/1 624/723/1
f 666/726/1 494/722/1 667/724/1
f 589/721/1 626/727/1 625/725/1
f 588/728/1 626/727/1 589/721/1
f 665/729/1 494/722/1 666/726/1
f 665/729/1 495/730/1 494/722/1
f 588/728/1 627/731/1 626/727/1
f 664/732/1 495/730/1 665/729/1
f 663/733/1 495/730/1 664/732/1
f 588/728/1 628/734/1 627/731/1
f 587/735/1 628/734/1 588/728/1
f 662/736/1 495/730/1 663/733/1
f 587/735/1 629/737/1 628/734/1
f 661/738/1 495/730/1 662/736/1
f 587/735/1 630/739/1 629/737/1
f 660/740/1 495/730/1 661/738/1
f 660/740/1 496/741/1 495/730/1
f 587/735/1 631/742/1 630/739/1
f 659/743/1 496/741/1 660/740/1
f 586/744/1 631/742/1 587/735/1
f 586/744/1 632/745/1 631/742/1
f 658/746/1 496/741/1 659/743/1
f 586/744/1 633/747/1 632/745/1
f 657/748/1 496/741/1 658/746/1
f 586/744/1 634/749/1 633/747/1
f 656/750/1 496/741/1 657/748/1
f 586/744/1 635/751/1 634/749/1
f 585/752/1 635/751/1 586/744/1
f 656/750/1 497/753/1 496/741/1
f 655/754/1 497/753/1 656/750/1
f 585/752/1 636/755/1 635/751/1
f 585/752/1 637/756/1 636/755/1
f 654/757/1 497/753/1 655/754/1
f 585/752/1 638/758/1 637/756/1
f 585/752/1 639/759/1 638/758/1
f 653/760/1 497/753/1 654/757/1
f 585/752/1 640/761/1 639/759/1
f 585/752/1 641/762/1 640/761/1
f 585/752/1 642/763/1 641/762/1
f 652/764/1 497/753/1 653/760/1
f 584/765/1 642/763/1 585/752/1
f 584/765/1 643/766/1 642/763/1
f 584/765/1 644/767/1 643/766/1
f 584/765/1 645/768/1 644/767/1
f 584/765/1 646/769/1 645/768/1
f 651/770/1 497/753/1 652/764/1
f 651/770/1 498/771/1 497/753/1
f 584/765/1 647/772/1 646/769/1
f 584/765/1 648/773/1 647/772/1
f 584/765/1 649/774/1 648/773/1
f 584/765/1 650/775/1 649/774/1
f 584/765/1 651/770/1 650/775/1
f 584/765/1 498/771/1 651/770/1
f 583/776/1 498/771/1 584/765/1
f 583/776/1 499/777/1 498/771/1
f 582/778/1 499/777/1 583/776/1
f 582/778/1 500/779/1 499/777/1
f 581/780/1 500/779/1 582/778/1
f 580/781/1 500/779/1 581/780/1
f 580/781/1 501/782/1 500/779/1
f 579/783/1 501/782/1 580/781/1
f 579/783/1 502/784/1 501/782/1
f 578/785/1 502/784/1 579/783/1
f 578/785/1 503/786/1 502/784/1
f 577/787/1 503/786/1 578/785/1
f 577/787/1 504/788/1 503/786/1
f 576/789/1 504/788/1 577/787/1
f 576/789/1 505/790/1 504/788/1
f 575/791/1 505/790/1 576/789/1
f 574/792/1 505/790/1 575/791/1
f 574/792/1 506/793/1 505/790/1
f 573/794/1 506/793/1 574/792/1
f 573/794/1 507/795/1 506/793/1
f 572/796/1 507/795/1 573/794/1
f 571/797/1 507/795/1 572/796/1
f 571/797/1 508/798/1 507/795/1
f 570/799/1 508/798/1 571/797/1
f 570/799/1 509/800/1 508/798/1
f 569/801/1 509/800/1 570/799/1
f 568/802/1 509/800/1 569/801/1
f 568/802/1 510/803/1 509/800/1
f 567/804/1 510/803/1 568/802/1
f 567/804/1 511/805/1 510/803/1
f 566/806/1 511/805/1 567/804/1
f 565/807/1 511/805/1 566/806/1
f 565/807/1 512/808/1 511/805/1
f 564/809/1 512/808/1 565/807/1
f 563/810/1 512/808/1 564/809/1
f 563/810/1 513/811/1 512/808/1
f 562/812/1 513/811/1 563/810/1
f 562/812/1 514/813/1 513/811/1
f 561/814/1 514/813/1 562/812/1
f 560/815/1 514/813/1 561/814/1
f 560/815/1 515/816/1 514/813/1
f 559/817/1 515/816/1 560/815/1
f 559/817/1 516/818/1 515/816/1
f 558/819/1 516/818/1 559/817/1
f 557/820/1 516/818/1 558/819/1
f 557/820/1 517/821/1 516/818/1
f 556/822/1 517/821/1 557/820/1
f 556/822/1 518/823/1 517/821/1
f 555/824/1 518/823/1 556/822/1
f 555/824/1 519/825/1 518/823/1
f 554/826/1 519/825/1 555/824/1
f 554/826/1 520/827/1 519/825/1
f 553/828/1 520/827/1 554/826/1
f 553/828/1 521/829/1 520/827/1
f 552/830/1 521/829/1 553/828/1
f 551/831/1 521/829/1 552/830/1
f 551/831/1 522/832/1 521/829/1
f 550/833/1 522/832/1 551/831/1
f 550/833/1 523/834/1 522/832/1
f 549/835/1 523/834/1 550/833/1
f 549/835/1 524/836/1 523/834/1
f 549/835/1 525/837/1 524/836/1
f 548/838/1 525/837/1 549/835/1
f 548/838/1 526/839/1 525/837/1
f 547/840/1 526/839/1 548/838/1
f 547/840/1 527/841/1 526/839/1
f 546/842/1 527/841/1 547/840/1
f 546/842/1 528/843/1 527/841/1
f 546/842/1 529/844/1 528/843/1
f 545/845/1 529/844/1 546/842/1
f 545/845/1 530/846/1 529/844/1
f 544/847/1 530/846/1 545/845/1
f 544/847/1 531/848/1 530/846/1
f 544/847/1 532/849/1 531/848/1
f 544/847/1 533/850/1 532/849/1
f 543/851/1 533/850/1 544/847/1
f 543/851/1 534/852/1 533/850/1
f 543/851/1 535/853/1 534/852/1
f 543/851/1 536/854/1 535/853/1
f 542/855/1 536/854/1 543/851/1
f 542/855/1 537/856/1 536/854/1
f 542/855/1 538/857/1 537/856/1
f 542/855/1 539/858/1 538/857/1
f 542/855/1 540/859/1 539/858/1
f 542/855/1 541/860/1 540/859/1
f 869/5/1 871/861/1 870/862/1
f 869/5/1 872/863/1 871/861/1
f 908/864/1 910/865/1 909/866/1
f 908/864/1 911/867/1 910/865/1
f 908/864/1 912/868/1 911/867/1
f 869/5/1 873/869/1 872/863/1
f 907/870/1 912/868/1 908/864/1
f 906/871/1 912/868/1 907/870/1
f 906/871/1 913/872/1 912/868/1
f 905/873/1 913/872/1 906/871/1
f 1006/2/1 873/869/1 869/5/1
f 1006/2/1 874/874/1 873/869/1
f 905/873/1 914/875/1 913/872/1
f 904/876/1 914/875/1 905/873/1
f 1005/877/1 874/874/1 1006/2/1
f 904/876/1 915/878/1 914/875/1
f 903/879/1 915/878/1 904/876/1
f 1005/877/1 875/880/1 874/874/1
f 1004/881/1 875/880/1 1005/877/1
f 902/882/1 915/878/1 903/879/1
f 902/882/1 916/883/1 915/878/1
f 901/884/1 916/883/1 902/882/1
f 1003/885/1 875/880/1 1004/881/1
f 1003/885/1 876/886/1 875/880/1
f 901/884/1 917/887/1 916/883/1
f 900/888/1 917/887/1 901/884/1
f 1002/889/1 876/886/1 1003/885/1
f 899/890/1 917/887/1 900/888/1
f 1002/889/1 877/891/1 876/886/1
f 899/890/1 918/892/1 917/887/1
f 898/893/1 918/892/1 899/890/1
f 1001/894/1 877/891/1 1002/889/1
f 897/895/1 918/892/1 898/893/1
f 897/895/1 919/896/1 918/892/1
f 1001/894/1 878/897/1 877/891/1
f 1000/898/1 878/897/1 1001/894/1
f 896/899/1 919/896/1 897/895/1
f 896/899/1 920/900/1 919/896/1
f 895/901/1 920/900/1 896/899/1
f 1000/898/1 879/902/1 878/897/1
f 999/903/1 879/902/1 1000/898/1
f 894/904/1 920/900/1 895/901/1
f 893/905/1 920/900/1 894/904/1
f 893/905/1 921/906/1 920/900/1
f 999/903/1 880/907/1 879/902/1
f 892/908/1 921/906/1 893/905/1
f 998/909/1 880/907/1 999/903/1
f 891/910/1 921/906/1 892/908/1
f 998/909/1 881/911/1 880/907/1
f 891/910/1 922/912/1 921/906/1
f 890/913/1 922/912/1 891/910/1
f 997/914/1 881/911/1 998/909/1
f 889/915/1 922/912/1 890/913/1
f 997/914/1 882/916/1 881/911/1
f 888/917/1 922/912/1 889/915/1
f 887/918/1 922/912/1 888/917/1
f 997/914/1 883/919/1 882/916/1
f 887/918/1 923/920/1 922/912/1
f 886/921/1 923/920/1 887/918/1
f 885/922/1 923/920/1 886/921/1
f 997/914/1 884/923/1 883/919/1
f 884/923/1 923/920/1 885/922/1
f 997/914/1 923/920/1 884/923/1
f 996/924/1 923/920/1 997/914/1
f 996/924/1 924/925/1 923/920/1
f 995/926/1 924/925/1 996/924/1
f 995/926/1 925/927/1 924/925/1
f 994/928/1 925/927/1 995/926/1
f 994/928/1 926/929/1 925/927/1
f 993/930/1 926/929/1 994/928/1
f 993/930/1 927/931/1 926/929/1
f 992/932/1 927/931/1 993/930/1
f 992/932/1 928/933/1 927/931/1
f 991/934/1 928/933/1 992/932/1
f 991/934/1 929/935/1 928/933/1
f 990/936/1 929/935/1 991/934/1
f 989/937/1 929/935/1 990/936/1
f 989/937/1 930/938/1 929/935/1
f 988/939/1 930/938/1 989/937/1
f 988/939/1 931/940/1 930/938/1
f 987/941/1 931/940/1 988/939/1
f 987/941/1 932/942/1 931/940/1
f 986/943/1 932/942/1 987/941/1
f 986/943/1 933/944/1 932/942/1
f 985/945/1 933/944/1 986/943/1
f 985/945/1 934/946/1 933/944/1
f 984/947/1 934/946/1 985/945/1
f 984/947/1 935/948/1 934/946/1
f 983/949/1 935/948/1 984/947/1
f 983/949/1 936/950/1 935/948/1
f 982/951/1 936/950/1 983/949/1
f 982/951/1 937/952/1 936/950/1
f 981/953/1 937/952/1 982/951/1
f 981/953/1 938/954/1 937/952/1
f 980/955/1 938/954/1 981/953/1
f 980/955/1 939/956/1 938/954/1
f 979/957/1 939/956/1 980/955/1
f 979/957/1 940/958/1 939/956/1
f 978/959/1 940/958/1 979/957/1
f 978/959/1 941/960/1 940/958/1
f 977/961/1 941/960/1 978/959/1
f 977/961/1 942/962/1 941/960/1
f 976/963/1 942/962/1 977/961/1
f 976/963/1 943/964/1 942/962/1
f 975/965/1 943/964/1 976/963/1
f 975/965/1 944/966/1 943/964/1
f 974/967/1 944/966/1 975/965/1
f 974/967/1 945/968/1 944/966/1
f 973/969/1 945/968/1 974/967/1
f 973/969/1 946/970/1 945/968/1
f 972/971/1 946/970/1 973/969/1
f 972/971/1 947/972/1 946/970/1
f 971/973/1 947/972/1 972/971/1
f 971/973/1 948/974/1 947/972/1
f 970/975/1 948/974/1 971/973/1
f 970/975/1 949/976/1 948/974/1
f 969/977/1 949/976/1 970/975/1
f 969/977/1 950/978/1 949/976/1
f 968/979/1 950/978/1 969/977/1
f 968/979/1 951/980/1 950/978/1
f 967/981/1 951/980/1 968/979/1
f 967/981/1 952/982/1 951/980/1
f 966/983/1 952/982/1 967/981/1
f 966/983/1 953/984/1 952/982/1
f 965/985/1 953/984/1 966/983/1
f 965/985/1 954/986/1 953/984/1
f 964/987/1 954/986/1 965/985/1
f 964/987/1 955/988/1 954/986/1
f 963/989/1 955/988/1 964/987/1
f 963/989/1 956/990/1 955/988/1
f 962/991/1 956/990/1 963/989/1
f 962/991/1 957/992/1 956/990/1
f 961/993/1 957/992/1 962/991/1
f 961/993/1 958/994/1 957/992/1
f 960/995/1 958/994/1 961/993/1
f 960/995/1 959/996/1 958/994/1
f 1011/546/1 1007/5/1 1012/2/1
f 1011/546/1 1008/519/1 1007/5/1
f 1011/546/1 1009/844/1 1008/519/1
f 1011/546/1 1010/763/1 1009/844/1
f 1157/997/1 1013/5/1 1158/2/1
f 1157/997/1 1014/998/1 1013/5/1
f 1156/999/1 1014/998/1 1157/997/1
f 1156/999/1 1015/1000/1 1014/998/1
f 1155/1001/1 1015/1000/1 1156/999/1
f 1155/1001/1 1016/1002/1 1015/1000/1
f 1154/1003/1 1016/1002/1 1155/1001/1
f 1154/1003/1 1017/1004/1 1016/1002/1
f 1153/1005/1 1017/1004/1 1154/1003/1
f 1153/1005/1 1018/1006/1 1017/1004/1
f 1152/1007/1 1018/1006/1 1153/1005/1
f 1152/1007/1 1019/1008/1 1018/1006/1
f 1151/1009/1 1019/1008/1 1152/1007/1
f 1151/1009/1 1020/1010/1 1019/1008/1
f 1150/1011/1 1020/1010/1 1151/1009/1
f 1150/1011/1 1021/1012/1 1020/1010/1
f 1149/1013/1 1051/1014/1 1150/1011/1
f 1051/1014/1 1050/1015/1 1150/1011/1
f 1050/1015/1 1049/1016/1 1150/1011/1
f 1049/1016/1 1021/1012/1 1150/1011/1
f 1049/1016/1 1048/1017/1 1021/1012/1
f 1048/1017/1 1047/1018/1 1021/1012/1
f 1047/1018/1 1022/1019/1 1021/1012/1
f 1046/1020/1 1022/1019/1 1047/1018/1
f 1149/1013/1 1052/1021/1 1051/1014/1
f 1045/1022/1 1022/1019/1 1046/1020/1
f 1149/1013/1 1053/1023/1 1052/1021/1
f 1044/1024/1 1022/1019/1 1045/1022/1
f 1149/1013/1 1054/1025/1 1053/1023/1
f 1043/1026/1 1022/1019/1 1044/1024/1
f 1042/519/1 1022/1019/1 1043/1026/1
f 1149/1013/1 1055/1027/1 1054/1025/1
f 1041/1028/1 1022/1019/1 1042/519/1
f 1149/1013/1 1056/1029/1 1055/1027/1
f 1040/1030/1 1022/1019/1 1041/1028/1
f 1149/1013/1 1057/1031/1 1056/1029/1
f 1039/1032/1 1022/1019/1 1040/1030/1
f 1149/1013/1 1058/1033/1 1057/1031/1
f 1038/1034/1 1022/1019/1 1039/1032/1
f 1037/1035/1 1022/1019/1 1038/1034/1
f 1149/1013/1 1059/1036/1 1058/1033/1
f 1036/1037/1 1022/1019/1 1037/1035/1
f 1149/1013/1 1060/1038/1 1059/1036/1
f 1036/1037/1 1023/1039/1 1022/1019/1
f 1035/1040/1 1023/1039/1 1036/1037/1
f 1148/1041/1 1060/1038/1 1149/1013/1
f 1148/1041/1 1061/1042/1 1060/1038/1
f 1034/1043/1 1023/1039/1 1035/1040/1
f 1148/1041/1 1062/1044/1 1061/1042/1
f 1033/1045/1 1023/1039/1 1034/1043/1
f 1148/1041/1 1063/1046/1 1062/1044/1
f 1032/1047/1 1023/1039/1 1033/1045/1
f 1031/1048/1 1023/1039/1 1032/1047/1
f 1148/1041/1 1064/1049/1 1063/1046/1
f 1030/1050/1 1023/1039/1 1031/1048/1
f 1148/1041/1 1065/1051/1 1064/1049/1
f 1029/1052/1 1023/1039/1 1030/1050/1
f 1029/1052/1 1024/1053/1 1023/1039/1
f 1148/1041/1 1066/1054/1 1065/1051/1
f 1028/1055/1 1024/1053/1 1029/1052/1
f 1147/1056/1 1066/1054/1 1148/1041/1
f 1147/1056/1 1067/1057/1 1066/1054/1
f 1027/1058/1 1024/1053/1 1028/1055/1
f 1026/1059/1 1024/1053/1 1027/1058/1
f 1147/1056/1 1068/1060/1 1067/1057/1
f 1025/1061/1 1024/1053/1 1026/1059/1
f 1147/1056/1 1069/1062/1 1068/1060/1
f 1147/1056/1 1070/1063/1 1069/1062/1
f 1146/1064/1 1070/1063/1 1147/1056/1
f 1146/1064/1 1071/844/1 1070/1063/1
f 1146/1064/1 1072/1065/1 1071/844/1
f 1146/1064/1 1073/1066/1 1072/1065/1
f 1146/1064/1 1074/1067/1 1073/1066/1
f 1145/1068/1 1074/1067/1 1146/1064/1
f 1145/1068/1 1075/1069/1 1074/1067/1
f 1145/1068/1 1076/1070/1 1075/1069/1
f 1120/1071/1 1122/1072/1 1121/1073/1
f 1120/1071/1 1123/1074/1 1122/1072/1
f 1145/1068/1 1077/1075/1 1076/1070/1
f 1119/1076/1 1123/1074/1 1120/1071/1
f 1144/1077/1 1077/1075/1 1145/1068/1
f 1144/1077/1 1078/1078/1 1077/1075/1
f 1118/1079/1 1123/1074/1 1119/1076/1
f 1144/1077/1 1079/1080/1 1078/1078/1
f 1117/1081/1 1123/1074/1 1118/1079/1
f 1144/1077/1 1080/1082/1 1079/1080/1
f 1116/1083/1 1123/1074/1 1117/1081/1
f 1116/1083/1 1124/1084/1 1123/1074/1
f 1144/1077/1 1081/1085/1 1080/1082/1
f 1115/1086/1 1124/1084/1 1116/1083/1
f 1143/1087/1 1081/1085/1 1144/1077/1
f 1114/1088/1 1124/1084/1 1115/1086/1
f 1143/1087/1 1082/1089/1 1081/1085/1
f 1113/1090/1 1124/1084/1 1114/1088/1
f 1143/1087/1 1083/1091/1 1082/1089/1
f 1112/1092/1 1124/1084/1 1113/1090/1
f 1143/1087/1 1084/1093/1 1083/1091/1
f 1111/1094/1 1124/1084/1 1112/1092/1
f 1111/1094/1 1125/1095/1 1124/1084/1
f 1143/1087/1 1085/1096/1 1084/1093/1
f 1110/1097/1 1125/1095/1 1111/1094/1
f 1143/1087/1 1086/1098/1 1085/1096/1
f 1109/1099/1 1125/1095/1 1110/1097/1
f 1143/1087/1 1087/1100/1 1086/1098/1
f 1142/1101/1 1087/1100/1 1143/1087/1
f 1108/1102/1 1125/1095/1 1109/1099/1
f 1142/1101/1 1088/1103/1 1087/1100/1
f 1107/1104/1 1125/1095/1 1108/1102/1
f 1142/1101/1 1089/1105/1 1088/1103/1
f 1106/1106/1 1125/1095/1 1107/1104/1
f 1105/1107/1 1125/1095/1 1106/1106/1
f 1142/1101/1 1090/1108/1 1089/1105/1
f 1104/1109/1 1125/1095/1 1105/1107/1
f 1142/1101/1 1091/1110/1 1090/1108/1
f 1103/1111/1 1125/1095/1 1104/1109/1
f 1103/1111/1 1126/1112/1 1125/1095/1
f 1142/1101/1 1092/1113/1 1091/1110/1
f 1102/1114/1 1126/1112/1 1103/1111/1
f 1142/1101/1 1093/1115/1 1092/1113/1
f 1101/1116/1 1126/1112/1 1102/1114/1
f 1142/1101/1 1094/1117/1 1093/1115/1
f 1100/763/1 1126/1112/1 1101/1116/1
f 1142/1101/1 1095/1118/1 1094/1117/1
f 1099/1119/1 1126/1112/1 1100/763/1
f 1142/1101/1 1096/1120/1 1095/1118/1
f 1098/1121/1 1126/1112/1 1099/1119/1
f 1142/1101/1 1097/1122/1 1096/1120/1
f 1097/1122/1 1126/1112/1 1098/1121/1
f 1142/1101/1 1126/1112/1 1097/1122/1
f 1141/1123/1 1126/1112/1 1142/1101/1
f 1141/1123/1 1127/1124/1 1126/1112/1
f 1140/1125/1 1127/1124/1 1141/1123/1
f 1140/1125/1 1128/1126/1 1127/1124/1
f 1139/1127/1 1128/1126/1 1140/1125/1
f 1139/1127/1 1129/546/1 1128/1126/1
f 1138/1128/1 1129/546/1 1139/1127/1
f 1138/1128/1 1130/1129/1 1129/546/1
f 1137/1130/1 1130/1129/1 1138/1128/1
f 1137/1130/1 1131/1131/1 1130/1129/1
f 1136/1132/1 1131/1131/1 1137/1130/1
f 1136/1132/1 1132/1133/1 1131/1131/1
f 1135/1134/1 1132/1133/1 1136/1132/1
f 1135/1134/1 1133/1135/1 1132/1133/1
f 1134/1136/1 1133/1135/1 1135/1134/1
f 1166/1/1 1168/2/1 1167/3/1
f 1166/1/1 1164/4/1 1168/2/1
f 1164/4/1 1159/5/1 1168/2/1
f 1159/5/1 1161/6/1 1160/7/1
f 1159/5/1 1162/8/1 1161/6/1
f 1166/1/1 1165/9/1 1164/4/1
f 1163/10/1 1159/5/1 1164/4/1
f 1163/10/1 1162/8/1 1159/5/1
f 1180/11/1 1182/12/1 1181/13/1
f 1179/14/1 1182/12/1 1180/11/1
f 1179/14/1 1183/15/1 1182/12/1
f 1178/16/1 1183/15/1 1179/14/1
f 1178/16/1 1184/17/1 1183/15/1
f 1177/18/1 1184/17/1 1178/16/1
f 1177/18/1 1185/19/1 1184/17/1
f 1176/20/1 1185/19/1 1177/18/1
f 1176/20/1 1186/21/1 1185/19/1
f 1175/22/1 1186/21/1 1176/20/1
f 1175/22/1 1187/23/1 1186/21/1
f 1174/24/1 1187/23/1 1175/22/1
f 1174/24/1 1188/25/1 1187/23/1
f 1173/26/1 1188/25/1 1174/24/1
f 1173/26/1 1189/27/1 1188/25/1
f 1172/28/1 1189/27/1 1173/26/1
f 1172/28/1 1190/29/1 1189/27/1
f 1171/30/1 1190/29/1 1172/28/1
f 1171/30/1 1191/31/1 1190/29/1
f 1170/32/1 1191/31/1 1171/30/1
f 1170/32/1 1192/33/1 1191/31/1
f 1169/5/1 1192/33/1 1170/32/1
f 1169/5/1 1193/34/1 1192/33/1
f 1312/35/1 1193/34/1 1169/5/1
f 1312/35/1 1194/36/1 1193/34/1
f 1312/35/1 1195/37/1 1194/36/1
f 1311/38/1 1195/37/1 1312/35/1
f 1311/38/1 1196/39/1 1195/37/1
f 1310/40/1 1196/39/1 1311/38/1
f 1310/40/1 1197/41/1 1196/39/1
f 1309/42/1 1197/41/1 1310/40/1
f 1308/43/1 1197/41/1 1309/42/1
f 1308/43/1 1198/44/1 1197/41/1
f 1307/45/1 1198/44/1 1308/43/1
f 1307/45/1 1199/46/1 1198/44/1
f 1306/47/1 1199/46/1 1307/45/1
f 1306/47/1 1200/48/1 1199/46/1
f 1305/49/1 1200/48/1 1306/47/1
f 1305/49/1 1201/50/1 1200/48/1
f 1304/51/1 1201/50/1 1305/49/1
f 1304/51/1 1202/52/1 1201/50/1
f 1303/53/1 1202/52/1 1304/51/1
f 1303/53/1 1203/54/1 1202/52/1
f 1302/55/1 1203/54/1 1303/53/1
f 1302/55/1 1204/56/1 1203/54/1
f 1301/57/1 1204/56/1 1302/55/1
f 1301/57/1 1313/58/1 1204/56/1
f 1313/58/1 1205/59/1 1204/56/1
f 1301/57/1 1314/60/1 1313/58/1
f 1456/2/1 1205/59/1 1313/58/1
f 1301/57/1 1315/61/1 1314/60/1
f 1455/62/1 1205/59/1 1456/2/1
f 1301/57/1 1316/63/1 1315/61/1
f 1454/64/1 1205/59/1 1455/62/1
f 1301/57/1 1317/65/1 1316/63/1
f 1453/66/1 1205/59/1 1454/64/1
f 1300/67/1 1317/65/1 1301/57/1
f 1453/66/1 1206/68/1 1205/59/1
f 1300/67/1 1318/69/1 1317/65/1
f 1452/70/1 1206/68/1 1453/66/1
f 1300/67/1 1319/71/1 1318/69/1
f 1451/72/1 1206/68/1 1452/70/1
f 1300/67/1 1320/73/1 1319/71/1
f 1450/74/1 1206/68/1 1451/72/1
f 1300/67/1 1321/75/1 1320/73/1
f 1449/76/1 1206/68/1 1450/74/1
f 1300/67/1 1322/77/1 1321/75/1
f 1448/78/1 1206/68/1 1449/76/1
f 1300/67/1 1323/79/1 1322/77/1
f 1447/80/1 1206/68/1 1448/78/1
f 1300/67/1 1324/81/1 1323/79/1
f 1446/82/1 1206/68/1 1447/80/1
f 1446/82/1 1207/83/1 1206/68/1
f 1299/84/1 1324/81/1 1300/67/1
f 1299/84/1 1325/85/1 1324/81/1
f 1445/86/1 1207/83/1 1446/82/1
f 1299/84/1 1326/87/1 1325/85/1
f 1444/88/1 1207/83/1 1445/86/1
f 1443/89/1 1207/83/1 1444/88/1
f 1299/84/1 1327/90/1 1326/87/1
f 1443/89/1 1208/91/1 1207/83/1
f 1298/92/1 1327/90/1 1299/84/1
f 1442/93/1 1208/91/1 1443/89/1
f 1298/92/1 1328/94/1 1327/90/1
f 1441/95/1 1208/91/1 1442/93/1
f 1298/92/1 1329/96/1 1328/94/1
f 1440/97/1 1208/91/1 1441/95/1
f 1298/92/1 1330/98/1 1329/96/1
f 1440/97/1 1209/99/1 1208/91/1
f 1297/100/1 1330/98/1 1298/92/1
f 1439/101/1 1209/99/1 1440/97/1
f 1297/100/1 1331/102/1 1330/98/1
f 1438/103/1 1209/99/1 1439/101/1
f 1297/100/1 1332/104/1 1331/102/1
f 1437/105/1 1209/99/1 1438/103/1
f 1297/100/1 1333/106/1 1332/104/1
f 1437/105/1 1210/107/1 1209/99/1
f 1296/108/1 1333/106/1 1297/100/1
f 1436/109/1 1210/107/1 1437/105/1
f 1296/108/1 1334/110/1 1333/106/1
f 1435/111/1 1210/107/1 1436/109/1
f 1296/108/1 1335/112/1 1334/110/1
f 1435/111/1 1211/113/1 1210/107/1
f 1295/114/1 1335/112/1 1296/108/1
f 1434/115/1 1211/113/1 1435/111/1
f 1295/114/1 1336/116/1 1335/112/1
f 1433/117/1 1211/113/1 1434/115/1
f 1295/114/1 1337/118/1 1336/116/1
f 1433/117/1 1212/119/1 1211/113/1
f 1294/120/1 1337/118/1 1295/114/1
f 1294/120/1 1338/121/1 1337/118/1
f 1432/122/1 1212/119/1 1433/117/1
f 1294/120/1 1339/123/1 1338/121/1
f 1431/124/1 1212/119/1 1432/122/1
f 1431/124/1 1213/125/1 1212/119/1
f 1293/126/1 1339/123/1 1294/120/1
f 1293/126/1 1340/127/1 1339/123/1
f 1430/128/1 1213/125/1 1431/124/1
f 1293/126/1 1341/129/1 1340/127/1
f 1429/130/1 1213/125/1 1430/128/1
f 1429/130/1 1214/131/1 1213/125/1
f 1292/132/1 1341/129/1 1293/126/1
f 1292/132/1 1342/133/1 1341/129/1
f 1428/134/1 1214/131/1 1429/130/1
f 1292/132/1 1343/135/1 1342/133/1
f 1427/136/1 1214/131/1 1428/134/1
f 1427/136/1 1215/137/1 1214/131/1
f 1291/138/1 1343/135/1 1292/132/1
f 1291/138/1 1344/139/1 1343/135/1
f 1426/140/1 1215/137/1 1427/136/1
f 1291/138/1 1345/141/1 1344/139/1
f 1425/142/1 1215/137/1 1426/140/1
f 1425/142/1 1216/143/1 1215/137/1
f 1290/144/1 1345/141/1 1291/138/1
f 1290/144/1 1346/145/1 1345/141/1
f 1424/146/1 1216/143/1 1425/142/1
f 1290/144/1 1347/147/1 1346/145/1
f 1423/148/1 1216/143/1 1424/146/1
f 1423/148/1 1217/149/1 1216/143/1
f 1289/150/1 1347/147/1 1290/144/1
f 1289/150/1 1348/151/1 1347/147/1
f 1422/152/1 1217/149/1 1423/148/1
f 1289/150/1 1349/153/1 1348/151/1
f 1421/154/1 1217/149/1 1422/152/1
f 1288/155/1 1349/153/1 1289/150/1
f 1421/154/1 1218/156/1 1217/149/1
f 1288/155/1 1350/157/1 1349/153/1
f 1420/158/1 1218/156/1 1421/154/1
f 1288/155/1 1351/159/1 1350/157/1
f 1419/160/1 1218/156/1 1420/158/1
f 1287/161/1 1351/159/1 1288/155/1
f 1419/160/1 1219/162/1 1218/156/1
f 1287/161/1 1352/163/1 1351/159/1
f 1418/164/1 1219/162/1 1419/160/1
f 1287/161/1 1353/165/1 1352/163/1
f 1417/166/1 1219/162/1 1418/164/1
f 1286/167/1 1353/165/1 1287/161/1
f 1417/166/1 1220/168/1 1219/162/1
f 1286/167/1 1354/169/1 1353/165/1
f 1416/170/1 1220/168/1 1417/166/1
f 1286/167/1 1355/171/1 1354/169/1
f 1415/172/1 1220/168/1 1416/170/1
f 1285/173/1 1355/171/1 1286/167/1
f 1415/172/1 1221/174/1 1220/168/1
f 1285/173/1 1356/175/1 1355/171/1
f 1414/176/1 1221/174/1 1415/172/1
f 1285/173/1 1357/177/1 1356/175/1
f 1413/178/1 1221/174/1 1414/176/1
f 1284/179/1 1357/177/1 1285/173/1
f 1413/178/1 1222/180/1 1221/174/1
f 1284/179/1 1358/181/1 1357/177/1
f 1412/182/1 1222/180/1 1413/178/1
f 1284/179/1 1359/183/1 1358/181/1
f 1411/184/1 1222/180/1 1412/182/1
f 1283/185/1 1359/183/1 1284/179/1
f 1411/184/1 1223/186/1 1222/180/1
f 1283/185/1 1360/187/1 1359/183/1
f 1410/188/1 1223/186/1 1411/184/1
f 1283/185/1 1361/189/1 1360/187/1
f 1409/190/1 1223/186/1 1410/188/1
f 1282/191/1 1361/189/1 1283/185/1
f 1409/190/1 1224/192/1 1223/186/1
f 1282/191/1 1362/193/1 1361/189/1
f 1408/194/1 1224/192/1 1409/190/1
f 1282/191/1 1363/195/1 1362/193/1
f 1407/196/1 1224/192/1 1408/194/1
f 1281/197/1 1363/195/1 1282/191/1
f 1407/196/1 1225/198/1 1224/192/1
f 1281/197/1 1364/199/1 1363/195/1
f 1406/200/1 1225/198/1 1407/196/1
f 1281/197/1 1365/201/1 1364/199/1
f 1405/202/1 1225/198/1 1406/200/1
f 1280/203/1 1365/201/1 1281/197/1
f 1405/202/1 1226/204/1 1225/198/1
f 1280/203/1 1366/205/1 1365/201/1
f 1404/206/1 1226/204/1 1405/202/1
f 1280/203/1 1367/207/1 1366/205/1
f 1403/208/1 1226/204/1 1404/206/1
f 1279/209/1 1367/207/1 1280/203/1
f 1403/208/1 1227/210/1 1226/204/1
f 1279/209/1 1368/211/1 1367/207/1
f 1402/212/1 1227/210/1 1403/208/1
f 1279/209/1 1369/213/1 1368/211/1
f 1401/214/1 1227/210/1 1402/212/1
f 1279/209/1 1370/215/1 1369/213/1
f 1400/216/1 1227/210/1 1401/214/1
f 1278/217/1 1370/215/1 1279/209/1
f 1400/216/1 1228/218/1 1227/210/1
f 1278/217/1 1371/219/1 1370/215/1
f 1399/220/1 1228/218/1 1400/216/1
f 1278/217/1 1372/221/1 1371/219/1
f 1398/222/1 1228/218/1 1399/220/1
f 1278/217/1 1373/223/1 1372/221/1
f 1397/224/1 1228/218/1 1398/222/1
f 1277/225/1 1373/223/1 1278/217/1
f 1397/224/1 1229/226/1 1228/218/1
f 1277/225/1 1374/227/1 1373/223/1
f 1396/228/1 1229/226/1 1397/224/1
f 1395/229/1 1229/226/1 1396/228/1
f 1277/225/1 1375/230/1 1374/227/1
f 1394/231/1 1229/226/1 1395/229/1
f 1277/225/1 1376/232/1 1375/230/1
f 1393/233/1 1229/226/1 1394/231/1
f 1277/225/1 1377/234/1 1376/232/1
f 1276/235/1 1377/234/1 1277/225/1
f 1393/233/1 1230/236/1 1229/226/1
f 1392/237/1 1230/236/1 1393/233/1
f 1276/235/1 1378/238/1 1377/234/1
f 1391/239/1 1230/236/1 1392/237/1
f 1276/235/1 1379/240/1 1378/238/1
f 1390/241/1 1230/236/1 1391/239/1
f 1276/235/1 1380/242/1 1379/240/1
f 1389/243/1 1230/236/1 1390/241/1
f 1276/235/1 1381/244/1 1380/242/1
f 1388/245/1 1230/236/1 1389/243/1
f 1276/235/1 1382/246/1 1381/244/1
f 1387/247/1 1230/236/1 1388/245/1
f 1276/235/1 1383/248/1 1382/246/1
f 1386/249/1 1230/236/1 1387/247/1
f 1276/235/1 1384/250/1 1383/248/1
f 1385/251/1 1230/236/1 1386/249/1
f 1276/235/1 1385/251/1 1384/250/1
f 1276/235/1 1230/236/1 1385/251/1
f 1275/252/1 1230/236/1 1276/235/1
f 1275/252/1 1231/253/1 1230/236/1
f 1274/254/1 1231/253/1 1275/252/1
f 1274/254/1 1232/255/1 1231/253/1
f 1273/256/1 1232/255/1 1274/254/1
f 1273/256/1 1233/257/1 1232/255/1
f 1272/258/1 1233/257/1 1273/256/1
f 1272/258/1 1234/259/1 1233/257/1
f 1271/260/1 1234/259/1 1272/258/1
f 1271/260/1 1235/261/1 1234/259/1
f 1270/262/1 1235/261/1 1271/260/1
f 1270/262/1 1236/263/1 1235/261/1
f 1269/264/1 1236/263/1 1270/262/1
f 1269/264/1 1237/265/1 1236/263/1
f 1268/266/1 1237/265/1 1269/264/1
f 1268/266/1 1238/267/1 1237/265/1
f 1267/268/1 1238/267/1 1268/266/1
f 1267/268/1 1239/269/1 1238/267/1
f 1266/270/1 1239/269/1 1267/268/1
f 1266/270/1 1240/271/1 1239/269/1
f 1265/272/1 1240/271/1 1266/270/1
f 1265/272/1 1241/273/1 1240/271/1
f 1264/274/1 1241/273/1 1265/272/1
f 1264/274/1 1242/275/1 1241/273/1
f 1263/276/1 1242/275/1 1264/274/1
f 1263/276/1 1243/277/1 1242/275/1
f 1262/278/1 1243/277/1 1263/276/1
f 1262/278/1 1244/279/1 1243/277/1
f 1261/280/1 1244/279/1 1262/278/1
f 1261/280/1 1245/281/1 1244/279/1
f 1260/282/1 1245/281/1 1261/280/1
f 1260/282/1 1246/283/1 1245/281/1
f 1259/284/1 1246/283/1 1260/282/1
f 1259/284/1 1247/285/1 1246/283/1
f 1258/286/1 1247/285/1 1259/284/1
f 1258/286/1 1248/287/1 1247/285/1
f 1257/288/1 1248/287/1 1258/286/1
f 1257/288/1 1249/289/1 1248/287/1
f 1256/290/1 1249/289/1 1257/288/1
f 1256/290/1 1250/291/1 1249/289/1
f 1255/292/1 1250/291/1 1256/290/1
f 1255/292/1 1251/293/1 1250/291/1
f 1254/294/1 1251/293/1 1255/292/1
f 1254/294/1 1252/295/1 1251/293/1
f 1253/296/1 1252/295/1 1254/294/1
f 1601/997/1 1457/5/1 1602/2/1
f 1601/997/1 1458/998/1 1457/5/1
f 1600/999/1 1458/998/1 1601/997/1
f 1600/999/1 1459/1000/1 1458/998/1
f 1599/1001/1 1459/1000/1 1600/999/1
f 1599/1001/1 1460/1002/1 1459/1000/1
f 1598/1003/1 1460/1002/1 1599/1001/1
f 1598/1003/1 1461/1004/1 1460/1002/1
f 1597/1005/1 1461/1004/1 1598/1003/1
f 1597/1005/1 1462/1006/1 1461/1004/1
f 1596/1007/1 1462/1006/1 1597/1005/1
f 1596/1007/1 1463/1008/1 1462/1006/1
f 1595/1009/1 1463/1008/1 1596/1007/1
f 1595/1009/1 1464/1010/1 1463/1008/1
f 1594/1011/1 1464/1010/1 1595/1009/1
f 1594/1011/1 1465/1012/1 1464/1010/1
f 1593/1013/1 1495/1014/1 1594/1011/1
f 1495/1014/1 1494/1015/1 1594/1011/1
f 1494/1015/1 1493/1016/1 1594/1011/1
f 1493/1016/1 1465/1012/1 1594/1011/1
f 1493/1016/1 1492/1017/1 1465/1012/1
f 1492/1017/1 1491/1018/1 1465/1012/1
f 1491/1018/1 1466/1019/1 1465/1012/1
f 1490/1020/1 1466/1019/1 1491/1018/1
f 1593/1013/1 1496/1021/1 1495/1014/1
f 1489/1022/1 1466/1019/1 1490/1020/1
f 1593/1013/1 1497/1023/1 1496/1021/1
f 1488/1024/1 1466/1019/1 1489/1022/1
f 1593/1013/1 1498/1025/1 1497/1023/1
f 1487/1026/1 1466/1019/1 1488/1024/1
f 1486/519/1 1466/1019/1 1487/1026/1
f 1593/1013/1 1499/1027/1 1498/1025/1
f 1485/1028/1 1466/1019/1 1486/519/1
f 1593/1013/1 1500/1029/1 1499/1027/1
f 1484/1030/1 1466/1019/1 1485/1028/1
f 1593/1013/1 1501/1031/1 1500/1029/1
f 1483/1032/1 1466/1019/1 1484/1030/1
f 1593/1013/1 1502/1033/1 1501/1031/1
f 1482/1034/1 1466/1019/1 1483/1032/1
f 1481/1035/1 1466/1019/1 1482/1034/1
f 1593/1013/1 1503/1036/1 1502/1033/1
f 1480/1037/1 1466/1019/1 1481/1035/1
f 1593/1013/1 1504/1038/1 1503/1036/1
f 1480/1037/1 1467/1039/1 1466/1019/1
f 1479/1040/1 1467/1039/1 1480/1037/1
f 1592/1041/1 1504/1038/1 1593/1013/1
f 1592/1041/1 1505/1042/1 1504/1038/1
f 1478/1043/1 1467/1039/1 1479/1040/1
f 1592/1041/1 1506/1044/1 1505/1042/1
f 1477/1045/1 1467/1039/1 1478/1043/1
f 1592/1041/1 1507/1046/1 1506/1044/1
f 1476/1047/1 1467/1039/1 1477/1045/1
f 1475/1048/1 1467/1039/1 1476/1047/1
f 1592/1041/1 1508/1049/1 1507/1046/1
f 1474/1050/1 1467/1039/1 1475/1048/1
f 1592/1041/1 1509/1051/1 1508/1049/1
f 1473/1052/1 1467/1039/1 1474/1050/1
f 1473/1052/1 1468/1053/1 1467/1039/1
f 1592/1041/1 1510/1054/1 1509/1051/1
f 1472/1055/1 1468/1053/1 1473/1052/1
f 1591/1056/1 1510/1054/1 1592/1041/1
f 1591/1056/1 1511/1057/1 1510/1054/1
f 1471/1058/1 1468/1053/1 1472/1055/1
f 1470/1059/1 1468/1053/1 1471/1058/1
f 1591/1056/1 1512/1060/1 1511/1057/1
f 1469/1061/1 1468/1053/1 1470/1059/1
f 1591/1056/1 1513/1062/1 1512/1060/1
f 1591/1056/1 1514/1063/1 1513/1062/1
f 1590/1064/1 1514/1063/1 1591/1056/1
f 1590/1064/1 1515/844/1 1514/1063/1
f 1590/1064/1 1516/1065/1 1515/844/1
f 1590/1064/1 1517/1066/1 1516/1065/1
f 1590/1064/1 1518/1067/1 1517/1066/1
f 1589/1068/1 1518/1067/1 1590/1064/1
f 1589/1068/1 1519/1069/1 1518/1067/1
f 1589/1068/1 1520/1070/1 1519/1069/1
f 1564/1071/1 1566/1072/1 1565/1073/1
f 1564/1071/1 1567/1074/1 1566/1072/1
f 1589/1068/1 1521/1075/1 1520/1070/1
f 1563/1076/1 1567/1074/1 1564/1071/1
f 1588/1077/1 1521/1075/1 1589/1068/1
f 1588/1077/1 1522/1078/1 1521/1075/1
f 1562/1079/1 1567/1074/1 1563/1076/1
f 1588/1077/1 1523/1080/1 1522/1078/1
f 1561/1081/1 1567/1074/1 1562/1079/1
f 1588/1077/1 1524/1082/1 1523/1080/1
f 1560/1083/1 1567/1074/1 1561/1081/1
f 1560/1083/1 1568/1084/1 1567/1074/1
f 1588/1077/1 1525/1085/1 1524/1082/1
f 1559/1086/1 1568/1084/1 1560/1083/1
f 1587/1087/1 1525/1085/1 1588/1077/1
f 1558/1088/1 1568/1084/1 1559/1086/1
f 1587/1087/1 1526/1089/1 1525/1085/1
f 1557/1090/1 1568/1084/1 1558/1088/1
f 1587/1087/1 1527/1091/1 1526/1089/1
f 1556/1092/1 1568/1084/1 1557/1090/1
f 1587/1087/1 1528/1093/1 1527/1091/1
f 1555/1094/1 1568/1084/1 1556/1092/1
f 1555/1094/1 1569/1095/1 1568/1084/1
f 1587/1087/1 1529/1096/1 1528/1093/1
f 1554/1097/1 1569/1095/1 1555/1094/1
f 1587/1087/1 1530/1098/1 1529/1096/1
f 1553/1099/1 1569/1095/1 1554/1097/1
f 1587/1087/1 1531/1100/1 1530/1098/1
f 1586/1101/1 1531/1100/1 1587/1087/1
f 1552/1102/1 1569/1095/1 1553/1099/1
f 1586/1101/1 1532/1103/1 1531/1100/1
f 1551/1104/1 1569/1095/1 1552/1102/1
f 1586/1101/1 1533/1105/1 1532/1103/1
f 1550/1106/1 1569/1095/1 1551/1104/1
f 1549/1107/1 1569/1095/1 1550/1106/1
f 1586/1101/1 1534/1108/1 1533/1105/1
f 1548/1109/1 1569/1095/1 1549/1107/1
f 1586/1101/1 1535/1110/1 1534/1108/1
f 1547/1111/1 1569/1095/1 1548/1109/1
f 1547/1111/1 1570/1112/1 1569/1095/1
f 1586/1101/1 1536/1113/1 1535/1110/1
f 1546/1114/1 1570/1112/1 1547/1111/1
f 1586/1101/1 1537/1115/1 1536/1113/1
f 1545/1116/1 1570/1112/1 1546/1114/1
f 1586/1101/1 1538/1117/1 1537/1115/1
f 1544/763/1 1570/1112/1 1545/1116/1
f 1586/1101/1 1539/1118/1 1538/1117/1
f 1543/1119/1 1570/1112/1 1544/763/1
f 1586/1101/1 1540/1120/1 1539/1118/1
f 1542/1121/1 1570/1112/1 1543/1119/1
f 1586/1101/1 1541/1122/1 1540/1120/1
f 1541/1122/1 1570/1112/1 1542/1121/1
f 1586/1101/1 1570/1112/1 1541/1122/1
f 1585/1123/1 1570/1112/1 1586/1101/1
f 1585/1123/1 1571/1124/1 1570/1112/1
f 1584/1125/1 1571/1124/1 1585/1123/1
f 1584/1125/1 1572/1126/1 1571/1124/1
f 1583/1127/1 1572/1126/1 1584/1125/1
f 1583/1127/1 1573/546/1 1572/1126/1
f 1582/1128/1 1573/546/1 1583/1127/1
f 1582/1128/1 1574/1129/1 1573/546/1
f 1581/1130/1 1574/1129/1 1582/1128/1
f 1581/1130/1 1575/1131/1 1574/1129/1
f 1580/1132/1 1575/1131/1 1581/1130/1
f 1580/1132/1 1576/1133/1 1575/1131/1
f 1579/1134/1 1576/1133/1 1580/1132/1
f 1579/1134/1 1577/1135/1 1576/1133/1
f 1578/1136/1 1577/1135/1 1579/1134/1
f 1610/1/2 1611/3/2 1612/2/2
f 1610/1/2 1612/2/2 1608/4/2
f 1608/4/2 1612/2/2 1603/5/2
f 1603/5/2 1604/7/2 1605/6/2
f 1603/5/2 1605/6/2 1606/8/2
f 1610/1/2 1608/4/2 1609/9/2
f 1607/10/2 1608/4/2 1603/5/2
f 1607/10/2 1603/5/2 1606/8/2
f 1624/11/2 1625/13/2 1626/12/2
f 1623/14/2 1624/11/2 1626/12/2
f 1623/14/2 1626/12/2 1627/15/2
f 1622/16/2 1623/14/2 1627/15/2
f 1622/16/2 1627/15/2 1628/17/2
f 1621/18/2 1622/16/2 1628/17/2
f 1621/18/2 1628/17/2 1629/19/2
f 1620/20/2 1621/18/2 1629/19/2
f 1620/20/2 1629/19/2 1630/21/2
f 1619/22/2 1620/20/2 1630/21/2
f 1619/22/2 1630/21/2 1631/23/2
f 1618/24/2 1619/22/2 1631/23/2
f 1618/24/2 1631/23/2 1632/25/2
f 1617/26/2 1618/24/2 1632/25/2
f 1617/26/2 1632/25/2 1633/27/2
f 1616/28/2 1617/26/2 1633/27/2
f 1616/28/2 1633/27/2 1634/29/2
f 1615/30/2 1616/28/2 1634/29/2
f 1615/30/2 1634/29/2 1635/31/2
f 1614/32/2 1615/30/2 1635/31/2
f 1614/32/2 1635/31/2 1636/33/2
f 1613/5/2 1614/32/2 1636/33/2
f 1613/5/2 1636/33/2 1637/34/2
f 1756/35/2 1613/5/2 1637/34/2
f 1756/35/2 1637/34/2 1638/36/2
f 1756/35/2 1638/36/2 1639/37/2
f 1755/38/2 1756/35/2 1639/37/2
f 1755/38/2 1639/37/2 1640/39/2
f 1754/40/2 1755/38/2 1640/39/2
f 1754/40/2 1640/39/2 1641/41/2
f 1753/42/2 1754/40/2 1641/41/2
f 1752/43/2 1753/42/2 1641/41/2
f 1752/43/2 1641/41/2 1642/44/2
f 1751/45/2 1752/43/2 1642/44/2
f 1751/45/2 1642/44/2 1643/46/2
f 1750/47/2 1751/45/2 1643/46/2
f 1750/47/2 1643/46/2 1644/48/2
f 1749/49/2 1750/47/2 1644/48/2
f 1749/49/2 1644/48/2 1645/50/2
f 1748/51/2 1749/49/2 1645/50/2
f 1748/51/2 1645/50/2 1646/52/2
f 1747/53/2 1748/51/2 1646/52/2
f 1747/53/2 1646/52/2 1647/54/2
f 1746/55/2 1747/53/2 1647/54/2
f 1746/55/2 1647/54/2 1648/56/2
f 1745/57/2 1746/55/2 1648/56/2
f 1745/57/2 1648/56/2 1757/58/2
f 1757/58/2 1648/56/2 1649/59/2
f 1745/57/2 1757/58/2 1758/60/2
f 1900/2/2 1757/58/2 1649/59/2
f 1745/57/2 1758/60/2 1759/61/2
f 1899/62/2 1900/2/2 1649/59/2
f 1745/57/2 1759/61/2 1760/63/2
f 1898/64/2 1899/62/2 1649/59/2
f 1745/57/2 1760/63/2 1761/65/2
f 1897/66/2 1898/64/2 1649/59/2
f 1744/67/2 1745/57/2 1761/65/2
f 1897/66/2 1649/59/2 1650/68/2
f 1744/67/2 1761/65/2 1762/69/2
f 1896/70/2 1897/66/2 1650/68/2
f 1744/67/2 1762/69/2 1763/71/2
f 1895/72/2 1896/70/2 1650/68/2
f 1744/67/2 1763/71/2 1764/73/2
f 1894/74/2 1895/72/2 1650/68/2
f 1744/67/2 1764/73/2 1765/75/2
f 1893/76/2 1894/74/2 1650/68/2
f 1744/67/2 1765/75/2 1766/77/2
f 1892/78/2 1893/76/2 1650/68/2
f 1744/67/2 1766/77/2 1767/79/2
f 1891/80/2 1892/78/2 1650/68/2
f 1744/67/2 1767/79/2 1768/81/2
f 1890/82/2 1891/80/2 1650/68/2
f 1890/82/2 1650/68/2 1651/83/2
f 1743/84/2 1744/67/2 1768/81/2
f 1743/84/2 1768/81/2 1769/85/2
f 1889/86/2 1890/82/2 1651/83/2
f 1743/84/2 1769/85/2 1770/87/2
f 1888/88/2 1889/86/2 1651/83/2
f 1887/89/2 1888/88/2 1651/83/2
f 1743/84/2 1770/87/2 1771/90/2
f 1887/89/2 1651/83/2 1652/91/2
f 1742/92/2 1743/84/2 1771/90/2
f 1886/93/2 1887/89/2 1652/91/2
f 1742/92/2 1771/90/2 1772/94/2
f 1885/95/2 1886/93/2 1652/91/2
f 1742/92/2 1772/94/2 1773/96/2
f 1884/97/2 1885/95/2 1652/91/2
f 1742/92/2 1773/96/2 1774/98/2
f 1884/97/2 1652/91/2 1653/99/2
f 1741/100/2 1742/92/2 1774/98/2
f 1883/101/2 1884/97/2 1653/99/2
f 1741/100/2 1774/98/2 1775/102/2
f 1882/103/2 1883/101/2 1653/99/2
f 1741/100/2 1775/102/2 1776/104/2
f 1881/105/2 1882/103/2 1653/99/2
f 1741/100/2 1776/104/2 1777/106/2
f 1881/105/2 1653/99/2 1654/107/2
f 1740/108/2 1741/100/2 1777/106/2
f 1880/109/2 1881/105/2 1654/107/2
f 1740/108/2 1777/106/2 1778/110/2
f 1879/111/2 1880/109/2 1654/107/2
f 1740/108/2 1778/110/2 1779/112/2
f 1879/111/2 1654/107/2 1655/113/2
f 1739/114/2 1740/108/2 1779/112/2
f 1878/115/2 1879/111/2 1655/113/2
f 1739/114/2 1779/112/2 1780/116/2
f 1877/117/2 1878/115/2 1655/113/2
f 1739/114/2 1780/116/2 1781/118/2
f 1877/117/2 1655/113/2 1656/119/2
f 1738/120/2 1739/114/2 1781/118/2
f 1738/120/2 1781/118/2 1782/121/2
f 1876/122/2 1877/117/2 1656/119/2
f 1738/120/2 1782/121/2 1783/123/2
f 1875/124/2 1876/122/2 1656/119/2
f 1875/124/2 1656/119/2 1657/125/2
f 1737/126/2 1738/120/2 1783/123/2
f 1737/126/2 1783/123/2 1784/127/2
f 1874/128/2 1875/124/2 1657/125/2
f 1737/126/2 1784/127/2 1785/129/2
f 1873/130/2 1874/128/2 1657/125/2
f 1873/130/2 1657/125/2 1658/131/2
f 1736/132/2 1737/126/2 1785/129/2
f 1736/132/2 1785/129/2 1786/133/2
f 1872/134/2 1873/130/2 1658/131/2
f 1736/132/2 1786/133/2 1787/135/2
f 1871/136/2 1872/134/2 1658/131/2
f 1871/136/2 1658/131/2 1659/137/2
f 1735/138/2 1736/132/2 1787/135/2
f 1735/138/2 1787/135/2 1788/139/2
f 1870/140/2 1871/136/2 1659/137/2
f 1735/138/2 1788/139/2 1789/141/2
f 1869/142/2 1870/140/2 1659/137/2
f 1869/142/2 1659/137/2 1660/143/2
f 1734/144/2 1735/138/2 1789/141/2
f 1734/144/2 1789/141/2 1790/145/2
f 1868/146/2 1869/142/2 1660/143/2
f 1734/144/2 1790/145/2 1791/147/2
f 1867/148/2 1868/146/2 1660/143/2
f 1867/148/2 1660/143/2 1661/149/2
f 1733/150/2 1734/144/2 1791/147/2
f 1733/150/2 1791/147/2 1792/151/2
f 1866/152/2 1867/148/2 1661/149/2
f 1733/150/2 1792/151/2 1793/153/2
f 1865/154/2 1866/152/2 1661/149/2
f 1732/155/2 1733/150/2 1793/153/2
f 1865/154/2 1661/149/2 1662/156/2
f 1732/155/2 1793/153/2 1794/157/2
f 1864/158/2 1865/154/2 1662/156/2
f 1732/155/2 1794/157/2 1795/159/2
f 1863/160/2 1864/158/2 1662/156/2
f 1731/161/2 1732/155/2 1795/159/2
f 1863/160/2 1662/156/2 1663/162/2
f 1731/161/2 1795/159/2 1796/163/2
f 1862/164/2 1863/160/2 1663/162/2
f 1731/161/2 1796/163/2 1797/165/2
f 1861/166/2 1862/164/2 1663/162/2
f 1730/167/2 1731/161/2 1797/165/2
f 1861/166/2 1663/162/2 1664/168/2
f 1730/167/2 1797/165/2 1798/169/2
f 1860/170/2 1861/166/2 1664/168/2
f 1730/167/2 1798/169/2 1799/171/2
f 1859/172/2 1860/170/2 1664/168/2
f 1729/173/2 1730/167/2 1799/171/2
f 1859/172/2 1664/168/2 1665/174/2
f 1729/173/2 1799/171/2 1800/175/2
f 1858/176/2 1859/172/2 1665/174/2
f 1729/173/2 1800/175/2 1801/177/2
f 1857/178/2 1858/176/2 1665/174/2
f 1728/179/2 1729/173/2 1801/177/2
f 1857/178/2 1665/174/2 1666/180/2
f 1728/179/2 1801/177/2 1802/181/2
f 1856/182/2 1857/178/2 1666/180/2
f 1728/179/2 1802/181/2 1803/183/2
f 1855/184/2 1856/182/2 1666/180/2
f 1727/185/2 1728/179/2 1803/183/2
f 1855/184/2 1666/180/2 1667/186/2
f 1727/185/2 1803/183/2 1804/187/2
f 1854/188/2 1855/184/2 1667/186/2
f 1727/185/2 1804/187/2 1805/189/2
f 1853/190/2 1854/188/2 1667/186/2
f 1726/191/2 1727/185/2 1805/189/2
f 1853/190/2 1667/186/2 1668/192/2
f 1726/191/2 1805/189/2 1806/193/2
f 1852/194/2 1853/190/2 1668/192/2
f 1726/191/2 1806/193/2 1807/195/2
f 1851/196/2 1852/194/2 1668/192/2
f 1725/197/2 1726/191/2 1807/195/2
f 1851/196/2 1668/192/2 1669/198/2
f 1725/197/2 1807/195/2 1808/199/2
f 1850/200/2 1851/196/2 1669/198/2
f 1725/197/2 1808/199/2 1809/201/2
f 1849/202/2 1850/200/2 1669/198/2
f 1724/203/2 1725/197/2 1809/201/2
f 1849/202/2 1669/198/2 1670/204/2
f 1724/203/2 1809/201/2 1810/205/2
f 1848/206/2 1849/202/2 1670/204/2
f 1724/203/2 1810/205/2 1811/207/2
f 1847/208/2 1848/206/2 1670/204/2
f 1723/209/2 1724/203/2 1811/207/2
f 1847/208/2 1670/204/2 1671/210/2
f 1723/209/2 1811/207/2 1812/211/2
f 1846/212/2 1847/208/2 1671/210/2
f 1723/209/2 1812/211/2 1813/213/2
f 1845/214/2 1846/212/2 1671/210/2
f 1723/209/2 1813/213/2 1814/215/2
f 1844/216/2 1845/214/2 1671/210/2
f 1722/217/2 1723/209/2 1814/215/2
f 1844/216/2 1671/210/2 1672/218/2
f 1722/217/2 1814/215/2 1815/219/2
f 1843/220/2 1844/216/2 1672/218/2
f 1722/217/2 1815/219/2 1816/221/2
f 1842/222/2 1843/220/2 1672/218/2
f 1722/217/2 1816/221/2 1817/223/2
f 1841/224/2 1842/222/2 1672/218/2
f 1721/225/2 1722/217/2 1817/223/2
f 1841/224/2 1672/218/2 1673/226/2
f 1721/225/2 1817/223/2 1818/227/2
f 1840/228/2 1841/224/2 1673/226/2
f 1839/229/2 1840/228/2 1673/226/2
f 1721/225/2 1818/227/2 1819/230/2
f 1838/231/2 1839/229/2 1673/226/2
f 1721/225/2 1819/230/2 1820/232/2
f 1837/233/2 1838/231/2 1673/226/2
f 1721/225/2 1820/232/2 1821/234/2
f 1720/235/2 1721/225/2 1821/234/2
f 1837/233/2 1673/226/2 1674/236/2
f 1836/237/2 1837/233/2 1674/236/2
f 1720/235/2 1821/234/2 1822/238/2
f 1835/239/2 1836/237/2 1674/236/2
f 1720/235/2 1822/238/2 1823/240/2
f 1834/241/2 1835/239/2 1674/236/2
f 1720/235/2 1823/240/2 1824/242/2
f 1833/243/2 1834/241/2 1674/236/2
f 1720/235/2 1824/242/2 1825/244/2
f 1832/245/2 1833/243/2 1674/236/2
f 1720/235/2 1825/244/2 1826/246/2
f 1831/247/2 1832/245/2 1674/236/2
f 1720/235/2 1826/246/2 1827/248/2
f 1830/249/2 1831/247/2 1674/236/2
f 1720/235/2 1827/248/2 1828/250/2
f 1829/251/2 1830/249/2 1674/236/2
f 1720/235/2 1828/250/2 1829/251/2
f 1720/235/2 1829/251/2 1674/236/2
f 1719/252/2 1720/235/2 1674/236/2
f 1719/252/2 1674/236/2 1675/253/2
f 1718/254/2 1719/252/2 1675/253/2
f 1718/254/2 1675/253/2 1676/255/2
f 1717/256/2 1718/254/2 1676/255/2
f 1717/256/2 1676/255/2 1677/257/2
f 1716/258/2 1717/256/2 1677/257/2
f 1716/258/2 1677/257/2 1678/259/2
f 1715/260/2 1716/258/2 1678/259/2
f 1715/260/2 1678/259/2 1679/261/2
f 1714/262/2 1715/260/2 1679/261/2
f 1714/262/2 1679/261/2 1680/263/2
f 1713/264/2 1714/262/2 1680/263/2
f 1713/264/2 1680/263/2 1681/265/2
f 1712/266/2 1713/264/2 1681/265/2
f 1712/266/2 1681/265/2 1682/267/2
f 1711/268/2 1712/266/2 1682/267/2
f 1711/268/2 1682/267/2 1683/269/2
f 1710/270/2 1711/268/2 1683/269/2
f 1710/270/2 1683/269/2 1684/271/2
f 1709/272/2 1710/270/2 1684/271/2
f 1709/272/2 1684/271/2 1685/273/2
f 1708/274/2 1709/272/2 1685/273/2
f 1708/274/2 1685/273/2 1686/275/2
f 1707/276/2 1708/274/2 1686/275/2
f 1707/276/2 1686/275/2 1687/277/2
f 1706/278/2 1707/276/2 1687/277/2
f 1706/278/2 1687/277/2 1688/279/2
f 1705/280/2 1706/278/2 1688/279/2
f 1705/280/2 1688/279/2 1689/281/2
f 1704/282/2 1705/280/2 1689/281/2
f 1704/282/2 1689/281/2 1690/283/2
f 1703/284/2 1704/282/2 1690/283/2
f 1703/284/2 1690/283/2 1691/285/2
f 1702/286/2 1703/284/2 1691/285/2
f 1702/286/2 1691/285/2 1692/287/2
f 1701/288/2 1702/286/2 1692/287/2
f 1701/288/2 1692/287/2 1693/289/2
f 1700/290/2 1701/288/2 1693/289/2
f 1700/290/2 1693/289/2 1694/291/2
f 1699/292/2 1700/290/2 1694/291/2
f 1699/292/2 1694/291/2 1695/293/2
f 1698/294/2 1699/292/2 1695/293/2
f 1698/294/2 1695/293/2 1696/295/2
f 1697/296/2 1698/294/2 1696/295/2
f 1902/8/2 1903/9/2 1904/2/2
f 1902/8/2 1904/2/2 1901/5/2
f 2406/297/2 2407/299/2 2408/298/2
f 2405/300/2 2406/297/2 2408/298/2
f 2405/300/2 2408/298/2 2409/301/2
f 2404/302/2 2405/300/2 2409/301/2
f 2404/302/2 2409/301/2 2410/303/2
f 2404/302/2 2410/303/2 2411/304/2
f 2403/305/2 2404/302/2 2411/304/2
f 2403/305/2 2411/304/2 2412/306/2
f 2403/305/2 2412/306/2 2413/307/2
f 2402/308/2 2403/305/2 2413/307/2
f 2402/308/2 2413/307/2 2414/309/2
f 2401/310/2 2402/308/2 2414/309/2
f 2401/310/2 2414/309/2 2415/311/2
f 2401/310/2 2415/311/2 2416/312/2
f 2400/313/2 2401/310/2 2416/312/2
f 2400/313/2 2416/312/2 2417/314/2
f 2399/315/2 2400/313/2 2417/314/2
f 2399/315/2 2417/314/2 2418/316/2
f 2398/317/2 2399/315/2 2418/316/2
f 2398/317/2 2418/316/2 2419/318/2
f 2397/319/2 2398/317/2 2419/318/2
f 2397/319/2 2419/318/2 2420/320/2
f 2397/319/2 2420/320/2 2421/321/2
f 2396/322/2 2397/319/2 2421/321/2
f 2396/322/2 2421/321/2 2422/323/2
f 2395/324/2 2396/322/2 2422/323/2
f 2395/324/2 2422/323/2 2423/325/2
f 2394/326/2 2395/324/2 2423/325/2
f 2394/326/2 2423/325/2 2424/327/2
f 2393/328/2 2394/326/2 2424/327/2
f 2393/328/2 2424/327/2 2425/329/2
f 2393/328/2 2425/329/2 2426/330/2
f 2392/331/2 2393/328/2 2426/330/2
f 2392/331/2 2426/330/2 2427/332/2
f 2391/333/2 2392/331/2 2427/332/2
f 2391/333/2 2427/332/2 2428/334/2
f 2390/335/2 2391/333/2 2428/334/2
f 2390/335/2 2428/334/2 2429/336/2
f 2390/335/2 2429/336/2 2430/337/2
f 2389/338/2 2390/335/2 2430/337/2
f 2389/338/2 2430/337/2 2431/339/2
f 2388/340/2 2389/338/2 2431/339/2
f 2388/340/2 2431/339/2 2432/341/2
f 2387/342/2 2388/340/2 2432/341/2
f 2387/342/2 2432/341/2 2433/343/2
f 2387/342/2 2433/343/2 2434/344/2
f 2386/345/2 2387/342/2 2434/344/2
f 2386/345/2 2434/344/2 2435/346/2
f 2385/347/2 2386/345/2 2435/346/2
f 2385/347/2 2435/346/2 2436/348/2
f 2384/349/2 2385/347/2 2436/348/2
f 2384/349/2 2436/348/2 2437/350/2
f 2384/349/2 2437/350/2 2438/351/2
f 2383/352/2 2384/349/2 2438/351/2
f 2383/352/2 2438/351/2 2439/353/2
f 2382/354/2 2383/352/2 2439/353/2
f 2382/354/2 2439/353/2 2440/355/2
f 2381/356/2 2382/354/2 2440/355/2
f 2381/356/2 2440/355/2 2441/357/2
f 2380/358/2 2381/356/2 2441/357/2
f 2380/358/2 2441/357/2 2442/359/2
f 2379/360/2 2380/358/2 2442/359/2
f 2379/360/2 2442/359/2 2443/361/2
f 2379/360/2 2443/361/2 2444/362/2
f 2378/363/2 2379/360/2 1928/364/2
f 1928/364/2 2379/360/2 2444/362/2
f 2378/363/2 1928/364/2 1929/365/2
f 1927/366/2 1928/364/2 2444/362/2
f 2378/363/2 1929/365/2 1930/367/2
f 1926/368/2 1927/366/2 2444/362/2
f 2378/363/2 1930/367/2 1931/369/2
f 1925/370/2 1926/368/2 2444/362/2
f 2378/363/2 1931/369/2 1932/371/2
f 1925/370/2 2444/362/2 2445/372/2
f 1924/373/2 1925/370/2 2445/372/2
f 2378/363/2 1932/371/2 1933/374/2
f 1923/375/2 1924/373/2 2445/372/2
f 2377/376/2 2378/363/2 1933/374/2
f 2377/376/2 1933/374/2 1934/377/2
f 1922/378/2 1923/375/2 2445/372/2
f 2377/376/2 1934/377/2 1935/379/2
f 1921/380/2 1922/378/2 2445/372/2
f 2377/376/2 1935/379/2 1936/381/2
f 1920/382/2 1921/380/2 2445/372/2
f 2377/376/2 1936/381/2 1937/383/2
f 1919/384/2 1920/382/2 2445/372/2
f 2377/376/2 1937/383/2 1938/385/2
f 1919/384/2 2445/372/2 2446/386/2
f 1918/387/2 1919/384/2 2446/386/2
f 2377/376/2 1938/385/2 1939/388/2
f 1917/389/2 1918/387/2 2446/386/2
f 2376/390/2 2377/376/2 1939/388/2
f 2376/390/2 1939/388/2 1940/391/2
f 1916/392/2 1917/389/2 2446/386/2
f 2376/390/2 1940/391/2 1941/393/2
f 1915/394/2 1916/392/2 2446/386/2
f 2376/390/2 1941/393/2 1942/395/2
f 1914/396/2 1915/394/2 2446/386/2
f 2376/390/2 1942/395/2 1943/397/2
f 1914/396/2 2446/386/2 2447/398/2
f 1913/399/2 1914/396/2 2447/398/2
f 2376/390/2 1943/397/2 1944/400/2
f 2375/401/2 2376/390/2 1944/400/2
f 1912/402/2 1913/399/2 2447/398/2
f 2375/401/2 1944/400/2 1945/403/2
f 1911/404/2 1912/402/2 2447/398/2
f 2375/401/2 1945/403/2 1946/405/2
f 1910/406/2 1911/404/2 2447/398/2
f 1910/406/2 2447/398/2 2448/407/2
f 2375/401/2 1946/405/2 1947/408/2
f 1909/409/2 1910/406/2 2448/407/2
f 2375/401/2 1947/408/2 1948/410/2
f 2374/411/2 2375/401/2 1948/410/2
f 1908/412/2 1909/409/2 2448/407/2
f 2374/411/2 1948/410/2 1949/413/2
f 1907/414/2 1908/412/2 2448/407/2
f 2374/411/2 1949/413/2 1950/415/2
f 1907/414/2 2448/407/2 2449/416/2
f 1906/417/2 1907/414/2 2449/416/2
f 2374/411/2 1950/415/2 1951/418/2
f 2373/419/2 2374/411/2 1951/418/2
f 1905/5/2 1906/417/2 2449/416/2
f 2373/419/2 1951/418/2 1952/420/2
f 2470/2/2 1905/5/2 2449/416/2
f 2470/2/2 2449/416/2 2450/421/2
f 2373/419/2 1952/420/2 1953/422/2
f 2469/423/2 2470/2/2 2450/421/2
f 2372/424/2 2373/419/2 1953/422/2
f 2372/424/2 1953/422/2 1954/425/2
f 2468/426/2 2469/423/2 2450/421/2
f 2372/424/2 1954/425/2 1955/427/2
f 2468/426/2 2450/421/2 2451/428/2
f 2372/424/2 1955/427/2 1956/429/2
f 2467/430/2 2468/426/2 2451/428/2
f 2371/431/2 2372/424/2 1956/429/2
f 2371/431/2 1956/429/2 1957/432/2
f 2466/433/2 2467/430/2 2451/428/2
f 2371/431/2 1957/432/2 1958/434/2
f 2466/433/2 2451/428/2 2452/435/2
f 2465/436/2 2466/433/2 2452/435/2
f 2371/431/2 1958/434/2 1959/437/2
f 2370/438/2 2371/431/2 1959/437/2
f 2370/438/2 1959/437/2 1960/439/2
f 2464/440/2 2465/436/2 2452/435/2
f 2370/438/2 1960/439/2 1961/441/2
f 2464/440/2 2452/435/2 2453/442/2
f 2370/438/2 1961/441/2 1962/443/2
f 2369/444/2 2370/438/2 1962/443/2
f 2463/445/2 2464/440/2 2453/442/2
f 2369/444/2 1962/443/2 1963/446/2
f 2463/445/2 2453/442/2 2454/447/2
f 2369/444/2 1963/446/2 1964/448/2
f 2462/449/2 2463/445/2 2454/447/2
f 2368/450/2 2369/444/2 1964/448/2
f 2368/450/2 1964/448/2 1965/451/2
f 2368/450/2 1965/451/2 1966/452/2
f 2461/453/2 2462/449/2 2454/447/2
f 2461/453/2 2454/447/2 2455/454/2
f 2368/450/2 1966/452/2 1967/455/2
f 2367/456/2 2368/450/2 1967/455/2
f 2367/456/2 1967/455/2 1968/457/2
f 2460/458/2 2461/453/2 2455/454/2
f 2367/456/2 1968/457/2 1969/459/2
f 2460/458/2 2455/454/2 2456/460/2
f 2367/456/2 1969/459/2 1970/461/2
f 2366/462/2 2367/456/2 1970/461/2
f 2459/463/2 2460/458/2 2456/460/2
f 2366/462/2 1970/461/2 1971/464/2
f 2366/462/2 1971/464/2 1972/465/2
f 2459/463/2 2456/460/2 2457/466/2
f 2366/462/2 1972/465/2 1973/467/2
f 2458/468/2 2459/463/2 2457/466/2
f 2365/469/2 2366/462/2 1973/467/2
f 2365/469/2 1973/467/2 1974/470/2
f 2365/469/2 1974/470/2 1975/471/2
f 2365/469/2 1975/471/2 1976/472/2
f 2364/473/2 2365/469/2 1976/472/2
f 2364/473/2 1976/472/2 1977/474/2
f 2364/473/2 1977/474/2 1978/475/2
f 2364/473/2 1978/475/2 1979/476/2
f 2363/477/2 2364/473/2 1979/476/2
f 2363/477/2 1979/476/2 1980/478/2
f 2363/477/2 1980/478/2 1981/479/2
f 2363/477/2 1981/479/2 1982/480/2
f 2363/477/2 1982/480/2 1983/481/2
f 2362/482/2 2363/477/2 1983/481/2
f 2362/482/2 1983/481/2 1984/483/2
f 2362/482/2 1984/483/2 1985/484/2
f 2362/482/2 1985/484/2 1986/485/2
f 2362/482/2 1986/485/2 1987/486/2
f 2362/482/2 1987/486/2 1988/487/2
f 2361/488/2 2362/482/2 1988/487/2
f 2361/488/2 1988/487/2 1989/489/2
f 2361/488/2 1989/489/2 1990/490/2
f 2361/488/2 1990/490/2 1991/491/2
f 2361/488/2 1991/491/2 1992/492/2
f 2361/488/2 1992/492/2 1993/493/2
f 2361/488/2 1993/493/2 1994/494/2
f 2361/488/2 1994/494/2 1995/495/2
f 2361/488/2 1995/495/2 1996/496/2
f 2361/488/2 1996/496/2 1997/497/2
f 2361/488/2 1997/497/2 1998/498/2
f 2360/499/2 2361/488/2 1998/498/2
f 2011/500/2 2012/502/2 2013/501/2
f 2010/503/2 2011/500/2 2013/501/2
f 2009/504/2 2010/503/2 2013/501/2
f 2008/505/2 2009/504/2 2013/501/2
f 2007/506/2 2008/505/2 2013/501/2
f 2006/507/2 2007/506/2 2013/501/2
f 2005/508/2 2006/507/2 2013/501/2
f 2004/509/2 2005/508/2 2013/501/2
f 2360/499/2 1998/498/2 1999/510/2
f 2003/511/2 2004/509/2 2013/501/2
f 2002/512/2 2003/511/2 2013/501/2
f 2001/513/2 2002/512/2 2013/501/2
f 2000/514/2 2001/513/2 2013/501/2
f 2360/499/2 1999/510/2 2000/514/2
f 2360/499/2 2000/514/2 2013/501/2
f 2360/499/2 2013/501/2 2014/515/2
f 2360/499/2 2014/515/2 2015/516/2
f 2360/499/2 2015/516/2 2016/517/2
f 2360/499/2 2016/517/2 2017/518/2
f 2360/499/2 2017/518/2 2018/519/2
f 2360/499/2 2018/519/2 2019/520/2
f 2360/499/2 2019/520/2 2020/521/2
f 2360/499/2 2020/521/2 2021/522/2
f 2360/499/2 2021/522/2 2022/523/2
f 2360/499/2 2022/523/2 2023/524/2
f 2360/499/2 2023/524/2 2024/525/2
f 2360/499/2 2024/525/2 2025/526/2
f 2359/527/2 2360/499/2 2025/526/2
f 2359/527/2 2025/526/2 2026/528/2
f 2359/527/2 2026/528/2 2027/529/2
f 2359/527/2 2027/529/2 2028/530/2
f 2359/527/2 2028/530/2 2029/531/2
f 2359/527/2 2029/531/2 2030/532/2
f 2359/527/2 2030/532/2 2031/533/2
f 2359/527/2 2031/533/2 2032/534/2
f 2359/527/2 2032/534/2 2033/535/2
f 2359/527/2 2033/535/2 2034/536/2
f 2359/527/2 2034/536/2 2035/537/2
f 2359/527/2 2035/537/2 2036/538/2
f 2358/539/2 2359/527/2 2036/538/2
f 2358/539/2 2036/538/2 2037/540/2
f 2358/539/2 2037/540/2 2038/541/2
f 2358/539/2 2038/541/2 2039/542/2
f 2358/539/2 2039/542/2 2040/543/2
f 2358/539/2 2040/543/2 2041/544/2
f 2358/539/2 2041/544/2 2042/545/2
f 2357/546/2 2358/539/2 2042/545/2
f 2357/546/2 2042/545/2 2043/547/2
f 2357/546/2 2043/547/2 2044/548/2
f 2357/546/2 2044/548/2 2045/549/2
f 2357/546/2 2045/549/2 2046/550/2
f 2356/551/2 2357/546/2 2046/550/2
f 2356/551/2 2046/550/2 2047/552/2
f 2356/551/2 2047/552/2 2048/553/2
f 2355/554/2 2356/551/2 2048/553/2
f 2355/554/2 2048/553/2 2049/555/2
f 2355/554/2 2049/555/2 2050/556/2
f 2354/557/2 2355/554/2 2050/556/2
f 2354/557/2 2050/556/2 2051/558/2
f 2354/557/2 2051/558/2 2052/559/2
f 2354/557/2 2052/559/2 2053/560/2
f 2353/561/2 2354/557/2 2053/560/2
f 2353/561/2 2053/560/2 2054/562/2
f 2353/561/2 2054/562/2 2055/563/2
f 2352/564/2 2353/561/2 2055/563/2
f 2352/564/2 2055/563/2 2056/565/2
f 2352/564/2 2056/565/2 2057/566/2
f 2351/567/2 2352/564/2 2057/566/2
f 2351/567/2 2057/566/2 2058/568/2
f 2351/567/2 2058/568/2 2059/569/2
f 2350/570/2 2351/567/2 2059/569/2
f 2350/570/2 2059/569/2 2060/571/2
f 2350/570/2 2060/571/2 2061/572/2
f 2349/573/2 2350/570/2 2061/572/2
f 2349/573/2 2061/572/2 2062/574/2
f 2348/575/2 2349/573/2 2062/574/2
f 2348/575/2 2062/574/2 2063/576/2
f 2348/575/2 2063/576/2 2064/577/2
f 2347/578/2 2348/575/2 2064/577/2
f 2347/578/2 2064/577/2 2065/579/2
f 2346/580/2 2347/578/2 2065/579/2
f 2346/580/2 2065/579/2 2066/581/2
f 2346/580/2 2066/581/2 2067/582/2
f 2345/583/2 2346/580/2 2067/582/2
f 2345/583/2 2067/582/2 2068/584/2
f 2344/585/2 2345/583/2 2068/584/2
f 2344/585/2 2068/584/2 2069/586/2
f 2343/587/2 2344/585/2 2069/586/2
f 2343/587/2 2069/586/2 2070/588/2
f 2342/589/2 2343/587/2 2070/588/2
f 2342/589/2 2070/588/2 2071/590/2
f 2341/591/2 2342/589/2 2071/590/2
f 2341/591/2 2071/590/2 2072/592/2
f 2340/593/2 2341/591/2 2072/592/2
f 2339/594/2 2340/593/2 2072/592/2
f 2339/594/2 2072/592/2 2073/595/2
f 2338/596/2 2339/594/2 2073/595/2
f 2338/596/2 2073/595/2 2074/597/2
f 2337/598/2 2338/596/2 2074/597/2
f 2336/599/2 2337/598/2 2074/597/2
f 2336/599/2 2074/597/2 2075/600/2
f 2335/601/2 2336/599/2 2075/600/2
f 2334/602/2 2335/601/2 2075/600/2
f 2333/603/2 2334/602/2 2075/600/2
f 2333/603/2 2075/600/2 2076/604/2
f 2332/605/2 2333/603/2 2076/604/2
f 2331/606/2 2332/605/2 2076/604/2
f 2331/606/2 2076/604/2 2077/607/2
f 2330/608/2 2331/606/2 2077/607/2
f 2329/609/2 2330/608/2 2077/607/2
f 2328/610/2 2329/609/2 2077/607/2
f 2327/611/2 2328/610/2 2077/607/2
f 2327/611/2 2077/607/2 2078/612/2
f 2326/613/2 2327/611/2 2078/612/2
f 2325/614/2 2326/613/2 2324/615/2
f 2324/615/2 2326/613/2 2323/616/2
f 2323/616/2 2326/613/2 2078/612/2
f 2322/617/2 2323/616/2 2078/612/2
f 2321/618/2 2322/617/2 2078/612/2
f 2320/619/2 2321/618/2 2078/612/2
f 2319/620/2 2320/619/2 2078/612/2
f 2318/621/2 2319/620/2 2078/612/2
f 2317/622/2 2318/621/2 2078/612/2
f 2317/622/2 2078/612/2 2079/623/2
f 2316/624/2 2317/622/2 2079/623/2
f 2315/625/2 2316/624/2 2079/623/2
f 2314/626/2 2315/625/2 2079/623/2
f 2313/627/2 2314/626/2 2079/623/2
f 2312/628/2 2313/627/2 2079/623/2
f 2311/629/2 2312/628/2 2079/623/2
f 2311/629/2 2079/623/2 2080/630/2
f 2310/631/2 2311/629/2 2080/630/2
f 2309/632/2 2310/631/2 2080/630/2
f 2308/633/2 2309/632/2 2080/630/2
f 2308/633/2 2080/630/2 2081/634/2
f 2307/635/2 2308/633/2 2081/634/2
f 2306/636/2 2307/635/2 2081/634/2
f 2305/637/2 2306/636/2 2081/634/2
f 2305/637/2 2081/634/2 2082/638/2
f 2304/639/2 2305/637/2 2082/638/2
f 2303/640/2 2304/639/2 2082/638/2
f 2302/641/2 2303/640/2 2082/638/2
f 2302/641/2 2082/638/2 2083/642/2
f 2301/643/2 2302/641/2 2083/642/2
f 2300/644/2 2301/643/2 2083/642/2
f 2300/644/2 2083/642/2 2084/645/2
f 2299/646/2 2300/644/2 2084/645/2
f 2298/647/2 2299/646/2 2084/645/2
f 2297/648/2 2298/647/2 2084/645/2
f 2297/648/2 2084/645/2 2085/649/2
f 2296/650/2 2297/648/2 2085/649/2
f 2295/651/2 2296/650/2 2085/649/2
f 2203/652/2 2204/654/2 2205/653/2
f 2203/652/2 2205/653/2 2206/655/2
f 2295/651/2 2085/649/2 2086/656/2
f 2294/657/2 2295/651/2 2086/656/2
f 2203/652/2 2206/655/2 2207/658/2
f 2293/659/2 2294/657/2 2086/656/2
f 2202/660/2 2203/652/2 2207/658/2
f 2202/660/2 2207/658/2 2208/661/2
f 2292/662/2 2293/659/2 2086/656/2
f 2292/662/2 2086/656/2 2087/663/2
f 2291/664/2 2292/662/2 2087/663/2
f 2202/660/2 2208/661/2 2209/665/2
f 2201/666/2 2202/660/2 2209/665/2
f 2290/667/2 2291/664/2 2087/663/2
f 2201/666/2 2209/665/2 2210/668/2
f 2290/667/2 2087/663/2 2088/669/2
f 2289/670/2 2290/667/2 2088/669/2
f 2201/666/2 2210/668/2 2211/671/2
f 2200/672/2 2201/666/2 2211/671/2
f 2288/673/2 2289/670/2 2088/669/2
f 2288/673/2 2088/669/2 2089/674/2
f 2200/672/2 2211/671/2 2212/675/2
f 2287/676/2 2288/673/2 2089/674/2
f 2199/677/2 2200/672/2 2212/675/2
f 2199/677/2 2212/675/2 2213/678/2
f 2286/679/2 2287/676/2 2089/674/2
f 2285/680/2 2286/679/2 2089/674/2
f 2285/680/2 2089/674/2 2090/681/2
f 2199/677/2 2213/678/2 2214/682/2
f 2198/683/2 2199/677/2 2214/682/2
f 2284/684/2 2285/680/2 2090/681/2
f 2198/683/2 2214/682/2 2215/685/2
f 2283/686/2 2284/684/2 2090/681/2
f 2283/686/2 2090/681/2 2091/687/2
f 2198/683/2 2215/685/2 2216/688/2
f 2197/689/2 2198/683/2 2216/688/2
f 2282/690/2 2283/686/2 2091/687/2
f 2281/691/2 2282/690/2 2091/687/2
f 2197/689/2 2216/688/2 2217/692/2
f 2281/691/2 2091/687/2 2092/693/2
f 2196/694/2 2197/689/2 2217/692/2
f 2280/695/2 2281/691/2 2092/693/2
f 2196/694/2 2217/692/2 2218/696/2
f 2279/697/2 2280/695/2 2092/693/2
f 2196/694/2 2218/696/2 2219/698/2
f 2195/699/2 2196/694/2 2219/698/2
f 2278/700/2 2279/697/2 2092/693/2
f 2278/700/2 2092/693/2 2093/701/2
f 2277/702/2 2278/700/2 2093/701/2
f 2195/699/2 2219/698/2 2220/703/2
f 2194/704/2 2195/699/2 2220/703/2
f 2276/705/2 2277/702/2 2093/701/2
f 2194/704/2 2220/703/2 2221/706/2
f 2276/705/2 2093/701/2 2094/707/2
f 2275/708/2 2276/705/2 2094/707/2
f 2194/704/2 2221/706/2 2222/709/2
f 2193/710/2 2194/704/2 2222/709/2
f 2274/711/2 2275/708/2 2094/707/2
f 2193/710/2 2222/709/2 2223/712/2
f 2273/713/2 2274/711/2 2094/707/2
f 2273/713/2 2094/707/2 2095/714/2
f 2193/710/2 2223/712/2 2224/715/2
f 2192/716/2 2193/710/2 2224/715/2
f 2272/717/2 2273/713/2 2095/714/2
f 2192/716/2 2224/715/2 2225/718/2
f 2271/719/2 2272/717/2 2095/714/2
f 2270/720/2 2271/719/2 2095/714/2
f 2191/721/2 2192/716/2 2225/718/2
f 2270/720/2 2095/714/2 2096/722/2
f 2191/721/2 2225/718/2 2226/723/2
f 2269/724/2 2270/720/2 2096/722/2
f 2191/721/2 2226/723/2 2227/725/2
f 2268/726/2 2269/724/2 2096/722/2
f 2191/721/2 2227/725/2 2228/727/2
f 2190/728/2 2191/721/2 2228/727/2
f 2267/729/2 2268/726/2 2096/722/2
f 2267/729/2 2096/722/2 2097/730/2
f 2190/728/2 2228/727/2 2229/731/2
f 2266/732/2 2267/729/2 2097/730/2
f 2265/733/2 2266/732/2 2097/730/2
f 2190/728/2 2229/731/2 2230/734/2
f 2189/735/2 2190/728/2 2230/734/2
f 2264/736/2 2265/733/2 2097/730/2
f 2189/735/2 2230/734/2 2231/737/2
f 2263/738/2 2264/736/2 2097/730/2
f 2189/735/2 2231/737/2 2232/739/2
f 2262/740/2 2263/738/2 2097/730/2
f 2262/740/2 2097/730/2 2098/741/2
f 2189/735/2 2232/739/2 2233/742/2
f 2261/743/2 2262/740/2 2098/741/2
f 2188/744/2 2189/735/2 2233/742/2
f 2188/744/2 2233/742/2 2234/745/2
f 2260/746/2 2261/743/2 2098/741/2
f 2188/744/2 2234/745/2 2235/747/2
f 2259/748/2 2260/746/2 2098/741/2
f 2188/744/2 2235/747/2 2236/749/2
f 2258/750/2 2259/748/2 2098/741/2
f 2188/744/2 2236/749/2 2237/751/2
f 2187/752/2 2188/744/2 2237/751/2
f 2258/750/2 2098/741/2 2099/753/2
f 2257/754/2 2258/750/2 2099/753/2
f 2187/752/2 2237/751/2 2238/755/2
f 2187/752/2 2238/755/2 2239/756/2
f 2256/757/2 2257/754/2 2099/753/2
f 2187/752/2 2239/756/2 2240/758/2
f 2187/752/2 2240/758/2 2241/759/2
f 2255/760/2 2256/757/2 2099/753/2
f 2187/752/2 2241/759/2 2242/761/2
f 2187/752/2 2242/761/2 2243/762/2
f 2187/752/2 2243/762/2 2244/763/2
f 2254/764/2 2255/760/2 2099/753/2
f 2186/765/2 2187/752/2 2244/763/2
f 2186/765/2 2244/763/2 2245/766/2
f 2186/765/2 2245/766/2 2246/767/2
f 2186/765/2 2246/767/2 2247/768/2
f 2186/765/2 2247/768/2 2248/769/2
f 2253/770/2 2254/764/2 2099/753/2
f 2253/770/2 2099/753/2 2100/771/2
f 2186/765/2 2248/769/2 2249/772/2
f 2186/765/2 2249/772/2 2250/773/2
f 2186/765/2 2250/773/2 2251/774/2
f 2186/765/2 2251/774/2 2252/775/2
f 2186/765/2 2252/775/2 2253/770/2
f 2186/765/2 2253/770/2 2100/771/2
f 2185/776/2 2186/765/2 2100/771/2
f 2185/776/2 2100/771/2 2101/777/2
f 2184/778/2 2185/776/2 2101/777/2
f 2184/778/2 2101/777/2 2102/779/2
f 2183/780/2 2184/778/2 2102/779/2
f 2182/781/2 2183/780/2 2102/779/2
f 2182/781/2 2102/779/2 2103/782/2
f 2181/783/2 2182/781/2 2103/782/2
f 2181/783/2 2103/782/2 2104/784/2
f 2180/785/2 2181/783/2 2104/784/2
f 2180/785/2 2104/784/2 2105/786/2
f 2179/787/2 2180/785/2 2105/786/2
f 2179/787/2 2105/786/2 2106/788/2
f 2178/789/2 2179/787/2 2106/788/2
f 2178/789/2 2106/788/2 2107/790/2
f 2177/791/2 2178/789/2 2107/790/2
f 2176/792/2 2177/791/2 2107/790/2
f 2176/792/2 2107/790/2 2108/793/2
f 2175/794/2 2176/792/2 2108/793/2
f 2175/794/2 2108/793/2 2109/795/2
f 2174/796/2 2175/794/2 2109/795/2
f 2173/797/2 2174/796/2 2109/795/2
f 2173/797/2 2109/795/2 2110/798/2
f 2172/799/2 2173/797/2 2110/798/2
f 2172/799/2 2110/798/2 2111/800/2
f 2171/801/2 2172/799/2 2111/800/2
f 2170/802/2 2171/801/2 2111/800/2
f 2170/802/2 2111/800/2 2112/803/2
f 2169/804/2 2170/802/2 2112/803/2
f 2169/804/2 2112/803/2 2113/805/2
f 2168/806/2 2169/804/2 2113/805/2
f 2167/807/2 2168/806/2 2113/805/2
f 2167/807/2 2113/805/2 2114/808/2
f 2166/809/2 2167/807/2 2114/808/2
f 2165/810/2 2166/809/2 2114/808/2
f 2165/810/2 2114/808/2 2115/811/2
f 2164/812/2 2165/810/2 2115/811/2
f 2164/812/2 2115/811/2 2116/813/2
f 2163/814/2 2164/812/2 2116/813/2
f 2162/815/2 2163/814/2 2116/813/2
f 2162/815/2 2116/813/2 2117/816/2
f 2161/817/2 2162/815/2 2117/816/2
f 2161/817/2 2117/816/2 2118/818/2
f 2160/819/2 2161/817/2 2118/818/2
f 2159/820/2 2160/819/2 2118/818/2
f 2159/820/2 2118/818/2 2119/821/2
f 2158/822/2 2159/820/2 2119/821/2
f 2158/822/2 2119/821/2 2120/823/2
f 2157/824/2 2158/822/2 2120/823/2
f 2157/824/2 2120/823/2 2121/825/2
f 2156/826/2 2157/824/2 2121/825/2
f 2156/826/2 2121/825/2 2122/827/2
f 2155/828/2 2156/826/2 2122/827/2
f 2155/828/2 2122/827/2 2123/829/2
f 2154/830/2 2155/828/2 2123/829/2
f 2153/831/2 2154/830/2 2123/829/2
f 2153/831/2 2123/829/2 2124/832/2
f 2152/833/2 2153/831/2 2124/832/2
f 2152/833/2 2124/832/2 2125/834/2
f 2151/835/2 2152/833/2 2125/834/2
f 2151/835/2 2125/834/2 2126/836/2
f 2151/835/2 2126/836/2 2127/837/2
f 2150/838/2 2151/835/2 2127/837/2
f 2150/838/2 2127/837/2 2128/839/2
f 2149/840/2 2150/838/2 2128/839/2
f 2149/840/2 2128/839/2 2129/841/2
f 2148/842/2 2149/840/2 2129/841/2
f 2148/842/2 2129/841/2 2130/843/2
f 2148/842/2 2130/843/2 2131/844/2
f 2147/845/2 2148/842/2 2131/844/2
f 2147/845/2 2131/844/2 2132/846/2
f 2146/847/2 2147/845/2 2132/846/2
f 2146/847/2 2132/846/2 2133/848/2
f 2146/847/2 2133/848/2 2134/849/2
f 2146/847/2 2134/849/2 2135/850/2
f 2145/851/2 2146/847/2 2135/850/2
f 2145/851/2 2135/850/2 2136/852/2
f 2145/851/2 2136/852/2 2137/853/2
f 2145/851/2 2137/853/2 2138/854/2
f 2144/855/2 2145/851/2 2138/854/2
f 2144/855/2 2138/854/2 2139/856/2
f 2144/855/2 2139/856/2 2140/857/2
f 2144/855/2 2140/857/2 2141/858/2
f 2144/855/2 2141/858/2 2142/859/2
f 2144/855/2 2142/859/2 2143/860/2
f 2471/5/2 2472/862/2 2473/861/2
f 2471/5/2 2473/861/2 2474/863/2
f 2510/864/2 2511/866/2 2512/865/2
f 2510/864/2 2512/865/2 2513/867/2
f 2510/864/2 2513/867/2 2514/868/2
f 2471/5/2 2474/863/2 2475/869/2
f 2509/870/2 2510/864/2 2514/868/2
f 2508/871/2 2509/870/2 2514/868/2
f 2508/871/2 2514/868/2 2515/872/2
f 2507/873/2 2508/871/2 2515/872/2
f 2608/2/2 2471/5/2 2475/869/2
f 2608/2/2 2475/869/2 2476/874/2
f 2507/873/2 2515/872/2 2516/875/2
f 2506/876/2 2507/873/2 2516/875/2
f 2607/877/2 2608/2/2 2476/874/2
f 2506/876/2 2516/875/2 2517/878/2
f 2505/879/2 2506/876/2 2517/878/2
f 2607/877/2 2476/874/2 2477/880/2
f 2606/881/2 2607/877/2 2477/880/2
f 2504/882/2 2505/879/2 2517/878/2
f 2504/882/2 2517/878/2 2518/883/2
f 2503/884/2 2504/882/2 2518/883/2
f 2605/885/2 2606/881/2 2477/880/2
f 2605/885/2 2477/880/2 2478/886/2
f 2503/884/2 2518/883/2 2519/887/2
f 2502/888/2 2503/884/2 2519/887/2
f 2604/889/2 2605/885/2 2478/886/2
f 2501/890/2 2502/888/2 2519/887/2
f 2604/889/2 2478/886/2 2479/891/2
f 2501/890/2 2519/887/2 2520/892/2
f 2500/893/2 2501/890/2 2520/892/2
f 2603/894/2 2604/889/2 2479/891/2
f 2499/895/2 2500/893/2 2520/892/2
f 2499/895/2 2520/892/2 2521/896/2
f 2603/894/2 2479/891/2 2480/897/2
f 2602/898/2 2603/894/2 2480/897/2
f 2498/899/2 2499/895/2 2521/896/2
f 2498/899/2 2521/896/2 2522/900/2
f 2497/901/2 2498/899/2 2522/900/2
f 2602/898/2 2480/897/2 2481/902/2
f 2601/903/2 2602/898/2 2481/902/2
f 2496/904/2 2497/901/2 2522/900/2
f 2495/905/2 2496/904/2 2522/900/2
f 2495/905/2 2522/900/2 2523/906/2
f 2601/903/2 2481/902/2 2482/907/2
f 2494/908/2 2495/905/2 2523/906/2
f 2600/909/2 2601/903/2 2482/907/2
f 2493/910/2 2494/908/2 2523/906/2
f 2600/909/2 2482/907/2 2483/911/2
f 2493/910/2 2523/906/2 2524/912/2
f 2492/913/2 2493/910/2 2524/912/2
f 2599/914/2 2600/909/2 2483/911/2
f 2491/915/2 2492/913/2 2524/912/2
f 2599/914/2 2483/911/2 2484/916/2
f 2490/917/2 2491/915/2 2524/912/2
f 2489/918/2 2490/917/2 2524/912/2
f 2599/914/2 2484/916/2 2485/919/2
f 2489/918/2 2524/912/2 2525/920/2
f 2488/921/2 2489/918/2 2525/920/2
f 2487/922/2 2488/921/2 2525/920/2
f 2599/914/2 2485/919/2 2486/923/2
f 2486/923/2 2487/922/2 2525/920/2
f 2599/914/2 2486/923/2 2525/920/2
f 2598/924/2 2599/914/2 2525/920/2
f 2598/924/2 2525/920/2 2526/925/2
f 2597/926/2 2598/924/2 2526/925/2
f 2597/926/2 2526/925/2 2527/927/2
f 2596/928/2 2597/926/2 2527/927/2
f 2596/928/2 2527/927/2 2528/929/2
f 2595/930/2 2596/928/2 2528/929/2
f 2595/930/2 2528/929/2 2529/931/2
f 2594/932/2 2595/930/2 2529/931/2
f 2594/932/2 2529/931/2 2530/933/2
f 2593/934/2 2594/932/2 2530/933/2
f 2593/934/2 2530/933/2 2531/935/2
f 2592/936/2 2593/934/2 2531/935/2
f 2591/937/2 2592/936/2 2531/935/2
f 2591/937/2 2531/935/2 2532/938/2
f 2590/939/2 2591/937/2 2532/938/2
f 2590/939/2 2532/938/2 2533/940/2
f 2589/941/2 2590/939/2 2533/940/2
f 2589/941/2 2533/940/2 2534/942/2
f 2588/943/2 2589/941/2 2534/942/2
f 2588/943/2 2534/942/2 2535/944/2
f 2587/945/2 2588/943/2 2535/944/2
f 2587/945/2 2535/944/2 2536/946/2
f 2586/947/2 2587/945/2 2536/946/2
f 2586/947/2 2536/946/2 2537/948/2
f 2585/949/2 2586/947/2 2537/948/2
f 2585/949/2 2537/948/2 2538/950/2
f 2584/951/2 2585/949/2 2538/950/2
f 2584/951/2 2538/950/2 2539/952/2
f 2583/953/2 2584/951/2 2539/952/2
f 2583/953/2 2539/952/2 2540/954/2
f 2582/955/2 2583/953/2 2540/954/2
f 2582/955/2 2540/954/2 2541/956/2
f 2581/957/2 2582/955/2 2541/956/2
f 2581/957/2 2541/956/2 2542/958/2
f 2580/959/2 2581/957/2 2542/958/2
f 2580/959/2 2542/958/2 2543/960/2
f 2579/961/2 2580/959/2 2543/960/2
f 2579/961/2 2543/960/2 2544/962/2
f 2578/963/2 2579/961/2 2544/962/2
f 2578/963/2 2544/962/2 2545/964/2
f 2577/965/2 2578/963/2 2545/964/2
f 2577/965/2 2545/964/2 2546/966/2
f 2576/967/2 2577/965/2 2546/966/2
f 2576/967/2 2546/966/2 2547/968/2
f 2575/969/2 2576/967/2 2547/968/2
f 2575/969/2 2547/968/2 2548/970/2
f 2574/971/2 2575/969/2 2548/970/2
f 2574/971/2 2548/970/2 2549/972/2
f 2573/973/2 2574/971/2 2549/972/2
f 2573/973/2 2549/972/2 2550/974/2
f 2572/975/2 2573/973/2 2550/974/2
f 2572/975/2 2550/974/2 2551/976/2
f 2571/977/2 2572/975/2 2551/976/2
f 2571/977/2 2551/976/2 2552/978/2
f 2570/979/2 2571/977/2 2552/978/2
f 2570/979/2 2552/978/2 2553/980/2
f 2569/981/2 2570/979/2 2553/980/2
f 2569/981/2 2553/980/2 2554/982/2
f 2568/983/2 2569/981/2 2554/982/2
f 2568/983/2 2554/982/2 2555/984/2
f 2567/985/2 2568/983/2 2555/984/2
f 2567/985/2 2555/984/2 2556/986/2
f 2566/987/2 2567/985/2 2556/986/2
f 2566/987/2 2556/986/2 2557/988/2
f 2565/989/2 2566/987/2 2557/988/2
f 2565/989/2 2557/988/2 2558/990/2
f 2564/991/2 2565/989/2 2558/990/2
f 2564/991/2 2558/990/2 2559/992/2
f 2563/993/2 2564/991/2 2559/992/2
f 2563/993/2 2559/992/2 2560/994/2
f 2562/995/2 2563/993/2 2560/994/2
f 2562/995/2 2560/994/2 2561/996/2
f 2613/546/2 2614/2/2 2609/5/2
f 2613/546/2 2609/5/2 2610/519/2
f 2613/546/2 2610/519/2 2611/844/2
f 2613/546/2 2611/844/2 2612/763/2
f 2759/997/2 2760/2/2 2615/5/2
f 2759/997/2 2615/5/2 2616/998/2
f 2758/999/2 2759/997/2 2616/998/2
f 2758/999/2 2616/998/2 2617/1000/2
f 2757/1001/2 2758/999/2 2617/1000/2
f 2757/1001/2 2617/1000/2 2618/1002/2
f 2756/1003/2 2757/1001/2 2618/1002/2
f 2756/1003/2 2618/1002/2 2619/1004/2
f 2755/1005/2 2756/1003/2 2619/1004/2
f 2755/1005/2 2619/1004/2 2620/1006/2
f 2754/1007/2 2755/1005/2 2620/1006/2
f 2754/1007/2 2620/1006/2 2621/1008/2
f 2753/1009/2 2754/1007/2 2621/1008/2
f 2753/1009/2 2621/1008/2 2622/1010/2
f 2752/1011/2 2753/1009/2 2622/1010/2
f 2752/1011/2 2622/1010/2 2623/1012/2
f 2751/1013/2 2752/1011/2 2653/1014/2
f 2653/1014/2 2752/1011/2 2652/1015/2
f 2652/1015/2 2752/1011/2 2651/1016/2
f 2651/1016/2 2752/1011/2 2623/1012/2
f 2651/1016/2 2623/1012/2 2650/1017/2
f 2650/1017/2 2623/1012/2 2649/1018/2
f 2649/1018/2 2623/1012/2 2624/1019/2
f 2648/1020/2 2649/1018/2 2624/1019/2
f 2751/1013/2 2653/1014/2 2654/1021/2
f 2647/1022/2 2648/1020/2 2624/1019/2
f 2751/1013/2 2654/1021/2 2655/1023/2
f 2646/1024/2 2647/1022/2 2624/1019/2
f 2751/1013/2 2655/1023/2 2656/1025/2
f 2645/1026/2 2646/1024/2 2624/1019/2
f 2644/519/2 2645/1026/2 2624/1019/2
f 2751/1013/2 2656/1025/2 2657/1027/2
f 2643/1028/2 2644/519/2 2624/1019/2
f 2751/1013/2 2657/1027/2 2658/1029/2
f 2642/1030/2 2643/1028/2 2624/1019/2
f 2751/1013/2 2658/1029/2 2659/1031/2
f 2641/1032/2 2642/1030/2 2624/1019/2
f 2751/1013/2 2659/1031/2 2660/1033/2
f 2640/1034/2 2641/1032/2 2624/1019/2
f 2639/1035/2 2640/1034/2 2624/1019/2
f 2751/1013/2 2660/1033/2 2661/1036/2
f 2638/1037/2 2639/1035/2 2624/1019/2
f 2751/1013/2 2661/1036/2 2662/1038/2
f 2638/1037/2 2624/1019/2 2625/1039/2
f 2637/1040/2 2638/1037/2 2625/1039/2
f 2750/1041/2 2751/1013/2 2662/1038/2
f 2750/1041/2 2662/1038/2 2663/1042/2
f 2636/1043/2 2637/1040/2 2625/1039/2
f 2750/1041/2 2663/1042/2 2664/1044/2
f 2635/1045/2 2636/1043/2 2625/1039/2
f 2750/1041/2 2664/1044/2 2665/1046/2
f 2634/1047/2 2635/1045/2 2625/1039/2
f 2633/1048/2 2634/1047/2 2625/1039/2
f 2750/1041/2 2665/1046/2 2666/1049/2
f 2632/1050/2 2633/1048/2 2625/1039/2
f 2750/1041/2 2666/1049/2 2667/1051/2
f 2631/1052/2 2632/1050/2 2625/1039/2
f 2631/1052/2 2625/1039/2 2626/1053/2
f 2750/1041/2 2667/1051/2 2668/1054/2
f 2630/1055/2 2631/1052/2 2626/1053/2
f 2749/1056/2 2750/1041/2 2668/1054/2
f 2749/1056/2 2668/1054/2 2669/1057/2
f 2629/1058/2 2630/1055/2 2626/1053/2
f 2628/1059/2 2629/1058/2 2626/1053/2
f 2749/1056/2 2669/1057/2 2670/1060/2
f 2627/1061/2 2628/1059/2 2626/1053/2
f 2749/1056/2 2670/1060/2 2671/1062/2
f 2749/1056/2 2671/1062/2 2672/1063/2
f 2748/1064/2 2749/1056/2 2672/1063/2
f 2748/1064/2 2672/1063/2 2673/844/2
f 2748/1064/2 2673/844/2 2674/1065/2
f 2748/1064/2 2674/1065/2 2675/1066/2
f 2748/1064/2 2675/1066/2 2676/1067/2
f 2747/1068/2 2748/1064/2 2676/1067/2
f 2747/1068/2 2676/1067/2 2677/1069/2
f 2747/1068/2 2677/1069/2 2678/1070/2
f 2722/1071/2 2723/1073/2 2724/1072/2
f 2722/1071/2 2724/1072/2 2725/1074/2
f 2747/1068/2 2678/1070/2 2679/1075/2
f 2721/1076/2 2722/1071/2 2725/1074/2
f 2746/1077/2 2747/1068/2 2679/1075/2
f 2746/1077/2 2679/1075/2 2680/1078/2
f 2720/1079/2 2721/1076/2 2725/1074/2
f 2746/1077/2 2680/1078/2 2681/1080/2
f 2719/1081/2 2720/1079/2 2725/1074/2
f 2746/1077/2 2681/1080/2 2682/1082/2
f 2718/1083/2 2719/1081/2 2725/1074/2
f 2718/1083/2 2725/1074/2 2726/1084/2
f 2746/1077/2 2682/1082/2 2683/1085/2
f 2717/1086/2 2718/1083/2 2726/1084/2
f 2745/1087/2 2746/1077/2 2683/1085/2
f 2716/1088/2 2717/1086/2 2726/1084/2
f 2745/1087/2 2683/1085/2 2684/1089/2
f 2715/1090/2 2716/1088/2 2726/1084/2
f 2745/1087/2 2684/1089/2 2685/1091/2
f 2714/1092/2 2715/1090/2 2726/1084/2
f 2745/1087/2 2685/1091/2 2686/1093/2
f 2713/1094/2 2714/1092/2 2726/1084/2
f 2713/1094/2 2726/1084/2 2727/1095/2
f 2745/1087/2 2686/1093/2 2687/1096/2
f 2712/1097/2 2713/1094/2 2727/1095/2
f 2745/1087/2 2687/1096/2 2688/1098/2
f 2711/1099/2 2712/1097/2 2727/1095/2
f 2745/1087/2 2688/1098/2 2689/1100/2
f 2744/1101/2 2745/1087/2 2689/1100/2
f 2710/1102/2 2711/1099/2 2727/1095/2
f 2744/1101/2 2689/1100/2 2690/1103/2
f 2709/1104/2 2710/1102/2 2727/1095/2
f 2744/1101/2 2690/1103/2 2691/1105/2
f 2708/1106/2 2709/1104/2 2727/1095/2
f 2707/1107/2 2708/1106/2 2727/1095/2
f 2744/1101/2 2691/1105/2 2692/1108/2
f 2706/1109/2 2707/1107/2 2727/1095/2
f 2744/1101/2 2692/1108/2 2693/1110/2
f 2705/1111/2 2706/1109/2 2727/1095/2
f 2705/1111/2 2727/1095/2 2728/1112/2
f 2744/1101/2 2693/1110/2 2694/1113/2
f 2704/1114/2 2705/1111/2 2728/1112/2
f 2744/1101/2 2694/1113/2 2695/1115/2
f 2703/1116/2 2704/1114/2 2728/1112/2
f 2744/1101/2 2695/1115/2 2696/1117/2
f 2702/763/2 2703/1116/2 2728/1112/2
f 2744/1101/2 2696/1117/2 2697/1118/2
f 2701/1119/2 2702/763/2 2728/1112/2
f 2744/1101/2 2697/1118/2 2698/1120/2
f 2700/1121/2 2701/1119/2 2728/1112/2
f 2744/1101/2 2698/1120/2 2699/1122/2
f 2699/1122/2 2700/1121/2 2728/1112/2
f 2744/1101/2 2699/1122/2 2728/1112/2
f 2743/1123/2 2744/1101/2 2728/1112/2
f 2743/1123/2 2728/1112/2 2729/1124/2
f 2742/1125/2 2743/1123/2 2729/1124/2
f 2742/1125/2 2729/1124/2 2730/1126/2
f 2741/1127/2 2742/1125/2 2730/1126/2
f 2741/1127/2 2730/1126/2 2731/546/2
f 2740/1128/2 2741/1127/2 2731/546/2
f 2740/1128/2 2731/546/2 2732/1129/2
f 2739/1130/2 2740/1128/2 2732/1129/2
f 2739/1130/2 2732/1129/2 2733/1131/2
f 2738/1132/2 2739/1130/2 2733/1131/2
f 2738/1132/2 2733/1131/2 2734/1133/2
f 2737/1134/2 2738/1132/2 2734/1133/2
f 2737/1134/2 2734/1133/2 2735/1135/2
f 2736/1136/2 2737/1134/2 2735/1135/2
f 2768/1/2 2769/3/2 2770/2/2
f 2768/1/2 2770/2/2 2766/4/2
f 2766/4/2 2770/2/2 2761/5/2
f 2761/5/2 2762/7/2 2763/6/2
f 2761/5/2 2763/6/2 2764/8/2
f 2768/1/2 2766/4/2 2767/9/2
f 2765/10/2 2766/4/2 2761/5/2
f 2765/10/2 2761/5/2 2764/8/2
f 2782/11/2 2783/13/2 2784/12/2
f 2781/14/2 2782/11/2 2784/12/2
f 2781/14/2 2784/12/2 2785/15/2
f 2780/16/2 2781/14/2 2785/15/2
f 2780/16/2 2785/15/2 2786/17/2
f 2779/18/2 2780/16/2 2786/17/2
f 2779/18/2 2786/17/2 2787/19/2
f 2778/20/2 2779/18/2 2787/19/2
f 2778/20/2 2787/19/2 2788/21/2
f 2777/22/2 2778/20/2 2788/21/2
f 2777/22/2 2788/21/2 2789/23/2
f 2776/24/2 2777/22/2 2789/23/2
f 2776/24/2 2789/23/2 2790/25/2
f 2775/26/2 2776/24/2 2790/25/2
f 2775/26/2 2790/25/2 2791/27/2
f 2774/28/2 2775/26/2 2791/27/2
f 2774/28/2 2791/27/2 2792/29/2
f 2773/30/2 2774/28/2 2792/29/2
f 2773/30/2 2792/29/2 2793/31/2
f 2772/32/2 2773/30/2 2793/31/2
f 2772/32/2 2793/31/2 2794/33/2
f 2771/5/2 2772/32/2 2794/33/2
f 2771/5/2 2794/33/2 2795/34/2
f 2914/35/2 2771/5/2 2795/34/2
f 2914/35/2 2795/34/2 2796/36/2
f 2914/35/2 2796/36/2 2797/37/2
f 2913/38/2 2914/35/2 2797/37/2
f 2913/38/2 2797/37/2 2798/39/2
f 2912/40/2 2913/38/2 2798/39/2
f 2912/40/2 2798/39/2 2799/41/2
f 2911/42/2 2912/40/2 2799/41/2
f 2910/43/2 2911/42/2 2799/41/2
f 2910/43/2 2799/41/2 2800/44/2
f 2909/45/2 2910/43/2 2800/44/2
f 2909/45/2 2800/44/2 2801/46/2
f 2908/47/2 2909/45/2 2801/46/2
f 2908/47/2 2801/46/2 2802/48/2
f 2907/49/2 2908/47/2 2802/48/2
f 2907/49/2 2802/48/2 2803/50/2
f 2906/51/2 2907/49/2 2803/50/2
f 2906/51/2 2803/50/2 2804/52/2
f 2905/53/2 2906/51/2 2804/52/2
f 2905/53/2 2804/52/2 2805/54/2
f 2904/55/2 2905/53/2 2805/54/2
f 2904/55/2 2805/54/2 2806/56/2
f 2903/57/2 2904/55/2 2806/56/2
f 2903/57/2 2806/56/2 2915/58/2
f 2915/58/2 2806/56/2 2807/59/2
f 2903/57/2 2915/58/2 2916/60/2
f 3058/2/2 2915/58/2 2807/59/2
f 2903/57/2 2916/60/2 2917/61/2
f 3057/62/2 3058/2/2 2807/59/2
f 2903/57/2 2917/61/2 2918/63/2
f 3056/64/2 3057/62/2 2807/59/2
f 2903/57/2 2918/63/2 2919/65/2
f 3055/66/2 3056/64/2 2807/59/2
f 2902/67/2 2903/57/2 2919/65/2
f 3055/66/2 2807/59/2 2808/68/2
f 2902/67/2 2919/65/2 2920/69/2
f 3054/70/2 3055/66/2 2808/68/2
f 2902/67/2 2920/69/2 2921/71/2
f 3053/72/2 3054/70/2 2808/68/2
f 2902/67/2 2921/71/2 2922/73/2
f 3052/74/2 3053/72/2 2808/68/2
f 2902/67/2 2922/73/2 2923/75/2
f 3051/76/2 3052/74/2 2808/68/2
f 2902/67/2 2923/75/2 2924/77/2
f 3050/78/2 3051/76/2 2808/68/2
f 2902/67/2 2924/77/2 2925/79/2
f 3049/80/2 3050/78/2 2808/68/2
f 2902/67/2 2925/79/2 2926/81/2
f 3048/82/2 3049/80/2 2808/68/2
f 3048/82/2 2808/68/2 2809/83/2
f 2901/84/2 2902/67/2 2926/81/2
f 2901/84/2 2926/81/2 2927/85/2
f 3047/86/2 3048/82/2 2809/83/2
f 2901/84/2 2927/85/2 2928/87/2
f 3046/88/2 3047/86/2 2809/83/2
f 3045/89/2 3046/88/2 2809/83/2
f 2901/84/2 2928/87/2 2929/90/2
f 3045/89/2 2809/83/2 2810/91/2
f 2900/92/2 2901/84/2 2929/90/2
f 3044/93/2 3045/89/2 2810/91/2
f 2900/92/2 2929/90/2 2930/94/2
f 3043/95/2 3044/93/2 2810/91/2
f 2900/92/2 2930/94/2 2931/96/2
f 3042/97/2 3043/95/2 2810/91/2
f 2900/92/2 2931/96/2 2932/98/2
f 3042/97/2 2810/91/2 2811/99/2
f 2899/100/2 2900/92/2 2932/98/2
f 3041/101/2 3042/97/2 2811/99/2
f 2899/100/2 2932/98/2 2933/102/2
f 3040/103/2 3041/101/2 2811/99/2
f 2899/100/2 2933/102/2 2934/104/2
f 3039/105/2 3040/103/2 2811/99/2
f 2899/100/2 2934/104/2 2935/106/2
f 3039/105/2 2811/99/2 2812/107/2
f 2898/108/2 2899/100/2 2935/106/2
f 3038/109/2 3039/105/2 2812/107/2
f 2898/108/2 2935/106/2 2936/110/2
f 3037/111/2 3038/109/2 2812/107/2
f 2898/108/2 2936/110/2 2937/112/2
f 3037/111/2 2812/107/2 2813/113/2
f 2897/114/2 2898/108/2 2937/112/2
f 3036/115/2 3037/111/2 2813/113/2
f 2897/114/2 2937/112/2 2938/116/2
f 3035/117/2 3036/115/2 2813/113/2
f 2897/114/2 2938/116/2 2939/118/2
f 3035/117/2 2813/113/2 2814/119/2
f 2896/120/2 2897/114/2 2939/118/2
f 2896/120/2 2939/118/2 2940/121/2
f 3034/122/2 3035/117/2 2814/119/2
f 2896/120/2 2940/121/2 2941/123/2
f 3033/124/2 3034/122/2 2814/119/2
f 3033/124/2 2814/119/2 2815/125/2
f 2895/126/2 2896/120/2 2941/123/2
f 2895/126/2 2941/123/2 2942/127/2
f 3032/128/2 3033/124/2 2815/125/2
f 2895/126/2 2942/127/2 2943/129/2
f 3031/130/2 3032/128/2 2815/125/2
f 3031/130/2 2815/125/2 2816/131/2
f 2894/132/2 2895/126/2 2943/129/2
f 2894/132/2 2943/129/2 2944/133/2
f 3030/134/2 3031/130/2 2816/131/2
f 2894/132/2 2944/133/2 2945/135/2
f 3029/136/2 3030/134/2 2816/131/2
f 3029/136/2 2816/131/2 2817/137/2
f 2893/138/2 2894/132/2 2945/135/2
f 2893/138/2 2945/135/2 2946/139/2
f 3028/140/2 3029/136/2 2817/137/2
f 2893/138/2 2946/139/2 2947/141/2
f 3027/142/2 3028/140/2 2817/137/2
f 3027/142/2 2817/137/2 2818/143/2
f 2892/144/2 2893/138/2 2947/141/2
f 2892/144/2 2947/141/2 2948/145/2
f 3026/146/2 3027/142/2 2818/143/2
f 2892/144/2 2948/145/2 2949/147/2
f 3025/148/2 3026/146/2 2818/143/2
f 3025/148/2 2818/143/2 2819/149/2
f 2891/150/2 2892/144/2 2949/147/2
f 2891/150/2 2949/147/2 2950/151/2
f 3024/152/2 3025/148/2 2819/149/2
f 2891/150/2 2950/151/2 2951/153/2
f 3023/154/2 3024/152/2 2819/149/2
f 2890/155/2 2891/150/2 2951/153/2
f 3023/154/2 2819/149/2 2820/156/2
f 2890/155/2 2951/153/2 2952/157/2
f 3022/158/2 3023/154/2 2820/156/2
f 2890/155/2 2952/157/2 2953/159/2
f 3021/160/2 3022/158/2 2820/156/2
f 2889/161/2 2890/155/2 2953/159/2
f 3021/160/2 2820/156/2 2821/162/2
f 2889/161/2 2953/159/2 2954/163/2
f 3020/164/2 3021/160/2 2821/162/2
f 2889/161/2 2954/163/2 2955/165/2
f 3019/166/2 3020/164/2 2821/162/2
f 2888/167/2 2889/161/2 2955/165/2
f 3019/166/2 2821/162/2 2822/168/2
f 2888/167/2 2955/165/2 2956/169/2
f 3018/170/2 3019/166/2 2822/168/2
f 2888/167/2 2956/169/2 2957/171/2
f 3017/172/2 3018/170/2 2822/168/2
f 2887/173/2 2888/167/2 2957/171/2
f 3017/172/2 2822/168/2 2823/174/2
f 2887/173/2 2957/171/2 2958/175/2
f 3016/176/2 3017/172/2 2823/174/2
f 2887/173/2 2958/175/2 2959/177/2
f 3015/178/2 3016/176/2 2823/174/2
f 2886/179/2 2887/173/2 2959/177/2
f 3015/178/2 2823/174/2 2824/180/2
f 2886/179/2 2959/177/2 2960/181/2
f 3014/182/2 3015/178/2 2824/180/2
f 2886/179/2 2960/181/2 2961/183/2
f 3013/184/2 3014/182/2 2824/180/2
f 2885/185/2 2886/179/2 2961/183/2
f 3013/184/2 2824/180/2 2825/186/2
f 2885/185/2 2961/183/2 2962/187/2
f 3012/188/2 3013/184/2 2825/186/2
f 2885/185/2 2962/187/2 2963/189/2
f 3011/190/2 3012/188/2 2825/186/2
f 2884/191/2 2885/185/2 2963/189/2
f 3011/190/2 2825/186/2 2826/192/2
f 2884/191/2 2963/189/2 2964/193/2
f 3010/194/2 3011/190/2 2826/192/2
f 2884/191/2 2964/193/2 2965/195/2
f 3009/196/2 3010/194/2 2826/192/2
f 2883/197/2 2884/191/2 2965/195/2
f 3009/196/2 2826/192/2 2827/198/2
f 2883/197/2 2965/195/2 2966/199/2
f 3008/200/2 3009/196/2 2827/198/2
f 2883/197/2 2966/199/2 2967/201/2
f 3007/202/2 3008/200/2 2827/198/2
f 2882/203/2 2883/197/2 2967/201/2
f 3007/202/2 2827/198/2 2828/204/2
f 2882/203/2 2967/201/2 2968/205/2
f 3006/206/2 3007/202/2 2828/204/2
f 2882/203/2 2968/205/2 2969/207/2
f 3005/208/2 3006/206/2 2828/204/2
f 2881/209/2 2882/203/2 2969/207/2
f 3005/208/2 2828/204/2 2829/210/2
f 2881/209/2 2969/207/2 2970/211/2
f 3004/212/2 3005/208/2 2829/210/2
f 2881/209/2 2970/211/2 2971/213/2
f 3003/214/2 3004/212/2 2829/210/2
f 2881/209/2 2971/213/2 2972/215/2
f 3002/216/2 3003/214/2 2829/210/2
f 2880/217/2 2881/209/2 2972/215/2
f 3002/216/2 2829/210/2 2830/218/2
f 2880/217/2 2972/215/2 2973/219/2
f 3001/220/2 3002/216/2 2830/218/2
f 2880/217/2 2973/219/2 2974/221/2
f 3000/222/2 3001/220/2 2830/218/2
f 2880/217/2 2974/221/2 2975/223/2
f 2999/224/2 3000/222/2 2830/218/2
f 2879/225/2 2880/217/2 2975/223/2
f 2999/224/2 2830/218/2 2831/226/2
f 2879/225/2 2975/223/2 2976/227/2
f 2998/228/2 2999/224/2 2831/226/2
f 2997/229/2 2998/228/2 2831/226/2
f 2879/225/2 2976/227/2 2977/230/2
f 2996/231/2 2997/229/2 2831/226/2
f 2879/225/2 2977/230/2 2978/232/2
f 2995/233/2 2996/231/2 2831/226/2
f 2879/225/2 2978/232/2 2979/234/2
f 2878/235/2 2879/225/2 2979/234/2
f 2995/233/2 2831/226/2 2832/236/2
f 2994/237/2 2995/233/2 2832/236/2
f 2878/235/2 2979/234/2 2980/238/2
f 2993/239/2 2994/237/2 2832/236/2
f 2878/235/2 2980/238/2 2981/240/2
f 2992/241/2 2993/239/2 2832/236/2
f 2878/235/2 2981/240/2 2982/242/2
f 2991/243/2 2992/241/2 2832/236/2
f 2878/235/2 2982/242/2 2983/244/2
f 2990/245/2 2991/243/2 2832/236/2
f 2878/235/2 2983/244/2 2984/246/2
f 2989/247/2 2990/245/2 2832/236/2
f 2878/235/2 2984/246/2 2985/248/2
f 2988/249/2 2989/247/2 2832/236/2
f 2878/235/2 2985/248/2 2986/250/2
f 2987/251/2 2988/249/2 2832/236/2
f 2878/235/2 2986/250/2 2987/251/2
f 2878/235/2 2987/251/2 2832/236/2
f 2877/252/2 2878/235/2 2832/236/2
f 2877/252/2 2832/236/2 2833/253/2
f 2876/254/2 2877/252/2 2833/253/2
f 2876/254/2 2833/253/2 2834/255/2
f 2875/256/2 2876/254/2 2834/255/2
f 2875/256/2 2834/255/2 2835/257/2
f 2874/258/2 2875/256/2 2835/257/2
f 2874/258/2 2835/257/2 2836/259/2
f 2873/260/2 2874/258/2 2836/259/2
f 2873/260/2 2836/259/2 2837/261/2
f 2872/262/2 2873/260/2 2837/261/2
f 2872/262/2 2837/261/2 2838/263/2
f 2871/264/2 2872/262/2 2838/263/2
f 2871/264/2 2838/263/2 2839/265/2
f 2870/266/2 2871/264/2 2839/265/2
f 2870/266/2 2839/265/2 2840/267/2
f 2869/268/2 2870/266/2 2840/267/2
f 2869/268/2 2840/267/2 2841/269/2
f 2868/270/2 2869/268/2 2841/269/2
f 2868/270/2 2841/269/2 2842/271/2
f 2867/272/2 2868/270/2 2842/271/2
f 2867/272/2 2842/271/2 2843/273/2
f 2866/274/2 2867/272/2 2843/273/2
f 2866/274/2 2843/273/2 2844/275/2
f 2865/276/2 2866/274/2 2844/275/2
f 2865/276/2 2844/275/2 2845/277/2
f 2864/278/2 2865/276/2 2845/277/2
f 2864/278/2 2845/277/2 2846/279/2
f 2863/280/2 2864/278/2 2846/279/2
f 2863/280/2 2846/279/2 2847/281/2
f 2862/282/2 2863/280/2 2847/281/2
f 2862/282/2 2847/281/2 2848/283/2
f 2861/284/2 2862/282/2 2848/283/2
f 2861/284/2 2848/283/2 2849/285/2
f 2860/286/2 2861/284/2 2849/285/2
f 2860/286/2 2849/285/2 2850/287/2
f 2859/288/2 2860/286/2 2850/287/2
f 2859/288/2 2850/287/2 2851/289/2
f 2858/290/2 2859/288/2 2851/289/2
f 2858/290/2 2851/289/2 2852/291/2
f 2857/292/2 2858/290/2 2852/291/2
f 2857/292/2 2852/291/2 2853/293/2
f 2856/294/2 2857/292/2 2853/293/2
f 2856/294/2 2853/293/2 2854/295/2
f 2855/296/2 2856/294/2 2854/295/2
f 3203/997/2 3204/2/2 3059/5/2
f 3203/997/2 3059/5/2 3060/998/2
f 3202/999/2 3203/997/2 3060/998/2
f 3202/999/2 3060/998/2 3061/1000/2
f 3201/1001/2 3202/999/2 3061/1000/2
f 3201/1001/2 3061/1000/2 3062/1002/2
f 3200/1003/2 3201/1001/2 3062/1002/2
f 3200/1003/2 3062/1002/2 3063/1004/2
f 3199/1005/2 3200/1003/2 3063/1004/2
f 3199/1005/2 3063/1004/2 3064/1006/2
f 3198/1007/2 3199/1005/2 3064/1006/2
f 3198/1007/2 3064/1006/2 3065/1008/2
f 3197/1009/2 3198/1007/2 3065/1008/2
f 3197/1009/2 3065/1008/2 3066/1010/2
f 3196/1011/2 3197/1009/2 3066/1010/2
f 3196/1011/2 3066/1010/2 3067/1012/2
f 3195/1013/2 3196/1011/2 3097/1014/2
f 3097/1014/2 3196/1011/2 3096/1015/2
f 3096/1015/2 3196/1011/2 3095/1016/2
f 3095/1016/2 3196/1011/2 3067/1012/2
f 3095/1016/2 3067/1012/2 3094/1017/2
f 3094/1017/2 3067/1012/2 3093/1018/2
f 3093/1018/2 3067/1012/2 3068/1019/2
f 3092/1020/2 3093/1018/2 3068/1019/2
f 3195/1013/2 3097/1014/2 3098/1021/2
f 3091/1022/2 3092/1020/2 3068/1019/2
f 3195/1013/2 3098/1021/2 3099/1023/2
f 3090/1024/2 3091/1022/2 3068/1019/2
f 3195/1013/2 3099/1023/2 3100/1025/2
f 3089/1026/2 3090/1024/2 3068/1019/2
f 3088/519/2 3089/1026/2 3068/1019/2
f 3195/1013/2 3100/1025/2 3101/1027/2
f 3087/1028/2 3088/519/2 3068/1019/2
f 3195/1013/2 3101/1027/2 3102/1029/2
f 3086/1030/2 3087/1028/2 3068/1019/2
f 3195/1013/2 3102/1029/2 3103/1031/2
f 3085/1032/2 3086/1030/2 3068/1019/2
f 3195/1013/2 3103/1031/2 3104/1033/2
f 3084/1034/2 3085/1032/2 3068/1019/2
f 3083/1035/2 3084/1034/2 3068/1019/2
f 3195/1013/2 3104/1033/2 3105/1036/2
f 3082/1037/2 3083/1035/2 3068/1019/2
f 3195/1013/2 3105/1036/2 3106/1038/2
f 3082/1037/2 3068/1019/2 3069/1039/2
f 3081/1040/2 3082/1037/2 3069/1039/2
f 3194/1041/2 3195/1013/2 3106/1038/2
f 3194/1041/2 3106/1038/2 3107/1042/2
f 3080/1043/2 3081/1040/2 3069/1039/2
f 3194/1041/2 3107/1042/2 3108/1044/2
f 3079/1045/2 3080/1043/2 3069/1039/2
f 3194/1041/2 3108/1044/2 3109/1046/2
f 3078/1047/2 3079/1045/2 3069/1039/2
f 3077/1048/2 3078/1047/2 3069/1039/2
f 3194/1041/2 3109/1046/2 3110/1049/2
f 3076/1050/2 3077/1048/2 3069/1039/2
f 3194/1041/2 3110/1049/2 3111/1051/2
f 3075/1052/2 3076/1050/2 3069/1039/2
f 3075/1052/2 3069/1039/2 3070/1053/2
f 3194/1041/2 3111/1051/2 3112/1054/2
f 3074/1055/2 3075/1052/2 3070/1053/2
f 3193/1056/2 3194/1041/2 3112/1054/2
f 3193/1056/2 3112/1054/2 3113/1057/2
f 3073/1058/2 3074/1055/2 3070/1053/2
f 3072/1059/2 3073/1058/2 3070/1053/2
f 3193/1056/2 3113/1057/2 3114/1060/2
f 3071/1061/2 3072/1059/2 3070/1053/2
f 3193/1056/2 3114/1060/2 3115/1062/2
f 3193/1056/2 3115/1062/2 3116/1063/2
f 3192/1064/2 3193/1056/2 3116/1063/2
f 3192/1064/2 3116/1063/2 3117/844/2
f 3192/1064/2 3117/844/2 3118/1065/2
f 3192/1064/2 3118/1065/2 3119/1066/2
f 3192/1064/2 3119/1066/2 3120/1067/2
f 3191/1068/2 3192/1064/2 3120/1067/2
f 3191/1068/2 3120/1067/2 3121/1069/2
f 3191/1068/2 3121/1069/2 3122/1070/2
f 3166/1071/2 3167/1073/2 3168/1072/2
f 3166/1071/2 3168/1072/2 3169/1074/2
f 3191/1068/2 3122/1070/2 3123/1075/2
f 3165/1076/2 3166/1071/2 3169/1074/2
f 3190/1077/2 3191/1068/2 3123/1075/2
f 3190/1077/2 3123/1075/2 3124/1078/2
f 3164/1079/2 3165/1076/2 3169/1074/2
f 3190/1077/2 3124/1078/2 3125/1080/2
f 3163/1081/2 3164/1079/2 3169/1074/2
f 3190/1077/2 3125/1080/2 3126/1082/2
f 3162/1083/2 3163/1081/2 3169/1074/2
f 3162/1083/2 3169/1074/2 3170/1084/2
f 3190/1077/2 3126/1082/2 3127/1085/2
f 3161/1086/2 3162/1083/2 3170/1084/2
f 3189/1087/2 3190/1077/2 3127/1085/2
f 3160/1088/2 3161/1086/2 3170/1084/2
f 3189/1087/2 3127/1085/2 3128/1089/2
f 3159/1090/2 3160/1088/2 3170/1084/2
f 3189/1087/2 3128/1089/2 3129/1091/2
f 3158/1092/2 3159/1090/2 3170/1084/2
f 3189/1087/2 3129/1091/2 3130/1093/2
f 3157/1094/2 3158/1092/2 3170/1084/2
f 3157/1094/2 3170/1084/2 3171/1095/2
f 3189/1087/2 3130/1093/2 3131/1096/2
f 3156/1097/2 3157/1094/2 3171/1095/2
f 3189/1087/2 3131/1096/2 3132/1098/2
f 3155/1099/2 3156/1097/2 3171/1095/2
f 3189/1087/2 3132/1098/2 3133/1100/2
f 3188/1101/2 3189/1087/2 3133/1100/2
f 3154/1102/2 3155/1099/2 3171/1095/2
f 3188/1101/2 3133/1100/2 3134/1103/2
f 3153/1104/2 3154/1102/2 3171/1095/2
f 3188/1101/2 3134/1103/2 3135/1105/2
f 3152/1106/2 3153/1104/2 3171/1095/2
f 3151/1107/2 3152/1106/2 3171/1095/2
f 3188/1101/2 3135/1105/2 3136/1108/2
f 3150/1109/2 3151/1107/2 3171/1095/2
f 3188/1101/2 3136/1108/2 3137/1110/2
f 3149/1111/2 3150/1109/2 3171/1095/2
f 3149/1111/2 3171/1095/2 3172/1112/2
f 3188/1101/2 3137/1110/2 3138/1113/2
f 3148/1114/2 3149/1111/2 3172/1112/2
f 3188/1101/2 3138/1113/2 3139/1115/2
f 3147/1116/2 3148/1114/2 3172/1112/2
f 3188/1101/2 3139/1115/2 3140/1117/2
f 3146/763/2 3147/1116/2 3172/1112/2
f 3188/1101/2 3140/1117/2 3141/1118/2
f 3145/1119/2 3146/763/2 3172/1112/2
f 3188/1101/2 3141/1118/2 3142/1120/2
f 3144/1121/2 3145/1119/2 3172/1112/2
f 3188/1101/2 3142/1120/2 3143/1122/2
f 3143/1122/2 3144/1121/2 3172/1112/2
f 3188/1101/2 3143/1122/2 3172/1112/2
f 3187/1123/2 3188/1101/2 3172/1112/2
f 3187/1123/2 3172/1112/2 3173/1124/2
f 3186/1125/2 3187/1123/2 3173/1124/2
f 3186/1125/2 3173/1124/2 3174/1126/2
f 3185/1127/2 3186/1125/2 3174/1126/2
f 3185/1127/2 3174/1126/2 3175/546/2
f 3184/1128/2 3185/1127/2 3175/546/2
f 3184/1128/2 3175/546/2 3176/1129/2
f 3183/1130/2 3184/1128/2 3176/1129/2
f 3183/1130/2 3176/1129/2 3177/1131/2
f 3182/1132/2 3183/1130/2 3177/1131/2
f 3182/1132/2 3177/1131/2 3178/1133/2
f 3181/1134/2 3182/1132/2 3178/1133/2
f 3181/1134/2 3178/1133/2 3179/1135/2
f 3180/1136/2 3181/1134/2 3179/1135/2
s 1
f 3206/1137/3 3208/1138/4 3207/1139/4 3205/5/3
f 3208/1138/4 3210/1140/5 3209/1141/5 3207/1139/4
f 3210/1140/5 3212/1142/6 3211/1143/6 3209/1141/5
f 3212/1142/6 3214/1144/7 3213/1145/7 3211/1143/6
f 3214/1144/7 3216/1146/8 3215/1147/8 3213/1145/7
f 3216/1146/8 3218/1148/9 3217/1149/9 3215/1147/8
f 3218/1148/9 3220/1150/10 3219/1151/10 3217/1149/9
f 3220/1150/10 3222/1152/11 3221/1153/11 3219/1151/10
f 3222/1152/11 3224/1154/12 3223/1155/12 3221/1153/11
f 3224/1154/12 3226/1156/13 3225/1157/13 3223/1155/12
f 3226/1156/13 3228/1158/14 3227/1159/14 3225/1157/13
f 3228/1158/14 3230/1160/15 3229/1161/15 3227/1159/14
f 3230/1160/15 3232/1162/16 3231/1163/16 3229/1161/15
f 3232/1162/16 3234/1164/17 3233/1165/17 3231/1163/16
f 3234/1164/17 3236/1166/18 3235/1167/18 3233/1165/17
f 3236/1166/18 3238/1168/19 3237/1169/19 3235/1167/18
f 3238/1168/19 3240/1170/20 3239/1171/20 3237/1169/19
f 3240/1170/20 3242/1172/21 3241/1173/21 3239/1171/20
f 3242/1172/21 3244/1174/22 3243/1175/22 3241/1173/21
f 3244/1174/22 3246/1176/23 3245/1177/23 3243/1175/22
f 3246/1176/23 3248/1178/24 3247/1179/24 3245/1177/23
f 3248/1178/24 3250/1180/25 3249/1181/25 3247/1179/24
f 3250/1180/25 3252/1182/26 3251/1183/26 3249/1181/25
f 3252/1182/26 3254/1184/27 3253/1185/27 3251/1183/26
f 3254/1184/27 3256/1186/28 3255/1187/28 3253/1185/27
f 3256/1186/28 3258/1188/29 3257/1189/29 3255/1187/28
f 3258/1188/29 3260/1190/30 3259/1191/30 3257/1189/29
f 3260/1190/30 3262/1192/31 3261/1193/31 3259/1191/30
f 3262/1192/31 3264/1194/32 3263/1195/32 3261/1193/31
f 3264/1194/32 3266/1196/33 3265/1197/33 3263/1195/32
f 3266/1196/33 3268/1198/34 3267/1199/34 3265/1197/33
f 3268/1198/34 3270/1200/35 3269/1201/35 3267/1199/34
f 3270/1200/35 3272/1202/36 3271/1203/36 3269/1201/35
f 3272/1202/36 3274/1204/37 3273/1205/37 3271/1203/36
f 3274/1204/37 3276/1206/38 3275/1207/38 3273/1205/37
f 3276/1206/38 3278/1208/39 3277/1209/39 3275/1207/38
f 3278/1208/39 3280/1210/40 3279/1211/40 3277/1209/39
f 3280/1210/40 3282/1212/41 3281/1213/41 3279/1211/40
f 3282/1212/41 3284/1214/42 3283/1215/42 3281/1213/41
f 3284/1214/42 3286/1216/43 3285/1217/43 3283/1215/42
f 3286/1216/43 3288/1218/44 3287/1219/44 3285/1217/43
f 3288/1218/44 3290/1220/45 3289/1221/45 3287/1219/44
f 3290/1220/45 3292/1222/46 3291/1223/46 3289/1221/45
f 3292/1222/46 3294/1224/47 3293/1225/47 3291/1223/46
f 3294/1224/47 3296/1226/48 3295/1227/48 3293/1225/47
f 3296/1226/48 3298/1228/49 3297/1229/49 3295/1227/48
f 3298/1228/49 3300/1230/50 3299/1231/50 3297/1229/49
f 3300/1230/50 3302/1232/51 3301/1233/51 3299/1231/50
f 3302/1232/51 3304/1234/52 3303/1235/52 3301/1233/51
f 3304/1234/52 3306/1236/53 3305/1237/53 3303/1235/52
f 3306/1236/53 3308/1238/54 3307/1239/54 3305/1237/53
f 3308/1238/54 3310/1240/55 3309/1241/55 3307/1239/54
f 3310/1240/55 3312/1242/56 3311/1243/56 3309/1241/55
f 3312/1242/56 3314/1244/57 3313/1245/57 3311/1243/56
f 3314/1244/57 3316/1246/58 3315/1247/58 3313/1245/57
f 3316/1246/58 3318/1248/59 3317/1249/59 3315/1247/58
f 3318/1248/59 3320/1250/60 3319/1251/60 3317/1249/59
f 3320/1250/60 3322/1252/61 3321/1253/61 3319/1251/60
f 3322/1252/61 3324/1254/62 3323/1255/62 3321/1253/61
f 3324/1254/62 3326/1256/63 3325/1257/63 3323/1255/62
f 3326/1256/63 3328/1258/64 3327/1259/64 3325/1257/63
f 3328/1258/64 3330/1260/65 3329/1261/65 3327/1259/64
f 3330/1260/65 3332/1262/66 3331/1263/66 3329/1261/65
f 3332/1262/66 3334/1264/67 3333/1265/67 3331/1263/66
f 3334/1264/67 3336/1266/68 3335/1267/68 3333/1265/67
f 3336/1266/68 3338/1268/69 3337/1269/69 3335/1267/68
f 3338/1268/69 3340/1270/70 3339/1271/70 3337/1269/69
f 3340/1270/70 3342/1272/71 3341/1273/71 3339/1271/70
f 3342/1272/71 3344/1274/72 3343/1275/72 3341/1273/71
f 3344/1274/72 3346/1276/73 3345/1277/73 3343/1275/72
f 3346/1276/73 3348/1278/74 3347/1279/74 3345/1277/73
f 3348/1278/74 3350/1280/75 3349/1281/75 3347/1279/74
f 3350/1280/75 3352/1282/76 3351/1283/76 3349/1281/75
f 3352/1282/76 3354/1284/77 3353/1285/77 3351/1283/76
f 3354/1284/77 3356/1286/78 3355/1287/78 3353/1285/77
f 3356/1286/78 3358/1288/79 3357/1289/79 3355/1287/78
f 3358/1288/79 3360/1290/80 3359/1291/80 3357/1289/79
f 3360/1290/80 3362/1292/81 3361/1293/81 3359/1291/80
f 3362/1292/81 3364/1294/82 3363/1295/82 3361/1293/81
f 3364/1294/82 3366/1296/83 3365/1297/83 3363/1295/82
f 3366/1296/83 3368/1298/84 3367/1299/84 3365/1297/83
f 3368/1298/84 3370/1300/85 3369/1301/85 3367/1299/84
f 3370/1300/85 3372/1302/86 3371/1303/86 3369/1301/85
f 3372/1302/86 3374/1304/87 3373/1305/87 3371/1303/86
f 3374/1304/87 3376/1306/88 3375/1307/88 3373/1305/87
f 3376/1306/88 3378/1308/89 3377/1309/89 3375/1307/88
f 3378/1308/89 3380/1310/90 3379/1311/90 3377/1309/89
f 3380/1310/90 3382/1312/91 3381/1313/91 3379/1311/90
f 3382/1312/91 3384/1314/92 3383/1315/92 3381/1313/91
f 3384/1314/92 3386/1316/93 3385/1317/93 3383/1315/92
f 3386/1316/93 3388/1318/94 3387/1319/94 3385/1317/93
f 3388/1318/94 3390/1320/95 3389/1321/95 3387/1319/94
f 3390/1320/95 3392/1322/96 3391/1323/96 3389/1321/95
f 3392/1322/96 3394/1324/97 3393/1325/97 3391/1323/96
f 3394/1324/97 3396/1326/98 3395/1327/98 3393/1325/97
f 3396/1326/98 3398/1328/99 3397/1329/99 3395/1327/98
f 3398/1328/99 3400/1330/100 3399/1331/100 3397/1329/99
f 3400/1330/100 3402/1332/101 3401/1333/101 3399/1331/100
f 3402/1332/101 3404/1334/102 3403/1335/102 3401/1333/101
f 3404/1334/102 3406/1336/103 3405/1337/103 3403/1335/102
f 3406/1336/103 3408/1338/104 3407/1339/104 3405/1337/103
f 3408/1338/104 3410/1340/105 3409/1341/105 3407/1339/104
f 3410/1340/105 3412/1342/106 3411/1343/106 3409/1341/105
f 3412/1342/106 3414/1344/107 3413/1345/107 3411/1343/106
f 3414/1344/107 3416/1346/108 3415/1347/108 3413/1345/107
f 3416/1346/108 3418/1348/109 3417/1349/109 3415/1347/108
f 3418/1348/109 3420/1350/110 3419/1351/110 3417/1349/109
f 3420/1350/110 3422/1352/111 3421/1353/111 3419/1351/110
f 3422/1352/111 3424/1354/112 3423/1355/112 3421/1353/111
f 3424/1354/112 3426/1356/113 3425/1357/113 3423/1355/112
f 3426/1356/113 3428/1358/114 3427/1359/114 3425/1357/113
f 3428/1358/114 3430/1360/115 3429/1361/115 3427/1359/114
f 3430/1360/115 3432/1362/116 3431/1363/116 3429/1361/115
f 3432/1362/116 3434/1364/117 3433/1365/117 3431/1363/116
f 3434/1364/117 3436/1366/118 3435/1367/118 3433/1365/117
f 3436/1366/118 3438/1368/119 3437/1369/119 3435/1367/118
f 3438/1368/119 3440/1370/120 3439/1371/120 3437/1369/119
f 3440/1370/120 3442/1372/121 3441/1373/121 3439/1371/120
f 3442/1372/121 3444/1374/122 3443/1375/122 3441/1373/121
f 3444/1374/122 3446/1376/123 3445/1377/123 3443/1375/122
f 3446/1376/123 3448/1378/124 3447/1379/124 3445/1377/123
f 3448/1378/124 3450/1380/125 3449/1381/125 3447/1379/124
f 3450/1380/125 3452/1382/126 3451/1383/126 3449/1381/125
f 3452/1382/126 3454/1384/127 3453/1385/127 3451/1383/126
f 3454/1384/127 3456/1386/128 3455/1387/128 3453/1385/127
f 3456/1386/128 3458/1388/129 3457/1389/129 3455/1387/128
f 3458/1388/129 3460/1390/130 3459/1391/130 3457/1389/129
f 3460/1390/130 3462/1392/131 3461/1393/131 3459/1391/130
f 3462/1392/131 3464/1394/132 3463/1395/132 3461/1393/131
f 3464/1394/132 3466/1396/133 3465/1397/133 3463/1395/132
f 3466/1396/133 3468/1398/134 3467/1399/134 3465/1397/133
f 3468/1398/134 3470/1400/135 3469/1401/135 3467/1399/134
f 3470/1400/135 3472/1402/136 3471/1403/136 3469/1401/135
f 3472/1402/136 3474/1404/137 3473/1405/137 3471/1403/136
f 3474/1404/137 3476/1406/138 3475/1407/138 3473/1405/137
f 3476/1406/138 3478/1408/139 3477/1409/139 3475/1407/138
f 3478/1408/139 3480/1410/140 3479/1411/140 3477/1409/139
f 3480/1410/140 3482/1412/141 3481/1413/141 3479/1411/140
f 3482/1412/141 3484/1414/142 3483/1415/142 3481/1413/141
f 3484/1414/142 3486/1416/143 3485/1417/143 3483/1415/142
f 3486/1416/143 3488/1418/144 3487/1419/144 3485/1417/143
f 3488/1418/144 3490/1420/145 3489/1421/145 3487/1419/144
f 3490/1420/145 3492/1422/146 3491/1423/146 3489/1421/145
f 3492/1422/146 3494/1424/147 3493/1425/147 3491/1423/146
f 3494/1424/147 3496/1426/148 3495/1427/148 3493/1425/147
f 3496/1426/148 3206/1428/3 3205/2/3 3495/1427/148
f 3498/1137/149 3500/1429/150 3499/1430/150 3497/5/149
f 3500/1429/150 3502/1431/151 3501/1432/151 3499/1430/150
f 3502/1431/151 3504/1433/152 3503/1434/152 3501/1432/151
f 3504/1433/152 3506/1435/153 3505/1436/153 3503/1434/152
f 3506/1435/153 3508/1437/154 3507/1438/154 3505/1436/153
f 3508/1437/154 3510/1439/155 3509/1440/155 3507/1438/154
f 3510/1439/155 3512/1441/156 3511/1442/156 3509/1440/155
f 3512/1441/156 3514/1443/157 3513/1444/157 3511/1442/156
f 3514/1443/157 3516/1445/158 3515/1446/158 3513/1444/157
f 3516/1445/158 3518/1447/159 3517/1448/159 3515/1446/158
f 3518/1447/159 3520/1449/160 3519/1450/160 3517/1448/159
f 3520/1449/160 3522/1451/161 3521/1452/161 3519/1450/160
f 3522/1451/161 3524/1453/162 3523/1454/162 3521/1452/161
f 3524/1453/162 3526/1455/163 3525/1456/163 3523/1454/162
f 3526/1455/163 3528/1457/164 3527/1458/164 3525/1456/163
f 3528/1457/164 3530/1459/165 3529/7/165 3527/1458/164
f 3530/1459/165 3532/1460/166 3531/1461/166 3529/7/165
f 3532/1460/166 3534/1462/167 3533/1463/167 3531/1461/166
f 3534/1462/167 3536/1464/168 3535/1465/168 3533/1463/167
f 3536/1464/168 3538/1466/169 3537/1467/169 3535/1465/168
f 3538/1466/169 3540/1468/170 3539/1469/170 3537/1467/169
f 3540/1468/170 3542/1470/171 3541/1471/171 3539/1469/170
f 3542/1470/171 3544/1472/172 3543/1473/172 3541/1471/171
f 3544/1472/172 3546/1474/173 3545/1475/173 3543/1473/172
f 3546/1474/173 3548/1476/174 3547/1477/174 3545/1475/173
f 3548/1476/174 3550/1478/175 3549/1479/175 3547/1477/174
f 3550/1478/175 3552/1480/176 3551/1481/176 3549/1479/175
f 3552/1480/176 3554/1482/177 3553/1483/177 3551/1481/176
f 3554/1482/177 3556/1484/178 3555/1485/178 3553/1483/177
f 3556/1484/178 3558/1486/179 3557/1487/179 3555/1485/178
f 3558/1486/179 3560/1488/180 3559/1489/180 3557/1487/179
f 3560/1488/180 3562/1490/181 3561/6/181 3559/1489/180
f 3562/1490/181 3564/1491/182 3563/1492/182 3561/6/181
f 3564/1491/182 3566/1493/183 3565/1494/183 3563/1492/182
f 3566/1493/183 3568/1495/184 3567/1496/184 3565/1494/183
f 3568/1495/184 3570/1497/185 3569/1498/185 3567/1496/184
f 3570/1497/185 3572/1499/186 3571/1500/186 3569/1498/185
f 3572/1499/186 3574/1501/187 3573/1502/187 3571/1500/186
f 3574/1501/187 3576/1503/188 3575/1504/188 3573/1502/187
f 3576/1503/188 3578/1505/189 3577/1506/189 3575/1504/188
f 3578/1505/189 3580/1507/190 3579/1508/190 3577/1506/189
f 3580/1507/190 3582/1509/191 3581/1510/191 3579/1508/190
f 3582/1509/191 3584/1511/192 3583/1512/192 3581/1510/191
f 3584/1511/192 3586/1513/193 3585/1514/193 3583/1512/192
f 3586/1513/193 3588/1515/194 3587/1516/194 3585/1514/193
f 3588/1515/194 3590/1517/195 3589/1518/195 3587/1516/194
f 3590/1517/195 3592/1519/196 3591/1520/196 3589/1518/195
f 3592/1519/196 3594/1521/197 3593/8/197 3591/1520/196
f 3594/1521/197 3596/1522/198 3595/1523/198 3593/8/197
f 3596/1522/198 3598/1524/199 3597/1525/199 3595/1523/198
f 3598/1524/199 3600/1526/200 3599/1527/200 3597/1525/199
f 3600/1526/200 3602/1528/201 3601/1529/201 3599/1527/200
f 3602/1528/201 3604/1530/202 3603/1531/202 3601/1529/201
f 3604/1530/202 3606/1532/203 3605/1533/203 3603/1531/202
f 3606/1532/203 3608/1534/204 3607/1535/204 3605/1533/203
f 3608/1534/204 3610/1536/205 3609/1537/205 3607/1535/204
f 3610/1536/205 3612/1538/206 3611/1539/206 3609/1537/205
f 3612/1538/206 3614/1540/207 3613/1541/207 3611/1539/206
f 3614/1540/207 3616/1542/208 3615/1543/208 3613/1541/207
f 3616/1542/208 3618/1544/209 3617/1545/209 3615/1543/208
f 3618/1544/209 3620/1546/210 3619/1547/210 3617/1545/209
f 3620/1546/210 3622/1548/211 3621/1549/211 3619/1547/210
f 3622/1548/211 3624/1550/212 3623/1551/212 3621/1549/211
f 3624/1550/212 3626/1552/213 3625/10/213 3623/1551/212
f 3626/1552/213 3628/1553/214 3627/1554/214 3625/10/213
f 3628/1553/214 3630/1555/215 3629/1556/215 3627/1554/214
f 3630/1555/215 3632/1557/216 3631/1558/216 3629/1556/215
f 3632/1557/216 3634/1559/217 3633/1560/217 3631/1558/216
f 3634/1559/217 3636/1561/218 3635/1562/218 3633/1560/217
f 3636/1561/218 3638/1563/219 3637/1564/219 3635/1562/218
f 3638/1563/219 3640/1565/220 3639/1566/220 3637/1564/219
f 3640/1565/220 3642/1282/221 3641/1283/221 3639/1566/220
f 3642/1282/221 3644/1567/222 3643/1568/222 3641/1283/221
f 3644/1567/222 3646/1569/223 3645/1570/223 3643/1568/222
f 3646/1569/223 3648/1571/224 3647/1572/224 3645/1570/223
f 3648/1571/224 3650/1573/225 3649/1574/225 3647/1572/224
f 3650/1573/225 3652/1575/226 3651/1576/226 3649/1574/225
f 3652/1575/226 3654/1577/227 3653/1578/227 3651/1576/226
f 3654/1577/227 3656/1579/228 3655/1580/228 3653/1578/227
f 3656/1579/228 3658/1581/229 3657/4/229 3655/1580/228
f 3658/1581/229 3660/1582/230 3659/1583/230 3657/4/229
f 3660/1582/230 3662/1584/231 3661/1585/231 3659/1583/230
f 3662/1584/231 3664/1586/232 3663/1587/232 3661/1585/231
f 3664/1586/232 3666/1588/233 3665/1589/233 3663/1587/232
f 3666/1588/233 3668/1590/234 3667/1591/234 3665/1589/233
f 3668/1590/234 3670/1592/235 3669/1593/235 3667/1591/234
f 3670/1592/235 3672/1594/236 3671/1595/236 3669/1593/235
f 3672/1594/236 3674/1596/237 3673/1597/237 3671/1595/236
f 3674/1596/237 3676/1598/238 3675/1599/238 3673/1597/237
f 3676/1598/238 3678/1600/239 3677/1601/239 3675/1599/238
f 3678/1600/239 3680/1602/240 3679/1603/240 3677/1601/239
f 3680/1602/240 3682/1604/241 3681/1605/241 3679/1603/240
f 3682/1604/241 3684/1606/242 3683/1607/242 3681/1605/241
f 3684/1606/242 3686/1608/243 3685/1609/243 3683/1607/242
f 3686/1608/243 3688/1610/244 3687/1611/244 3685/1609/243
f 3688/1610/244 3690/1612/245 3689/9/245 3687/1611/244
f 3690/1612/245 3692/1613/246 3691/1614/246 3689/9/245
f 3692/1613/246 3694/1615/247 3693/1616/247 3691/1614/246
f 3694/1615/247 3696/1617/248 3695/1618/248 3693/1616/247
f 3696/1617/248 3698/1619/249 3697/1620/249 3695/1618/248
f 3698/1619/249 3700/1621/250 3699/1622/250 3697/1620/249
f 3700/1621/250 3702/1623/251 3701/1624/251 3699/1622/250
f 3702/1623/251 3704/1625/252 3703/1626/252 3701/1624/251
f 3704/1625/252 3706/1627/253 3705/1628/253 3703/1626/252
f 3706/1627/253 3708/1629/254 3707/1630/254 3705/1628/253
f 3708/1629/254 3710/1631/255 3709/1632/255 3707/1630/254
f 3710/1631/255 3712/1633/256 3711/1634/256 3709/1632/255
f 3712/1633/256 3714/1635/257 3713/1636/257 3711/1634/256
f 3714/1635/257 3716/1637/258 3715/1638/258 3713/1636/257
f 3716/1637/258 3718/1639/259 3717/1640/259 3715/1638/258
f 3718/1639/259 3720/1641/260 3719/1642/260 3717/1640/259
f 3720/1641/260 3722/1643/261 3721/1/261 3719/1642/260
f 3722/1643/261 3724/1644/262 3723/1645/262 3721/1/261
f 3724/1644/262 3726/1646/263 3725/1647/263 3723/1645/262
f 3726/1646/263 3728/1648/264 3727/1649/264 3725/1647/263
f 3728/1648/264 3730/1650/265 3729/1651/265 3727/1649/264
f 3730/1650/265 3732/1652/266 3731/1653/266 3729/1651/265
f 3732/1652/266 3734/1654/267 3733/1655/267 3731/1653/266
f 3734/1654/267 3736/1656/268 3735/1657/268 3733/1655/267
f 3736/1656/268 3738/1658/269 3737/1659/269 3735/1657/268
f 3738/1658/269 3740/1660/270 3739/1661/270 3737/1659/269
f 3740/1660/270 3742/1662/271 3741/1663/271 3739/1661/270
f 3742/1662/271 3744/1664/272 3743/1665/272 3741/1663/271
f 3744/1664/272 3746/1666/273 3745/1667/273 3743/1665/272
f 3746/1666/273 3748/1668/274 3747/1669/274 3745/1667/273
f 3748/1668/274 3750/1670/275 3749/1671/275 3747/1669/274
f 3750/1670/275 3752/1672/276 3751/1673/276 3749/1671/275
f 3752/1672/276 3754/1674/277 3753/3/277 3751/1673/276
f 3754/1674/277 3756/1675/278 3755/1676/278 3753/3/277
f 3756/1675/278 3758/1677/279 3757/1678/279 3755/1676/278
f 3758/1677/279 3760/1679/280 3759/1680/280 3757/1678/279
f 3760/1679/280 3762/1681/281 3761/1682/281 3759/1680/280
f 3762/1681/281 3764/1683/282 3763/1684/282 3761/1682/281
f 3764/1683/282 3766/1685/283 3765/1686/283 3763/1684/282
f 3766/1685/283 3768/1687/284 3767/1688/284 3765/1686/283
f 3768/1687/284 3770/1689/285 3769/1690/285 3767/1688/284
f 3770/1689/285 3772/1691/286 3771/1692/286 3769/1690/285
f 3772/1691/286 3774/1693/287 3773/1694/287 3771/1692/286
f 3774/1693/287 3776/1695/288 3775/1696/288 3773/1694/287
f 3776/1695/288 3778/1697/289 3777/1698/289 3775/1696/288
f 3778/1697/289 3780/1699/290 3779/1700/290 3777/1698/289
f 3780/1699/290 3782/1701/291 3781/1702/291 3779/1700/290
f 3782/1701/291 3784/1703/292 3783/1704/292 3781/1702/291
f 3784/1703/292 3498/1428/149 3497/2/149 3783/1704/292
f 3786/1137/293 3788/1429/294 3787/1430/294 3785/5/293
f 3788/1429/294 3790/1431/295 3789/1432/295 3787/1430/294
f 3790/1431/295 3792/1433/296 3791/1434/296 3789/1432/295
f 3792/1433/296 3794/1435/297 3793/1436/297 3791/1434/296
f 3794/1435/297 3796/1437/298 3795/1438/298 3793/1436/297
f 3796/1437/298 3798/1439/299 3797/1440/299 3795/1438/298
f 3798/1439/299 3800/1441/300 3799/1442/300 3797/1440/299
f 3800/1441/300 3802/1443/301 3801/1444/301 3799/1442/300
f 3802/1443/301 3804/1445/302 3803/1446/302 3801/1444/301
f 3804/1445/302 3806/1447/303 3805/1448/303 3803/1446/302
f 3806/1447/303 3808/1449/304 3807/1450/304 3805/1448/303
f 3808/1449/304 3810/1451/305 3809/1452/305 3807/1450/304
f 3810/1451/305 3812/1453/306 3811/1454/306 3809/1452/305
f 3812/1453/306 3814/1455/307 3813/1456/307 3811/1454/306
f 3814/1455/307 3816/1457/308 3815/1458/308 3813/1456/307
f 3816/1457/308 3818/1459/309 3817/7/309 3815/1458/308
f 3818/1459/309 3820/1460/310 3819/1461/310 3817/7/309
f 3820/1460/310 3822/1462/311 3821/1463/311 3819/1461/310
f 3822/1462/311 3824/1464/312 3823/1465/312 3821/1463/311
f 3824/1464/312 3826/1466/313 3825/1467/313 3823/1465/312
f 3826/1466/313 3828/1468/314 3827/1469/314 3825/1467/313
f 3828/1468/314 3830/1470/315 3829/1471/315 3827/1469/314
f 3830/1470/315 3832/1472/316 3831/1473/316 3829/1471/315
f 3832/1472/316 3834/1474/317 3833/1475/317 3831/1473/316
f 3834/1474/317 3836/1476/318 3835/1477/318 3833/1475/317
f 3836/1476/318 3838/1478/319 3837/1479/319 3835/1477/318
f 3838/1478/319 3840/1480/320 3839/1481/320 3837/1479/319
f 3840/1480/320 3842/1482/321 3841/1483/321 3839/1481/320
f 3842/1482/321 3844/1484/322 3843/1485/322 3841/1483/321
f 3844/1484/322 3846/1486/323 3845/1487/323 3843/1485/322
f 3846/1486/323 3848/1488/324 3847/1489/324 3845/1487/323
f 3848/1488/324 3850/1490/325 3849/6/325 3847/1489/324
f 3850/1490/325 3852/1491/326 3851/1492/326 3849/6/325
f 3852/1491/326 3854/1493/327 3853/1494/327 3851/1492/326
f 3854/1493/327 3856/1495/328 3855/1496/328 3853/1494/327
f 3856/1495/328 3858/1497/329 3857/1498/329 3855/1496/328
f 3858/1497/329 3860/1499/330 3859/1500/330 3857/1498/329
f 3860/1499/330 3862/1501/331 3861/1502/331 3859/1500/330
f 3862/1501/331 3864/1503/332 3863/1504/332 3861/1502/331
f 3864/1503/332 3866/1505/333 3865/1506/333 3863/1504/332
f 3866/1505/333 3868/1507/334 3867/1508/334 3865/1506/333
f 3868/1507/334 3870/1509/335 3869/1510/335 3867/1508/334
f 3870/1509/335 3872/1511/336 3871/1512/336 3869/1510/335
f 3872/1511/336 3874/1513/337 3873/1514/337 3871/1512/336
f 3874/1513/337 3876/1515/338 3875/1516/338 3873/1514/337
f 3876/1515/338 3878/1517/339 3877/1518/339 3875/1516/338
f 3878/1517/339 3880/1519/340 3879/1520/340 3877/1518/339
f 3880/1519/340 3882/1521/341 3881/8/341 3879/1520/340
f 3882/1521/341 3884/1522/342 3883/1523/342 3881/8/341
f 3884/1522/342 3886/1524/343 3885/1525/343 3883/1523/342
f 3886/1524/343 3888/1526/344 3887/1527/344 3885/1525/343
f 3888/1526/344 3890/1528/345 3889/1529/345 3887/1527/344
f 3890/1528/345 3892/1530/346 3891/1531/346 3889/1529/345
f 3892/1530/346 3894/1532/347 3893/1533/347 3891/1531/346
f 3894/1532/347 3896/1534/348 3895/1535/348 3893/1533/347
f 3896/1534/348 3898/1536/349 3897/1537/349 3895/1535/348
f 3898/1536/349 3900/1538/350 3899/1539/350 3897/1537/349
f 3900/1538/350 3902/1540/351 3901/1541/351 3899/1539/350
f 3902/1540/351 3904/1542/352 3903/1543/352 3901/1541/351
f 3904/1542/352 3906/1544/353 3905/1545/353 3903/1543/352
f 3906/1544/353 3908/1546/354 3907/1547/354 3905/1545/353
f 3908/1546/354 3910/1548/355 3909/1549/355 3907/1547/354
f 3910/1548/355 3912/1550/356 3911/1551/356 3909/1549/355
f 3912/1550/356 3914/1552/357 3913/10/357 3911/1551/356
f 3914/1552/357 3916/1553/358 3915/1554/358 3913/10/357
f 3916/1553/358 3918/1555/359 3917/1556/359 3915/1554/358
f 3918/1555/359 3920/1557/360 3919/1558/360 3917/1556/359
f 3920/1557/360 3922/1559/361 3921/1560/361 3919/1558/360
f 3922/1559/361 3924/1561/362 3923/1562/362 3921/1560/361
f 3924/1561/362 3926/1563/363 3925/1564/363 3923/1562/362
f 3926/1563/363 3928/1565/364 3927/1566/364 3925/1564/363
f 3928/1565/364 3930/1282/161 3929/1283/161 3927/1566/364
f 3930/1282/161 3932/1567/365 3931/1568/365 3929/1283/161
f 3932/1567/365 3934/1569/366 3933/1570/366 3931/1568/365
f 3934/1569/366 3936/1571/367 3935/1572/367 3933/1570/366
f 3936/1571/367 3938/1573/368 3937/1574/368 3935/1572/367
f 3938/1573/368 3940/1575/369 3939/1576/369 3937/1574/368
f 3940/1575/369 3942/1577/370 3941/1578/370 3939/1576/369
f 3942/1577/370 3944/1579/371 3943/1580/371 3941/1578/370
f 3944/1579/371 3946/1581/372 3945/4/372 3943/1580/371
f 3946/1581/372 3948/1582/373 3947/1583/373 3945/4/372
f 3948/1582/373 3950/1584/374 3949/1585/374 3947/1583/373
f 3950/1584/374 3952/1586/375 3951/1587/375 3949/1585/374
f 3952/1586/375 3954/1588/376 3953/1589/376 3951/1587/375
f 3954/1588/376 3956/1590/377 3955/1591/377 3953/1589/376
f 3956/1590/377 3958/1592/378 3957/1593/378 3955/1591/377
f 3958/1592/378 3960/1594/379 3959/1595/379 3957/1593/378
f 3960/1594/379 3962/1596/380 3961/1597/380 3959/1595/379
f 3962/1596/380 3964/1598/381 3963/1599/381 3961/1597/380
f 3964/1598/381 3966/1600/382 3965/1601/382 3963/1599/381
f 3966/1600/382 3968/1602/383 3967/1603/383 3965/1601/382
f 3968/1602/383 3970/1604/384 3969/1605/384 3967/1603/383
f 3970/1604/384 3972/1606/385 3971/1607/385 3969/1605/384
f 3972/1606/385 3974/1608/386 3973/1609/386 3971/1607/385
f 3974/1608/386 3976/1610/387 3975/1611/387 3973/1609/386
f 3976/1610/387 3978/1612/388 3977/9/388 3975/1611/387
f 3978/1612/388 3980/1613/389 3979/1614/389 3977/9/388
f 3980/1613/389 3982/1615/390 3981/1616/390 3979/1614/389
f 3982/1615/390 3984/1617/391 3983/1618/391 3981/1616/390
f 3984/1617/391 3986/1619/392 3985/1620/392 3983/1618/391
f 3986/1619/392 3988/1621/393 3987/1622/393 3985/1620/392
f 3988/1621/393 3990/1623/394 3989/1624/394 3987/1622/393
f 3990/1623/394 3992/1625/395 3991/1626/395 3989/1624/394
f 3992/1625/395 3994/1627/396 3993/1628/396 3991/1626/395
f 3994/1627/396 3996/1629/397 3995/1630/397 3993/1628/396
f 3996/1629/397 3998/1631/398 3997/1632/398 3995/1630/397
f 3998/1631/398 4000/1633/399 3999/1634/399 3997/1632/398
f 4000/1633/399 4002/1635/400 4001/1636/400 3999/1634/399
f 4002/1635/400 4004/1637/401 4003/1638/401 4001/1636/400
f 4004/1637/401 4006/1639/402 4005/1640/402 4003/1638/401
f 4006/1639/402 4008/1641/403 4007/1642/403 4005/1640/402
f 4008/1641/403 4010/1643/404 4009/1/404 4007/1642/403
f 4010/1643/404 4012/1644/405 4011/1645/405 4009/1/404
f 4012/1644/405 4014/1646/406 4013/1647/406 4011/1645/405
f 4014/1646/406 4016/1648/407 4015/1649/407 4013/1647/406
f 4016/1648/407 4018/1650/408 4017/1651/408 4015/1649/407
f 4018/1650/408 4020/1652/409 4019/1653/409 4017/1651/408
f 4020/1652/409 4022/1654/410 4021/1655/410 4019/1653/409
f 4022/1654/410 4024/1656/411 4023/1657/411 4021/1655/410
f 4024/1656/411 4026/1658/412 4025/1659/412 4023/1657/411
f 4026/1658/412 4028/1660/413 4027/1661/413 4025/1659/412
f 4028/1660/413 4030/1662/414 4029/1663/414 4027/1661/413
f 4030/1662/414 4032/1664/415 4031/1665/415 4029/1663/414
f 4032/1664/415 4034/1666/416 4033/1667/416 4031/1665/415
f 4034/1666/416 4036/1668/417 4035/1669/417 4033/1667/416
f 4036/1668/417 4038/1670/418 4037/1671/418 4035/1669/417
f 4038/1670/418 4040/1672/419 4039/1673/419 4037/1671/418
f 4040/1672/419 4042/1674/420 4041/3/420 4039/1673/419
f 4042/1674/420 4044/1675/421 4043/1676/421 4041/3/420
f 4044/1675/421 4046/1677/422 4045/1678/422 4043/1676/421
f 4046/1677/422 4048/1679/423 4047/1680/423 4045/1678/422
f 4048/1679/423 4050/1681/424 4049/1682/424 4047/1680/423
f 4050/1681/424 4052/1683/425 4051/1684/425 4049/1682/424
f 4052/1683/425 4054/1685/426 4053/1686/426 4051/1684/425
f 4054/1685/426 4056/1687/427 4055/1688/427 4053/1686/426
f 4056/1687/427 4058/1689/428 4057/1690/428 4055/1688/427
f 4058/1689/428 4060/1691/429 4059/1692/429 4057/1690/428
f 4060/1691/429 4062/1693/430 4061/1694/430 4059/1692/429
f 4062/1693/430 4064/1695/431 4063/1696/431 4061/1694/430
f 4064/1695/431 4066/1697/432 4065/1698/432 4063/1696/431
f 4066/1697/432 4068/1699/433 4067/1700/433 4065/1698/432
f 4068/1699/433 4070/1701/434 4069/1702/434 4067/1700/433
f 4070/1701/434 4072/1703/435 4071/1704/435 4069/1702/434
f 4072/1703/435 3786/1428/293 3785/2/293 4071/1704/435
f 4074/1137/436 4076/1705/437 4075/1706/437 4073/5/436
f 4076/1705/437 4078/1707/438 4077/519/438 4075/1706/437
f 4078/1707/438 4080/1708/439 4079/1709/439 4077/519/438
f 4080/1708/439 4082/1710/440 4081/844/440 4079/1709/439
f 4082/1710/440 4084/1282/441 4083/1283/441 4081/844/440
f 4084/1282/441 4086/1711/439 4085/763/439 4083/1283/441
f 4086/1711/439 4088/1712/442 4087/1713/442 4085/763/439
f 4088/1712/442 4090/1714/437 4089/546/437 4087/1713/442
f 4090/1714/437 4092/1715/443 4091/1716/443 4089/546/437
f 4092/1715/443 4074/1428/436 4073/2/436 4091/1716/443
f 4094/1137/3 4096/1138/4 4095/1139/4 4093/5/3
f 4096/1138/4 4098/1140/5 4097/1141/5 4095/1139/4
f 4098/1140/5 4100/1142/6 4099/1143/6 4097/1141/5
f 4100/1142/6 4102/1144/7 4101/1145/7 4099/1143/6
f 4102/1144/7 4104/1146/8 4103/1147/8 4101/1145/7
f 4104/1146/8 4106/1148/9 4105/1149/9 4103/1147/8
f 4106/1148/9 4108/1150/10 4107/1151/10 4105/1149/9
f 4108/1150/10 4110/1152/11 4109/1153/11 4107/1151/10
f 4110/1152/11 4112/1154/12 4111/1155/12 4109/1153/11
f 4112/1154/12 4114/1156/13 4113/1157/13 4111/1155/12
f 4114/1156/13 4116/1158/14 4115/1159/14 4113/1157/13
f 4116/1158/14 4118/1160/15 4117/1161/15 4115/1159/14
f 4118/1160/15 4120/1162/444 4119/1163/444 4117/1161/15
f 4120/1162/444 4122/1164/17 4121/1165/17 4119/1163/444
f 4122/1164/17 4124/1166/18 4123/1167/18 4121/1165/17
f 4124/1166/18 4126/1168/19 4125/1169/19 4123/1167/18
f 4126/1168/19 4128/1170/20 4127/1171/20 4125/1169/19
f 4128/1170/20 4130/1172/445 4129/1173/445 4127/1171/20
f 4130/1172/445 4132/1174/22 4131/1175/22 4129/1173/445
f 4132/1174/22 4134/1176/23 4133/1177/23 4131/1175/22
f 4134/1176/23 4136/1178/24 4135/1179/24 4133/1177/23
f 4136/1178/24 4138/1180/25 4137/1181/25 4135/1179/24
f 4138/1180/25 4140/1182/26 4139/1183/26 4137/1181/25
f 4140/1182/26 4142/1184/27 4141/1185/27 4139/1183/26
f 4142/1184/27 4144/1186/28 4143/1187/28 4141/1185/27
f 4144/1186/28 4146/1188/29 4145/1189/29 4143/1187/28
f 4146/1188/29 4148/1190/30 4147/1191/30 4145/1189/29
f 4148/1190/30 4150/1192/31 4149/1193/31 4147/1191/30
f 4150/1192/31 4152/1194/32 4151/1195/32 4149/1193/31
f 4152/1194/32 4154/1196/33 4153/1197/33 4151/1195/32
f 4154/1196/33 4156/1198/34 4155/1199/34 4153/1197/33
f 4156/1198/34 4158/1200/35 4157/1201/35 4155/1199/34
f 4158/1200/35 4160/1202/36 4159/1203/36 4157/1201/35
f 4160/1202/36 4162/1204/37 4161/1205/37 4159/1203/36
f 4162/1204/37 4164/1206/38 4163/1207/38 4161/1205/37
f 4164/1206/38 4166/1208/39 4165/1209/39 4163/1207/38
f 4166/1208/39 4168/1210/40 4167/1211/40 4165/1209/39
f 4168/1210/40 4170/1212/41 4169/1213/41 4167/1211/40
f 4170/1212/41 4172/1214/42 4171/1215/42 4169/1213/41
f 4172/1214/42 4174/1216/43 4173/1217/43 4171/1215/42
f 4174/1216/43 4176/1218/44 4175/1219/44 4173/1217/43
f 4176/1218/44 4178/1220/45 4177/1221/45 4175/1219/44
f 4178/1220/45 4180/1222/46 4179/1223/46 4177/1221/45
f 4180/1222/46 4182/1224/47 4181/1225/47 4179/1223/46
f 4182/1224/47 4184/1226/48 4183/1227/48 4181/1225/47
f 4184/1226/48 4186/1228/49 4185/1229/49 4183/1227/48
f 4186/1228/49 4188/1230/50 4187/1231/50 4185/1229/49
f 4188/1230/50 4190/1232/51 4189/1233/51 4187/1231/50
f 4190/1232/51 4192/1234/52 4191/1235/52 4189/1233/51
f 4192/1234/52 4194/1236/53 4193/1237/53 4191/1235/52
f 4194/1236/53 4196/1238/54 4195/1239/54 4193/1237/53
f 4196/1238/54 4198/1240/55 4197/1241/55 4195/1239/54
f 4198/1240/55 4200/1242/56 4199/1243/56 4197/1241/55
f 4200/1242/56 4202/1244/57 4201/1245/57 4199/1243/56
f 4202/1244/57 4204/1246/58 4203/1247/58 4201/1245/57
f 4204/1246/58 4206/1248/59 4205/1249/59 4203/1247/58
f 4206/1248/59 4208/1250/60 4207/1251/60 4205/1249/59
f 4208/1250/60 4210/1252/61 4209/1253/61 4207/1251/60
f 4210/1252/61 4212/1254/62 4211/1255/62 4209/1253/61
f 4212/1254/62 4214/1256/63 4213/1257/63 4211/1255/62
f 4214/1256/63 4216/1258/64 4215/1259/64 4213/1257/63
f 4216/1258/64 4218/1260/65 4217/1261/65 4215/1259/64
f 4218/1260/65 4220/1262/66 4219/1263/66 4217/1261/65
f 4220/1262/66 4222/1264/67 4221/1265/67 4219/1263/66
f 4222/1264/67 4224/1266/446 4223/1267/446 4221/1265/67
f 4224/1266/446 4226/1268/69 4225/1269/69 4223/1267/446
f 4226/1268/69 4228/1270/70 4227/1271/70 4225/1269/69
f 4228/1270/70 4230/1272/71 4229/1273/71 4227/1271/70
f 4230/1272/71 4232/1274/72 4231/1275/72 4229/1273/71
f 4232/1274/72 4234/1276/73 4233/1277/73 4231/1275/72
f 4234/1276/73 4236/1278/74 4235/1279/74 4233/1277/73
f 4236/1278/74 4238/1280/75 4237/1281/75 4235/1279/74
f 4238/1280/75 4240/1282/76 4239/1283/76 4237/1281/75
f 4240/1282/76 4242/1284/77 4241/1285/77 4239/1283/76
f 4242/1284/77 4244/1286/78 4243/1287/78 4241/1285/77
f 4244/1286/78 4246/1288/79 4245/1289/79 4243/1287/78
f 4246/1288/79 4248/1290/80 4247/1291/80 4245/1289/79
f 4248/1290/80 4250/1292/81 4249/1293/81 4247/1291/80
f 4250/1292/81 4252/1294/82 4251/1295/82 4249/1293/81
f 4252/1294/82 4254/1296/83 4253/1297/83 4251/1295/82
f 4254/1296/83 4256/1298/84 4255/1299/84 4253/1297/83
f 4256/1298/84 4258/1300/85 4257/1301/85 4255/1299/84
f 4258/1300/85 4260/1302/86 4259/1303/86 4257/1301/85
f 4260/1302/86 4262/1304/87 4261/1305/87 4259/1303/86
f 4262/1304/87 4264/1306/447 4263/1307/447 4261/1305/87
f 4264/1306/447 4266/1308/448 4265/1309/448 4263/1307/447
f 4266/1308/448 4268/1310/449 4267/1311/449 4265/1309/448
f 4268/1310/449 4270/1312/450 4269/1313/450 4267/1311/449
f 4270/1312/450 4272/1314/451 4271/1315/451 4269/1313/450
f 4272/1314/451 4274/1316/452 4273/1317/452 4271/1315/451
f 4274/1316/452 4276/1318/453 4275/1319/453 4273/1317/452
f 4276/1318/453 4278/1320/454 4277/1321/454 4275/1319/453
f 4278/1320/454 4280/1322/455 4279/1323/455 4277/1321/454
f 4280/1322/455 4282/1324/456 4281/1325/456 4279/1323/455
f 4282/1324/456 4284/1326/457 4283/1327/457 4281/1325/456
f 4284/1326/457 4286/1328/458 4285/1329/458 4283/1327/457
f 4286/1328/458 4288/1330/459 4287/1331/459 4285/1329/458
f 4288/1330/459 4290/1332/460 4289/1333/460 4287/1331/459
f 4290/1332/460 4292/1334/461 4291/1335/461 4289/1333/460
f 4292/1334/461 4294/1336/462 4293/1337/462 4291/1335/461
f 4294/1336/462 4296/1338/463 4295/1339/463 4293/1337/462
f 4296/1338/463 4298/1340/464 4297/1341/464 4295/1339/463
f 4298/1340/464 4300/1342/465 4299/1343/465 4297/1341/464
f 4300/1342/465 4302/1344/466 4301/1345/466 4299/1343/465
f 4302/1344/466 4304/1346/467 4303/1347/467 4301/1345/466
f 4304/1346/467 4306/1348/468 4305/1349/468 4303/1347/467
f 4306/1348/468 4308/1350/469 4307/1351/469 4305/1349/468
f 4308/1350/469 4310/1352/470 4309/1353/470 4307/1351/469
f 4310/1352/470 4312/1354/112 4311/1355/112 4309/1353/470
f 4312/1354/112 4314/1356/113 4313/1357/113 4311/1355/112
f 4314/1356/113 4316/1358/114 4315/1359/114 4313/1357/113
f 4316/1358/114 4318/1360/115 4317/1361/115 4315/1359/114
f 4318/1360/115 4320/1362/116 4319/1363/116 4317/1361/115
f 4320/1362/116 4322/1364/117 4321/1365/117 4319/1363/116
f 4322/1364/117 4324/1366/118 4323/1367/118 4321/1365/117
f 4324/1366/118 4326/1368/119 4325/1369/119 4323/1367/118
f 4326/1368/119 4328/1370/120 4327/1371/120 4325/1369/119
f 4328/1370/120 4330/1372/121 4329/1373/121 4327/1371/120
f 4330/1372/121 4332/1374/122 4331/1375/122 4329/1373/121
f 4332/1374/122 4334/1376/123 4333/1377/123 4331/1375/122
f 4334/1376/123 4336/1378/124 4335/1379/124 4333/1377/123
f 4336/1378/124 4338/1380/125 4337/1381/125 4335/1379/124
f 4338/1380/125 4340/1382/126 4339/1383/126 4337/1381/125
f 4340/1382/126 4342/1384/127 4341/1385/127 4339/1383/126
f 4342/1384/127 4344/1386/128 4343/1387/128 4341/1385/127
f 4344/1386/128 4346/1388/129 4345/1389/129 4343/1387/128
f 4346/1388/129 4348/1390/130 4347/1391/130 4345/1389/129
f 4348/1390/130 4350/1392/131 4349/1393/131 4347/1391/130
f 4350/1392/131 4352/1394/132 4351/1395/132 4349/1393/131
f 4352/1394/132 4354/1396/133 4353/1397/133 4351/1395/132
f 4354/1396/133 4356/1398/134 4355/1399/134 4353/1397/133
f 4356/1398/134 4358/1400/135 4357/1401/135 4355/1399/134
f 4358/1400/135 4360/1402/136 4359/1403/136 4357/1401/135
f 4360/1402/136 4362/1404/137 4361/1405/137 4359/1403/136
f 4362/1404/137 4364/1406/138 4363/1407/138 4361/1405/137
f 4364/1406/138 4366/1408/139 4365/1409/139 4363/1407/138
f 4366/1408/139 4368/1410/140 4367/1411/140 4365/1409/139
f 4368/1410/140 4370/1412/141 4369/1413/141 4367/1411/140
f 4370/1412/141 4372/1414/142 4371/1415/142 4369/1413/141
f 4372/1414/142 4374/1416/143 4373/1417/143 4371/1415/142
f 4374/1416/143 4376/1418/144 4375/1419/144 4373/1417/143
f 4376/1418/144 4378/1420/145 4377/1421/145 4375/1419/144
f 4378/1420/145 4380/1422/146 4379/1423/146 4377/1421/145
f 4380/1422/146 4382/1424/147 4381/1425/147 4379/1423/146
f 4382/1424/147 4384/1426/148 4383/1427/148 4381/1425/147
f 4384/1426/148 4094/1428/3 4093/2/3 4383/1427/148
f 4386/1137/438 4388/1474/438 4387/1475/438 4385/5/438
f 4388/1474/438 4390/1521/438 4389/8/438 4387/1475/438
f 4390/1521/438 4392/1282/439 4391/1283/439 4389/8/438
f 4392/1282/439 4394/1612/442 4393/9/442 4391/1283/439
f 4394/1612/442 4396/1658/437 4395/1659/437 4393/9/442
f 4396/1658/437 4386/1428/438 4385/2/438 4395/1659/437
f 4398/1137/471 4400/1717/437 4399/1718/437 4397/5/471
f 4400/1717/437 4402/1719/438 4401/1720/438 4399/1718/437
f 4402/1719/438 4404/1721/472 4403/1722/472 4401/1720/438
f 4404/1721/472 4406/1723/473 4405/1724/473 4403/1722/472
f 4406/1723/473 4408/1725/474 4407/1726/474 4405/1724/473
f 4408/1725/474 4410/1727/475 4409/1728/475 4407/1726/474
f 4410/1727/475 4412/1729/476 4411/1730/476 4409/1728/475
f 4412/1729/476 4414/1731/477 4413/1732/477 4411/1730/476
f 4414/1731/477 4416/1733/478 4415/1734/478 4413/1732/477
f 4416/1733/478 4418/1735/479 4417/1736/479 4415/1734/478
f 4418/1735/479 4420/1737/480 4419/1738/480 4417/1736/479
f 4420/1737/480 4422/1739/481 4421/1740/481 4419/1738/480
f 4422/1739/481 4424/1741/482 4423/1742/482 4421/1740/481
f 4424/1741/482 4426/1743/483 4425/1744/483 4423/1742/482
f 4426/1743/483 4428/1745/484 4427/1746/484 4425/1744/483
f 4428/1745/484 4430/1747/485 4429/1748/485 4427/1746/484
f 4430/1747/485 4432/1749/486 4431/1750/486 4429/1748/485
f 4432/1749/486 4434/1751/487 4433/1752/487 4431/1750/486
f 4434/1751/487 4436/1753/488 4435/1754/488 4433/1752/487
f 4436/1753/488 4438/1755/489 4437/1756/489 4435/1754/488
f 4438/1755/489 4440/1757/490 4439/1758/490 4437/1756/489
f 4440/1757/490 4442/1759/491 4441/1760/491 4439/1758/490
f 4442/1759/491 4444/1474/492 4443/1475/492 4441/1760/491
f 4444/1474/492 4446/1761/493 4445/1762/493 4443/1475/492
f 4446/1761/493 4448/1763/494 4447/1764/494 4445/1762/493
f 4448/1763/494 4450/1765/495 4449/1766/495 4447/1764/494
f 4450/1765/495 4452/1767/496 4451/1768/496 4449/1766/495
f 4452/1767/496 4454/1769/497 4453/1770/497 4451/1768/496
f 4454/1769/497 4456/1771/498 4455/1772/498 4453/1770/497
f 4456/1771/498 4458/1773/499 4457/1774/499 4455/1772/498
f 4458/1773/499 4460/1775/500 4459/1776/500 4457/1774/499
f 4460/1775/500 4462/1777/501 4461/1778/501 4459/1776/500
f 4462/1777/501 4464/1779/502 4463/1780/502 4461/1778/501
f 4464/1779/502 4466/1781/503 4465/1782/503 4463/1780/502
f 4466/1781/503 4468/1783/504 4467/1784/504 4465/1782/503
f 4468/1783/504 4470/1785/505 4469/1786/505 4467/1784/504
f 4470/1785/505 4472/1787/506 4471/1788/506 4469/1786/505
f 4472/1787/506 4474/1789/507 4473/1790/507 4471/1788/506
f 4474/1789/507 4476/1791/508 4475/1792/508 4473/1790/507
f 4476/1791/508 4478/1793/437 4477/1794/437 4475/1792/508
f 4478/1793/437 4480/1795/438 4479/1796/438 4477/1794/437
f 4480/1795/438 4482/1797/509 4481/1798/509 4479/1796/438
f 4482/1797/509 4484/1799/510 4483/1800/510 4481/1798/509
f 4484/1799/510 4486/1801/511 4485/1802/511 4483/1800/510
f 4486/1801/511 4488/1803/512 4487/1804/512 4485/1802/511
f 4488/1803/512 4490/1521/513 4489/8/513 4487/1804/512
f 4490/1521/513 4492/1805/514 4491/1806/514 4489/8/513
f 4492/1805/514 4494/1807/515 4493/1808/515 4491/1806/514
f 4494/1807/515 4496/1809/516 4495/1810/516 4493/1808/515
f 4496/1809/516 4498/1811/517 4497/1812/517 4495/1810/516
f 4498/1811/517 4500/1813/518 4499/1814/518 4497/1812/517
f 4500/1813/518 4502/1815/519 4501/1816/519 4499/1814/518
f 4502/1815/519 4504/1817/520 4503/1818/520 4501/1816/519
f 4504/1817/520 4506/1819/521 4505/1820/521 4503/1818/520
f 4506/1819/521 4508/1821/522 4507/1822/522 4505/1820/521
f 4508/1821/522 4510/1823/523 4509/1824/523 4507/1822/522
f 4510/1823/523 4512/1825/524 4511/1826/524 4509/1824/523
f 4512/1825/524 4514/1827/525 4513/1828/525 4511/1826/524
f 4514/1827/525 4516/1829/526 4515/1830/526 4513/1828/525
f 4516/1829/526 4518/1831/527 4517/1832/527 4515/1830/526
f 4518/1831/527 4520/1833/528 4519/1834/528 4517/1832/527
f 4520/1833/528 4522/1835/529 4521/1836/529 4519/1834/528
f 4522/1835/529 4524/1837/530 4523/1838/530 4521/1836/529
f 4524/1837/530 4526/1839/531 4525/1840/531 4523/1838/530
f 4526/1839/531 4528/1841/532 4527/1842/532 4525/1840/531
f 4528/1841/532 4530/1843/533 4529/1844/533 4527/1842/532
f 4530/1843/533 4532/1845/534 4531/1846/534 4529/1844/533
f 4532/1845/534 4534/1847/535 4533/1848/535 4531/1846/534
f 4534/1847/535 4536/1282/536 4535/1283/536 4533/1848/535
f 4536/1282/536 4538/1849/537 4537/1850/537 4535/1283/536
f 4538/1849/537 4540/1851/538 4539/1852/538 4537/1850/537
f 4540/1851/538 4542/1853/539 4541/1854/539 4539/1852/538
f 4542/1853/539 4544/1855/540 4543/1856/540 4541/1854/539
f 4544/1855/540 4546/1857/541 4545/1858/541 4543/1856/540
f 4546/1857/541 4548/1859/542 4547/1860/542 4545/1858/541
f 4548/1859/542 4550/1861/543 4549/1862/543 4547/1860/542
f 4550/1861/543 4552/1863/544 4551/1864/544 4549/1862/543
f 4552/1863/544 4554/1865/545 4553/1866/545 4551/1864/544
f 4554/1865/545 4556/1867/546 4555/1868/546 4553/1866/545
f 4556/1867/546 4558/1869/547 4557/1870/547 4555/1868/546
f 4558/1869/547 4560/1871/548 4559/1872/548 4557/1870/547
f 4560/1871/548 4562/1873/549 4561/1874/549 4559/1872/548
f 4562/1873/549 4564/1875/550 4563/1876/550 4561/1874/549
f 4564/1875/550 4566/1877/551 4565/1878/551 4563/1876/550
f 4566/1877/551 4568/1879/552 4567/1880/552 4565/1878/551
f 4568/1879/552 4570/1881/553 4569/1882/553 4567/1880/552
f 4570/1881/553 4572/1883/554 4571/1884/554 4569/1882/553
f 4572/1883/554 4574/1885/555 4573/1886/555 4571/1884/554
f 4574/1885/555 4576/1887/556 4575/1888/556 4573/1886/555
f 4576/1887/556 4578/1889/557 4577/1890/557 4575/1888/556
f 4578/1889/557 4580/1891/558 4579/1892/558 4577/1890/557
f 4580/1891/558 4582/1612/559 4581/9/559 4579/1892/558
f 4582/1612/559 4584/1893/560 4583/1894/560 4581/9/559
f 4584/1893/560 4586/1895/561 4585/1896/561 4583/1894/560
f 4586/1895/561 4588/1897/562 4587/1898/562 4585/1896/561
f 4588/1897/562 4590/1899/563 4589/1900/563 4587/1898/562
f 4590/1899/563 4592/1901/564 4591/1902/564 4589/1900/563
f 4592/1901/564 4594/1903/565 4593/1904/565 4591/1902/564
f 4594/1903/565 4596/1905/566 4595/1906/566 4593/1904/565
f 4596/1905/566 4598/1907/567 4597/1908/567 4595/1906/566
f 4598/1907/567 4600/1909/568 4599/1910/568 4597/1908/567
f 4600/1909/568 4602/1911/569 4601/1912/569 4599/1910/568
f 4602/1911/569 4604/1913/570 4603/1914/570 4601/1912/569
f 4604/1913/570 4606/1915/571 4605/1916/571 4603/1914/570
f 4606/1915/571 4608/1917/572 4607/1918/572 4605/1916/571
f 4608/1917/572 4610/1919/573 4609/1920/573 4607/1918/572
f 4610/1919/573 4612/1921/574 4611/1922/574 4609/1920/573
f 4612/1921/574 4614/1923/575 4613/1924/575 4611/1922/574
f 4614/1923/575 4616/1925/576 4615/1926/576 4613/1924/575
f 4616/1925/576 4618/1927/577 4617/1928/577 4615/1926/576
f 4618/1927/577 4620/1929/578 4619/1930/578 4617/1928/577
f 4620/1929/578 4622/1931/579 4621/1932/579 4619/1930/578
f 4622/1931/579 4624/1933/580 4623/1934/580 4621/1932/579
f 4624/1933/580 4626/1935/581 4625/1936/581 4623/1934/580
f 4626/1935/581 4628/1658/582 4627/1659/582 4625/1936/581
f 4628/1658/582 4630/1937/583 4629/1938/583 4627/1659/582
f 4630/1937/583 4632/1939/584 4631/1940/584 4629/1938/583
f 4632/1939/584 4634/1941/585 4633/1942/585 4631/1940/584
f 4634/1941/585 4636/1943/586 4635/1944/586 4633/1942/585
f 4636/1943/586 4638/1945/587 4637/1946/587 4635/1944/586
f 4638/1945/587 4640/1947/588 4639/1948/588 4637/1946/587
f 4640/1947/588 4642/1949/589 4641/1950/589 4639/1948/588
f 4642/1949/589 4644/1951/590 4643/1952/590 4641/1950/589
f 4644/1951/590 4646/1953/591 4645/1954/591 4643/1952/590
f 4646/1953/591 4648/1955/592 4647/1956/592 4645/1954/591
f 4648/1955/592 4650/1957/593 4649/1958/593 4647/1956/592
f 4650/1957/593 4652/1959/594 4651/1960/594 4649/1958/593
f 4652/1959/594 4654/1961/595 4653/1962/595 4651/1960/594
f 4654/1961/595 4656/1963/596 4655/1964/596 4653/1962/595
f 4656/1963/596 4658/1965/597 4657/1966/597 4655/1964/596
f 4658/1965/597 4660/1967/598 4659/1968/598 4657/1966/597
f 4660/1967/598 4662/1969/599 4661/1970/599 4659/1968/598
f 4662/1969/599 4664/1971/600 4663/1972/600 4661/1970/599
f 4664/1971/600 4666/1973/601 4665/1974/601 4663/1972/600
f 4666/1973/601 4668/1975/602 4667/1976/602 4665/1974/601
f 4668/1975/602 4670/1977/603 4669/1978/603 4667/1976/602
f 4670/1977/603 4672/1979/604 4671/1980/604 4669/1978/603
f 4672/1979/604 4398/1428/471 4397/2/471 4671/1980/604
f 4674/1137/605 4676/1981/606 4675/1982/606 4673/5/605
f 4676/1981/606 4678/1983/607 4677/1984/607 4675/1982/606
f 4678/1983/607 4680/1985/608 4679/1986/608 4677/1984/607
f 4680/1985/608 4682/1987/609 4681/1988/609 4679/1986/608
f 4682/1987/609 4684/1989/610 4683/1990/610 4681/1988/609
f 4684/1989/610 4686/1991/611 4685/1992/611 4683/1990/610
f 4686/1991/611 4688/1993/612 4687/1994/612 4685/1992/611
f 4688/1993/612 4690/1995/613 4689/1996/613 4687/1994/612
f 4690/1995/613 4692/1997/614 4691/1998/614 4689/1996/613
f 4692/1997/614 4694/1999/615 4693/2000/615 4691/1998/614
f 4694/1999/615 4696/2001/616 4695/2002/616 4693/2000/615
f 4696/2001/616 4698/2003/617 4697/2004/617 4695/2002/616
f 4698/2003/617 4700/2005/618 4699/2006/618 4697/2004/617
f 4700/2005/618 4702/2007/619 4701/2008/619 4699/2006/618
f 4702/2007/619 4704/2009/620 4703/2010/620 4701/2008/619
f 4704/2009/620 4706/2011/621 4705/2012/621 4703/2010/620
f 4706/2011/621 4708/2013/622 4707/2014/622 4705/2012/621
f 4708/2013/622 4710/2015/623 4709/2016/623 4707/2014/622
f 4710/2015/623 4712/2017/624 4711/2018/624 4709/2016/623
f 4712/2017/624 4714/2019/625 4713/2020/625 4711/2018/624
f 4714/2019/625 4716/2021/626 4715/2022/626 4713/2020/625
f 4716/2021/626 4718/2023/627 4717/2024/627 4715/2022/626
f 4718/2023/627 4720/2025/628 4719/2026/628 4717/2024/627
f 4720/2025/628 4722/2027/629 4721/2028/629 4719/2026/628
f 4722/2027/629 4724/2029/230 4723/2030/230 4721/2028/629
f 4724/2029/230 4726/2031/630 4725/2032/630 4723/2030/230
f 4726/2031/630 4728/2033/631 4727/2034/631 4725/2032/630
f 4728/2033/631 4730/2035/632 4729/2036/632 4727/2034/631
f 4730/2035/632 4732/2037/633 4731/2038/633 4729/2036/632
f 4732/2037/633 4734/2039/634 4733/2040/634 4731/2038/633
f 4734/2039/634 4736/2041/635 4735/2042/635 4733/2040/634
f 4736/2041/635 4738/2043/636 4737/2044/636 4735/2042/635
f 4738/2043/636 4740/2045/637 4739/2046/637 4737/2044/636
f 4740/2045/637 4742/2047/638 4741/2048/638 4739/2046/637
f 4742/2047/638 4744/2049/639 4743/2050/639 4741/2048/638
f 4744/2049/639 4746/2051/640 4745/2052/640 4743/2050/639
f 4746/2051/640 4748/2053/641 4747/2054/641 4745/2052/640
f 4748/2053/641 4750/2055/642 4749/2056/642 4747/2054/641
f 4750/2055/642 4752/2057/643 4751/2058/643 4749/2056/642
f 4752/2057/643 4754/2059/644 4753/2060/644 4751/2058/643
f 4754/2059/644 4756/2061/645 4755/2062/645 4753/2060/644
f 4756/2061/645 4758/2063/646 4757/2064/646 4755/2062/645
f 4758/2063/646 4760/2065/647 4759/2066/647 4757/2064/646
f 4760/2065/647 4762/2067/648 4761/2068/648 4759/2066/647
f 4762/2067/648 4764/2069/649 4763/2070/649 4761/2068/648
f 4764/2069/649 4766/2071/650 4765/2072/650 4763/2070/649
f 4766/2071/650 4768/2073/651 4767/2074/651 4765/2072/650
f 4768/2073/651 4770/2075/652 4769/2076/652 4767/2074/651
f 4770/2075/652 4772/2077/653 4771/2078/653 4769/2076/652
f 4772/2077/653 4774/2079/654 4773/2080/654 4771/2078/653
f 4774/2079/654 4776/2081/655 4775/2082/655 4773/2080/654
f 4776/2081/655 4778/2083/656 4777/2084/656 4775/2082/655
f 4778/2083/656 4780/2085/657 4779/2086/657 4777/2084/656
f 4780/2085/657 4782/2087/658 4781/2088/658 4779/2086/657
f 4782/2087/658 4784/2089/659 4783/2090/659 4781/2088/658
f 4784/2089/659 4786/2091/660 4785/2092/660 4783/2090/659
f 4786/2091/660 4788/2093/661 4787/2094/661 4785/2092/660
f 4788/2093/661 4790/2095/662 4789/2096/662 4787/2094/661
f 4790/2095/662 4792/2097/663 4791/2098/663 4789/2096/662
f 4792/2097/663 4794/2099/664 4793/2100/664 4791/2098/663
f 4794/2099/664 4796/2101/665 4795/2102/665 4793/2100/664
f 4796/2101/665 4798/2103/666 4797/2104/666 4795/2102/665
f 4798/2103/666 4800/2105/667 4799/2106/667 4797/2104/666
f 4800/2105/667 4802/2107/668 4801/2108/668 4799/2106/667
f 4802/2107/668 4804/2109/669 4803/2110/669 4801/2108/668
f 4804/2109/669 4806/2111/670 4805/2112/670 4803/2110/669
f 4806/2111/670 4808/2113/671 4807/2114/671 4805/2112/670
f 4808/2113/671 4810/2115/672 4809/2116/672 4807/2114/671
f 4810/2115/672 4812/2117/673 4811/2118/673 4809/2116/672
f 4812/2117/673 4814/2119/674 4813/2120/674 4811/2118/673
f 4814/2119/674 4816/2121/675 4815/2122/675 4813/2120/674
f 4816/2121/675 4818/2123/676 4817/2124/676 4815/2122/675
f 4818/2123/676 4820/2125/677 4819/2126/677 4817/2124/676
f 4820/2125/677 4822/2127/678 4821/2128/678 4819/2126/677
f 4822/2127/678 4824/2129/679 4823/2130/679 4821/2128/678
f 4824/2129/679 4826/2131/680 4825/2132/680 4823/2130/679
f 4826/2131/680 4828/2133/681 4827/2134/681 4825/2132/680
f 4828/2133/681 4830/2135/682 4829/2136/682 4827/2134/681
f 4830/2135/682 4832/2137/683 4831/2138/683 4829/2136/682
f 4832/2137/683 4834/2139/684 4833/2140/684 4831/2138/683
f 4834/2139/684 4836/2141/685 4835/2142/685 4833/2140/684
f 4836/2141/685 4838/2143/686 4837/2144/686 4835/2142/685
f 4838/2143/686 4840/2145/687 4839/2146/687 4837/2144/686
f 4840/2145/687 4842/2147/688 4841/2148/688 4839/2146/687
f 4842/2147/688 4844/2149/689 4843/2150/689 4841/2148/688
f 4844/2149/689 4846/2151/690 4845/2152/690 4843/2150/689
f 4846/2151/690 4848/2153/691 4847/2154/691 4845/2152/690
f 4848/2153/691 4850/2155/692 4849/2156/692 4847/2154/691
f 4850/2155/692 4852/2157/693 4851/2158/693 4849/2156/692
f 4852/2157/693 4854/2159/694 4853/2160/694 4851/2158/693
f 4854/2159/694 4856/2161/695 4855/2162/695 4853/2160/694
f 4856/2161/695 4858/2163/696 4857/2164/696 4855/2162/695
f 4858/2163/696 4860/2165/697 4859/2166/697 4857/2164/696
f 4860/2165/697 4862/2167/698 4861/2168/698 4859/2166/697
f 4862/2167/698 4864/2169/699 4863/2170/699 4861/2168/698
f 4864/2169/699 4866/2171/700 4865/2172/700 4863/2170/699
f 4866/2171/700 4868/2173/701 4867/2174/701 4865/2172/700
f 4868/2173/701 4870/2175/702 4869/2176/702 4867/2174/701
f 4870/2175/702 4872/2177/703 4871/2178/703 4869/2176/702
f 4872/2177/703 4874/2179/704 4873/2180/704 4871/2178/703
f 4874/2179/704 4876/2181/705 4875/2182/705 4873/2180/704
f 4876/2181/705 4878/2183/706 4877/2184/706 4875/2182/705
f 4878/2183/706 4880/2185/707 4879/2186/707 4877/2184/706
f 4880/2185/707 4882/2187/708 4881/2188/708 4879/2186/707
f 4882/2187/708 4884/2189/709 4883/2190/709 4881/2188/708
f 4884/2189/709 4886/2191/710 4885/2192/710 4883/2190/709
f 4886/2191/710 4888/2193/711 4887/2194/711 4885/2192/710
f 4888/2193/711 4890/2195/712 4889/2196/712 4887/2194/711
f 4890/2195/712 4892/2197/713 4891/2198/713 4889/2196/712
f 4892/2197/713 4894/2199/714 4893/2200/714 4891/2198/713
f 4894/2199/714 4896/2201/715 4895/2202/715 4893/2200/714
f 4896/2201/715 4898/2203/716 4897/2204/716 4895/2202/715
f 4898/2203/716 4900/2205/717 4899/2206/717 4897/2204/716
f 4900/2205/717 4902/2207/718 4901/2208/718 4899/2206/717
f 4902/2207/718 4904/2209/719 4903/2210/719 4901/2208/718
f 4904/2209/719 4906/2211/720 4905/2212/720 4903/2210/719
f 4906/2211/720 4908/2213/721 4907/2214/721 4905/2212/720
f 4908/2213/721 4910/2215/722 4909/2216/722 4907/2214/721
f 4910/2215/722 4912/2217/723 4911/2218/723 4909/2216/722
f 4912/2217/723 4914/2219/724 4913/2220/724 4911/2218/723
f 4914/2219/724 4916/2221/725 4915/2222/725 4913/2220/724
f 4916/2221/725 4918/2223/726 4917/2224/726 4915/2222/725
f 4918/2223/726 4920/2225/727 4919/2226/727 4917/2224/726
f 4920/2225/727 4922/2227/728 4921/2228/728 4919/2226/727
f 4922/2227/728 4924/2229/729 4923/2230/729 4921/2228/728
f 4924/2229/729 4926/2231/730 4925/2232/730 4923/2230/729
f 4926/2231/730 4928/2233/731 4927/2234/731 4925/2232/730
f 4928/2233/731 4930/2235/732 4929/2236/732 4927/2234/731
f 4930/2235/732 4932/2237/733 4931/2238/733 4929/2236/732
f 4932/2237/733 4934/2239/734 4933/2240/734 4931/2238/733
f 4934/2239/734 4936/2241/735 4935/2242/735 4933/2240/734
f 4936/2241/735 4938/2243/736 4937/2244/736 4935/2242/735
f 4938/2243/736 4940/2245/737 4939/2246/737 4937/2244/736
f 4940/2245/737 4942/2247/738 4941/2248/738 4939/2246/737
f 4942/2247/738 4944/2249/739 4943/2250/739 4941/2248/738
f 4944/2249/739 4946/2251/740 4945/2252/740 4943/2250/739
f 4946/2251/740 4948/2253/741 4947/2254/741 4945/2252/740
f 4948/2253/741 4950/2255/742 4949/2256/742 4947/2254/741
f 4950/2255/742 4952/2257/743 4951/2258/743 4949/2256/742
f 4952/2257/743 4954/2259/744 4953/2260/744 4951/2258/743
f 4954/2259/744 4956/2261/745 4955/2262/745 4953/2260/744
f 4956/2261/745 4958/2263/746 4957/2264/746 4955/2262/745
f 4958/2263/746 4960/2265/747 4959/2266/747 4957/2264/746
f 4960/2265/747 4962/2267/748 4961/2268/748 4959/2266/747
f 4962/2267/748 4964/2269/749 4963/2270/749 4961/2268/748
f 4964/2269/749 4966/2271/750 4965/2272/750 4963/2270/749
f 4966/2271/750 4968/2273/751 4967/2274/751 4965/2272/750
f 4968/2273/751 4970/2275/752 4969/2276/752 4967/2274/751
f 4970/2275/752 4972/2277/753 4971/2278/753 4969/2276/752
f 4972/2277/753 4974/2279/754 4973/2280/754 4971/2278/753
f 4974/2279/754 4976/2281/755 4975/2282/755 4973/2280/754
f 4976/2281/755 4978/2283/756 4977/2284/756 4975/2282/755
f 4978/2283/756 4980/2285/757 4979/2286/757 4977/2284/756
f 4980/2285/757 4982/2287/758 4981/2288/758 4979/2286/757
f 4982/2287/758 4984/2289/759 4983/2290/759 4981/2288/758
f 4984/2289/759 4986/2291/760 4985/2292/760 4983/2290/759
f 4986/2291/760 4988/2293/761 4987/2294/761 4985/2292/760
f 4988/2293/761 4990/2295/762 4989/2296/762 4987/2294/761
f 4990/2295/762 4992/2297/763 4991/2298/763 4989/2296/762
f 4992/2297/763 4994/2299/764 4993/2300/764 4991/2298/763
f 4994/2299/764 4996/2301/765 4995/2302/765 4993/2300/764
f 4996/2301/765 4998/2303/766 4997/2304/766 4995/2302/765
f 4998/2303/766 5000/2305/767 4999/2306/767 4997/2304/766
f 5000/2305/767 5002/2307/768 5001/2308/768 4999/2306/767
f 5002/2307/768 5004/2309/769 5003/2310/769 5001/2308/768
f 5004/2309/769 5006/2311/770 5005/2312/770 5003/2310/769
f 5006/2311/770 5008/2313/771 5007/2314/771 5005/2312/770
f 5008/2313/771 5010/2315/772 5009/2316/772 5007/2314/771
f 5010/2315/772 5012/2317/773 5011/2318/773 5009/2316/772
f 5012/2317/773 5014/2319/774 5013/2320/774 5011/2318/773
f 5014/2319/774 5016/2321/775 5015/2322/775 5013/2320/774
f 5016/2321/775 5018/2323/776 5017/2324/776 5015/2322/775
f 5018/2323/776 5020/2325/777 5019/2326/777 5017/2324/776
f 5020/2325/777 5022/2327/778 5021/2328/778 5019/2326/777
f 5022/2327/778 5024/2329/779 5023/2330/779 5021/2328/778
f 5024/2329/779 5026/2331/780 5025/2332/780 5023/2330/779
f 5026/2331/780 5028/2333/781 5027/2334/781 5025/2332/780
f 5028/2333/781 5030/2335/782 5029/2336/782 5027/2334/781
f 5030/2335/782 5032/2337/783 5031/2338/783 5029/2336/782
f 5032/2337/783 5034/2339/784 5033/2340/784 5031/2338/783
f 5034/2339/784 5036/2341/785 5035/2342/785 5033/2340/784
f 5036/2341/785 5038/2343/786 5037/2344/786 5035/2342/785
f 5038/2343/786 5040/2345/787 5039/2346/787 5037/2344/786
f 5040/2345/787 5042/2347/788 5041/2348/788 5039/2346/787
f 5042/2347/788 5044/2349/789 5043/2350/789 5041/2348/788
f 5044/2349/789 5046/2351/790 5045/2352/790 5043/2350/789
f 5046/2351/790 5048/2353/791 5047/2354/791 5045/2352/790
f 5048/2353/791 5050/2355/792 5049/2356/792 5047/2354/791
f 5050/2355/792 5052/2357/793 5051/2358/793 5049/2356/792
f 5052/2357/793 5054/2359/794 5053/2360/794 5051/2358/793
f 5054/2359/794 5056/2361/795 5055/2362/795 5053/2360/794
f 5056/2361/795 5058/2363/796 5057/2364/796 5055/2362/795
f 5058/2363/796 5060/2365/797 5059/2366/797 5057/2364/796
f 5060/2365/797 5062/2367/798 5061/2368/798 5059/2366/797
f 5062/2367/798 5064/2369/799 5063/2370/799 5061/2368/798
f 5064/2369/799 5066/2371/800 5065/2372/800 5063/2370/799
f 5066/2371/800 5068/2373/801 5067/2374/801 5065/2372/800
f 5068/2373/801 5070/2375/802 5069/2376/802 5067/2374/801
f 5070/2375/802 5072/2377/803 5071/2378/803 5069/2376/802
f 5072/2377/803 5074/2379/804 5073/2380/804 5071/2378/803
f 5074/2379/804 5076/2381/805 5075/2382/805 5073/2380/804
f 5076/2381/805 5078/2383/806 5077/2384/806 5075/2382/805
f 5078/2383/806 5080/2385/807 5079/2386/807 5077/2384/806
f 5080/2385/807 5082/2387/808 5081/2388/808 5079/2386/807
f 5082/2387/808 5084/2389/809 5083/2390/809 5081/2388/808
f 5084/2389/809 5086/2391/810 5085/2392/810 5083/2390/809
f 5086/2391/810 5088/2393/811 5087/2394/811 5085/2392/810
f 5088/2393/811 5090/2395/812 5089/2396/812 5087/2394/811
f 5090/2395/812 5092/2397/813 5091/2398/813 5089/2396/812
f 5092/2397/813 5094/2399/814 5093/2400/814 5091/2398/813
f 5094/2399/814 5096/2401/815 5095/2402/815 5093/2400/814
f 5096/2401/815 5098/2403/816 5097/2404/816 5095/2402/815
f 5098/2403/816 5100/2405/817 5099/2406/817 5097/2404/816
f 5100/2405/817 5102/2407/818 5101/2408/818 5099/2406/817
f 5102/2407/818 5104/2409/819 5103/2410/819 5101/2408/818
f 5104/2409/819 5106/2411/820 5105/2412/820 5103/2410/819
f 5106/2411/820 5108/2413/821 5107/2414/821 5105/2412/820
f 5108/2413/821 5110/2415/822 5109/2416/822 5107/2414/821
f 5110/2415/822 5112/2417/823 5111/2418/823 5109/2416/822
f 5112/2417/823 5114/2419/824 5113/2420/824 5111/2418/823
f 5114/2419/824 5116/2421/825 5115/2422/825 5113/2420/824
f 5116/2421/825 5118/2423/826 5117/2424/826 5115/2422/825
f 5118/2423/826 5120/2425/827 5119/2426/827 5117/2424/826
f 5120/2425/827 5122/2427/828 5121/2428/828 5119/2426/827
f 5122/2427/828 5124/2429/829 5123/2430/829 5121/2428/828
f 5124/2429/829 5126/2431/830 5125/2432/830 5123/2430/829
f 5126/2431/830 5128/2433/831 5127/2434/831 5125/2432/830
f 5128/2433/831 5130/2435/832 5129/2436/832 5127/2434/831
f 5130/2435/832 5132/2437/833 5131/2438/833 5129/2436/832
f 5132/2437/833 5134/2439/834 5133/2440/834 5131/2438/833
f 5134/2439/834 5136/2441/835 5135/2442/835 5133/2440/834
f 5136/2441/835 5138/2443/836 5137/2444/836 5135/2442/835
f 5138/2443/836 5140/2445/837 5139/2446/837 5137/2444/836
f 5140/2445/837 5142/2447/838 5141/2448/838 5139/2446/837
f 5142/2447/838 5144/2449/839 5143/2450/839 5141/2448/838
f 5144/2449/839 5146/2451/840 5145/2452/840 5143/2450/839
f 5146/2451/840 5148/2453/841 5147/2454/841 5145/2452/840
f 5148/2453/841 5150/2455/842 5149/2456/842 5147/2454/841
f 5150/2455/842 5152/2457/843 5151/2458/843 5149/2456/842
f 5152/2457/843 5154/2459/36 5153/2460/36 5151/2458/843
f 5154/2459/36 5156/2461/844 5155/2462/844 5153/2460/36
f 5156/2461/844 5158/2463/845 5157/2464/845 5155/2462/844
f 5158/2463/845 5160/2465/846 5159/2466/846 5157/2464/845
f 5160/2465/846 5162/2467/847 5161/2468/847 5159/2466/846
f 5162/2467/847 5164/2469/848 5163/2470/848 5161/2468/847
f 5164/2469/848 5166/2471/849 5165/2472/849 5163/2470/848
f 5166/2471/849 5168/2473/850 5167/2474/850 5165/2472/849
f 5168/2473/850 5170/2475/851 5169/2476/851 5167/2474/850
f 5170/2475/851 5172/2477/852 5171/2478/852 5169/2476/851
f 5172/2477/852 5174/2479/853 5173/2480/853 5171/2478/852
f 5174/2479/853 5176/2481/854 5175/2482/854 5173/2480/853
f 5176/2481/854 5178/2483/855 5177/2484/855 5175/2482/854
f 5178/2483/855 5180/2485/856 5179/2486/856 5177/2484/855
f 5180/2485/856 5182/2487/857 5181/2488/857 5179/2486/856
f 5182/2487/857 5184/2489/858 5183/2490/858 5181/2488/857
f 5184/2489/858 5186/2491/859 5185/2492/859 5183/2490/858
f 5186/2491/859 5188/2493/860 5187/2494/860 5185/2492/859
f 5188/2493/860 5190/2495/861 5189/2496/861 5187/2494/860
f 5190/2495/861 5192/2497/862 5191/2498/862 5189/2496/861
f 5192/2497/862 5194/2499/863 5193/2500/863 5191/2498/862
f 5194/2499/863 5196/2501/864 5195/2502/864 5193/2500/863
f 5196/2501/864 5198/2503/865 5197/2504/865 5195/2502/864
f 5198/2503/865 5200/2505/866 5199/2506/866 5197/2504/865
f 5200/2505/866 5202/2507/867 5201/2508/867 5199/2506/866
f 5202/2507/867 5204/2509/868 5203/2510/868 5201/2508/867
f 5204/2509/868 5206/2511/869 5205/2512/869 5203/2510/868
f 5206/2511/869 5208/2513/870 5207/2514/870 5205/2512/869
f 5208/2513/870 5210/2515/871 5209/2516/871 5207/2514/870
f 5210/2515/871 5212/2517/872 5211/2518/872 5209/2516/871
f 5212/2517/872 5214/2519/873 5213/2520/873 5211/2518/872
f 5214/2519/873 5216/2521/874 5215/2522/874 5213/2520/873
f 5216/2521/874 5218/2523/875 5217/2524/875 5215/2522/874
f 5218/2523/875 5220/2525/876 5219/2526/876 5217/2524/875
f 5220/2525/876 5222/2527/877 5221/2528/877 5219/2526/876
f 5222/2527/877 5224/2529/878 5223/2530/878 5221/2528/877
f 5224/2529/878 5226/2531/879 5225/2532/879 5223/2530/878
f 5226/2531/879 5228/2533/880 5227/2534/880 5225/2532/879
f 5228/2533/880 5230/2535/881 5229/2536/881 5227/2534/880
f 5230/2535/881 5232/2537/882 5231/2538/882 5229/2536/881
f 5232/2537/882 5234/2539/883 5233/2540/883 5231/2538/882
f 5234/2539/883 5236/2541/884 5235/2542/884 5233/2540/883
f 5236/2541/884 5238/2543/885 5237/2544/885 5235/2542/884
f 5238/2543/885 5240/1282/886 5239/1283/886 5237/2544/885
f 5240/1282/886 5242/2545/887 5241/2546/887 5239/1283/886
f 5242/2545/887 5244/2547/888 5243/2548/888 5241/2546/887
f 5244/2547/888 5246/2549/258 5245/2550/258 5243/2548/888
f 5246/2549/258 5248/2551/889 5247/2552/889 5245/2550/258
f 5248/2551/889 5250/2553/890 5249/2554/890 5247/2552/889
f 5250/2553/890 5252/2555/891 5251/2556/891 5249/2554/890
f 5252/2555/891 5254/2557/892 5253/2558/892 5251/2556/891
f 5254/2557/892 5256/2559/893 5255/2560/893 5253/2558/892
f 5256/2559/893 5258/2561/894 5257/2562/894 5255/2560/893
f 5258/2561/894 5260/2563/895 5259/2564/895 5257/2562/894
f 5260/2563/895 5262/2565/896 5261/2566/896 5259/2564/895
f 5262/2565/896 5264/2567/897 5263/2568/897 5261/2566/896
f 5264/2567/897 5266/2569/898 5265/2570/898 5263/2568/897
f 5266/2569/898 5268/2571/899 5267/2572/899 5265/2570/898
f 5268/2571/899 5270/2573/900 5269/2574/900 5267/2572/899
f 5270/2573/900 5272/2575/901 5271/2576/901 5269/2574/900
f 5272/2575/901 5274/2577/902 5273/2578/902 5271/2576/901
f 5274/2577/902 5276/2579/903 5275/2580/903 5273/2578/902
f 5276/2579/903 5278/2581/904 5277/2582/904 5275/2580/903
f 5278/2581/904 5280/2583/905 5279/2584/905 5277/2582/904
f 5280/2583/905 5282/2585/906 5281/2586/906 5279/2584/905
f 5282/2585/906 5284/2587/907 5283/2588/907 5281/2586/906
f 5284/2587/907 5286/2589/908 5285/2590/908 5283/2588/907
f 5286/2589/908 5288/2591/909 5287/2592/909 5285/2590/908
f 5288/2591/909 5290/2593/910 5289/2594/910 5287/2592/909
f 5290/2593/910 5292/2595/911 5291/2596/911 5289/2594/910
f 5292/2595/911 5294/2597/912 5293/2598/912 5291/2596/911
f 5294/2597/912 5296/2599/913 5295/2600/913 5293/2598/912
f 5296/2599/913 5298/2601/674 5297/2602/674 5295/2600/913
f 5298/2601/674 5300/2603/914 5299/2604/914 5297/2602/674
f 5300/2603/914 5302/2605/915 5301/2606/915 5299/2604/914
f 5302/2605/915 5304/2607/916 5303/2608/916 5301/2606/915
f 5304/2607/916 5306/2609/917 5305/2610/917 5303/2608/916
f 5306/2609/917 5308/2611/918 5307/2612/918 5305/2610/917
f 5308/2611/918 5310/2613/919 5309/2614/919 5307/2612/918
f 5310/2613/919 5312/2615/920 5311/2616/920 5309/2614/919
f 5312/2615/920 5314/2617/921 5313/2618/921 5311/2616/920
f 5314/2617/921 5316/2619/922 5315/2620/922 5313/2618/921
f 5316/2619/922 5318/2621/923 5317/2622/923 5315/2620/922
f 5318/2621/923 5320/2623/924 5319/2624/924 5317/2622/923
f 5320/2623/924 5322/2625/925 5321/2626/925 5319/2624/924
f 5322/2625/925 5324/2627/926 5323/2628/926 5321/2626/925
f 5324/2627/926 5326/2629/927 5325/2630/927 5323/2628/926
f 5326/2629/927 5328/2631/928 5327/2632/928 5325/2630/927
f 5328/2631/928 5330/2633/929 5329/2634/929 5327/2632/928
f 5330/2633/929 5332/2635/930 5331/2636/930 5329/2634/929
f 5332/2635/930 5334/2637/931 5333/2638/931 5331/2636/930
f 5334/2637/931 5336/2639/932 5335/2640/932 5333/2638/931
f 5336/2639/932 5338/2641/933 5337/2642/933 5335/2640/932
f 5338/2641/933 5340/2643/736 5339/2644/736 5337/2642/933
f 5340/2643/736 5342/2645/934 5341/2646/934 5339/2644/736
f 5342/2645/934 5344/2647/935 5343/2648/935 5341/2646/934
f 5344/2647/935 5346/2649/730 5345/2650/730 5343/2648/935
f 5346/2649/730 5348/2651/936 5347/2652/936 5345/2650/730
f 5348/2651/936 5350/2653/362 5349/2654/362 5347/2652/936
f 5350/2653/362 5352/2655/85 5351/2656/85 5349/2654/362
f 5352/2655/85 5354/2657/937 5353/2658/937 5351/2656/85
f 5354/2657/937 5356/2659/938 5355/2660/938 5353/2658/937
f 5356/2659/938 5358/2661/939 5357/2662/939 5355/2660/938
f 5358/2661/939 5360/2663/718 5359/2664/718 5357/2662/939
f 5360/2663/718 5362/2665/940 5361/2666/940 5359/2664/718
f 5362/2665/940 5364/2667/86 5363/2668/86 5361/2666/940
f 5364/2667/86 5366/2669/941 5365/2670/941 5363/2668/86
f 5366/2669/941 5368/2671/942 5367/2672/942 5365/2670/941
f 5368/2671/942 5370/2673/943 5369/2674/943 5367/2672/942
f 5370/2673/943 5372/2675/944 5371/2676/944 5369/2674/943
f 5372/2675/944 5374/2677/945 5373/2678/945 5371/2676/944
f 5374/2677/945 5376/2679/946 5375/2680/946 5373/2678/945
f 5376/2679/946 5378/2681/947 5377/2682/947 5375/2680/946
f 5378/2681/947 5380/2683/948 5379/2684/948 5377/2682/947
f 5380/2683/948 5382/2685/949 5381/2686/949 5379/2684/948
f 5382/2685/949 5384/2687/950 5383/2688/950 5381/2686/949
f 5384/2687/950 5386/2689/951 5385/2690/951 5383/2688/950
f 5386/2689/951 5388/2691/952 5387/2692/952 5385/2690/951
f 5388/2691/952 5390/2693/953 5389/2694/953 5387/2692/952
f 5390/2693/953 5392/2695/954 5391/2696/954 5389/2694/953
f 5392/2695/954 5394/2697/955 5393/2698/955 5391/2696/954
f 5394/2697/955 5396/2699/956 5395/2700/956 5393/2698/955
f 5396/2699/956 5398/2701/957 5397/2702/957 5395/2700/956
f 5398/2701/957 5400/2703/958 5399/2704/958 5397/2702/957
f 5400/2703/958 5402/2705/959 5401/2706/959 5399/2704/958
f 5402/2705/959 5404/2707/960 5403/2708/960 5401/2706/959
f 5404/2707/960 5406/2709/961 5405/2710/961 5403/2708/960
f 5406/2709/961 5408/2711/962 5407/2712/962 5405/2710/961
f 5408/2711/962 5410/2713/963 5409/2714/963 5407/2712/962
f 5410/2713/963 5412/2715/964 5411/2716/964 5409/2714/963
f 5412/2715/964 5414/2717/965 5413/2718/965 5411/2716/964
f 5414/2717/965 5416/2719/966 5415/2720/966 5413/2718/965
f 5416/2719/966 5418/2721/967 5417/2722/967 5415/2720/966
f 5418/2721/967 5420/2723/968 5419/2724/968 5417/2722/967
f 5420/2723/968 5422/2725/969 5421/2726/969 5419/2724/968
f 5422/2725/969 5424/2727/970 5423/2728/970 5421/2726/969
f 5424/2727/970 5426/2729/971 5425/2730/971 5423/2728/970
f 5426/2729/971 5428/2731/972 5427/2732/972 5425/2730/971
f 5428/2731/972 5430/2733/973 5429/2734/973 5427/2732/972
f 5430/2733/973 5432/2735/974 5431/2736/974 5429/2734/973
f 5432/2735/974 5434/2737/975 5433/2738/975 5431/2736/974
f 5434/2737/975 5436/2739/976 5435/2740/976 5433/2738/975
f 5436/2739/976 5438/2741/977 5437/2742/977 5435/2740/976
f 5438/2741/977 5440/2743/978 5439/2744/978 5437/2742/977
f 5440/2743/978 5442/2745/979 5441/2746/979 5439/2744/978
f 5442/2745/979 5444/2747/980 5443/2748/980 5441/2746/979
f 5444/2747/980 5446/2749/981 5445/2750/981 5443/2748/980
f 5446/2749/981 5448/2751/982 5447/2752/982 5445/2750/981
f 5448/2751/982 5450/2753/983 5449/2754/983 5447/2752/982
f 5450/2753/983 5452/2755/984 5451/2756/984 5449/2754/983
f 5452/2755/984 5454/2757/985 5453/2758/985 5451/2756/984
f 5454/2757/985 5456/2759/986 5455/2760/986 5453/2758/985
f 5456/2759/986 5458/2761/987 5457/2762/987 5455/2760/986
f 5458/2761/987 5460/2763/988 5459/2764/988 5457/2762/987
f 5460/2763/988 5462/2765/989 5461/2766/989 5459/2764/988
f 5462/2765/989 5464/2767/990 5463/2768/990 5461/2766/989
f 5464/2767/990 5466/2769/991 5465/2770/991 5463/2768/990
f 5466/2769/991 5468/2771/992 5467/2772/992 5465/2770/991
f 5468/2771/992 5470/2773/993 5469/2774/993 5467/2772/992
f 5470/2773/993 5472/2775/994 5471/2776/994 5469/2774/993
f 5472/2775/994 5474/2777/995 5473/2778/995 5471/2776/994
f 5474/2777/995 5476/2779/606 5475/2780/606 5473/2778/995
f 5476/2779/606 5478/2781/996 5477/2782/996 5475/2780/606
f 5478/2781/996 5480/2783/997 5479/2784/997 5477/2782/996
f 5480/2783/997 5482/2785/998 5481/2786/998 5479/2784/997
f 5482/2785/998 5484/2787/999 5483/2788/999 5481/2786/998
f 5484/2787/999 5486/2789/1000 5485/2790/1000 5483/2788/999
f 5486/2789/1000 5488/2791/1001 5487/2792/1001 5485/2790/1000
f 5488/2791/1001 5490/2793/1002 5489/2794/1002 5487/2792/1001
f 5490/2793/1002 5492/2795/1003 5491/2796/1003 5489/2794/1002
f 5492/2795/1003 5494/2797/1004 5493/2798/1004 5491/2796/1003
f 5494/2797/1004 5496/2799/1005 5495/2800/1005 5493/2798/1004
f 5496/2799/1005 5498/2801/1006 5497/2802/1006 5495/2800/1005
f 5498/2801/1006 5500/2803/1007 5499/2804/1007 5497/2802/1006
f 5500/2803/1007 5502/2805/1008 5501/2806/1008 5499/2804/1007
f 5502/2805/1008 5504/2807/1009 5503/2808/1009 5501/2806/1008
f 5504/2807/1009 5506/2809/1010 5505/2810/1010 5503/2808/1009
f 5506/2809/1010 5508/2811/1011 5507/2812/1011 5505/2810/1010
f 5508/2811/1011 5510/2813/1012 5509/2814/1012 5507/2812/1011
f 5510/2813/1012 5512/2815/1013 5511/2816/1013 5509/2814/1012
f 5512/2815/1013 5514/2817/1014 5513/2818/1014 5511/2816/1013
f 5514/2817/1014 5516/2819/1015 5515/2820/1015 5513/2818/1014
f 5516/2819/1015 5518/2821/1016 5517/2822/1016 5515/2820/1015
f 5518/2821/1016 5520/2823/1017 5519/2824/1017 5517/2822/1016
f 5520/2823/1017 5522/2825/1018 5521/2826/1018 5519/2824/1017
f 5522/2825/1018 5524/2827/1019 5523/2828/1019 5521/2826/1018
f 5524/2827/1019 5526/2829/1020 5525/2830/1020 5523/2828/1019
f 5526/2829/1020 5528/2831/1021 5527/2832/1021 5525/2830/1020
f 5528/2831/1021 5530/2833/1022 5529/2834/1022 5527/2832/1021
f 5530/2833/1022 5532/2835/1023 5531/2836/1023 5529/2834/1022
f 5532/2835/1023 5534/2837/1024 5533/2838/1024 5531/2836/1023
f 5534/2837/1024 5536/2839/1025 5535/2840/1025 5533/2838/1024
f 5536/2839/1025 5538/2841/1026 5537/2842/1026 5535/2840/1025
f 5538/2841/1026 5540/2843/1027 5539/2844/1027 5537/2842/1026
f 5540/2843/1027 5542/2845/1028 5541/2846/1028 5539/2844/1027
f 5542/2845/1028 5544/2847/1029 5543/2848/1029 5541/2846/1028
f 5544/2847/1029 5546/2849/1030 5545/2850/1030 5543/2848/1029
f 5546/2849/1030 5548/2851/1031 5547/2852/1031 5545/2850/1030
f 5548/2851/1031 5550/2853/1032 5549/2854/1032 5547/2852/1031
f 5550/2853/1032 5552/2855/1033 5551/2856/1033 5549/2854/1032
f 5552/2855/1033 5554/2857/1034 5553/2858/1034 5551/2856/1033
f 5554/2857/1034 5556/2859/1035 5555/2860/1035 5553/2858/1034
f 5556/2859/1035 5558/2861/1036 5557/2862/1036 5555/2860/1035
f 5558/2861/1036 5560/2863/1037 5559/2864/1037 5557/2862/1036
f 5560/2863/1037 5562/2865/1038 5561/2866/1038 5559/2864/1037
f 5562/2865/1038 5564/2867/1039 5563/2868/1039 5561/2866/1038
f 5564/2867/1039 5566/2869/1040 5565/2870/1040 5563/2868/1039
f 5566/2869/1040 5568/2871/1041 5567/2872/1041 5565/2870/1040
f 5568/2871/1041 5570/2873/1042 5569/2874/1042 5567/2872/1041
f 5570/2873/1042 5572/2875/1043 5571/2876/1043 5569/2874/1042
f 5572/2875/1043 5574/2877/1044 5573/2878/1044 5571/2876/1043
f 5574/2877/1044 5576/2879/1045 5575/2880/1045 5573/2878/1044
f 5576/2879/1045 5578/2881/1046 5577/2882/1046 5575/2880/1045
f 5578/2881/1046 5580/2883/1047 5579/2884/1047 5577/2882/1046
f 5580/2883/1047 5582/2885/1048 5581/2886/1048 5579/2884/1047
f 5582/2885/1048 5584/2887/1049 5583/2888/1049 5581/2886/1048
f 5584/2887/1049 5586/2889/1050 5585/2890/1050 5583/2888/1049
f 5586/2889/1050 5588/2891/1051 5587/2892/1051 5585/2890/1050
f 5588/2891/1051 5590/2893/1052 5589/2894/1052 5587/2892/1051
f 5590/2893/1052 5592/2895/1053 5591/2896/1053 5589/2894/1052
f 5592/2895/1053 5594/2897/1054 5593/2898/1054 5591/2896/1053
f 5594/2897/1054 5596/2899/1055 5595/2900/1055 5593/2898/1054
f 5596/2899/1055 5598/2901/1056 5597/2902/1056 5595/2900/1055
f 5598/2901/1056 5600/2903/1057 5599/2904/1057 5597/2902/1056
f 5600/2903/1057 5602/2905/1058 5601/2906/1058 5599/2904/1057
f 5602/2905/1058 5604/2907/1059 5603/2908/1059 5601/2906/1058
f 5604/2907/1059 5606/2909/276 5605/2910/276 5603/2908/1059
f 5606/2909/276 5608/2911/1060 5607/2912/1060 5605/2910/276
f 5608/2911/1060 5610/2913/1061 5609/2914/1061 5607/2912/1060
f 5610/2913/1061 5612/2915/1062 5611/2916/1062 5609/2914/1061
f 5612/2915/1062 5614/2917/1063 5613/2918/1063 5611/2916/1062
f 5614/2917/1063 5616/2919/1064 5615/2920/1064 5613/2918/1063
f 5616/2919/1064 5618/2921/1065 5617/2922/1065 5615/2920/1064
f 5618/2921/1065 5620/2923/1066 5619/2924/1066 5617/2922/1065
f 5620/2923/1066 5622/2925/1067 5621/2926/1067 5619/2924/1066
f 5622/2925/1067 5624/2927/1068 5623/2928/1068 5621/2926/1067
f 5624/2927/1068 5626/2929/1069 5625/2930/1069 5623/2928/1068
f 5626/2929/1069 5628/2931/1070 5627/2932/1070 5625/2930/1069
f 5628/2931/1070 5630/2933/1071 5629/2934/1071 5627/2932/1070
f 5630/2933/1071 5632/2935/1072 5631/2936/1072 5629/2934/1071
f 5632/2935/1072 5634/2937/1073 5633/2938/1073 5631/2936/1072
f 5634/2937/1073 5636/2939/1074 5635/2940/1074 5633/2938/1073
f 5636/2939/1074 5638/2941/1075 5637/2942/1075 5635/2940/1074
f 5638/2941/1075 5640/2943/1076 5639/2944/1076 5637/2942/1075
f 5640/2943/1076 5642/2945/1077 5641/2946/1077 5639/2944/1076
f 5642/2945/1077 5644/2947/1078 5643/2948/1078 5641/2946/1077
f 5644/2947/1078 5646/2949/1079 5645/2950/1079 5643/2948/1078
f 5646/2949/1079 5648/2951/1080 5647/2952/1080 5645/2950/1079
f 5648/2951/1080 5650/2953/1081 5649/2954/1081 5647/2952/1080
f 5650/2953/1081 5652/2955/1082 5651/2956/1082 5649/2954/1081
f 5652/2955/1082 5654/2957/1083 5653/2958/1083 5651/2956/1082
f 5654/2957/1083 5656/2959/1084 5655/2960/1084 5653/2958/1083
f 5656/2959/1084 5658/2961/1085 5657/2962/1085 5655/2960/1084
f 5658/2961/1085 5660/2963/1086 5659/2964/1086 5657/2962/1085
f 5660/2963/1086 5662/2965/1087 5661/2966/1087 5659/2964/1086
f 5662/2965/1087 5664/2967/1088 5663/2968/1088 5661/2966/1087
f 5664/2967/1088 5666/2969/1089 5665/2970/1089 5663/2968/1088
f 5666/2969/1089 5668/2971/1090 5667/2972/1090 5665/2970/1089
f 5668/2971/1090 5670/2973/1091 5669/2974/1091 5667/2972/1090
f 5670/2973/1091 5672/2975/1092 5671/2976/1092 5669/2974/1091
f 5672/2975/1092 5674/2977/1093 5673/2978/1093 5671/2976/1092
f 5674/2977/1093 5676/2979/1094 5675/2980/1094 5673/2978/1093
f 5676/2979/1094 5678/2981/1095 5677/2982/1095 5675/2980/1094
f 5678/2981/1095 5680/2983/1096 5679/2984/1096 5677/2982/1095
f 5680/2983/1096 5682/2985/1097 5681/2986/1097 5679/2984/1096
f 5682/2985/1097 5684/2987/1098 5683/2988/1098 5681/2986/1097
f 5684/2987/1098 5686/2989/1099 5685/2990/1099 5683/2988/1098
f 5686/2989/1099 5688/2991/1100 5687/2992/1100 5685/2990/1099
f 5688/2991/1100 5690/2993/1101 5689/2994/1101 5687/2992/1100
f 5690/2993/1101 5692/2995/1102 5691/2996/1102 5689/2994/1101
f 5692/2995/1102 5694/2997/1103 5693/2998/1103 5691/2996/1102
f 5694/2997/1103 5696/2999/727 5695/3000/727 5693/2998/1103
f 5696/2999/727 5698/3001/1104 5697/3002/1104 5695/3000/727
f 5698/3001/1104 5700/3003/1105 5699/3004/1105 5697/3002/1104
f 5700/3003/1105 5702/3005/1106 5701/3006/1106 5699/3004/1105
f 5702/3005/1106 5704/3007/1107 5703/3008/1107 5701/3006/1106
f 5704/3007/1107 5706/3009/1108 5705/3010/1108 5703/3008/1107
f 5706/3009/1108 5708/3011/1109 5707/3012/1109 5705/3010/1108
f 5708/3011/1109 5710/3013/1110 5709/3014/1110 5707/3012/1109
f 5710/3013/1110 5712/3015/1111 5711/3016/1111 5709/3014/1110
f 5712/3015/1111 5714/3017/1112 5713/3018/1112 5711/3016/1111
f 5714/3017/1112 5716/3019/1113 5715/3020/1113 5713/3018/1112
f 5716/3019/1113 5718/3021/1114 5717/3022/1114 5715/3020/1113
f 5718/3021/1114 5720/3023/1115 5719/3024/1115 5717/3022/1114
f 5720/3023/1115 5722/3025/1116 5721/3026/1116 5719/3024/1115
f 5722/3025/1116 5724/3027/1117 5723/3028/1117 5721/3026/1116
f 5724/3027/1117 5726/3029/1118 5725/3030/1118 5723/3028/1117
f 5726/3029/1118 5728/3031/1119 5727/3032/1119 5725/3030/1118
f 5728/3031/1119 5730/3033/1120 5729/3034/1120 5727/3032/1119
f 5730/3033/1120 5732/3035/1121 5731/3036/1121 5729/3034/1120
f 5732/3035/1121 5734/3037/1122 5733/3038/1122 5731/3036/1121
f 5734/3037/1122 5736/3039/1123 5735/3040/1123 5733/3038/1122
f 5736/3039/1123 5738/3041/1124 5737/3042/1124 5735/3040/1123
f 5738/3041/1124 5740/3043/1125 5739/3044/1125 5737/3042/1124
f 5740/3043/1125 5742/3045/1126 5741/3046/1126 5739/3044/1125
f 5742/3045/1126 5744/3047/1127 5743/3048/1127 5741/3046/1126
f 5744/3047/1127 5746/3049/1128 5745/3050/1128 5743/3048/1127
f 5746/3049/1128 5748/3051/1129 5747/3052/1129 5745/3050/1128
f 5748/3051/1129 5750/3053/1130 5749/3054/1130 5747/3052/1129
f 5750/3053/1130 5752/3055/1131 5751/3056/1131 5749/3054/1130
f 5752/3055/1131 5754/3057/183 5753/3058/183 5751/3056/1131
f 5754/3057/183 5756/3059/1132 5755/3060/1132 5753/3058/183
f 5756/3059/1132 5758/3061/1133 5757/3062/1133 5755/3060/1132
f 5758/3061/1133 5760/3063/1134 5759/3064/1134 5757/3062/1133
f 5760/3063/1134 5762/3065/1135 5761/3066/1135 5759/3064/1134
f 5762/3065/1135 5764/3067/1136 5763/3068/1136 5761/3066/1135
f 5764/3067/1136 5766/3069/1137 5765/3070/1137 5763/3068/1136
f 5766/3069/1137 5768/3071/1138 5767/3072/1138 5765/3070/1137
f 5768/3071/1138 5770/3073/1139 5769/3074/1139 5767/3072/1138
f 5770/3073/1139 5772/3075/1140 5771/3076/1140 5769/3074/1139
f 5772/3075/1140 5774/3077/1141 5773/3078/1141 5771/3076/1140
f 5774/3077/1141 5776/3079/1142 5775/3080/1142 5773/3078/1141
f 5776/3079/1142 5778/3081/1143 5777/3082/1143 5775/3080/1142
f 5778/3081/1143 5780/3083/1144 5779/3084/1144 5777/3082/1143
f 5780/3083/1144 5782/3085/1145 5781/3086/1145 5779/3084/1144
f 5782/3085/1145 5784/3087/1146 5783/3088/1146 5781/3086/1145
f 5784/3087/1146 5786/3089/1147 5785/3090/1147 5783/3088/1146
f 5786/3089/1147 5788/3091/1148 5787/3092/1148 5785/3090/1147
f 5788/3091/1148 5790/3093/1149 5789/3094/1149 5787/3092/1148
f 5790/3093/1149 5792/3095/1150 5791/3096/1150 5789/3094/1149
f 5792/3095/1150 5794/3097/1151 5793/3098/1151 5791/3096/1150
f 5794/3097/1151 5796/3099/257 5795/3100/257 5793/3098/1151
f 5796/3099/257 5798/3101/1152 5797/3102/1152 5795/3100/257
f 5798/3101/1152 5800/3103/1153 5799/3104/1153 5797/3102/1152
f 5800/3103/1153 5802/3105/1154 5801/3106/1154 5799/3104/1153
f 5802/3105/1154 5804/3107/1155 5803/3108/1155 5801/3106/1154
f 5804/3107/1155 4674/1428/605 4673/2/605 5803/3108/1155
f 5806/1137/439 5808/1497/442 5807/1498/442 5805/5/439
f 5808/1497/442 5810/1282/437 5809/1283/437 5807/1498/442
f 5810/1282/437 5812/1635/438 5811/1636/438 5809/1283/437
f 5812/1635/438 5806/1428/439 5805/2/439 5811/1636/438
f 5814/1137/149 5816/1429/150 5815/1430/150 5813/5/149
f 5816/1429/150 5818/1431/151 5817/1432/151 5815/1430/150
f 5818/1431/151 5820/1433/152 5819/1434/152 5817/1432/151
f 5820/1433/152 5822/1435/153 5821/1436/153 5819/1434/152
f 5822/1435/153 5824/1437/154 5823/1438/154 5821/1436/153
f 5824/1437/154 5826/1439/155 5825/1440/155 5823/1438/154
f 5826/1439/155 5828/1441/156 5827/1442/156 5825/1440/155
f 5828/1441/156 5830/1443/157 5829/1444/157 5827/1442/156
f 5830/1443/157 5832/1445/158 5831/1446/158 5829/1444/157
f 5832/1445/158 5834/1447/159 5833/1448/159 5831/1446/158
f 5834/1447/159 5836/1449/160 5835/1450/160 5833/1448/159
f 5836/1449/160 5838/1451/161 5837/1452/161 5835/1450/160
f 5838/1451/161 5840/1453/162 5839/1454/162 5837/1452/161
f 5840/1453/162 5842/1455/163 5841/1456/163 5839/1454/162
f 5842/1455/163 5844/1457/164 5843/1458/164 5841/1456/163
f 5844/1457/164 5846/1459/165 5845/7/165 5843/1458/164
f 5846/1459/165 5848/1460/166 5847/1461/166 5845/7/165
f 5848/1460/166 5850/1462/1156 5849/1463/1156 5847/1461/166
f 5850/1462/1156 5852/1464/168 5851/1465/168 5849/1463/1156
f 5852/1464/168 5854/1466/169 5853/1467/169 5851/1465/168
f 5854/1466/169 5856/1468/170 5855/1469/170 5853/1467/169
f 5856/1468/170 5858/1470/171 5857/1471/171 5855/1469/170
f 5858/1470/171 5860/1472/172 5859/1473/172 5857/1471/171
f 5860/1472/172 5862/1474/173 5861/1475/173 5859/1473/172
f 5862/1474/173 5864/1476/174 5863/1477/174 5861/1475/173
f 5864/1476/174 5866/1478/175 5865/1479/175 5863/1477/174
f 5866/1478/175 5868/1480/176 5867/1481/176 5865/1479/175
f 5868/1480/176 5870/1482/177 5869/1483/177 5867/1481/176
f 5870/1482/177 5872/1484/178 5871/1485/178 5869/1483/177
f 5872/1484/178 5874/1486/179 5873/1487/179 5871/1485/178
f 5874/1486/179 5876/1488/180 5875/1489/180 5873/1487/179
f 5876/1488/180 5878/1490/181 5877/6/181 5875/1489/180
f 5878/1490/181 5880/1491/1157 5879/1492/1157 5877/6/181
f 5880/1491/1157 5882/1493/183 5881/1494/183 5879/1492/1157
f 5882/1493/183 5884/1495/184 5883/1496/184 5881/1494/183
f 5884/1495/184 5886/1497/185 5885/1498/185 5883/1496/184
f 5886/1497/185 5888/1499/1158 5887/1500/1158 5885/1498/185
f 5888/1499/1158 5890/1501/187 5889/1502/187 5887/1500/1158
f 5890/1501/187 5892/1503/188 5891/1504/188 5889/1502/187
f 5892/1503/188 5894/1505/189 5893/1506/189 5891/1504/188
f 5894/1505/189 5896/1507/190 5895/1508/190 5893/1506/189
f 5896/1507/190 5898/1509/191 5897/1510/191 5895/1508/190
f 5898/1509/191 5900/1511/192 5899/1512/192 5897/1510/191
f 5900/1511/192 5902/1513/193 5901/1514/193 5899/1512/192
f 5902/1513/193 5904/1515/194 5903/1516/194 5901/1514/193
f 5904/1515/194 5906/1517/1159 5905/1518/1159 5903/1516/194
f 5906/1517/1159 5908/1519/1160 5907/1520/1160 5905/1518/1159
f 5908/1519/1160 5910/1521/197 5909/8/197 5907/1520/1160
f 5910/1521/197 5912/1522/198 5911/1523/198 5909/8/197
f 5912/1522/198 5914/1524/1161 5913/1525/1161 5911/1523/198
f 5914/1524/1161 5916/1526/1162 5915/1527/1162 5913/1525/1161
f 5916/1526/1162 5918/1528/1163 5917/1529/1163 5915/1527/1162
f 5918/1528/1163 5920/1530/202 5919/1531/202 5917/1529/1163
f 5920/1530/202 5922/1532/203 5921/1533/203 5919/1531/202
f 5922/1532/203 5924/1534/204 5923/1535/204 5921/1533/203
f 5924/1534/204 5926/1536/205 5925/1537/205 5923/1535/204
f 5926/1536/205 5928/1538/206 5927/1539/206 5925/1537/205
f 5928/1538/206 5930/1540/207 5929/1541/207 5927/1539/206
f 5930/1540/207 5932/1542/1164 5931/1543/1164 5929/1541/207
f 5932/1542/1164 5934/1544/209 5933/1545/209 5931/1543/1164
f 5934/1544/209 5936/1546/210 5935/1547/210 5933/1545/209
f 5936/1546/210 5938/1548/211 5937/1549/211 5935/1547/210
f 5938/1548/211 5940/1550/212 5939/1551/212 5937/1549/211
f 5940/1550/212 5942/1552/213 5941/10/213 5939/1551/212
f 5942/1552/213 5944/1553/214 5943/1554/214 5941/10/213
f 5944/1553/214 5946/1555/215 5945/1556/215 5943/1554/214
f 5946/1555/215 5948/1557/216 5947/1558/216 5945/1556/215
f 5948/1557/216 5950/1559/217 5949/1560/217 5947/1558/216
f 5950/1559/217 5952/1561/218 5951/1562/218 5949/1560/217
f 5952/1561/218 5954/1563/1165 5953/1564/1165 5951/1562/218
f 5954/1563/1165 5956/1565/220 5955/1566/220 5953/1564/1165
f 5956/1565/220 5958/1282/221 5957/1283/221 5955/1566/220
f 5958/1282/221 5960/1567/222 5959/1568/222 5957/1283/221
f 5960/1567/222 5962/1569/223 5961/1570/223 5959/1568/222
f 5962/1569/223 5964/1571/224 5963/1572/224 5961/1570/223
f 5964/1571/224 5966/1573/225 5965/1574/225 5963/1572/224
f 5966/1573/225 5968/1575/226 5967/1576/226 5965/1574/225
f 5968/1575/226 5970/1577/227 5969/1578/227 5967/1576/226
f 5970/1577/227 5972/1579/228 5971/1580/228 5969/1578/227
f 5972/1579/228 5974/1581/229 5973/4/229 5971/1580/228
f 5974/1581/229 5976/1582/230 5975/1583/230 5973/4/229
f 5976/1582/230 5978/1584/231 5977/1585/231 5975/1583/230
f 5978/1584/231 5980/1586/232 5979/1587/232 5977/1585/231
f 5980/1586/232 5982/1588/233 5981/1589/233 5979/1587/232
f 5982/1588/233 5984/1590/234 5983/1591/234 5981/1589/233
f 5984/1590/234 5986/1592/235 5985/1593/235 5983/1591/234
f 5986/1592/235 5988/1594/236 5987/1595/236 5985/1593/235
f 5988/1594/236 5990/1596/237 5989/1597/237 5987/1595/236
f 5990/1596/237 5992/1598/238 5991/1599/238 5989/1597/237
f 5992/1598/238 5994/1600/239 5993/1601/239 5991/1599/238
f 5994/1600/239 5996/1602/240 5995/1603/240 5993/1601/239
f 5996/1602/240 5998/1604/241 5997/1605/241 5995/1603/240
f 5998/1604/241 6000/1606/242 5999/1607/242 5997/1605/241
f 6000/1606/242 6002/1608/243 6001/1609/243 5999/1607/242
f 6002/1608/243 6004/1610/244 6003/1611/244 6001/1609/243
f 6004/1610/244 6006/1612/245 6005/9/245 6003/1611/244
f 6006/1612/245 6008/1613/246 6007/1614/246 6005/9/245
f 6008/1613/246 6010/1615/247 6009/1616/247 6007/1614/246
f 6010/1615/247 6012/1617/248 6011/1618/248 6009/1616/247
f 6012/1617/248 6014/1619/249 6013/1620/249 6011/1618/248
f 6014/1619/249 6016/1621/250 6015/1622/250 6013/1620/249
f 6016/1621/250 6018/1623/251 6017/1624/251 6015/1622/250
f 6018/1623/251 6020/1625/252 6019/1626/252 6017/1624/251
f 6020/1625/252 6022/1627/253 6021/1628/253 6019/1626/252
f 6022/1627/253 6024/1629/254 6023/1630/254 6021/1628/253
f 6024/1629/254 6026/1631/255 6025/1632/255 6023/1630/254
f 6026/1631/255 6028/1633/256 6027/1634/256 6025/1632/255
f 6028/1633/256 6030/1635/257 6029/1636/257 6027/1634/256
f 6030/1635/257 6032/1637/258 6031/1638/258 6029/1636/257
f 6032/1637/258 6034/1639/259 6033/1640/259 6031/1638/258
f 6034/1639/259 6036/1641/260 6035/1642/260 6033/1640/259
f 6036/1641/260 6038/1643/261 6037/1/261 6035/1642/260
f 6038/1643/261 6040/1644/262 6039/1645/262 6037/1/261
f 6040/1644/262 6042/1646/263 6041/1647/263 6039/1645/262
f 6042/1646/263 6044/1648/264 6043/1649/264 6041/1647/263
f 6044/1648/264 6046/1650/265 6045/1651/265 6043/1649/264
f 6046/1650/265 6048/1652/266 6047/1653/266 6045/1651/265
f 6048/1652/266 6050/1654/267 6049/1655/267 6047/1653/266
f 6050/1654/267 6052/1656/268 6051/1657/268 6049/1655/267
f 6052/1656/268 6054/1658/269 6053/1659/269 6051/1657/268
f 6054/1658/269 6056/1660/270 6055/1661/270 6053/1659/269
f 6056/1660/270 6058/1662/271 6057/1663/271 6055/1661/270
f 6058/1662/271 6060/1664/1166 6059/1665/1166 6057/1663/271
f 6060/1664/1166 6062/1666/273 6061/1667/273 6059/1665/1166
f 6062/1666/273 6064/1668/274 6063/1669/274 6061/1667/273
f 6064/1668/274 6066/1670/1167 6065/1671/1167 6063/1669/274
f 6066/1670/1167 6068/1672/276 6067/1673/276 6065/1671/1167
f 6068/1672/276 6070/1674/277 6069/3/277 6067/1673/276
f 6070/1674/277 6072/1675/278 6071/1676/278 6069/3/277
f 6072/1675/278 6074/1677/279 6073/1678/279 6071/1676/278
f 6074/1677/279 6076/1679/280 6075/1680/280 6073/1678/279
f 6076/1679/280 6078/1681/281 6077/1682/281 6075/1680/280
f 6078/1681/281 6080/1683/282 6079/1684/282 6077/1682/281
f 6080/1683/282 6082/1685/283 6081/1686/283 6079/1684/282
f 6082/1685/283 6084/1687/284 6083/1688/284 6081/1686/283
f 6084/1687/284 6086/1689/285 6085/1690/285 6083/1688/284
f 6086/1689/285 6088/1691/286 6087/1692/286 6085/1690/285
f 6088/1691/286 6090/1693/287 6089/1694/287 6087/1692/286
f 6090/1693/287 6092/1695/288 6091/1696/288 6089/1694/287
f 6092/1695/288 6094/1697/289 6093/1698/289 6091/1696/288
f 6094/1697/289 6096/1699/290 6095/1700/290 6093/1698/289
f 6096/1699/290 6098/1701/291 6097/1702/291 6095/1700/290
f 6098/1701/291 6100/1703/292 6099/1704/292 6097/1702/291
f 6100/1703/292 5814/1428/149 5813/2/149 6099/1704/292
f 6102/1137/293 6104/1429/294 6103/1430/294 6101/5/293
f 6104/1429/294 6106/1431/295 6105/1432/295 6103/1430/294
f 6106/1431/295 6108/1433/296 6107/1434/296 6105/1432/295
f 6108/1433/296 6110/1435/297 6109/1436/297 6107/1434/296
f 6110/1435/297 6112/1437/298 6111/1438/298 6109/1436/297
f 6112/1437/298 6114/1439/299 6113/1440/299 6111/1438/298
f 6114/1439/299 6116/1441/300 6115/1442/300 6113/1440/299
f 6116/1441/300 6118/1443/301 6117/1444/301 6115/1442/300
f 6118/1443/301 6120/1445/302 6119/1446/302 6117/1444/301
f 6120/1445/302 6122/1447/303 6121/1448/303 6119/1446/302
f 6122/1447/303 6124/1449/304 6123/1450/304 6121/1448/303
f 6124/1449/304 6126/1451/305 6125/1452/305 6123/1450/304
f 6126/1451/305 6128/1453/306 6127/1454/306 6125/1452/305
f 6128/1453/306 6130/1455/307 6129/1456/307 6127/1454/306
f 6130/1455/307 6132/1457/1168 6131/1458/1168 6129/1456/307
f 6132/1457/1168 6134/1459/1169 6133/7/1169 6131/1458/1168
f 6134/1459/1169 6136/1460/310 6135/1461/310 6133/7/1169
f 6136/1460/310 6138/1462/311 6137/1463/311 6135/1461/310
f 6138/1462/311 6140/1464/312 6139/1465/312 6137/1463/311
f 6140/1464/312 6142/1466/1170 6141/1467/1170 6139/1465/312
f 6142/1466/1170 6144/1468/1171 6143/1469/1171 6141/1467/1170
f 6144/1468/1171 6146/1470/315 6145/1471/315 6143/1469/1171
f 6146/1470/315 6148/1472/316 6147/1473/316 6145/1471/315
f 6148/1472/316 6150/1474/1172 6149/1475/1172 6147/1473/316
f 6150/1474/1172 6152/1476/318 6151/1477/318 6149/1475/1172
f 6152/1476/318 6154/1478/1173 6153/1479/1173 6151/1477/318
f 6154/1478/1173 6156/1480/320 6155/1481/320 6153/1479/1173
f 6156/1480/320 6158/1482/321 6157/1483/321 6155/1481/320
f 6158/1482/321 6160/1484/322 6159/1485/322 6157/1483/321
f 6160/1484/322 6162/1486/1174 6161/1487/1174 6159/1485/322
f 6162/1486/1174 6164/1488/1175 6163/1489/1175 6161/1487/1174
f 6164/1488/1175 6166/1490/1176 6165/6/1176 6163/1489/1175
f 6166/1490/1176 6168/1491/326 6167/1492/326 6165/6/1176
f 6168/1491/326 6170/1493/327 6169/1494/327 6167/1492/326
f 6170/1493/327 6172/1495/328 6171/1496/328 6169/1494/327
f 6172/1495/328 6174/1497/1177 6173/1498/1177 6171/1496/328
f 6174/1497/1177 6176/1499/1178 6175/1500/1178 6173/1498/1177
f 6176/1499/1178 6178/1501/331 6177/1502/331 6175/1500/1178
f 6178/1501/331 6180/1503/332 6179/1504/332 6177/1502/331
f 6180/1503/332 6182/1505/333 6181/1506/333 6179/1504/332
f 6182/1505/333 6184/1507/1179 6183/1508/1179 6181/1506/333
f 6184/1507/1179 6186/1509/335 6185/1510/335 6183/1508/1179
f 6186/1509/335 6188/1511/336 6187/1512/336 6185/1510/335
f 6188/1511/336 6190/1513/1180 6189/1514/1180 6187/1512/336
f 6190/1513/1180 6192/1515/338 6191/1516/338 6189/1514/1180
f 6192/1515/338 6194/1517/339 6193/1518/339 6191/1516/338
f 6194/1517/339 6196/1519/340 6195/1520/340 6193/1518/339
f 6196/1519/340 6198/1521/1181 6197/8/1181 6195/1520/340
f 6198/1521/1181 6200/1522/342 6199/1523/342 6197/8/1181
f 6200/1522/342 6202/1524/343 6201/1525/343 6199/1523/342
f 6202/1524/343 6204/1526/344 6203/1527/344 6201/1525/343
f 6204/1526/344 6206/1528/345 6205/1529/345 6203/1527/344
f 6206/1528/345 6208/1530/346 6207/1531/346 6205/1529/345
f 6208/1530/346 6210/1532/347 6209/1533/347 6207/1531/346
f 6210/1532/347 6212/1534/348 6211/1535/348 6209/1533/347
f 6212/1534/348 6214/1536/349 6213/1537/349 6211/1535/348
f 6214/1536/349 6216/1538/350 6215/1539/350 6213/1537/349
f 6216/1538/350 6218/1540/351 6217/1541/351 6215/1539/350
f 6218/1540/351 6220/1542/352 6219/1543/352 6217/1541/351
f 6220/1542/352 6222/1544/353 6221/1545/353 6219/1543/352
f 6222/1544/353 6224/1546/354 6223/1547/354 6221/1545/353
f 6224/1546/354 6226/1548/355 6225/1549/355 6223/1547/354
f 6226/1548/355 6228/1550/356 6227/1551/356 6225/1549/355
f 6228/1550/356 6230/1552/357 6229/10/357 6227/1551/356
f 6230/1552/357 6232/1553/358 6231/1554/358 6229/10/357
f 6232/1553/358 6234/1555/359 6233/1556/359 6231/1554/358
f 6234/1555/359 6236/1557/360 6235/1558/360 6233/1556/359
f 6236/1557/360 6238/1559/482 6237/1560/482 6235/1558/360
f 6238/1559/482 6240/1561/362 6239/1562/362 6237/1560/482
f 6240/1561/362 6242/1563/363 6241/1564/363 6239/1562/362
f 6242/1563/363 6244/1565/364 6243/1566/364 6241/1564/363
f 6244/1565/364 6246/1282/161 6245/1283/161 6243/1566/364
f 6246/1282/161 6248/1567/1182 6247/1568/1182 6245/1283/161
f 6248/1567/1182 6250/1569/366 6249/1570/366 6247/1568/1182
f 6250/1569/366 6252/1571/367 6251/1572/367 6249/1570/366
f 6252/1571/367 6254/1573/368 6253/1574/368 6251/1572/367
f 6254/1573/368 6256/1575/369 6255/1576/369 6253/1574/368
f 6256/1575/369 6258/1577/370 6257/1578/370 6255/1576/369
f 6258/1577/370 6260/1579/371 6259/1580/371 6257/1578/370
f 6260/1579/371 6262/1581/372 6261/4/372 6259/1580/371
f 6262/1581/372 6264/1582/373 6263/1583/373 6261/4/372
f 6264/1582/373 6266/1584/374 6265/1585/374 6263/1583/373
f 6266/1584/374 6268/1586/375 6267/1587/375 6265/1585/374
f 6268/1586/375 6270/1588/1183 6269/1589/1183 6267/1587/375
f 6270/1588/1183 6272/1590/377 6271/1591/377 6269/1589/1183
f 6272/1590/377 6274/1592/378 6273/1593/378 6271/1591/377
f 6274/1592/378 6276/1594/379 6275/1595/379 6273/1593/378
f 6276/1594/379 6278/1596/1184 6277/1597/1184 6275/1595/379
f 6278/1596/1184 6280/1598/381 6279/1599/381 6277/1597/1184
f 6280/1598/381 6282/1600/1185 6281/1601/1185 6279/1599/381
f 6282/1600/1185 6284/1602/383 6283/1603/383 6281/1601/1185
f 6284/1602/383 6286/1604/1186 6285/1605/1186 6283/1603/383
f 6286/1604/1186 6288/1606/1187 6287/1607/1187 6285/1605/1186
f 6288/1606/1187 6290/1608/386 6289/1609/386 6287/1607/1187
f 6290/1608/386 6292/1610/387 6291/1611/387 6289/1609/386
f 6292/1610/387 6294/1612/388 6293/9/388 6291/1611/387
f 6294/1612/388 6296/1613/389 6295/1614/389 6293/9/388
f 6296/1613/389 6298/1615/1188 6297/1616/1188 6295/1614/389
f 6298/1615/1188 6300/1617/391 6299/1618/391 6297/1616/1188
f 6300/1617/391 6302/1619/1189 6301/1620/1189 6299/1618/391
f 6302/1619/1189 6304/1621/393 6303/1622/393 6301/1620/1189
f 6304/1621/393 6306/1623/1190 6305/1624/1190 6303/1622/393
f 6306/1623/1190 6308/1625/395 6307/1626/395 6305/1624/1190
f 6308/1625/395 6310/1627/396 6309/1628/396 6307/1626/395
f 6310/1627/396 6312/1629/1191 6311/1630/1191 6309/1628/396
f 6312/1629/1191 6314/1631/398 6313/1632/398 6311/1630/1191
f 6314/1631/398 6316/1633/399 6315/1634/399 6313/1632/398
f 6316/1633/399 6318/1635/400 6317/1636/400 6315/1634/399
f 6318/1635/400 6320/1637/401 6319/1638/401 6317/1636/400
f 6320/1637/401 6322/1639/402 6321/1640/402 6319/1638/401
f 6322/1639/402 6324/1641/403 6323/1642/403 6321/1640/402
f 6324/1641/403 6326/1643/1192 6325/1/1192 6323/1642/403
f 6326/1643/1192 6328/1644/405 6327/1645/405 6325/1/1192
f 6328/1644/405 6330/1646/406 6329/1647/406 6327/1645/405
f 6330/1646/406 6332/1648/407 6331/1649/407 6329/1647/406
f 6332/1648/407 6334/1650/408 6333/1651/408 6331/1649/407
f 6334/1650/408 6336/1652/409 6335/1653/409 6333/1651/408
f 6336/1652/409 6338/1654/1193 6337/1655/1193 6335/1653/409
f 6338/1654/1193 6340/1656/411 6339/1657/411 6337/1655/1193
f 6340/1656/411 6342/1658/412 6341/1659/412 6339/1657/411
f 6342/1658/412 6344/1660/413 6343/1661/413 6341/1659/412
f 6344/1660/413 6346/1662/414 6345/1663/414 6343/1661/413
f 6346/1662/414 6348/1664/1194 6347/1665/1194 6345/1663/414
f 6348/1664/1194 6350/1666/416 6349/1667/416 6347/1665/1194
f 6350/1666/416 6352/1668/417 6351/1669/417 6349/1667/416
f 6352/1668/417 6354/1670/418 6353/1671/418 6351/1669/417
f 6354/1670/418 6356/1672/419 6355/1673/419 6353/1671/418
f 6356/1672/419 6358/1674/1195 6357/3/1195 6355/1673/419
f 6358/1674/1195 6360/1675/421 6359/1676/421 6357/3/1195
f 6360/1675/421 6362/1677/422 6361/1678/422 6359/1676/421
f 6362/1677/422 6364/1679/1196 6363/1680/1196 6361/1678/422
f 6364/1679/1196 6366/1681/424 6365/1682/424 6363/1680/1196
f 6366/1681/424 6368/1683/425 6367/1684/425 6365/1682/424
f 6368/1683/425 6370/1685/426 6369/1686/426 6367/1684/425
f 6370/1685/426 6372/1687/427 6371/1688/427 6369/1686/426
f 6372/1687/427 6374/1689/428 6373/1690/428 6371/1688/427
f 6374/1689/428 6376/1691/429 6375/1692/429 6373/1690/428
f 6376/1691/429 6378/1693/430 6377/1694/430 6375/1692/429
f 6378/1693/430 6380/1695/431 6379/1696/431 6377/1694/430
f 6380/1695/431 6382/1697/432 6381/1698/432 6379/1696/431
f 6382/1697/432 6384/1699/433 6383/1700/433 6381/1698/432
f 6384/1699/433 6386/1701/434 6385/1702/434 6383/1700/433
f 6386/1701/434 6388/1703/435 6387/1704/435 6385/1702/434
f 6388/1703/435 6102/1428/293 6101/2/293 6387/1704/435
f 6390/1137/436 6392/1705/437 6391/1706/437 6389/5/436
f 6392/1705/437 6394/1707/438 6393/519/438 6391/1706/437
f 6394/1707/438 6396/1708/439 6395/1709/439 6393/519/438
f 6396/1708/439 6398/1710/440 6397/844/440 6395/1709/439
f 6398/1710/440 6400/1282/441 6399/1283/441 6397/844/440
f 6400/1282/441 6402/1711/439 6401/763/439 6399/1283/441
f 6402/1711/439 6404/1712/442 6403/1713/442 6401/763/439
f 6404/1712/442 6406/1714/437 6405/546/437 6403/1713/442
f 6406/1714/437 6408/1715/443 6407/1716/443 6405/546/437
f 6408/1715/443 6390/1428/436 6389/2/436 6407/1716/443
