# Blender 4.3.2
# www.blender.org
mtllib Old_Key.mtl
o Cylinder
v -0.028540 -0.016094 0.000000
v -0.029676 -0.020026 0.000000
v -0.029104 -0.020026 0.005790
v -0.027990 -0.016094 0.005568
v -0.027588 -0.026788 0.000000
v -0.027056 -0.026788 0.005382
v -0.025488 -0.026788 0.010558
v -0.027416 -0.020026 0.011356
v -0.026368 -0.016094 0.010922
v -0.024672 -0.020026 0.016486
v -0.023728 -0.016094 0.015856
v -0.022938 -0.026788 0.015326
v -0.019508 -0.026788 0.019508
v -0.020984 -0.020026 0.020984
v -0.020180 -0.016094 0.020180
v -0.016486 -0.020026 0.024672
v -0.015856 -0.016094 0.023728
v -0.015326 -0.026788 0.022938
v -0.010558 -0.026788 0.025488
v -0.011356 -0.020026 0.027416
v -0.010922 -0.016094 0.026368
v -0.005790 -0.020026 0.029104
v -0.005568 -0.016094 0.027990
v -0.005382 -0.026788 0.027056
v 0.000000 -0.026788 0.027588
v 0.000000 -0.020026 0.029676
v 0.000000 -0.016094 0.028540
v 0.005790 -0.020026 0.029104
v 0.005568 -0.016094 0.027990
v 0.005382 -0.026788 0.027056
v 0.010558 -0.026788 0.025488
v 0.011356 -0.020026 0.027416
v 0.010922 -0.016094 0.026368
v 0.016486 -0.020026 0.024672
v 0.015856 -0.016094 0.023728
v 0.015326 -0.026788 0.022938
v 0.019508 -0.026788 0.019508
v 0.020984 -0.020026 0.020984
v 0.020180 -0.016094 0.020180
v 0.024672 -0.020026 0.016486
v 0.023728 -0.016094 0.015856
v 0.022938 -0.026788 0.015326
v 0.025488 -0.026788 0.010558
v 0.027416 -0.020026 0.011356
v 0.026368 -0.016094 0.010922
v 0.029104 -0.020026 0.005790
v 0.027990 -0.016094 0.005568
v 0.027056 -0.026788 0.005382
v 0.027588 -0.026788 -0.000000
v 0.029676 -0.020026 -0.000000
v 0.028540 -0.016094 -0.000000
v 0.029104 -0.020026 -0.005790
v 0.027990 -0.016094 -0.005568
v 0.027056 -0.026788 -0.005382
v 0.025488 -0.026788 -0.010558
v 0.027416 -0.020026 -0.011356
v 0.026368 -0.016094 -0.010922
v 0.024672 -0.020026 -0.016486
v 0.023728 -0.016094 -0.015856
v 0.022938 -0.026788 -0.015326
v 0.019508 -0.026788 -0.019508
v 0.020984 -0.020026 -0.020984
v 0.020180 -0.016094 -0.020180
v 0.016486 -0.020026 -0.024672
v 0.015856 -0.016094 -0.023728
v 0.015326 -0.026788 -0.022938
v 0.010558 -0.026788 -0.025488
v 0.011356 -0.020026 -0.027416
v 0.010922 -0.016094 -0.026368
v 0.005790 -0.020026 -0.029104
v 0.005568 -0.016094 -0.027990
v 0.005382 -0.026788 -0.027056
v -0.000000 -0.026788 -0.027588
v -0.000000 -0.020026 -0.029676
v -0.000000 -0.016094 -0.028540
v -0.005790 -0.020026 -0.029104
v -0.005568 -0.016094 -0.027990
v -0.005382 -0.026788 -0.027056
v -0.010558 -0.026788 -0.025488
v -0.011356 -0.020026 -0.027416
v -0.010922 -0.016094 -0.026368
v -0.016486 -0.020026 -0.024672
v -0.015856 -0.016094 -0.023728
v -0.015326 -0.026788 -0.022938
v -0.019508 -0.026788 -0.019508
v -0.020984 -0.020026 -0.020984
v -0.020180 -0.016094 -0.020180
v -0.015150 -0.029492 0.022674
v -0.010436 -0.029492 0.025196
v -0.019284 -0.029492 0.019284
v -0.018374 -0.095104 0.018374
v -0.014436 -0.095104 0.021604
v -0.009944 -0.095104 0.024006
v -0.024672 -0.020026 -0.016486
v -0.023728 -0.016094 -0.015856
v -0.022938 -0.026788 -0.015326
v -0.025488 -0.026788 -0.010558
v -0.027416 -0.020026 -0.011356
v -0.026368 -0.016094 -0.010922
v -0.029104 -0.020026 -0.005790
v -0.027990 -0.016094 -0.005568
v -0.027056 -0.026788 -0.005382
v 0.011844 -0.002706 0.028594
v 0.017194 -0.002706 0.025732
v 0.016162 -0.000288 0.024188
v 0.011134 -0.000288 0.026878
v 0.021884 -0.002706 0.021884
v 0.020572 -0.000288 0.020572
v 0.019258 0.002128 0.019258
v 0.015130 0.002128 0.022644
v 0.010422 0.002128 0.025164
v -0.028446 -0.005624 -0.011784
v -0.026506 -0.008064 -0.010980
v -0.028138 -0.008064 -0.005596
v -0.030198 -0.005624 -0.006006
v -0.025010 -0.011080 -0.010360
v -0.026548 -0.011080 -0.005280
v -0.027070 -0.011080 0.000000
v -0.028690 -0.008064 0.000000
v -0.030790 -0.005624 0.000000
v -0.021772 -0.005624 -0.021772
v -0.020288 -0.008064 -0.020288
v -0.023854 -0.008064 -0.015938
v -0.025600 -0.005624 -0.017106
v -0.019142 -0.011080 -0.019142
v -0.022506 -0.011080 -0.015038
v -0.011784 -0.005624 -0.028446
v -0.010980 -0.008064 -0.026506
v -0.015938 -0.008064 -0.023854
v -0.017106 -0.005624 -0.025600
v -0.010360 -0.011080 -0.025010
v -0.015038 -0.011080 -0.022506
v -0.000000 -0.005624 -0.030790
v -0.000000 -0.008064 -0.028690
v -0.005596 -0.008064 -0.028138
v -0.006006 -0.005624 -0.030198
v -0.000000 -0.011080 -0.027070
v -0.005280 -0.011080 -0.026548
v 0.011784 -0.005624 -0.028446
v 0.010980 -0.008064 -0.026506
v 0.005596 -0.008064 -0.028138
v 0.006006 -0.005624 -0.030198
v 0.010360 -0.011080 -0.025010
v 0.005280 -0.011080 -0.026548
v 0.021772 -0.005624 -0.021772
v 0.020288 -0.008064 -0.020288
v 0.015938 -0.008064 -0.023854
v 0.017106 -0.005624 -0.025600
v 0.019142 -0.011080 -0.019142
v 0.015038 -0.011080 -0.022506
v 0.028446 -0.005624 -0.011784
v 0.026506 -0.008064 -0.010980
v 0.023854 -0.008064 -0.015938
v 0.025600 -0.005624 -0.017106
v 0.025008 -0.011080 -0.010360
v 0.022506 -0.011080 -0.015038
v 0.030790 -0.005624 -0.000000
v 0.028690 -0.008064 -0.000000
v 0.028138 -0.008064 -0.005596
v 0.030198 -0.005624 -0.006006
v 0.027070 -0.011080 -0.000000
v 0.026548 -0.011080 -0.005280
v 0.028446 -0.005624 0.011784
v 0.026506 -0.008064 0.010980
v 0.028138 -0.008064 0.005596
v 0.030198 -0.005624 0.006006
v 0.025010 -0.011080 0.010360
v 0.026548 -0.011080 0.005280
v 0.021772 -0.005624 0.021772
v 0.020288 -0.008064 0.020288
v 0.023854 -0.008064 0.015938
v 0.025600 -0.005624 0.017106
v 0.019142 -0.011080 0.019142
v 0.022506 -0.011080 0.015038
v 0.011784 -0.005624 0.028446
v 0.010980 -0.008064 0.026506
v 0.015938 -0.008064 0.023854
v 0.017106 -0.005624 0.025600
v 0.010360 -0.011080 0.025010
v 0.015038 -0.011080 0.022506
v 0.000000 -0.005624 0.030790
v 0.000000 -0.008064 0.028690
v 0.005596 -0.008064 0.028138
v 0.006006 -0.005624 0.030198
v 0.000000 -0.011080 0.027070
v 0.005280 -0.011080 0.026548
v -0.011784 -0.005624 0.028446
v -0.010980 -0.008064 0.026506
v -0.005596 -0.008064 0.028138
v -0.006006 -0.005624 0.030198
v -0.010360 -0.011080 0.025010
v -0.005280 -0.011080 0.026548
v -0.021772 -0.005624 0.021772
v -0.020288 -0.008064 0.020288
v -0.015938 -0.008064 0.023854
v -0.017106 -0.005624 0.025600
v -0.019142 -0.011080 0.019142
v -0.015038 -0.011080 0.022506
v -0.028446 -0.005624 0.011784
v -0.026506 -0.008064 0.010980
v -0.023854 -0.008064 0.015938
v -0.025600 -0.005624 0.017106
v -0.025010 -0.011080 0.010360
v -0.022506 -0.011080 0.015038
v -0.028138 -0.008064 0.005596
v -0.030198 -0.005624 0.006006
v -0.026548 -0.011080 0.005280
v -0.009698 -0.413080 0.023412
v -0.014078 -0.413080 0.021068
v -0.014008 -0.503682 0.020964
v -0.009650 -0.503688 0.023296
v -0.017918 -0.413080 0.017918
v -0.017830 -0.503690 0.017830
v -0.017516 -0.513528 0.017516
v -0.013760 -0.513516 0.020594
v -0.009480 -0.513528 0.022884
v 0.026746 -0.029492 0.005320
v 0.027272 -0.029492 0.000000
v 0.025196 -0.029492 0.010436
v 0.024006 -0.095104 0.009944
v 0.025484 -0.095104 0.005068
v 0.025984 -0.095104 0.000000
v -0.026746 -0.029492 0.005320
v -0.025196 -0.029492 0.010436
v -0.027272 -0.029492 0.000000
v -0.025984 -0.095104 0.000000
v -0.025484 -0.095104 0.005068
v -0.024006 -0.095104 0.009944
v -0.005320 -0.029492 -0.026746
v -0.010436 -0.029492 -0.025196
v -0.000000 -0.029492 -0.027272
v -0.000000 -0.095104 -0.025984
v -0.005068 -0.095104 -0.025484
v -0.009944 -0.095104 -0.024006
v 0.015150 -0.029492 0.022674
v 0.019284 -0.029492 0.019284
v 0.010436 -0.029492 0.025196
v 0.009944 -0.095104 0.024006
v 0.014436 -0.095104 0.021604
v 0.018374 -0.095104 0.018374
v 0.015150 -0.029492 -0.022674
v 0.010436 -0.029492 -0.025196
v 0.019284 -0.029492 -0.019284
v 0.018374 -0.095104 -0.018374
v 0.014436 -0.095104 -0.021604
v 0.009944 -0.095104 -0.024006
v -0.026746 -0.029492 -0.005320
v -0.025196 -0.029492 -0.010436
v -0.024006 -0.095104 -0.009944
v -0.025484 -0.095104 -0.005068
v -0.005320 -0.029492 0.026746
v 0.000000 -0.029492 0.027272
v -0.005068 -0.095104 0.025484
v 0.000000 -0.095104 0.025984
v 0.026746 -0.029492 -0.005320
v 0.025196 -0.029492 -0.010436
v 0.025484 -0.095104 -0.005068
v 0.024006 -0.095104 -0.009944
v -0.015150 -0.029492 -0.022674
v -0.019284 -0.029492 -0.019284
v -0.014436 -0.095104 -0.021604
v -0.018374 -0.095104 -0.018374
v -0.022674 -0.029492 0.015150
v -0.021604 -0.095104 0.014436
v 0.022674 -0.029492 0.015150
v 0.021604 -0.095104 0.014436
v 0.005320 -0.029492 -0.026746
v 0.005068 -0.095104 -0.025484
v 0.005320 -0.029492 0.026746
v 0.005068 -0.095104 0.025484
v 0.022674 -0.029492 -0.015150
v 0.021604 -0.095104 -0.014436
v -0.022674 -0.029492 -0.015150
v -0.021604 -0.095104 -0.014436
v 0.024770 -0.513528 0.000000
v 0.024292 -0.513516 0.004832
v 0.023028 -0.519668 0.004580
v 0.023556 -0.519582 0.000000
v 0.022884 -0.513528 0.009480
v 0.021764 -0.519580 0.009014
v 0.009698 -0.413080 -0.023412
v 0.014078 -0.413080 -0.021068
v 0.014008 -0.503682 -0.020964
v 0.009650 -0.503688 -0.023296
v 0.017918 -0.413080 -0.017918
v 0.017830 -0.503688 -0.017830
v 0.017516 -0.513528 -0.017516
v 0.013760 -0.513516 -0.020594
v 0.009480 -0.513528 -0.022884
v 0.000000 -0.413080 0.025340
v -0.004944 -0.413080 0.024852
v -0.004918 -0.503682 0.024730
v 0.000000 -0.503690 0.025216
v -0.004832 -0.513516 0.024292
v 0.000000 -0.513528 0.024770
v -0.000000 -0.413080 -0.025340
v 0.004944 -0.413080 -0.024852
v 0.004918 -0.503682 -0.024730
v -0.000000 -0.503688 -0.025216
v 0.004832 -0.513516 -0.024292
v -0.000000 -0.513528 -0.024770
v 0.009698 -0.413080 0.023412
v 0.004944 -0.413080 0.024852
v 0.004918 -0.503682 0.024730
v 0.009650 -0.503688 0.023296
v 0.004832 -0.513516 0.024292
v 0.009480 -0.513528 0.022884
v -0.009698 -0.413080 -0.023412
v -0.004944 -0.413080 -0.024852
v -0.004918 -0.503682 -0.024730
v -0.009650 -0.503688 -0.023296
v -0.004832 -0.513516 -0.024292
v -0.009480 -0.513528 -0.022884
v 0.017918 -0.413080 0.017918
v 0.014078 -0.413080 0.021068
v 0.014008 -0.503682 0.020964
v 0.017830 -0.503688 0.017830
v 0.013760 -0.513516 0.020594
v 0.017516 -0.513528 0.017516
v -0.017918 -0.413080 -0.017918
v -0.014078 -0.413080 -0.021068
v -0.014008 -0.503682 -0.020964
v -0.017830 -0.503690 -0.017830
v -0.013760 -0.513516 -0.020594
v -0.017516 -0.513528 -0.017516
v 0.023412 -0.413080 0.009698
v 0.021068 -0.413080 0.014078
v 0.020964 -0.503682 0.014008
v 0.023296 -0.503688 0.009650
v 0.020594 -0.513516 0.013760
v -0.023412 -0.413080 -0.009698
v -0.021068 -0.413080 -0.014078
v -0.020964 -0.503682 -0.014008
v -0.023296 -0.503688 -0.009650
v -0.020594 -0.513516 -0.013760
v -0.022884 -0.513528 -0.009480
v 0.025340 -0.413080 0.000000
v 0.024852 -0.413080 0.004944
v 0.024730 -0.503682 0.004918
v 0.025216 -0.503688 0.000000
v -0.023412 -0.413080 0.009698
v -0.024852 -0.413080 0.004944
v -0.024730 -0.503682 0.004918
v -0.023296 -0.503688 0.009650
v -0.025340 -0.413080 0.000000
v -0.025216 -0.503688 0.000000
v -0.024770 -0.513528 0.000000
v -0.024292 -0.513516 0.004832
v -0.022884 -0.513528 0.009480
v -0.024852 -0.413080 -0.004944
v -0.024730 -0.503682 -0.004918
v -0.024292 -0.513516 -0.004832
v 0.023412 -0.413080 -0.009698
v 0.024852 -0.413080 -0.004944
v 0.024730 -0.503682 -0.004918
v 0.023296 -0.503688 -0.009650
v 0.024292 -0.513516 -0.004832
v 0.022884 -0.513528 -0.009480
v -0.021068 -0.413080 0.014078
v -0.020964 -0.503682 0.014008
v -0.020594 -0.513516 0.013760
v 0.021068 -0.413080 -0.014078
v 0.020964 -0.503682 -0.014008
v 0.020594 -0.513516 -0.013760
v -0.023028 -0.519668 0.004580
v -0.021764 -0.519582 0.009014
v -0.023556 -0.519582 0.000000
v -0.023028 -0.519668 -0.004580
v -0.021764 -0.519582 -0.009014
v 0.023028 -0.519668 -0.004580
v 0.021764 -0.519580 -0.009014
v -0.019522 -0.519668 0.013044
v -0.016658 -0.519582 0.016658
v 0.019522 -0.519668 -0.013044
v 0.016658 -0.519582 -0.016658
v -0.013044 -0.519668 0.019522
v -0.009014 -0.519582 0.021764
v 0.013044 -0.519668 -0.019522
v 0.009014 -0.519582 -0.021764
v -0.004580 -0.519668 0.023028
v 0.000000 -0.519582 0.023556
v 0.004580 -0.519668 -0.023028
v -0.000000 -0.519582 -0.023556
v 0.004580 -0.519668 0.023028
v 0.009014 -0.519582 0.021764
v -0.004580 -0.519668 -0.023028
v -0.009014 -0.519582 -0.021764
v 0.013044 -0.519668 0.019522
v 0.016658 -0.519582 0.016658
v -0.013044 -0.519668 -0.019522
v -0.016658 -0.519582 -0.016658
v 0.019522 -0.519668 0.013044
v -0.019522 -0.519668 -0.013044
v 0.019726 0.005692 -0.019726
v 0.015498 0.005692 -0.023194
v 0.017264 0.009552 -0.025838
v 0.021976 0.009552 -0.021976
v 0.010676 0.005692 -0.025774
v 0.011892 0.009552 -0.028712
v 0.013110 0.014642 -0.031652
v 0.019032 0.014642 -0.028484
v 0.024226 0.014642 -0.024226
v 0.021884 -0.002706 -0.021884
v 0.017194 -0.002706 -0.025732
v 0.016162 -0.000288 -0.024188
v 0.020572 -0.000288 -0.020572
v 0.011844 -0.002706 -0.028594
v 0.011134 -0.000288 -0.026878
v 0.010422 0.002128 -0.025164
v 0.015130 0.002128 -0.022644
v 0.019258 0.002128 -0.019258
v -0.028594 -0.002706 -0.011844
v -0.030352 -0.002706 -0.006038
v -0.028532 -0.000288 -0.005676
v -0.026878 -0.000288 -0.011134
v -0.030948 -0.002706 0.000000
v -0.029092 -0.000288 0.000000
v -0.027236 0.002128 0.000000
v -0.026712 0.002128 -0.005314
v -0.025164 0.002128 -0.010422
v -0.011844 -0.002706 0.028594
v -0.006038 -0.002706 0.030352
v -0.005676 -0.000288 0.028532
v -0.011134 -0.000288 0.026878
v 0.000000 -0.002706 0.030948
v 0.000000 -0.000288 0.029092
v 0.000000 0.002128 0.027236
v -0.005314 0.002128 0.026712
v -0.010422 0.002128 0.025164
v 0.030948 -0.002706 -0.000000
v 0.030352 -0.002706 -0.006038
v 0.028532 -0.000288 -0.005676
v 0.029092 -0.000288 -0.000000
v 0.028594 -0.002706 -0.011844
v 0.026878 -0.000288 -0.011134
v 0.025164 0.002128 -0.010422
v 0.026712 0.002128 -0.005314
v 0.027236 0.002128 -0.000000
v -0.011844 -0.002706 -0.028594
v -0.017194 -0.002706 -0.025732
v -0.016162 -0.000288 -0.024188
v -0.011134 -0.000288 -0.026878
v -0.021884 -0.002706 -0.021884
v -0.020572 -0.000288 -0.020572
v -0.019258 0.002128 -0.019258
v -0.015130 0.002128 -0.022644
v -0.010422 0.002128 -0.025164
v -0.028594 -0.002706 0.011844
v -0.025732 -0.002706 0.017194
v -0.024188 -0.000288 0.016162
v -0.026878 -0.000288 0.011134
v -0.021884 -0.002706 0.021884
v -0.020572 -0.000288 0.020572
v -0.019258 0.002128 0.019258
v -0.022644 0.002128 0.015130
v -0.025164 0.002128 0.010422
v 0.025732 -0.002706 0.017194
v 0.024188 -0.000288 0.016162
v 0.028594 -0.002706 0.011844
v 0.026878 -0.000288 0.011134
v 0.025164 0.002128 0.010422
v 0.022644 0.002128 0.015130
v 0.006038 -0.002706 -0.030352
v 0.005676 -0.000288 -0.028532
v -0.000000 -0.002706 -0.030948
v -0.000000 -0.000288 -0.029092
v -0.000000 0.002128 -0.027236
v 0.005314 0.002128 -0.026712
v 0.006038 -0.002706 0.030352
v 0.005676 -0.000288 0.028532
v 0.005314 0.002128 0.026712
v 0.025732 -0.002706 -0.017194
v 0.024188 -0.000288 -0.016162
v 0.022644 0.002128 -0.015130
v -0.025732 -0.002706 -0.017194
v -0.024188 -0.000288 -0.016162
v -0.022644 0.002128 -0.015130
v -0.017194 -0.002706 0.025732
v -0.016162 -0.000288 0.024188
v -0.015130 0.002128 0.022644
v 0.030352 -0.002706 0.006038
v 0.028532 -0.000288 0.005676
v 0.026712 0.002128 0.005314
v -0.030352 -0.002706 0.006038
v -0.028532 -0.000288 0.005676
v -0.026712 0.002128 0.005314
v -0.006038 -0.002706 -0.030352
v -0.005676 -0.000288 -0.028532
v -0.005314 0.002128 -0.026712
v -0.034260 0.014642 0.000000
v -0.033600 0.014642 0.006684
v -0.035036 0.019922 0.006968
v -0.035724 0.019922 0.000000
v -0.031652 0.014642 0.013110
v -0.033004 0.019922 0.013672
v -0.033630 0.024626 0.013930
v -0.035698 0.024626 0.007100
v -0.036400 0.024626 0.000000
v -0.010676 0.005692 0.025774
v -0.005442 0.005692 0.027360
v -0.006062 0.009552 0.030478
v -0.011892 0.009552 0.028712
v 0.000000 0.005692 0.027898
v 0.000000 0.009552 0.031078
v 0.000000 0.014642 0.034260
v -0.006684 0.014642 0.033600
v -0.013110 0.014642 0.031652
v 0.005442 0.005692 -0.027360
v 0.006062 0.009552 -0.030478
v -0.000000 0.005692 -0.027898
v -0.000000 0.009552 -0.031078
v -0.000000 0.014642 -0.034260
v 0.006684 0.014642 -0.033600
v 0.005442 0.005692 0.027360
v 0.006062 0.009552 0.030478
v 0.010676 0.005692 0.025774
v 0.011892 0.009552 0.028712
v 0.013110 0.014642 0.031652
v 0.006684 0.014642 0.033600
v -0.005442 0.005692 -0.027360
v -0.006062 0.009552 -0.030478
v -0.010676 0.005692 -0.025774
v -0.011892 0.009552 -0.028712
v -0.013110 0.014642 -0.031652
v -0.006684 0.014642 -0.033600
v 0.015498 0.005692 0.023194
v 0.017264 0.009552 0.025838
v 0.019726 0.005692 0.019726
v 0.021976 0.009552 0.021976
v 0.024226 0.014642 0.024226
v 0.019032 0.014642 0.028484
v -0.015498 0.005692 -0.023194
v -0.017264 0.009552 -0.025838
v -0.019726 0.005692 -0.019726
v -0.021976 0.009552 -0.021976
v -0.024226 0.014642 -0.024226
v -0.019032 0.014642 -0.028484
v 0.023194 0.005692 0.015498
v 0.025838 0.009552 0.017264
v 0.025774 0.005692 0.010676
v 0.028712 0.009552 0.011892
v 0.031652 0.014642 0.013110
v 0.028484 0.014642 0.019032
v -0.023194 0.005692 -0.015498
v -0.025838 0.009552 -0.017264
v -0.025774 0.005692 -0.010676
v -0.028712 0.009552 -0.011892
v -0.031652 0.014642 -0.013110
v -0.028484 0.014642 -0.019032
v 0.027360 0.005692 0.005442
v 0.030478 0.009552 0.006062
v 0.027898 0.005692 -0.000000
v 0.031078 0.009552 -0.000000
v 0.034260 0.014642 -0.000000
v 0.033600 0.014642 0.006684
v -0.027898 0.005692 0.000000
v -0.027360 0.005692 0.005442
v -0.030478 0.009552 0.006062
v -0.031078 0.009552 0.000000
v -0.025774 0.005692 0.010676
v -0.028712 0.009552 0.011892
v -0.027360 0.005692 -0.005442
v -0.030478 0.009552 -0.006062
v -0.033600 0.014642 -0.006684
v 0.027360 0.005692 -0.005442
v 0.030478 0.009552 -0.006062
v 0.025774 0.005692 -0.010676
v 0.028712 0.009552 -0.011892
v 0.031652 0.014642 -0.013110
v 0.033600 0.014642 -0.006684
v -0.023194 0.005692 0.015498
v -0.025838 0.009552 0.017264
v -0.019726 0.005692 0.019726
v -0.021976 0.009552 0.021976
v -0.024226 0.014642 0.024226
v -0.028484 0.014642 0.019032
v 0.023194 0.005692 -0.015498
v 0.025838 0.009552 -0.017264
v 0.028484 0.014642 -0.019032
v -0.015498 0.005692 0.023194
v -0.017264 0.009552 0.025838
v -0.019032 0.014642 0.028484
v 0.014790 0.033306 0.035708
v 0.021472 0.033306 0.032134
v 0.021056 0.035660 0.031512
v 0.014504 0.035660 0.035018
v 0.027330 0.033306 0.027330
v 0.026802 0.035660 0.026802
v 0.026702 0.038656 0.026702
v 0.020978 0.038656 0.031396
v 0.014452 0.038656 0.034888
v -0.035036 0.019922 -0.006968
v -0.033004 0.019922 -0.013672
v -0.035698 0.024626 -0.007100
v -0.033630 0.024626 -0.013930
v 0.035036 0.019922 -0.006968
v 0.035724 0.019922 -0.000000
v 0.033004 0.019922 -0.013672
v 0.033630 0.024626 -0.013930
v 0.035698 0.024626 -0.007100
v 0.036400 0.024626 -0.000000
v -0.029702 0.019922 0.019846
v -0.025260 0.019922 0.025260
v -0.025738 0.024626 0.025738
v -0.030264 0.024626 0.020222
v 0.029702 0.019922 -0.019846
v 0.025260 0.019922 -0.025260
v 0.025738 0.024626 -0.025738
v 0.030264 0.024626 -0.020222
v -0.019846 0.019922 0.029702
v -0.013672 0.019922 0.033004
v -0.013930 0.024626 0.033630
v -0.020222 0.024626 0.030264
v 0.019846 0.019922 -0.029702
v 0.013672 0.019922 -0.033004
v 0.013930 0.024626 -0.033630
v 0.020222 0.024626 -0.030264
v -0.006970 0.019922 0.035036
v 0.000000 0.019922 0.035724
v 0.000000 0.024626 0.036400
v -0.007100 0.024626 0.035698
v 0.006968 0.019922 -0.035036
v -0.000000 0.019922 -0.035724
v -0.000000 0.024626 -0.036400
v 0.007100 0.024626 -0.035698
v 0.006968 0.019922 0.035036
v 0.013672 0.019922 0.033004
v 0.013930 0.024626 0.033630
v 0.007100 0.024626 0.035698
v -0.006968 0.019922 -0.035036
v -0.013672 0.019922 -0.033004
v -0.013930 0.024626 -0.033630
v -0.007100 0.024626 -0.035698
v 0.019846 0.019922 0.029702
v 0.025260 0.019922 0.025260
v 0.025738 0.024626 0.025738
v 0.020222 0.024626 0.030264
v -0.019846 0.019922 -0.029702
v -0.025260 0.019922 -0.025260
v -0.025738 0.024626 -0.025738
v -0.020222 0.024626 -0.030264
v 0.029702 0.019922 0.019846
v 0.033004 0.019922 0.013672
v 0.033630 0.024626 0.013930
v 0.030264 0.024626 0.020222
v -0.029702 0.019922 -0.019846
v -0.030264 0.024626 -0.020222
v 0.035036 0.019922 0.006968
v 0.035698 0.024626 0.007100
v 0.027934 0.053128 -0.027934
v 0.021946 0.053128 -0.032844
v 0.022730 0.056540 -0.034016
v 0.028930 0.056540 -0.028930
v 0.015118 0.053128 -0.036496
v 0.015658 0.056540 -0.037800
v 0.016360 0.059270 -0.039494
v 0.023748 0.059270 -0.035542
v 0.030228 0.059270 -0.030228
v -0.014790 0.033306 -0.035708
v -0.021472 0.033306 -0.032134
v -0.021056 0.035660 -0.031512
v -0.014504 0.035660 -0.035018
v -0.027330 0.033306 -0.027330
v -0.026802 0.035660 -0.026802
v -0.026702 0.038656 -0.026702
v -0.020978 0.038656 -0.031396
v -0.014452 0.038656 -0.034888
v 0.032134 0.033306 0.021472
v 0.031512 0.035660 0.021056
v 0.035708 0.033306 0.014790
v 0.035018 0.035660 0.014504
v 0.034888 0.038656 0.014452
v 0.031396 0.038656 0.020978
v -0.032134 0.033306 -0.021472
v -0.031512 0.035660 -0.021056
v -0.035708 0.033306 -0.014790
v -0.035018 0.035660 -0.014504
v -0.034888 0.038656 -0.014452
v -0.031396 0.038656 -0.020978
v 0.037906 0.033306 0.007540
v 0.037172 0.035660 0.007394
v 0.038650 0.033306 -0.000000
v 0.037902 0.035660 -0.000000
v 0.037764 0.038656 -0.000000
v 0.037036 0.038656 0.007366
v -0.038650 0.033306 0.000000
v -0.037906 0.033306 0.007540
v -0.037172 0.035660 0.007394
v -0.037902 0.035660 0.000000
v -0.035708 0.033306 0.014790
v -0.035018 0.035660 0.014504
v -0.034888 0.038656 0.014452
v -0.037036 0.038656 0.007366
v -0.037764 0.038656 -0.000000
v -0.037906 0.033306 -0.007540
v -0.037172 0.035660 -0.007394
v -0.037036 0.038656 -0.007366
v 0.037906 0.033306 -0.007540
v 0.037172 0.035660 -0.007394
v 0.035708 0.033306 -0.014790
v 0.035018 0.035660 -0.014504
v 0.034888 0.038656 -0.014452
v 0.037036 0.038656 -0.007366
v -0.032134 0.033306 0.021472
v -0.031512 0.035660 0.021056
v -0.027330 0.033306 0.027330
v -0.026802 0.035660 0.026802
v -0.026702 0.038656 0.026702
v -0.031396 0.038656 0.020978
v 0.032134 0.033306 -0.021472
v 0.031512 0.035660 -0.021056
v 0.027330 0.033306 -0.027330
v 0.026802 0.035660 -0.026802
v 0.026702 0.038656 -0.026702
v 0.031396 0.038656 -0.020978
v -0.021472 0.033306 0.032134
v -0.021056 0.035660 0.031512
v -0.014790 0.033306 0.035708
v -0.014504 0.035660 0.035018
v -0.014452 0.038656 0.034888
v -0.020978 0.038656 0.031396
v 0.021472 0.033306 -0.032134
v 0.021056 0.035660 -0.031512
v 0.014790 0.033306 -0.035708
v 0.014504 0.035660 -0.035018
v 0.014452 0.038656 -0.034888
v 0.020978 0.038656 -0.031396
v -0.007540 0.033306 0.037906
v -0.007394 0.035660 0.037172
v 0.000000 0.033306 0.038650
v 0.000000 0.035660 0.037902
v 0.000000 0.038656 0.037764
v -0.007366 0.038656 0.037036
v 0.007540 0.033306 -0.037906
v 0.007394 0.035660 -0.037172
v -0.000000 0.033306 -0.038650
v -0.000000 0.035660 -0.037902
v -0.000000 0.038656 -0.037764
v 0.007366 0.038656 -0.037036
v 0.007540 0.033306 0.037906
v 0.007394 0.035660 0.037172
v 0.007366 0.038656 0.037036
v -0.007540 0.033306 -0.037906
v -0.007394 0.035660 -0.037172
v -0.007366 0.038656 -0.037036
v -0.042936 0.062412 -0.000000
v -0.042108 0.062412 0.008376
v -0.040748 0.064888 0.008106
v -0.041550 0.064888 -0.000000
v -0.039668 0.062412 0.016432
v -0.038388 0.064888 0.015900
v -0.037872 0.068200 0.015688
v -0.040204 0.068200 0.007996
v -0.040994 0.068200 -0.000000
v -0.015118 0.053128 0.036496
v -0.007706 0.053128 0.038742
v -0.007982 0.056540 0.040126
v -0.015658 0.056540 0.037800
v 0.000000 0.053128 0.039504
v 0.000000 0.056540 0.040914
v 0.000000 0.059270 0.042748
v -0.008340 0.059270 0.041924
v -0.016360 0.059270 0.039494
v 0.007706 0.053128 -0.038742
v 0.007982 0.056540 -0.040126
v -0.000000 0.053128 -0.039504
v -0.000000 0.056540 -0.040914
v -0.000000 0.059270 -0.042748
v 0.008340 0.059270 -0.041924
v 0.007706 0.053128 0.038742
v 0.007982 0.056540 0.040126
v 0.015118 0.053128 0.036496
v 0.015658 0.056540 0.037800
v 0.016360 0.059270 0.039494
v 0.008340 0.059270 0.041924
v -0.007706 0.053128 -0.038742
v -0.007982 0.056540 -0.040126
v -0.015118 0.053128 -0.036496
v -0.015658 0.056540 -0.037800
v -0.016360 0.059270 -0.039494
v -0.008340 0.059270 -0.041924
v 0.021946 0.053128 0.032844
v 0.022730 0.056540 0.034016
v 0.027934 0.053128 0.027934
v 0.028930 0.056540 0.028930
v 0.030228 0.059270 0.030228
v 0.023748 0.059270 0.035542
v -0.021946 0.053128 -0.032844
v -0.022730 0.056540 -0.034016
v -0.027934 0.053128 -0.027934
v -0.028930 0.056540 -0.028930
v -0.030228 0.059270 -0.030228
v -0.023748 0.059270 -0.035542
v 0.032844 0.053128 0.021946
v 0.034016 0.056540 0.022730
v 0.036496 0.053128 0.015118
v 0.037800 0.056540 0.015658
v 0.039494 0.059270 0.016360
v 0.035542 0.059270 0.023748
v -0.032844 0.053128 -0.021946
v -0.034016 0.056540 -0.022730
v -0.036496 0.053128 -0.015118
v -0.037800 0.056540 -0.015658
v -0.039494 0.059270 -0.016360
v -0.035542 0.059270 -0.023748
v 0.038742 0.053128 0.007706
v 0.040126 0.056540 0.007982
v 0.039504 0.053128 -0.000000
v 0.040914 0.056540 -0.000000
v 0.042748 0.059270 -0.000000
v 0.041924 0.059270 0.008340
v -0.039504 0.053128 -0.000000
v -0.038742 0.053128 0.007706
v -0.040126 0.056540 0.007982
v -0.040914 0.056540 -0.000000
v -0.036496 0.053128 0.015118
v -0.037800 0.056540 0.015658
v -0.039494 0.059270 0.016360
v -0.041924 0.059270 0.008340
v -0.042748 0.059270 -0.000000
v -0.038742 0.053128 -0.007706
v -0.040126 0.056540 -0.007982
v -0.041924 0.059270 -0.008340
v 0.038742 0.053128 -0.007706
v 0.040126 0.056540 -0.007982
v 0.036496 0.053128 -0.015118
v 0.037800 0.056540 -0.015658
v 0.039494 0.059270 -0.016360
v 0.041924 0.059270 -0.008340
v -0.032844 0.053128 0.021946
v -0.034016 0.056540 0.022730
v -0.027934 0.053128 0.027934
v -0.028930 0.056540 0.028930
v -0.030228 0.059270 0.030228
v -0.035542 0.059270 0.023748
v 0.032844 0.053128 -0.021946
v 0.034016 0.056540 -0.022730
v 0.035542 0.059270 -0.023748
v -0.021946 0.053128 0.032844
v -0.022730 0.056540 0.034016
v -0.023748 0.059270 0.035542
v 0.015688 0.068200 0.037872
v 0.022774 0.068200 0.034082
v 0.023632 0.071830 0.035368
v 0.016278 0.071830 0.039300
v 0.028986 0.068200 0.028986
v 0.030080 0.071830 0.030080
v 0.031576 0.074834 0.031576
v 0.024808 0.074834 0.037126
v 0.017088 0.074834 0.041256
v -0.039668 0.062412 -0.016432
v -0.042108 0.062412 -0.008376
v -0.040748 0.064888 -0.008106
v -0.038388 0.064888 -0.015900
v -0.040204 0.068200 -0.007996
v -0.037872 0.068200 -0.015688
v 0.042936 0.062412 -0.000000
v 0.042108 0.062412 -0.008376
v 0.040748 0.064888 -0.008106
v 0.041550 0.064888 -0.000000
v 0.039668 0.062412 -0.016432
v 0.038386 0.064888 -0.015900
v 0.037872 0.068200 -0.015688
v 0.040204 0.068200 -0.007996
v 0.040994 0.068200 -0.000000
v -0.035698 0.062412 0.023852
v -0.034546 0.064888 0.023082
v -0.030360 0.062412 0.030360
v -0.029380 0.064888 0.029380
v -0.028986 0.068200 0.028986
v -0.034082 0.068200 0.022774
v 0.035698 0.062412 -0.023852
v 0.034546 0.064888 -0.023082
v 0.030360 0.062412 -0.030360
v 0.029380 0.064888 -0.029380
v 0.028986 0.068200 -0.028986
v 0.034082 0.068200 -0.022774
v -0.023852 0.062412 0.035698
v -0.023082 0.064888 0.034546
v -0.016432 0.062412 0.039668
v -0.015900 0.064888 0.038386
v -0.015688 0.068200 0.037872
v -0.022774 0.068200 0.034082
v 0.023852 0.062412 -0.035698
v 0.023082 0.064888 -0.034546
v 0.016432 0.062412 -0.039668
v 0.015900 0.064888 -0.038386
v 0.015688 0.068200 -0.037872
v 0.022774 0.068200 -0.034082
v -0.008376 0.062412 0.042108
v -0.008106 0.064888 0.040748
v 0.000000 0.062412 0.042936
v 0.000000 0.064888 0.041550
v 0.000000 0.068200 0.040994
v -0.007996 0.068200 0.040204
v 0.008376 0.062412 -0.042108
v 0.008106 0.064888 -0.040748
v -0.000000 0.062412 -0.042936
v -0.000000 0.064888 -0.041550
v -0.000000 0.068200 -0.040994
v 0.007996 0.068200 -0.040204
v 0.008376 0.062412 0.042108
v 0.008106 0.064888 0.040748
v 0.016432 0.062412 0.039668
v 0.015900 0.064888 0.038386
v 0.007996 0.068200 0.040204
v -0.008376 0.062412 -0.042108
v -0.008106 0.064888 -0.040748
v -0.016432 0.062412 -0.039668
v -0.015900 0.064888 -0.038386
v -0.015688 0.068200 -0.037872
v -0.007996 0.068200 -0.040204
v 0.023852 0.062412 0.035698
v 0.023082 0.064888 0.034546
v 0.030360 0.062412 0.030360
v 0.029380 0.064888 0.029380
v -0.023852 0.062412 -0.035698
v -0.023082 0.064888 -0.034546
v -0.030360 0.062412 -0.030360
v -0.029380 0.064888 -0.029380
v -0.028986 0.068200 -0.028986
v -0.022774 0.068200 -0.034082
v 0.035698 0.062412 0.023852
v 0.034546 0.064888 0.023082
v 0.039668 0.062412 0.016432
v 0.038386 0.064888 0.015900
v 0.037872 0.068200 0.015688
v 0.034082 0.068200 0.022774
v -0.035698 0.062412 -0.023852
v -0.034546 0.064888 -0.023082
v -0.034082 0.068200 -0.022774
v 0.042108 0.062412 0.008376
v 0.040748 0.064888 0.008106
v 0.040204 0.068200 0.007996
v 0.023088 0.084166 -0.023088
v 0.018138 0.084166 -0.027146
v 0.017198 0.087082 -0.025740
v 0.021890 0.087082 -0.021890
v 0.012494 0.084166 -0.030166
v 0.011848 0.087082 -0.028602
v 0.012776 0.090562 -0.030846
v 0.018548 0.090562 -0.027758
v 0.023608 0.090562 -0.023608
v -0.023632 0.071830 -0.035368
v -0.016278 0.071830 -0.039300
v -0.030080 0.071830 -0.030080
v -0.031576 0.074834 -0.031576
v -0.024808 0.074834 -0.037126
v -0.017088 0.074834 -0.041256
v 0.035368 0.071830 0.023632
v 0.039300 0.071830 0.016278
v 0.041256 0.074834 0.017088
v 0.037126 0.074834 0.024808
v -0.035368 0.071830 -0.023632
v -0.039300 0.071830 -0.016278
v -0.041256 0.074834 -0.017088
v -0.037126 0.074834 -0.024808
v 0.041718 0.071830 0.008298
v 0.042540 0.071830 -0.000000
v 0.044654 0.074834 -0.000000
v 0.043794 0.074834 0.008712
v -0.041718 0.071830 0.008298
v -0.042540 0.071830 -0.000000
v -0.039300 0.071830 0.016278
v -0.041256 0.074834 0.017088
v -0.043794 0.074834 0.008712
v -0.044654 0.074834 -0.000000
v -0.041718 0.071830 -0.008298
v -0.043794 0.074834 -0.008712
v 0.041718 0.071830 -0.008298
v 0.039300 0.071830 -0.016278
v 0.041256 0.074834 -0.017088
v 0.043794 0.074834 -0.008712
v -0.035368 0.071830 0.023632
v -0.030080 0.071830 0.030080
v -0.031576 0.074834 0.031576
v -0.037126 0.074834 0.024808
v 0.035368 0.071830 -0.023632
v 0.030080 0.071830 -0.030080
v 0.031576 0.074834 -0.031576
v 0.037126 0.074834 -0.024808
v -0.023632 0.071830 0.035368
v -0.016278 0.071830 0.039300
v -0.017088 0.074834 0.041256
v -0.024808 0.074834 0.037126
v 0.023632 0.071830 -0.035368
v 0.016278 0.071830 -0.039300
v 0.017088 0.074834 -0.041256
v 0.024808 0.074834 -0.037126
v -0.008298 0.071830 0.041718
v 0.000000 0.071830 0.042540
v 0.000000 0.074834 0.044654
v -0.008712 0.074834 0.043794
v 0.008298 0.071830 -0.041718
v -0.000000 0.071830 -0.042540
v -0.000000 0.074834 -0.044654
v 0.008712 0.074834 -0.043794
v 0.008298 0.071830 0.041718
v 0.008712 0.074834 0.043794
v -0.008298 0.071830 -0.041718
v -0.008712 0.074834 -0.043794
v -0.041548 0.101066 -0.017210
v -0.044104 0.101066 -0.008772
v -0.046652 0.106530 -0.009280
v -0.043948 0.106530 -0.018204
v -0.044970 0.101066 -0.000000
v -0.047568 0.106530 -0.000000
v -0.048012 0.111008 -0.000000
v -0.047086 0.111008 -0.009366
v -0.044358 0.111008 -0.018374
v -0.012494 0.084166 0.030166
v -0.006370 0.084166 0.032022
v -0.006040 0.087082 0.030362
v -0.011848 0.087082 0.028602
v 0.000000 0.084166 0.032650
v 0.000000 0.087082 0.030958
v 0.000000 0.090562 0.033388
v -0.006514 0.090562 0.032744
v -0.012776 0.090562 0.030846
v 0.006370 0.084166 -0.032022
v 0.006040 0.087082 -0.030362
v -0.000000 0.084166 -0.032650
v -0.000000 0.087082 -0.030958
v -0.000000 0.090562 -0.033388
v 0.006514 0.090562 -0.032744
v 0.006370 0.084166 0.032022
v 0.006040 0.087082 0.030362
v 0.012494 0.084166 0.030166
v 0.011848 0.087082 0.028602
v 0.012776 0.090562 0.030846
v 0.006514 0.090562 0.032744
v -0.006370 0.084166 -0.032022
v -0.006040 0.087082 -0.030362
v -0.012494 0.084166 -0.030166
v -0.011848 0.087082 -0.028602
v -0.012776 0.090562 -0.030846
v -0.006514 0.090562 -0.032744
v 0.018138 0.084166 0.027146
v 0.017198 0.087082 0.025740
v 0.023088 0.084166 0.023088
v 0.021890 0.087082 0.021890
v 0.023608 0.090562 0.023608
v 0.018548 0.090562 0.027758
v -0.018138 0.084166 -0.027146
v -0.017198 0.087082 -0.025740
v -0.023088 0.084166 -0.023088
v -0.021890 0.087082 -0.021890
v -0.023608 0.090562 -0.023608
v -0.018548 0.090562 -0.027758
v 0.027146 0.084166 0.018138
v 0.025740 0.087082 0.017198
v 0.030166 0.084166 0.012494
v 0.028602 0.087082 0.011848
v 0.030846 0.090562 0.012776
v 0.027758 0.090562 0.018548
v -0.027146 0.084166 -0.018138
v -0.025740 0.087082 -0.017198
v -0.030166 0.084166 -0.012494
v -0.028602 0.087082 -0.011848
v -0.030846 0.090562 -0.012776
v -0.027758 0.090562 -0.018548
v 0.032022 0.084166 0.006370
v 0.030362 0.087082 0.006040
v 0.032650 0.084166 -0.000000
v 0.030958 0.087082 -0.000000
v 0.033388 0.090562 -0.000000
v 0.032744 0.090562 0.006514
v -0.032650 0.084166 -0.000000
v -0.032022 0.084166 0.006370
v -0.030362 0.087082 0.006040
v -0.030958 0.087082 -0.000000
v -0.030166 0.084166 0.012494
v -0.028602 0.087082 0.011848
v -0.030846 0.090562 0.012776
v -0.032744 0.090562 0.006514
v -0.033388 0.090562 -0.000000
v -0.032022 0.084166 -0.006370
v -0.030362 0.087082 -0.006040
v -0.032744 0.090562 -0.006514
v 0.032022 0.084166 -0.006370
v 0.030362 0.087082 -0.006040
v 0.030166 0.084166 -0.012494
v 0.028602 0.087082 -0.011848
v 0.030846 0.090562 -0.012776
v 0.032744 0.090562 -0.006514
v -0.027146 0.084166 0.018138
v -0.025740 0.087082 0.017198
v -0.023088 0.084166 0.023088
v -0.021890 0.087082 0.021890
v -0.023608 0.090562 0.023608
v -0.027758 0.090562 0.018548
v 0.027146 0.084166 -0.018138
v 0.025740 0.087082 -0.017198
v 0.027758 0.090562 -0.018548
v -0.018138 0.084166 0.027146
v -0.017198 0.087082 0.025740
v -0.018548 0.090562 0.027758
v -0.018882 0.117132 -0.045584
v -0.027410 0.117132 -0.041022
v -0.028918 0.121108 -0.043278
v -0.019920 0.121108 -0.048090
v -0.034890 0.117132 -0.034890
v -0.036806 0.121108 -0.036806
v -0.038740 0.124792 -0.038740
v -0.030436 0.124792 -0.045550
v -0.020966 0.124792 -0.050616
v 0.044970 0.101066 -0.000000
v 0.044104 0.101066 -0.008772
v 0.046652 0.106530 -0.009280
v 0.047568 0.106530 -0.000000
v 0.041548 0.101066 -0.017210
v 0.043948 0.106530 -0.018204
v 0.044358 0.111008 -0.018374
v 0.047086 0.111008 -0.009366
v 0.048012 0.111008 -0.000000
v -0.041548 0.101066 0.017210
v -0.037390 0.101066 0.024982
v -0.039548 0.106530 0.026426
v -0.043948 0.106530 0.018204
v -0.031800 0.101066 0.031800
v -0.033636 0.106530 0.033636
v -0.033950 0.111008 0.033950
v -0.039918 0.111008 0.026672
v -0.044358 0.111008 0.018374
v 0.037390 0.101066 -0.024982
v 0.039548 0.106530 -0.026426
v 0.031800 0.101066 -0.031800
v 0.033636 0.106530 -0.033636
v 0.033950 0.111008 -0.033950
v 0.039918 0.111008 -0.026672
v -0.024982 0.101066 0.037390
v -0.026426 0.106530 0.039548
v -0.017210 0.101066 0.041548
v -0.018204 0.106530 0.043948
v -0.018374 0.111008 0.044358
v -0.026672 0.111008 0.039918
v 0.024982 0.101066 -0.037390
v 0.026426 0.106530 -0.039548
v 0.017210 0.101066 -0.041548
v 0.018204 0.106530 -0.043948
v 0.018374 0.111008 -0.044358
v 0.026672 0.111008 -0.039918
v -0.008772 0.101066 0.044104
v -0.009280 0.106530 0.046652
v 0.000000 0.101066 0.044970
v 0.000000 0.106530 0.047568
v 0.000000 0.111008 0.048012
v -0.009366 0.111008 0.047086
v 0.008772 0.101066 -0.044104
v 0.009280 0.106530 -0.046652
v -0.000000 0.101066 -0.044970
v -0.000000 0.106530 -0.047568
v -0.000000 0.111008 -0.048012
v 0.009366 0.111008 -0.047086
v 0.008772 0.101066 0.044104
v 0.009280 0.106530 0.046652
v 0.017210 0.101066 0.041548
v 0.018204 0.106530 0.043948
v 0.018374 0.111008 0.044358
v 0.009366 0.111008 0.047086
v -0.008772 0.101066 -0.044104
v -0.009280 0.106530 -0.046652
v -0.017210 0.101066 -0.041548
v -0.018204 0.106530 -0.043948
v -0.018374 0.111008 -0.044358
v -0.009366 0.111008 -0.047086
v 0.024982 0.101066 0.037390
v 0.026426 0.106530 0.039548
v 0.031800 0.101066 0.031800
v 0.033636 0.106530 0.033636
v 0.033950 0.111008 0.033950
v 0.026672 0.111008 0.039918
v -0.024982 0.101066 -0.037390
v -0.026426 0.106530 -0.039548
v -0.031800 0.101066 -0.031800
v -0.033636 0.106530 -0.033636
v -0.033950 0.111008 -0.033950
v -0.026672 0.111008 -0.039918
v 0.037390 0.101066 0.024982
v 0.039548 0.106530 0.026426
v 0.041548 0.101066 0.017210
v 0.043948 0.106530 0.018204
v 0.044358 0.111008 0.018374
v 0.039918 0.111008 0.026672
v -0.037390 0.101066 -0.024982
v -0.039548 0.106530 -0.026426
v -0.039918 0.111008 -0.026672
v 0.044104 0.101066 0.008772
v 0.046652 0.106530 0.009280
v 0.047086 0.111008 0.009366
v -0.044104 0.101066 0.008772
v -0.046652 0.106530 0.009280
v -0.047086 0.111008 0.009366
v -0.020270 0.135392 0.048934
v -0.010332 0.135392 0.051944
v -0.010268 0.137428 0.051618
v -0.020142 0.137428 0.048626
v 0.000000 0.135392 0.052966
v 0.000000 0.137428 0.052632
v 0.000000 0.139280 0.054144
v -0.010562 0.139280 0.053100
v -0.020720 0.139280 0.050022
v 0.034890 0.117132 0.034890
v 0.041022 0.117132 0.027410
v 0.043278 0.121108 0.028918
v 0.036806 0.121108 0.036806
v 0.045584 0.117132 0.018882
v 0.048090 0.121108 0.019920
v 0.050616 0.124792 0.020966
v 0.045550 0.124792 0.030436
v 0.038740 0.124792 0.038740
v -0.041022 0.117132 -0.027410
v -0.043278 0.121108 -0.028918
v -0.045584 0.117132 -0.018882
v -0.048090 0.121108 -0.019920
v -0.050616 0.124792 -0.020966
v -0.045550 0.124792 -0.030436
v 0.048390 0.117132 0.009626
v 0.051050 0.121108 0.010154
v 0.049340 0.117132 -0.000000
v 0.052052 0.121108 -0.000000
v 0.054786 0.124792 -0.000000
v 0.053730 0.124792 0.010688
v -0.049340 0.117132 -0.000000
v -0.048390 0.117132 0.009626
v -0.051050 0.121108 0.010154
v -0.052052 0.121108 -0.000000
v -0.045584 0.117132 0.018882
v -0.048090 0.121108 0.019920
v -0.050616 0.124792 0.020966
v -0.053730 0.124792 0.010688
v -0.054786 0.124792 -0.000000
v -0.048390 0.117132 -0.009626
v -0.051050 0.121108 -0.010154
v -0.053730 0.124792 -0.010688
v 0.048390 0.117132 -0.009626
v 0.051050 0.121108 -0.010154
v 0.045584 0.117132 -0.018882
v 0.048090 0.121108 -0.019920
v 0.050616 0.124792 -0.020966
v 0.053730 0.124792 -0.010688
v -0.041022 0.117132 0.027410
v -0.043278 0.121108 0.028918
v -0.034890 0.117132 0.034890
v -0.036806 0.121108 0.036806
v -0.038740 0.124792 0.038740
v -0.045550 0.124792 0.030436
v 0.041022 0.117132 -0.027410
v 0.043278 0.121108 -0.028918
v 0.034890 0.117132 -0.034890
v 0.036806 0.121108 -0.036806
v 0.038740 0.124792 -0.038740
v 0.045550 0.124792 -0.030436
v -0.027410 0.117132 0.041022
v -0.028918 0.121108 0.043278
v -0.018882 0.117132 0.045584
v -0.019920 0.121108 0.048090
v -0.020966 0.124792 0.050616
v -0.030436 0.124792 0.045550
v 0.027410 0.117132 -0.041022
v 0.028918 0.121108 -0.043278
v 0.018882 0.117132 -0.045584
v 0.019920 0.121108 -0.048090
v 0.020966 0.124792 -0.050616
v 0.030436 0.124792 -0.045550
v -0.009626 0.117132 0.048390
v -0.010154 0.121108 0.051050
v 0.000000 0.117132 0.049340
v 0.000000 0.121108 0.052052
v 0.000000 0.124792 0.054786
v -0.010688 0.124792 0.053730
v 0.009626 0.117132 -0.048390
v 0.010154 0.121108 -0.051050
v -0.000000 0.117132 -0.049340
v -0.000000 0.121108 -0.052052
v -0.000000 0.124792 -0.054786
v 0.010688 0.124792 -0.053730
v 0.009626 0.117132 0.048390
v 0.010154 0.121108 0.051050
v 0.018882 0.117132 0.045584
v 0.019920 0.121108 0.048090
v 0.020966 0.124792 0.050616
v 0.010688 0.124792 0.053730
v -0.009626 0.117132 -0.048390
v -0.010154 0.121108 -0.051050
v -0.010688 0.124792 -0.053730
v 0.027410 0.117132 0.041022
v 0.028918 0.121108 0.043278
v 0.030436 0.124792 0.045550
v 0.063338 0.151148 -0.000000
v 0.062118 0.151148 -0.012356
v 0.061940 0.152286 -0.012356
v 0.063202 0.152286 -0.000000
v 0.058516 0.151148 -0.024238
v 0.058154 0.152290 -0.024350
v 0.054796 0.152818 -0.025150
v 0.060668 0.152772 -0.012178
v 0.062080 0.152766 -0.000000
v 0.020270 0.135392 -0.048934
v 0.010332 0.135392 -0.051944
v 0.010268 0.137428 -0.051618
v 0.020142 0.137428 -0.048626
v -0.000000 0.135392 -0.052966
v -0.000000 0.137428 -0.052632
v -0.000000 0.139280 -0.054144
v 0.010562 0.139280 -0.053100
v 0.020720 0.139280 -0.050022
v 0.010332 0.135392 0.051944
v 0.010268 0.137428 0.051618
v 0.020270 0.135392 0.048934
v 0.020142 0.137428 0.048626
v 0.020720 0.139280 0.050022
v 0.010562 0.139280 0.053100
v -0.010332 0.135392 -0.051944
v -0.010268 0.137428 -0.051618
v -0.020270 0.135392 -0.048934
v -0.020142 0.137428 -0.048626
v -0.020720 0.139280 -0.050022
v -0.010562 0.139280 -0.053100
v 0.029424 0.135392 0.044036
v 0.029240 0.137428 0.043760
v 0.037452 0.135392 0.037452
v 0.037218 0.137428 0.037218
v 0.038286 0.139280 0.038286
v 0.030078 0.139280 0.045016
v -0.029424 0.135392 -0.044036
v -0.029240 0.137428 -0.043760
v -0.037452 0.135392 -0.037452
v -0.037218 0.137428 -0.037218
v -0.038286 0.139280 -0.038286
v -0.030078 0.139280 -0.045016
v 0.044036 0.135392 0.029424
v 0.043760 0.137428 0.029240
v 0.048934 0.135392 0.020270
v 0.048626 0.137428 0.020142
v 0.050022 0.139280 0.020720
v 0.045016 0.139280 0.030078
v -0.044036 0.135392 -0.029424
v -0.043760 0.137428 -0.029240
v -0.048934 0.135392 -0.020270
v -0.048626 0.137428 -0.020142
v -0.050022 0.139280 -0.020720
v -0.045016 0.139280 -0.030078
v 0.051944 0.135392 0.010332
v 0.051618 0.137428 0.010268
v 0.052966 0.135392 -0.000000
v 0.052632 0.137428 -0.000000
v 0.054144 0.139280 -0.000000
v 0.053100 0.139280 0.010562
v -0.052966 0.135392 -0.000000
v -0.051944 0.135392 0.010332
v -0.051618 0.137428 0.010268
v -0.052632 0.137428 -0.000000
v -0.048934 0.135392 0.020270
v -0.048626 0.137428 0.020142
v -0.050022 0.139280 0.020720
v -0.053100 0.139280 0.010562
v -0.054144 0.139280 -0.000000
v -0.051944 0.135392 -0.010332
v -0.051618 0.137428 -0.010268
v -0.053100 0.139280 -0.010562
v 0.051944 0.135392 -0.010332
v 0.051618 0.137428 -0.010268
v 0.048934 0.135392 -0.020270
v 0.048626 0.137428 -0.020142
v 0.050022 0.139280 -0.020720
v 0.053100 0.139280 -0.010562
v -0.044036 0.135392 0.029424
v -0.043760 0.137428 0.029240
v -0.037452 0.135392 0.037452
v -0.037218 0.137428 0.037218
v -0.038286 0.139280 0.038286
v -0.045016 0.139280 0.030078
v 0.044036 0.135392 -0.029424
v 0.043760 0.137428 -0.029240
v 0.037452 0.135392 -0.037452
v 0.037218 0.137428 -0.037218
v 0.038286 0.139280 -0.038286
v 0.045016 0.139280 -0.030078
v -0.029424 0.135392 0.044036
v -0.029240 0.137428 0.043760
v -0.030078 0.139280 0.045016
v 0.029424 0.135392 -0.044036
v 0.029240 0.137428 -0.043760
v 0.030078 0.139280 -0.045016
v -0.058516 0.151148 0.024238
v -0.052660 0.151148 0.035186
v -0.052232 0.152284 0.035344
v -0.058154 0.152290 0.024350
v -0.044786 0.151148 0.044786
v -0.044646 0.152274 0.044662
v -0.043852 0.152674 0.043958
v -0.048804 0.152756 0.036714
v -0.054796 0.152818 0.025150
v 0.052660 0.151148 -0.035186
v 0.052232 0.152284 -0.035344
v 0.044786 0.151148 -0.044786
v 0.044646 0.152274 -0.044662
v 0.043852 0.152674 -0.043958
v 0.048804 0.152756 -0.036714
v -0.035186 0.151148 0.052660
v -0.035328 0.152282 0.052226
v -0.024238 0.151148 0.058516
v -0.024368 0.152286 0.057980
v -0.025210 0.152766 0.054072
v -0.036456 0.152750 0.048908
v 0.035186 0.151148 -0.052660
v 0.035328 0.152282 -0.052226
v 0.024238 0.151148 -0.058516
v 0.024368 0.152286 -0.057980
v 0.025210 0.152766 -0.054072
v 0.036456 0.152750 -0.048908
v -0.012356 0.151148 0.062118
v -0.012416 0.152286 0.061548
v 0.000000 0.151148 0.063338
v 0.000000 0.152286 0.062758
v 0.000000 0.152766 0.058528
v -0.012800 0.152766 0.057400
v 0.012356 0.151148 -0.062118
v 0.012416 0.152286 -0.061548
v -0.000000 0.151148 -0.063338
v -0.000000 0.152286 -0.062758
v -0.000000 0.152766 -0.058528
v 0.012800 0.152766 -0.057400
v 0.012356 0.151148 0.062118
v 0.012416 0.152286 0.061548
v 0.024238 0.151148 0.058516
v 0.024368 0.152286 0.057980
v 0.025210 0.152766 0.054072
v 0.012800 0.152766 0.057400
v -0.012356 0.151148 -0.062118
v -0.012416 0.152286 -0.061548
v -0.024238 0.151148 -0.058516
v -0.024368 0.152286 -0.057980
v -0.025210 0.152766 -0.054072
v -0.012800 0.152766 -0.057400
v 0.035186 0.151148 0.052660
v 0.035328 0.152282 0.052226
v 0.044786 0.151148 0.044786
v 0.044646 0.152274 0.044662
v 0.043852 0.152674 0.043958
v 0.036456 0.152750 0.048908
v -0.035186 0.151148 -0.052660
v -0.035328 0.152282 -0.052226
v -0.044786 0.151148 -0.044786
v -0.044646 0.152274 -0.044662
v -0.043852 0.152674 -0.043958
v -0.036456 0.152750 -0.048908
v 0.052660 0.151148 0.035186
v 0.052232 0.152284 0.035344
v 0.058516 0.151148 0.024238
v 0.058154 0.152290 0.024350
v 0.054796 0.152818 0.025150
v 0.048804 0.152756 0.036714
v -0.052660 0.151148 -0.035186
v -0.052232 0.152284 -0.035344
v -0.058516 0.151148 -0.024238
v -0.058154 0.152290 -0.024350
v -0.054796 0.152818 -0.025150
v -0.048804 0.152756 -0.036714
v 0.062118 0.151148 0.012356
v 0.061940 0.152286 0.012356
v 0.060668 0.152772 0.012178
v -0.063338 0.151148 -0.000000
v -0.062118 0.151148 0.012356
v -0.061940 0.152286 0.012356
v -0.063202 0.152286 -0.000000
v -0.060668 0.152772 0.012178
v -0.062080 0.152766 -0.000000
v -0.062118 0.151148 -0.012356
v -0.061940 0.152286 -0.012356
v -0.060668 0.152772 -0.012178
v 0.026768 0.114124 0.040062
v 0.018440 0.114124 0.044516
v 0.034072 0.114124 0.034072
v -0.009400 0.114124 -0.047256
v -0.000000 0.114124 -0.048184
v -0.018440 0.114124 -0.044516
v 0.009400 0.114124 0.047256
v 0.000000 0.114124 0.048184
v 0.009400 0.114124 -0.047256
v 0.018440 0.114124 -0.044516
v -0.009400 0.114124 0.047256
v -0.018440 0.114124 0.044516
v 0.026768 0.114124 -0.040062
v 0.034072 0.114124 -0.034072
v -0.026768 0.114124 0.040062
v -0.034072 0.114124 0.034072
v 0.040062 0.114124 -0.026768
v 0.044516 0.114124 -0.018440
v -0.040062 0.114124 0.026768
v -0.044516 0.114124 0.018440
v 0.047256 0.114124 -0.009400
v 0.048184 0.114124 -0.000000
v -0.047256 0.114124 -0.009400
v -0.044516 0.114124 -0.018440
v -0.048184 0.114124 -0.000000
v -0.047256 0.114124 0.009400
v 0.047256 0.114124 0.009400
v 0.044516 0.114124 0.018440
v -0.040062 0.114124 -0.026768
v -0.034072 0.114124 -0.034072
v 0.040062 0.114124 0.026768
v -0.026768 0.114124 -0.040062
v -0.038454 0.095428 0.007648
v -0.039210 0.095428 -0.000000
v -0.036224 0.095428 0.015004
v 0.038454 0.095428 0.007648
v 0.036224 0.095428 0.015004
v 0.039210 0.095428 -0.000000
v -0.032600 0.095428 -0.021782
v -0.027726 0.095428 -0.027724
v -0.036224 0.095428 -0.015004
v 0.032600 0.095428 0.021782
v 0.027724 0.095428 0.027724
v -0.021782 0.095428 -0.032600
v -0.015004 0.095428 -0.036224
v 0.021782 0.095428 0.032600
v 0.015004 0.095428 0.036224
v -0.007648 0.095428 -0.038454
v -0.000000 0.095428 -0.039210
v 0.007648 0.095428 0.038454
v 0.000000 0.095428 0.039210
v 0.007648 0.095428 -0.038454
v 0.015004 0.095428 -0.036224
v -0.007648 0.095428 0.038454
v -0.015004 0.095428 0.036224
v 0.021782 0.095428 -0.032600
v 0.027724 0.095428 -0.027724
v -0.021782 0.095428 0.032600
v -0.027726 0.095428 0.027724
v 0.032600 0.095428 -0.021782
v 0.036224 0.095428 -0.015004
v -0.032600 0.095428 0.021782
v 0.038454 0.095428 -0.007648
v -0.038454 0.095428 -0.007648
v -0.028858 0.047190 0.028858
v -0.022672 0.047190 0.033932
v -0.022110 0.049794 0.033090
v -0.028142 0.049794 0.028142
v -0.015618 0.047190 0.037706
v -0.015230 0.049794 0.036770
v 0.037706 0.047190 -0.015618
v 0.033932 0.047190 -0.022672
v 0.033090 0.049794 -0.022110
v 0.036770 0.049794 -0.015230
v 0.028858 0.047190 -0.028858
v 0.028142 0.049794 -0.028142
v -0.037706 0.047190 0.015618
v -0.033932 0.047190 0.022672
v -0.033090 0.049794 0.022110
v -0.036770 0.049794 0.015230
v 0.040812 0.047190 -0.000000
v 0.040024 0.047190 -0.007962
v 0.039032 0.049794 -0.007764
v 0.039800 0.049794 -0.000000
v -0.037706 0.047190 -0.015618
v -0.040024 0.047190 -0.007962
v -0.039032 0.049794 -0.007764
v -0.036770 0.049794 -0.015230
v -0.040812 0.047190 -0.000000
v -0.039800 0.049794 -0.000000
v -0.040024 0.047190 0.007962
v -0.039032 0.049794 0.007764
v 0.037706 0.047190 0.015618
v 0.040024 0.047190 0.007962
v 0.039032 0.049794 0.007764
v 0.036770 0.049794 0.015230
v -0.028858 0.047190 -0.028858
v -0.033932 0.047190 -0.022672
v -0.033090 0.049794 -0.022110
v -0.028142 0.049794 -0.028142
v 0.028858 0.047190 0.028858
v 0.033932 0.047190 0.022672
v 0.033090 0.049794 0.022110
v 0.028142 0.049794 0.028142
v -0.015618 0.047190 -0.037706
v -0.022672 0.047190 -0.033932
v -0.022110 0.049794 -0.033090
v -0.015230 0.049794 -0.036770
v 0.015618 0.047190 0.037706
v 0.022672 0.047190 0.033932
v 0.022110 0.049794 0.033090
v 0.015230 0.049794 0.036770
v -0.000000 0.047190 -0.040812
v -0.007962 0.047190 -0.040024
v -0.007764 0.049794 -0.039032
v -0.000000 0.049794 -0.039800
v 0.000000 0.047190 0.040812
v 0.007962 0.047190 0.040024
v 0.007764 0.049794 0.039032
v 0.000000 0.049794 0.039800
v 0.015618 0.047190 -0.037706
v 0.007962 0.047190 -0.040024
v 0.007764 0.049794 -0.039032
v 0.015230 0.049794 -0.036770
v -0.007962 0.047190 0.040024
v -0.007764 0.049794 0.039032
v 0.022672 0.047190 -0.033932
v 0.022110 0.049794 -0.033090
v 0.021670 0.041682 -0.032432
v 0.027584 0.041682 -0.027584
v 0.014928 0.041682 -0.036040
v 0.015526 0.044108 -0.037484
v 0.022538 0.044108 -0.033732
v 0.028688 0.044108 -0.028688
v -0.007610 0.041682 0.038258
v -0.014928 0.041682 0.036040
v 0.000000 0.041682 0.039010
v 0.000000 0.044108 0.040572
v -0.007914 0.044108 0.039790
v -0.015526 0.044108 0.037484
v 0.007610 0.041682 -0.038258
v -0.000000 0.041682 -0.039010
v -0.000000 0.044108 -0.040572
v 0.007914 0.044108 -0.039790
v 0.007610 0.041682 0.038258
v 0.014928 0.041682 0.036040
v 0.015526 0.044108 0.037484
v 0.007914 0.044108 0.039790
v -0.007610 0.041682 -0.038258
v -0.014928 0.041682 -0.036040
v -0.015526 0.044108 -0.037484
v -0.007914 0.044108 -0.039790
v 0.021670 0.041682 0.032432
v 0.027584 0.041682 0.027584
v 0.028688 0.044108 0.028688
v 0.022538 0.044108 0.033732
v -0.021670 0.041682 -0.032432
v -0.027584 0.041682 -0.027584
v -0.028688 0.044108 -0.028688
v -0.022538 0.044108 -0.033732
v 0.032432 0.041682 0.021670
v 0.036040 0.041682 0.014928
v 0.037484 0.044108 0.015526
v 0.033732 0.044108 0.022538
v -0.032432 0.041682 -0.021670
v -0.036040 0.041682 -0.014928
v -0.037484 0.044108 -0.015526
v -0.033732 0.044108 -0.022538
v 0.038258 0.041682 0.007610
v 0.039010 0.041682 -0.000000
v 0.040572 0.044108 -0.000000
v 0.039790 0.044108 0.007914
v -0.038258 0.041682 0.007610
v -0.039010 0.041682 -0.000000
v -0.036040 0.041682 0.014928
v -0.037484 0.044108 0.015526
v -0.039790 0.044108 0.007914
v -0.040572 0.044108 -0.000000
v -0.038258 0.041682 -0.007610
v -0.039790 0.044108 -0.007914
v 0.038258 0.041682 -0.007610
v 0.036040 0.041682 -0.014928
v 0.037484 0.044108 -0.015526
v 0.039790 0.044108 -0.007914
v -0.032432 0.041682 0.021670
v -0.027584 0.041682 0.027584
v -0.028688 0.044108 0.028688
v -0.033732 0.044108 0.022538
v 0.032432 0.041682 -0.021670
v 0.033732 0.044108 -0.022538
v -0.021670 0.041682 0.032432
v -0.022538 0.044108 0.033732
v -0.007312 0.028190 -0.036756
v -0.000000 0.028190 -0.037478
v -0.014342 0.028190 -0.034626
v -0.014754 0.030534 -0.035616
v -0.007520 0.030534 -0.037808
v -0.000000 0.030534 -0.038552
v 0.007312 0.028190 0.036756
v 0.000000 0.028190 0.037478
v 0.014342 0.028190 0.034626
v 0.014754 0.030534 0.035616
v 0.007520 0.030534 0.037808
v 0.000000 0.030534 0.038552
v 0.007312 0.028190 -0.036756
v 0.014342 0.028190 -0.034626
v 0.007520 0.030534 -0.037808
v 0.014754 0.030534 -0.035616
v -0.007312 0.028190 0.036756
v -0.014342 0.028190 0.034626
v -0.007520 0.030534 0.037808
v -0.014754 0.030534 0.035616
v 0.020820 0.028190 -0.031160
v 0.026502 0.028190 -0.026502
v 0.021416 0.030534 -0.032052
v 0.027260 0.030534 -0.027260
v -0.020820 0.028190 0.031160
v -0.026502 0.028190 0.026502
v -0.021416 0.030534 0.032052
v -0.027260 0.030534 0.027260
v 0.031160 0.028190 -0.020820
v 0.034626 0.028190 -0.014342
v 0.032052 0.030534 -0.021416
v 0.035616 0.030534 -0.014754
v -0.031160 0.028190 0.020820
v -0.034626 0.028190 0.014342
v -0.032052 0.030534 0.021416
v -0.035616 0.030534 0.014754
v 0.036756 0.028190 -0.007312
v 0.037478 0.028190 -0.000000
v 0.037808 0.030534 -0.007520
v 0.038552 0.030534 -0.000000
v -0.036756 0.028190 -0.007312
v -0.034626 0.028190 -0.014342
v -0.037478 0.028190 0.000000
v -0.038552 0.030534 0.000000
v -0.037808 0.030534 -0.007520
v -0.035616 0.030534 -0.014754
v -0.036756 0.028190 0.007312
v -0.037808 0.030534 0.007520
v 0.036756 0.028190 0.007312
v 0.034626 0.028190 0.014342
v 0.037808 0.030534 0.007520
v 0.035616 0.030534 0.014754
v -0.031160 0.028190 -0.020820
v -0.026502 0.028190 -0.026502
v -0.032052 0.030534 -0.021416
v -0.027260 0.030534 -0.027260
v 0.031160 0.028190 0.020820
v 0.026502 0.028190 0.026502
v 0.032052 0.030534 0.021416
v 0.027260 0.030534 0.027260
v -0.020820 0.028190 -0.031160
v -0.021416 0.030534 -0.032052
v 0.020820 0.028190 0.031160
v 0.021416 0.030534 0.032052
v -0.030480 0.078282 0.030480
v -0.023946 0.078282 0.035838
v -0.021014 0.081006 0.031450
v -0.026748 0.081006 0.026748
v -0.016496 0.078282 0.039824
v -0.014476 0.081006 0.034948
v 0.039824 0.078282 -0.016496
v 0.035838 0.078282 -0.023946
v 0.031450 0.081006 -0.021014
v 0.034948 0.081006 -0.014476
v 0.030480 0.078282 -0.030480
v 0.026748 0.081006 -0.026748
v -0.039824 0.078282 0.016496
v -0.035838 0.078282 0.023946
v -0.031450 0.081006 0.021014
v -0.034948 0.081006 0.014476
v 0.043106 0.078282 -0.000000
v 0.042274 0.078282 -0.008408
v 0.037098 0.081006 -0.007380
v 0.037826 0.081006 -0.000000
v -0.039824 0.078282 -0.016496
v -0.042274 0.078282 -0.008408
v -0.037098 0.081006 -0.007380
v -0.034948 0.081006 -0.014476
v -0.043106 0.078282 -0.000000
v -0.037826 0.081006 -0.000000
v -0.042274 0.078282 0.008408
v -0.037098 0.081006 0.007380
v 0.039824 0.078282 0.016496
v 0.042274 0.078282 0.008408
v 0.037098 0.081006 0.007380
v 0.034948 0.081006 0.014476
v -0.030480 0.078282 -0.030480
v -0.035838 0.078282 -0.023946
v -0.031450 0.081006 -0.021014
v -0.026748 0.081006 -0.026748
v 0.030480 0.078282 0.030480
v 0.035838 0.078282 0.023946
v 0.031450 0.081006 0.021014
v 0.026748 0.081006 0.026748
v -0.016496 0.078282 -0.039824
v -0.023946 0.078282 -0.035838
v -0.021014 0.081006 -0.031450
v -0.014476 0.081006 -0.034948
v 0.016496 0.078282 0.039824
v 0.023946 0.078282 0.035838
v 0.021014 0.081006 0.031450
v 0.014476 0.081006 0.034948
v -0.000000 0.078282 -0.043106
v -0.008408 0.078282 -0.042274
v -0.007380 0.081006 -0.037098
v -0.000000 0.081006 -0.037826
v 0.000000 0.078282 0.043106
v 0.008408 0.078282 0.042274
v 0.007380 0.081006 0.037098
v 0.000000 0.081006 0.037826
v 0.016496 0.078282 -0.039824
v 0.008408 0.078282 -0.042274
v 0.007380 0.081006 -0.037098
v 0.014476 0.081006 -0.034948
v -0.008408 0.078282 0.042274
v -0.007380 0.081006 0.037098
v 0.023946 0.078282 -0.035838
v 0.021014 0.081006 -0.031450
v 0.025158 0.076604 -0.037652
v 0.032022 0.076604 -0.032022
v 0.017330 0.076604 -0.041840
v -0.008834 0.076604 0.044414
v -0.017330 0.076604 0.041840
v 0.000000 0.076604 0.045288
v 0.008834 0.076604 -0.044414
v -0.000000 0.076604 -0.045288
v 0.008834 0.076604 0.044414
v 0.017330 0.076604 0.041840
v -0.008834 0.076604 -0.044414
v -0.017330 0.076604 -0.041840
v 0.025158 0.076604 0.037652
v 0.032022 0.076604 0.032022
v -0.025158 0.076604 -0.037652
v -0.032022 0.076604 -0.032022
v 0.037652 0.076604 0.025158
v 0.041840 0.076604 0.017330
v -0.037652 0.076604 -0.025158
v -0.041840 0.076604 -0.017330
v 0.044414 0.076604 0.008834
v 0.045288 0.076604 -0.000000
v -0.044414 0.076604 0.008834
v -0.045288 0.076604 -0.000000
v -0.041840 0.076604 0.017330
v -0.044414 0.076604 -0.008834
v 0.044414 0.076604 -0.008834
v 0.041840 0.076604 -0.017330
v -0.037652 0.076604 0.025158
v -0.032022 0.076604 0.032022
v 0.037652 0.076604 -0.025158
v -0.025158 0.076604 0.037652
v 0.031062 0.126970 -0.046488
v 0.039538 0.126970 -0.039538
v 0.021398 0.126970 -0.051658
v 0.021252 0.128978 -0.051306
v 0.030852 0.128978 -0.046172
v 0.039268 0.128978 -0.039268
v -0.031062 0.126970 0.046488
v -0.039538 0.126970 0.039538
v -0.021398 0.126970 0.051658
v -0.021252 0.128978 0.051306
v -0.030852 0.128978 0.046172
v -0.039268 0.128978 0.039268
v 0.046488 0.126970 -0.031062
v 0.051658 0.126970 -0.021398
v 0.046172 0.128978 -0.030852
v 0.051306 0.128978 -0.021252
v -0.046488 0.126970 0.031062
v -0.051658 0.126970 0.021398
v -0.046172 0.128978 0.030852
v -0.051306 0.128978 0.021252
v 0.054836 0.126970 -0.010908
v 0.055914 0.126970 -0.000000
v 0.054464 0.128978 -0.010834
v 0.055534 0.128978 -0.000000
v -0.054836 0.126970 -0.010908
v -0.051658 0.126970 -0.021398
v -0.055914 0.126970 -0.000000
v -0.055534 0.128978 -0.000000
v -0.054464 0.128978 -0.010834
v -0.051306 0.128978 -0.021252
v -0.054836 0.126970 0.010908
v -0.054464 0.128978 0.010834
v 0.054836 0.126970 0.010908
v 0.051658 0.126970 0.021398
v 0.054464 0.128978 0.010834
v 0.051306 0.128978 0.021252
v -0.046488 0.126970 -0.031062
v -0.039538 0.126970 -0.039538
v -0.046172 0.128978 -0.030852
v -0.039268 0.128978 -0.039268
v 0.046488 0.126970 0.031062
v 0.039538 0.126970 0.039538
v 0.046172 0.128978 0.030852
v 0.039268 0.128978 0.039268
v -0.031062 0.126970 -0.046488
v -0.021398 0.126970 -0.051658
v -0.030852 0.128978 -0.046172
v -0.021252 0.128978 -0.051306
v 0.031062 0.126970 0.046488
v 0.021398 0.126970 0.051658
v 0.030852 0.128978 0.046172
v 0.021252 0.128978 0.051306
v -0.010908 0.126970 -0.054836
v -0.000000 0.126970 -0.055914
v -0.010834 0.128978 -0.054464
v -0.000000 0.128978 -0.055534
v 0.010908 0.126970 0.054836
v 0.000000 0.126970 0.055914
v 0.010834 0.128978 0.054464
v 0.000000 0.128978 0.055534
v 0.010908 0.126970 -0.054836
v 0.010834 0.128978 -0.054464
v -0.010908 0.126970 0.054836
v -0.010834 0.128978 0.054464
v 0.042648 0.060894 0.008484
v 0.040176 0.060894 0.016642
v 0.043486 0.060894 -0.000000
v -0.036154 0.060894 -0.024158
v -0.030748 0.060894 -0.030748
v -0.040176 0.060894 -0.016642
v 0.036154 0.060894 0.024158
v 0.030748 0.060894 0.030748
v -0.024158 0.060894 -0.036154
v -0.016642 0.060894 -0.040176
v 0.024158 0.060894 0.036154
v 0.016642 0.060894 0.040176
v -0.008484 0.060894 -0.042648
v -0.000000 0.060894 -0.043486
v 0.008484 0.060894 0.042648
v 0.000000 0.060894 0.043486
v 0.008484 0.060894 -0.042648
v 0.016642 0.060894 -0.040176
v -0.008484 0.060894 0.042648
v -0.016642 0.060894 0.040176
v 0.024158 0.060894 -0.036154
v 0.030748 0.060894 -0.030748
v -0.024158 0.060894 0.036154
v -0.030748 0.060894 0.030748
v 0.036154 0.060894 -0.024158
v 0.040176 0.060894 -0.016642
v -0.036154 0.060894 0.024158
v -0.040176 0.060894 0.016642
v 0.042648 0.060894 -0.008484
v -0.042648 0.060894 -0.008484
v -0.043486 0.060894 -0.000000
v -0.042648 0.060894 0.008484
v 0.022892 0.045620 -0.034260
v 0.029138 0.045620 -0.029138
v 0.015770 0.045620 -0.038070
v -0.008038 0.045620 0.040412
v -0.015770 0.045620 0.038070
v 0.000000 0.045620 0.041206
v 0.008038 0.045620 -0.040412
v -0.000000 0.045620 -0.041206
v 0.008038 0.045620 0.040412
v 0.015770 0.045620 0.038070
v -0.008038 0.045620 -0.040412
v -0.015770 0.045620 -0.038070
v 0.022892 0.045620 0.034260
v 0.029138 0.045620 0.029138
v -0.022892 0.045620 -0.034260
v -0.029138 0.045620 -0.029138
v 0.034260 0.045620 0.022892
v 0.038070 0.045620 0.015770
v -0.034260 0.045620 -0.022892
v -0.038070 0.045620 -0.015770
v 0.040412 0.045620 0.008038
v 0.041206 0.045620 -0.000000
v -0.040412 0.045620 0.008038
v -0.041206 0.045620 -0.000000
v -0.038070 0.045620 0.015770
v -0.040412 0.045620 -0.008038
v 0.040412 0.045620 -0.008038
v 0.038070 0.045620 -0.015770
v -0.034260 0.045620 0.022892
v -0.029138 0.045620 0.029138
v 0.034260 0.045620 -0.022892
v -0.022892 0.045620 0.034260
v -0.007600 0.031900 -0.038210
v -0.000000 0.031900 -0.038962
v -0.014910 0.031900 -0.035996
v 0.007600 0.031900 0.038210
v 0.000000 0.031900 0.038962
v 0.014910 0.031900 0.035996
v 0.007600 0.031900 -0.038210
v 0.014910 0.031900 -0.035996
v -0.007600 0.031900 0.038210
v -0.014910 0.031900 0.035996
v 0.021644 0.031900 -0.032394
v 0.027550 0.031900 -0.027550
v -0.021644 0.031900 0.032394
v -0.027550 0.031900 0.027550
v 0.032394 0.031900 -0.021644
v 0.035996 0.031900 -0.014910
v -0.032394 0.031900 0.021644
v -0.035996 0.031900 0.014910
v 0.038210 0.031900 -0.007600
v 0.038962 0.031900 -0.000000
v -0.038210 0.031900 -0.007600
v -0.035996 0.031900 -0.014910
v -0.038962 0.031900 0.000000
v -0.038210 0.031900 0.007600
v 0.038210 0.031900 0.007600
v 0.035996 0.031900 0.014910
v -0.032394 0.031900 -0.021644
v -0.027550 0.031900 -0.027550
v 0.032394 0.031900 0.021644
v 0.027550 0.031900 0.027550
v -0.021644 0.031900 -0.032394
v 0.021644 0.031900 0.032394
v -0.014790 0.003678 0.022134
v -0.018826 0.003678 0.018826
v -0.010188 0.003678 0.024596
v 0.022134 0.003678 -0.014790
v 0.024596 0.003678 -0.010188
v 0.018826 0.003678 -0.018826
v -0.022134 0.003678 0.014790
v -0.024596 0.003678 0.010188
v 0.026110 0.003678 -0.005194
v 0.026624 0.003678 -0.000000
v -0.026110 0.003678 -0.005194
v -0.024596 0.003678 -0.010188
v -0.026624 0.003678 0.000000
v -0.026110 0.003678 0.005194
v 0.026110 0.003678 0.005194
v 0.024596 0.003678 0.010188
v -0.022134 0.003678 -0.014790
v -0.018826 0.003678 -0.018826
v 0.022134 0.003678 0.014790
v 0.018826 0.003678 0.018826
v -0.014790 0.003678 -0.022134
v -0.010188 0.003678 -0.024596
v 0.014790 0.003678 0.022134
v 0.010188 0.003678 0.024596
v -0.005194 0.003678 -0.026110
v -0.000000 0.003678 -0.026624
v 0.005194 0.003678 0.026110
v 0.000000 0.003678 0.026624
v 0.005194 0.003678 -0.026110
v 0.010188 0.003678 -0.024596
v -0.005194 0.003678 0.026110
v 0.014790 0.003678 -0.022134
v -0.006170 -0.004180 -0.031016
v -0.000000 -0.004180 -0.031626
v -0.012102 -0.004180 -0.029220
v -0.031016 -0.004180 0.006170
v -0.031626 -0.004180 0.000000
v -0.029220 -0.004180 0.012102
v 0.031016 -0.004180 0.006170
v 0.029220 -0.004180 0.012102
v 0.031626 -0.004180 -0.000000
v -0.017570 -0.004180 0.026294
v -0.022364 -0.004180 0.022364
v -0.012102 -0.004180 0.029220
v -0.026294 -0.004180 -0.017570
v -0.022364 -0.004180 -0.022364
v -0.029220 -0.004180 -0.012102
v 0.026294 -0.004180 -0.017570
v 0.029220 -0.004180 -0.012102
v 0.022364 -0.004180 -0.022364
v 0.006170 -0.004180 0.031016
v 0.000000 -0.004180 0.031626
v 0.012102 -0.004180 0.029220
v 0.006170 -0.004180 -0.031016
v 0.012102 -0.004180 -0.029220
v 0.026294 -0.004180 0.017570
v 0.022364 -0.004180 0.022364
v -0.026294 -0.004180 0.017570
v -0.017570 -0.004180 -0.026294
v 0.031016 -0.004180 -0.006170
v -0.006170 -0.004180 0.031016
v -0.031016 -0.004180 -0.006170
v 0.017570 -0.004180 -0.026294
v 0.017570 -0.004180 0.026294
v -0.025308 -0.013936 -0.010484
v -0.026866 -0.013936 -0.005344
v -0.027394 -0.013936 0.000000
v -0.019370 -0.013936 -0.019370
v -0.022776 -0.013936 -0.015218
v -0.010484 -0.013936 -0.025308
v -0.015218 -0.013936 -0.022776
v -0.000000 -0.013936 -0.027394
v -0.005344 -0.013936 -0.026866
v 0.010484 -0.013936 -0.025308
v 0.005344 -0.013936 -0.026866
v 0.019370 -0.013936 -0.019370
v 0.015218 -0.013936 -0.022776
v 0.025308 -0.013936 -0.010484
v 0.022776 -0.013936 -0.015218
v 0.027394 -0.013936 -0.000000
v 0.026866 -0.013936 -0.005344
v 0.025308 -0.013936 0.010484
v 0.026866 -0.013936 0.005344
v 0.019370 -0.013936 0.019370
v 0.022776 -0.013936 0.015218
v 0.010484 -0.013936 0.025308
v 0.015218 -0.013936 0.022776
v 0.000000 -0.013936 0.027394
v 0.005344 -0.013936 0.026866
v -0.010484 -0.013936 0.025308
v -0.005344 -0.013936 0.026866
v -0.019370 -0.013936 0.019370
v -0.015218 -0.013936 0.022776
v -0.025308 -0.013936 0.010484
v -0.022776 -0.013936 0.015218
v -0.026866 -0.013936 0.005344
v -0.039632 0.152908 0.040762
v -0.027100 0.152928 0.045040
v -0.028830 0.152952 0.035520
v -0.042510 0.152938 0.031800
v -0.013674 0.152928 0.047810
v 0.000000 0.152928 0.048750
v 0.000000 0.152952 0.038446
v -0.014524 0.152952 0.037704
v 0.013674 0.152928 0.047810
v 0.027100 0.152928 0.045040
v 0.028830 0.152952 0.035520
v 0.014524 0.152952 0.037704
v 0.039632 0.152908 0.040762
v 0.042510 0.152938 0.031800
v -0.042510 0.152938 -0.031800
v -0.039632 0.152908 -0.040762
v -0.028830 0.152952 -0.035520
v -0.027100 0.152928 -0.045040
v -0.014524 0.152952 -0.037704
v -0.013674 0.152928 -0.047810
v -0.000000 0.152952 -0.038446
v -0.000000 0.152928 -0.048750
v 0.014524 0.152952 -0.037704
v 0.013674 0.152928 -0.047810
v 0.028830 0.152952 -0.035520
v 0.027100 0.152928 -0.045040
v 0.042510 0.152938 -0.031800
v 0.039632 0.152908 -0.040762
v -0.042504 0.153028 -0.027012
v -0.029246 0.153030 -0.030308
v -0.052772 0.153016 -0.021040
v -0.050682 0.153580 -0.019762
v -0.041404 0.153580 -0.025354
v -0.028942 0.153580 -0.028454
v 0.058084 0.153008 -0.011416
v 0.059494 0.153006 -0.000000
v 0.052772 0.153016 -0.021040
v 0.050682 0.153580 -0.019762
v 0.055572 0.153580 -0.010850
v 0.056906 0.153580 -0.000000
v -0.058084 0.153008 -0.011416
v -0.059494 0.153008 -0.000000
v -0.056906 0.153580 -0.000000
v -0.055572 0.153580 -0.010850
v -0.042504 0.153028 0.027012
v -0.052772 0.153016 0.021040
v -0.029246 0.153030 0.030308
v -0.028942 0.153580 0.028454
v -0.041404 0.153580 0.025354
v -0.050682 0.153580 0.019762
v -0.014846 0.153030 -0.032172
v -0.000000 0.153030 -0.032804
v -0.014840 0.153580 -0.030204
v -0.000000 0.153580 -0.030798
v 0.014846 0.153030 0.032172
v 0.000000 0.153030 0.032804
v 0.029246 0.153030 0.030308
v 0.028942 0.153580 0.028454
v 0.014840 0.153580 0.030204
v 0.000000 0.153580 0.030798
v 0.014846 0.153030 -0.032172
v 0.029246 0.153030 -0.030308
v 0.014840 0.153580 -0.030204
v 0.028942 0.153580 -0.028454
v 0.042504 0.153028 0.027012
v 0.052772 0.153016 0.021040
v 0.050682 0.153580 0.019762
v 0.041404 0.153580 0.025354
v -0.058084 0.153008 0.011416
v -0.055572 0.153580 0.010850
v 0.058084 0.153008 0.011416
v 0.055572 0.153580 0.010850
v -0.014846 0.153030 0.032172
v -0.014840 0.153580 0.030204
v 0.042504 0.153028 -0.027012
v 0.041404 0.153580 -0.025354
v -0.056660 0.141994 -0.011270
v -0.053376 0.141994 -0.022110
v -0.057774 0.141994 -0.000000
v -0.061406 0.144598 -0.000000
v -0.060222 0.144598 -0.011978
v -0.056732 0.144598 -0.023500
v -0.056660 0.141994 0.011270
v -0.053376 0.141994 0.022110
v -0.056732 0.144598 0.023500
v -0.060222 0.144598 0.011978
v 0.056660 0.141994 0.011270
v 0.053376 0.141994 0.022110
v 0.057774 0.141994 -0.000000
v 0.061406 0.144598 -0.000000
v 0.060222 0.144598 0.011978
v 0.056732 0.144598 0.023500
v -0.048034 0.141994 -0.032096
v -0.040852 0.141994 -0.040852
v -0.051054 0.144598 -0.034114
v -0.043420 0.144598 -0.043420
v 0.048034 0.141994 0.032096
v 0.040852 0.141994 0.040852
v 0.051054 0.144598 0.034114
v 0.043420 0.144598 0.043420
v -0.032096 0.141994 -0.048034
v -0.022110 0.141994 -0.053376
v -0.034114 0.144598 -0.051054
v -0.023500 0.144598 -0.056732
v 0.032096 0.141994 0.048034
v 0.022110 0.141994 0.053376
v 0.034114 0.144598 0.051054
v 0.023500 0.144598 0.056732
v -0.011270 0.141994 -0.056660
v -0.000000 0.141994 -0.057774
v -0.011978 0.144598 -0.060222
v -0.000000 0.144598 -0.061406
v 0.011270 0.141994 0.056660
v 0.000000 0.141994 0.057774
v 0.011978 0.144598 0.060222
v 0.000000 0.144598 0.061406
v 0.011270 0.141994 -0.056660
v 0.022110 0.141994 -0.053376
v 0.011978 0.144598 -0.060222
v 0.023500 0.144598 -0.056732
v -0.011270 0.141994 0.056660
v -0.022110 0.141994 0.053376
v -0.011978 0.144598 0.060222
v -0.023500 0.144598 0.056732
v 0.032096 0.141994 -0.048034
v 0.040852 0.141994 -0.040852
v 0.034114 0.144598 -0.051054
v 0.043420 0.144598 -0.043420
v -0.032096 0.141994 0.048034
v -0.040852 0.141994 0.040852
v -0.034114 0.144598 0.051054
v -0.043420 0.144598 0.043420
v 0.048034 0.141994 -0.032096
v 0.053376 0.141994 -0.022110
v 0.051054 0.144598 -0.034114
v 0.056732 0.144598 -0.023500
v -0.048034 0.141994 0.032096
v -0.051054 0.144598 0.034114
v 0.056660 0.141994 -0.011270
v 0.060222 0.144598 -0.011978
v 0.028730 0.156664 -0.027806
v 0.014810 0.156664 -0.029516
v 0.014782 0.158396 -0.029408
v 0.028678 0.158396 -0.027704
v -0.000000 0.156664 -0.030098
v -0.000000 0.158396 -0.029986
v -0.000000 0.159888 -0.029216
v 0.014592 0.159888 -0.028652
v 0.028306 0.159888 -0.026992
v -0.055612 0.156664 -0.000000
v -0.054322 0.156664 0.010602
v -0.054222 0.158396 0.010564
v -0.055510 0.158396 -0.000000
v -0.049640 0.156664 0.019312
v -0.049548 0.158396 0.019242
v -0.048908 0.159888 0.018748
v -0.053522 0.159888 0.010292
v -0.054792 0.159890 -0.000000
v 0.028730 0.156664 0.027806
v 0.040784 0.156664 0.024778
v 0.040708 0.158396 0.024686
v 0.028678 0.158396 0.027704
v 0.049640 0.156664 0.019312
v 0.049548 0.158396 0.019242
v 0.048908 0.159888 0.018748
v 0.040182 0.159888 0.024052
v 0.028306 0.159888 0.026992
v -0.040784 0.156664 0.024778
v -0.040708 0.158396 0.024686
v -0.028730 0.156664 0.027806
v -0.028678 0.158396 0.027704
v -0.028306 0.159888 0.026992
v -0.040182 0.159888 0.024052
v 0.049640 0.156664 -0.019312
v 0.040784 0.156664 -0.024776
v 0.040708 0.158396 -0.024686
v 0.049548 0.158396 -0.019242
v 0.040182 0.159888 -0.024052
v 0.048908 0.159888 -0.018748
v 0.054322 0.156664 0.010602
v 0.054222 0.158396 0.010564
v 0.055612 0.156664 -0.000000
v 0.055510 0.158396 -0.000000
v 0.054792 0.159888 -0.000000
v 0.053522 0.159888 0.010292
v -0.028730 0.156664 -0.027806
v -0.040784 0.156664 -0.024776
v -0.040708 0.158396 -0.024686
v -0.028678 0.158396 -0.027704
v -0.049640 0.156664 -0.019312
v -0.049548 0.158396 -0.019242
v -0.048908 0.159888 -0.018748
v -0.040182 0.159888 -0.024052
v -0.028306 0.159888 -0.026992
v -0.014810 0.156664 0.029516
v -0.014782 0.158396 0.029408
v 0.000000 0.156664 0.030098
v 0.000000 0.158396 0.029986
v 0.000000 0.159888 0.029216
v -0.014592 0.159888 0.028652
v 0.054322 0.156664 -0.010602
v 0.054222 0.158396 -0.010564
v 0.053522 0.159888 -0.010292
v -0.014810 0.156664 -0.029516
v -0.014782 0.158396 -0.029408
v -0.014592 0.159888 -0.028652
v 0.014810 0.156664 0.029516
v 0.014782 0.158396 0.029408
v 0.014592 0.159888 0.028652
v -0.054322 0.156664 -0.010602
v -0.054222 0.158396 -0.010564
v -0.053522 0.159888 -0.010292
v -0.014182 0.161004 0.026418
v -0.027510 0.161004 0.024888
v 0.000000 0.161004 0.026938
v 0.000000 0.161692 0.021558
v -0.013930 0.161692 0.021142
v -0.027010 0.161692 0.019916
v 0.051512 0.161000 -0.009682
v 0.052702 0.161004 -0.000000
v 0.047244 0.160984 -0.017440
v 0.044890 0.161538 -0.015498
v 0.046984 0.161666 -0.009306
v 0.047898 0.161692 -0.000000
v -0.014182 0.161004 -0.026418
v -0.000000 0.161004 -0.026938
v -0.027510 0.161004 -0.024886
v -0.027010 0.161692 -0.019916
v -0.013930 0.161692 -0.021142
v -0.000000 0.161692 -0.021558
v 0.014182 0.161004 0.026418
v 0.027510 0.161004 0.024888
v 0.027010 0.161692 0.019916
v 0.013930 0.161692 0.021142
v -0.051512 0.161000 -0.009682
v -0.047244 0.160984 -0.017440
v -0.052702 0.161004 -0.000000
v -0.047898 0.161692 -0.000000
v -0.046984 0.161666 -0.009306
v -0.044890 0.161538 -0.015498
v 0.014182 0.161004 -0.026418
v 0.027510 0.161004 -0.024886
v 0.013930 0.161692 -0.021142
v 0.027010 0.161692 -0.019916
v -0.051512 0.161000 0.009682
v -0.047244 0.160984 0.017440
v -0.044890 0.161538 0.015498
v -0.046984 0.161666 0.009306
v 0.039000 0.161000 0.022204
v 0.047244 0.160984 0.017440
v 0.044890 0.161538 0.015498
v 0.038128 0.161666 0.017900
v -0.039000 0.161000 0.022204
v -0.038128 0.161666 0.017898
v 0.039000 0.161000 -0.022204
v 0.038128 0.161666 -0.017898
v 0.051512 0.161000 0.009682
v 0.046984 0.161666 0.009306
v -0.039000 0.161000 -0.022204
v -0.038128 0.161666 -0.017898
v 0.014122 -0.242974 -0.021134
v 0.017974 -0.242974 -0.017974
v -0.019196 -0.235186 0.028730
v -0.024434 -0.235186 0.024434
v -0.018556 -0.241346 0.018556
v -0.014578 -0.241346 0.021818
v 0.028730 -0.235186 -0.019196
v 0.031924 -0.235186 -0.013224
v 0.024244 -0.241346 -0.010042
v 0.021818 -0.241346 -0.014578
v -0.033890 -0.235186 0.006742
v -0.034556 -0.235186 0.000000
v -0.026242 -0.241346 0.000000
v -0.025736 -0.241346 0.005120
v -0.014122 -0.242974 0.021134
v -0.017974 -0.242974 0.017974
v 0.023486 -0.242974 -0.009728
v 0.024930 -0.242974 -0.004958
v -0.028730 -0.235186 0.019196
v -0.031926 -0.235186 0.013224
v -0.024244 -0.241346 0.010042
v -0.021818 -0.241346 0.014578
v 0.019196 -0.235186 -0.028730
v 0.024434 -0.235186 -0.024434
v 0.018556 -0.241346 -0.018556
v 0.014578 -0.241346 -0.021818
v 0.021134 -0.242974 -0.014122
v -0.023486 -0.242974 0.009728
v -0.024930 -0.242974 0.004958
v 0.033890 -0.235186 -0.006740
v 0.034556 -0.235186 0.000000
v 0.026242 -0.241346 0.000000
v 0.025736 -0.241346 -0.005120
v -0.025420 -0.242974 0.000000
v 0.025420 -0.242974 0.000000
v 0.024930 -0.242974 0.004958
v -0.033890 -0.235186 -0.006740
v -0.031926 -0.235186 -0.013224
v -0.024244 -0.241346 -0.010042
v -0.025736 -0.241346 -0.005120
v -0.009792 -0.198822 0.023638
v -0.004992 -0.198822 0.025094
v -0.021134 -0.242974 0.014122
v -0.024930 -0.242974 -0.004958
v -0.023486 -0.242974 -0.009728
v -0.021134 -0.242974 -0.014122
v 0.033890 -0.235186 0.006740
v 0.031924 -0.235186 0.013224
v 0.024244 -0.241346 0.010042
v 0.025736 -0.241346 0.005120
v 0.023486 -0.242974 0.009728
v 0.021134 -0.242974 0.014122
v -0.028730 -0.235186 -0.019196
v -0.024434 -0.235186 -0.024434
v -0.018556 -0.241346 -0.018556
v -0.021818 -0.241346 -0.014578
v -0.017974 -0.242974 -0.017974
v -0.014122 -0.242974 -0.021134
v 0.028730 -0.235186 0.019196
v 0.024434 -0.235186 0.024434
v 0.018556 -0.241346 0.018556
v 0.021818 -0.241346 0.014578
v 0.017974 -0.242974 0.017974
v 0.014122 -0.242974 0.021134
v -0.019196 -0.235186 -0.028730
v -0.013224 -0.235186 -0.031926
v -0.010042 -0.241346 -0.024244
v -0.014578 -0.241346 -0.021818
v -0.009728 -0.242974 -0.023486
v -0.004958 -0.242974 -0.024930
v 0.019196 -0.235186 0.028730
v 0.013224 -0.235186 0.031924
v 0.010042 -0.241346 0.024244
v 0.014578 -0.241346 0.021818
v 0.009728 -0.242974 0.023486
v 0.004958 -0.242974 0.024930
v -0.006740 -0.235186 -0.033890
v -0.000000 -0.235186 -0.034556
v -0.000000 -0.241346 -0.026242
v -0.005120 -0.241346 -0.025736
v -0.000000 -0.242974 -0.025420
v 0.004958 -0.242974 -0.024930
v 0.006740 -0.235186 0.033890
v 0.000000 -0.235186 0.034556
v 0.000000 -0.241346 0.026242
v 0.005120 -0.241346 0.025736
v 0.000000 -0.242974 0.025420
v -0.004958 -0.242974 0.024930
v 0.006740 -0.235186 -0.033890
v 0.013224 -0.235186 -0.031924
v 0.010042 -0.241346 -0.024244
v 0.005120 -0.241346 -0.025736
v 0.009728 -0.242974 -0.023486
v -0.006742 -0.235186 0.033890
v -0.013224 -0.235186 0.031926
v -0.010042 -0.241346 0.024244
v -0.005120 -0.241346 0.025736
v -0.009728 -0.242974 0.023486
v -0.000000 0.162000 -0.000000
v 0.014346 0.162000 -0.000000
v 0.014136 0.161960 -0.011768
v -0.000000 0.161960 -0.012000
v 0.027780 0.162000 -0.000000
v 0.027386 0.161960 -0.011086
v 0.039344 0.161960 -0.000000
v 0.038764 0.161924 -0.010058
v -0.027780 0.162000 -0.000000
v -0.014346 0.162000 -0.000000
v -0.014136 0.161960 -0.011768
v -0.027386 0.161960 -0.011086
v -0.039344 0.161960 -0.000000
v -0.038764 0.161924 -0.010058
v 0.038764 0.161924 0.010058
v 0.027386 0.161960 0.011086
v 0.014136 0.161960 0.011768
v 0.000000 0.161960 0.012000
v -0.014136 0.161960 0.011768
v -0.027386 0.161960 0.011086
v -0.038764 0.161924 0.010058
v -0.054480 0.154908 -0.010634
v -0.049770 0.154908 -0.019368
v -0.055774 0.154908 -0.000000
v 0.014814 0.154908 0.029602
v 0.000000 0.154908 0.030184
v 0.028756 0.154908 0.027886
v -0.014814 0.154908 -0.029602
v -0.000000 0.154908 -0.030184
v -0.028756 0.154908 -0.027886
v 0.054480 0.154908 -0.010634
v 0.055774 0.154908 -0.000000
v 0.049770 0.154908 -0.019368
v -0.014814 0.154908 0.029602
v -0.028756 0.154908 0.027886
v -0.040862 0.154908 -0.024850
v 0.054480 0.154908 0.010634
v 0.049770 0.154908 0.019368
v 0.040862 0.154908 -0.024850
v 0.028756 0.154908 -0.027886
v -0.040862 0.154908 0.024850
v -0.049770 0.154908 0.019368
v 0.040862 0.154908 0.024850
v -0.054480 0.154908 0.010634
v 0.014814 0.154908 -0.029602
v -0.058438 0.147306 -0.024206
v -0.062034 0.147306 -0.012340
v -0.062076 0.149216 -0.012348
v -0.058478 0.149216 -0.024222
v -0.063254 0.147306 -0.000000
v -0.063296 0.149216 -0.000000
v -0.062034 0.147306 0.012340
v -0.062076 0.149216 0.012348
v -0.058438 0.147306 0.024206
v -0.058478 0.149216 0.024222
v 0.058438 0.147306 0.024206
v 0.062034 0.147306 0.012340
v 0.062076 0.149216 0.012348
v 0.058478 0.149216 0.024222
v 0.063254 0.147306 -0.000000
v 0.063296 0.149216 -0.000000
v -0.044726 0.147306 -0.044726
v -0.052590 0.147306 -0.035140
v -0.052624 0.149216 -0.035162
v -0.044756 0.149216 -0.044756
v 0.044726 0.147306 0.044726
v 0.052590 0.147306 0.035140
v 0.052624 0.149216 0.035162
v 0.044756 0.149216 0.044756
v -0.024206 0.147306 -0.058438
v -0.035140 0.147306 -0.052590
v -0.035162 0.149216 -0.052624
v -0.024222 0.149216 -0.058478
v 0.024206 0.147306 0.058438
v 0.035140 0.147306 0.052590
v 0.035162 0.149216 0.052624
v 0.024222 0.149216 0.058478
v -0.000000 0.147306 -0.063254
v -0.012340 0.147306 -0.062034
v -0.012348 0.149216 -0.062076
v -0.000000 0.149216 -0.063296
v 0.000000 0.147306 0.063254
v 0.012340 0.147306 0.062034
v 0.012348 0.149216 0.062076
v 0.000000 0.149216 0.063296
v 0.024206 0.147306 -0.058438
v 0.012340 0.147306 -0.062034
v 0.012348 0.149216 -0.062076
v 0.024222 0.149216 -0.058478
v -0.024206 0.147306 0.058438
v -0.012340 0.147306 0.062034
v -0.012348 0.149216 0.062076
v -0.024222 0.149216 0.058478
v 0.044726 0.147306 -0.044726
v 0.035140 0.147306 -0.052590
v 0.035162 0.149216 -0.052624
v 0.044756 0.149216 -0.044756
v -0.044726 0.147306 0.044726
v -0.035140 0.147306 0.052590
v -0.035162 0.149216 0.052624
v -0.044756 0.149216 0.044756
v 0.058438 0.147306 -0.024206
v 0.052590 0.147306 -0.035140
v 0.052624 0.149216 -0.035162
v 0.058478 0.149216 -0.024222
v -0.052590 0.147306 0.035140
v -0.052624 0.149216 0.035162
v 0.062034 0.147306 -0.012340
v 0.062076 0.149216 -0.012348
v 0.061788 0.146080 -0.012290
v 0.063002 0.146080 -0.000000
v 0.058208 0.146080 -0.024110
v -0.052382 0.146080 0.035000
v -0.058208 0.146080 0.024110
v -0.044550 0.146080 0.044550
v 0.052382 0.146080 -0.035000
v 0.044550 0.146080 -0.044550
v -0.035000 0.146080 0.052382
v -0.024110 0.146080 0.058208
v 0.035000 0.146080 -0.052382
v 0.024110 0.146080 -0.058208
v -0.012290 0.146080 0.061788
v 0.000000 0.146080 0.063002
v 0.012290 0.146080 -0.061788
v -0.000000 0.146080 -0.063002
v 0.012290 0.146080 0.061788
v 0.024110 0.146080 0.058208
v -0.012290 0.146080 -0.061788
v -0.024110 0.146080 -0.058208
v 0.035000 0.146080 0.052382
v 0.044550 0.146080 0.044550
v -0.035000 0.146080 -0.052382
v -0.044550 0.146080 -0.044550
v 0.052382 0.146080 0.035000
v 0.058208 0.146080 0.024110
v -0.052382 0.146080 -0.035000
v -0.058208 0.146080 -0.024110
v 0.061788 0.146080 0.012290
v -0.061788 0.146080 0.012290
v -0.063002 0.146080 -0.000000
v -0.061788 0.146080 -0.012290
v 0.030138 0.132168 -0.045106
v 0.038362 0.132168 -0.038362
v 0.020762 0.132168 -0.050122
v -0.030138 0.132168 0.045106
v -0.038362 0.132168 0.038362
v -0.020762 0.132168 0.050122
v 0.045106 0.132168 -0.030138
v 0.050122 0.132168 -0.020762
v -0.045106 0.132168 0.030138
v -0.050122 0.132168 0.020762
v 0.053206 0.132168 -0.010584
v 0.054252 0.132168 -0.000000
v -0.053206 0.132168 -0.010584
v -0.050122 0.132168 -0.020762
v -0.054252 0.132168 -0.000000
v -0.053206 0.132168 0.010584
v 0.053206 0.132168 0.010584
v 0.050122 0.132168 0.020762
v -0.045106 0.132168 -0.030138
v -0.038362 0.132168 -0.038362
v 0.045106 0.132168 0.030138
v 0.038362 0.132168 0.038362
v -0.030138 0.132168 -0.045106
v -0.020762 0.132168 -0.050122
v 0.030138 0.132168 0.045106
v 0.020762 0.132168 0.050122
v -0.010584 0.132168 -0.053206
v -0.000000 0.132168 -0.054252
v 0.010584 0.132168 0.053206
v 0.000000 0.132168 0.054252
v 0.010584 0.132168 -0.053206
v -0.010584 0.132168 0.053206
v -0.018670 -0.200452 0.018670
v -0.021952 -0.200452 0.014668
v -0.028820 -0.206608 0.019258
v -0.024512 -0.206608 0.024512
v -0.005150 -0.200452 0.025894
v -0.010104 -0.200452 0.024392
v -0.013266 -0.206608 0.032026
v -0.006762 -0.206608 0.033996
v 0.018670 -0.200452 -0.018670
v 0.021952 -0.200452 -0.014668
v 0.028822 -0.206608 -0.019258
v 0.024512 -0.206610 -0.024512
v 0.005150 -0.200452 -0.025894
v 0.010104 -0.200452 -0.024392
v 0.013266 -0.206610 -0.032026
v 0.006762 -0.206608 -0.033996
v -0.014214 -0.198822 0.021272
v 0.005150 -0.200452 0.025894
v 0.000000 -0.200452 0.026402
v 0.000000 -0.206610 0.034664
v 0.006762 -0.206610 0.033996
v 0.014214 -0.198822 -0.021272
v 0.009792 -0.198822 -0.023638
v -0.005150 -0.200452 -0.025894
v -0.000000 -0.200452 -0.026402
v -0.000000 -0.206610 -0.034664
v -0.006762 -0.206610 -0.033996
v 0.000000 -0.198822 0.025586
v 0.014668 -0.200452 0.021952
v 0.010104 -0.200452 0.024392
v 0.013266 -0.206608 0.032026
v 0.019258 -0.206608 0.028822
v 0.004992 -0.198822 -0.025094
v -0.000000 -0.198822 -0.025586
v -0.014668 -0.200452 -0.021952
v -0.010104 -0.200452 -0.024392
v -0.013266 -0.206608 -0.032026
v -0.019258 -0.206610 -0.028820
v 0.004992 -0.198822 0.025094
v 0.009792 -0.198822 0.023638
v 0.021952 -0.200452 0.014668
v 0.018670 -0.200452 0.018670
v 0.024512 -0.206608 0.024512
v 0.028822 -0.206608 0.019258
v -0.004992 -0.198822 -0.025094
v -0.009792 -0.198822 -0.023638
v -0.021952 -0.200452 -0.014668
v -0.018670 -0.200452 -0.018670
v -0.024512 -0.206610 -0.024512
v -0.028822 -0.206608 -0.019258
v 0.014214 -0.198822 0.021272
v 0.018092 -0.198822 0.018092
v 0.025894 -0.200452 0.005150
v 0.024392 -0.200452 0.010104
v 0.032026 -0.206608 0.013266
v 0.033996 -0.206608 0.006762
v -0.014214 -0.198822 -0.021272
v -0.018092 -0.198822 -0.018092
v -0.025894 -0.200452 -0.005150
v -0.024392 -0.200452 -0.010104
v -0.032026 -0.206610 -0.013266
v -0.033996 -0.206608 -0.006762
v 0.021272 -0.198822 0.014214
v 0.023638 -0.198822 0.009792
v 0.025894 -0.200452 -0.005150
v 0.026402 -0.200452 0.000000
v 0.034666 -0.206608 0.000000
v 0.033996 -0.206608 -0.006762
v -0.026402 -0.200452 0.000000
v -0.034664 -0.206608 0.000000
v -0.024392 -0.200452 0.010104
v -0.032026 -0.206610 0.013266
v -0.021272 -0.198822 -0.014214
v -0.023638 -0.198822 -0.009792
v -0.025586 -0.198822 0.000000
v -0.025094 -0.198822 0.004992
v 0.025094 -0.198822 0.004992
v 0.025586 -0.198822 0.000000
v 0.024392 -0.200452 -0.010104
v 0.032026 -0.206608 -0.013266
v -0.023638 -0.198822 0.009792
v -0.018092 -0.198822 0.018092
v 0.025094 -0.198822 -0.004992
v 0.023638 -0.198822 -0.009792
v 0.018092 -0.198822 -0.018092
v 0.021272 -0.198822 -0.014214
v -0.019750 -0.232138 0.029558
v -0.025138 -0.232138 0.025138
v -0.025090 -0.229514 0.025090
v -0.019712 -0.229514 0.029500
v -0.019080 -0.226570 0.028556
v -0.024288 -0.226570 0.024288
v -0.019104 -0.215204 0.028590
v -0.013160 -0.215204 0.031770
v -0.013602 -0.212256 0.032838
v -0.019746 -0.212256 0.029552
v -0.034388 -0.215204 0.000000
v -0.033724 -0.215204 0.006708
v -0.034858 -0.212256 0.006934
v -0.035544 -0.212256 0.000000
v -0.025094 -0.198822 -0.004992
v 0.019750 -0.232138 -0.029558
v 0.025138 -0.232138 -0.025138
v 0.025090 -0.229514 -0.025090
v 0.019712 -0.229514 -0.029500
v 0.019082 -0.226570 -0.028556
v 0.024288 -0.226570 -0.024288
v 0.019104 -0.215204 -0.028590
v 0.013160 -0.215204 -0.031770
v 0.013602 -0.212256 -0.032838
v 0.019746 -0.212256 -0.029552
v -0.014668 -0.200452 0.021952
v -0.019258 -0.206610 0.028822
v -0.006708 -0.215204 0.033724
v 0.000000 -0.215204 0.034388
v 0.000000 -0.212256 0.035544
v -0.006934 -0.212256 0.034858
v -0.013578 -0.229514 0.032782
v -0.013144 -0.226570 0.031732
v 0.013578 -0.229514 -0.032780
v 0.013144 -0.226570 -0.031732
v -0.006922 -0.229514 0.034798
v 0.000000 -0.229514 0.035482
v 0.000000 -0.226570 0.034346
v -0.006700 -0.226570 0.033684
v 0.014668 -0.200452 -0.021952
v 0.019258 -0.206608 -0.028820
v 0.006708 -0.215204 -0.033724
v -0.000000 -0.215204 -0.034386
v -0.000000 -0.212256 -0.035544
v 0.006934 -0.212256 -0.034858
v -0.013634 -0.209634 0.032916
v -0.006950 -0.209634 0.034942
v 0.006922 -0.229514 -0.034798
v -0.000000 -0.229514 -0.035482
v -0.000000 -0.226570 -0.034346
v 0.006700 -0.226570 -0.033686
v 0.006708 -0.215204 0.033724
v 0.013160 -0.215204 0.031770
v 0.013602 -0.212256 0.032838
v 0.006934 -0.212256 0.034858
v 0.013634 -0.209634 -0.032916
v 0.006950 -0.209634 -0.034942
v 0.006922 -0.229514 0.034798
v 0.013578 -0.229514 0.032780
v 0.013144 -0.226570 0.031732
v 0.006700 -0.226570 0.033686
v -0.006708 -0.215204 -0.033724
v -0.013160 -0.215204 -0.031770
v -0.013602 -0.212256 -0.032838
v -0.006934 -0.212256 -0.034858
v 0.000000 -0.209634 0.035628
v 0.006950 -0.209634 0.034942
v -0.006922 -0.229514 -0.034798
v -0.013578 -0.229514 -0.032782
v -0.013144 -0.226570 -0.031732
v -0.006700 -0.226570 -0.033684
v 0.019104 -0.215204 0.028590
v 0.024316 -0.215204 0.024316
v 0.025132 -0.212256 0.025132
v 0.019746 -0.212256 0.029552
v -0.000000 -0.209634 -0.035628
v -0.006950 -0.209634 -0.034942
v 0.019712 -0.229514 0.029500
v 0.025090 -0.229514 0.025090
v 0.024286 -0.226570 0.024286
v 0.019082 -0.226570 0.028556
v -0.019104 -0.215204 -0.028590
v -0.024316 -0.215204 -0.024316
v -0.025132 -0.212256 -0.025132
v -0.019746 -0.212256 -0.029552
v 0.013634 -0.209634 0.032916
v 0.019794 -0.209634 0.029622
v -0.019712 -0.229514 -0.029500
v -0.025090 -0.229514 -0.025090
v -0.024286 -0.226570 -0.024286
v -0.019080 -0.226570 -0.028556
v 0.028588 -0.215204 0.019102
v 0.031770 -0.215204 0.013160
v 0.032838 -0.212256 0.013602
v 0.029550 -0.212256 0.019746
v -0.013634 -0.209634 -0.032916
v -0.019794 -0.209634 -0.029622
v 0.029500 -0.229514 0.019712
v 0.032782 -0.229514 0.013578
v 0.031732 -0.226570 0.013144
v 0.028558 -0.226570 0.019082
v -0.028590 -0.215204 -0.019104
v -0.031770 -0.215204 -0.013160
v -0.032838 -0.212256 -0.013602
v -0.029552 -0.212256 -0.019746
v 0.025194 -0.209634 0.025194
v 0.029622 -0.209634 0.019794
v -0.029500 -0.229514 -0.019712
v -0.032780 -0.229514 -0.013578
v -0.031732 -0.226570 -0.013144
v -0.028556 -0.226570 -0.019082
v 0.033724 -0.215204 0.006708
v 0.034388 -0.215204 0.000000
v 0.035544 -0.212256 0.000000
v 0.034858 -0.212256 0.006934
v -0.025194 -0.209634 -0.025194
v -0.029622 -0.209634 -0.019794
v -0.021272 -0.198822 0.014214
v 0.034798 -0.229514 0.006922
v 0.035482 -0.229514 0.000000
v 0.034346 -0.226570 0.000000
v 0.033686 -0.226570 0.006700
v -0.034866 -0.232138 0.006936
v -0.035550 -0.232138 0.000000
v -0.033724 -0.215204 -0.006708
v -0.034858 -0.212256 -0.006934
v -0.031770 -0.215204 0.013160
v -0.032838 -0.212256 0.013602
v 0.032916 -0.209634 0.013634
v 0.034942 -0.209634 0.006950
v -0.025894 -0.200452 0.005150
v -0.033996 -0.206610 0.006762
v -0.034798 -0.229514 -0.006922
v -0.035482 -0.229514 0.000000
v -0.034346 -0.226570 0.000000
v -0.033686 -0.226570 -0.006700
v -0.032780 -0.229514 0.013578
v -0.029500 -0.229514 0.019712
v -0.028558 -0.226570 0.019082
v -0.031732 -0.226570 0.013144
v 0.033724 -0.215204 -0.006708
v 0.031770 -0.215204 -0.013160
v 0.032838 -0.212256 -0.013602
v 0.034858 -0.212256 -0.006934
v -0.034798 -0.229514 0.006922
v -0.033684 -0.226570 0.006700
v 0.034798 -0.229514 -0.006922
v 0.032782 -0.229514 -0.013578
v 0.031732 -0.226570 -0.013144
v 0.033686 -0.226570 -0.006700
v -0.028588 -0.215204 0.019102
v -0.029550 -0.212256 0.019746
v 0.035628 -0.209634 0.000000
v 0.034942 -0.209634 -0.006950
v 0.024314 -0.215204 -0.024314
v 0.025132 -0.212256 -0.025132
v 0.028588 -0.215204 -0.019102
v 0.029550 -0.212256 -0.019746
v 0.029500 -0.229514 -0.019712
v 0.028558 -0.226570 -0.019082
v -0.025194 -0.209634 0.025194
v -0.019794 -0.209634 0.029622
v 0.025194 -0.209634 -0.025194
v 0.019794 -0.209634 -0.029622
v -0.032916 -0.209634 -0.013634
v -0.035628 -0.209634 0.000000
v -0.034942 -0.209634 0.006950
v -0.032916 -0.209634 0.013634
v -0.034942 -0.209634 -0.006950
v 0.032916 -0.209634 -0.013634
v -0.029622 -0.209632 0.019794
v 0.029622 -0.209634 -0.019794
v -0.024316 -0.215204 0.024316
v -0.025132 -0.212256 0.025132
v 0.020648 -0.224764 -0.020648
v 0.024278 -0.224764 -0.016222
v -0.016454 -0.219440 0.024624
v -0.011334 -0.219458 0.027364
v -0.011178 -0.217010 0.026988
v -0.016228 -0.217010 0.024288
v 0.024288 -0.217010 -0.016228
v 0.020656 -0.217010 -0.020656
v 0.029558 -0.232138 -0.019750
v 0.032844 -0.232138 -0.013604
v 0.026978 -0.224764 -0.011174
v 0.024616 -0.222358 -0.016448
v 0.027354 -0.222366 -0.011330
v 0.026988 -0.217010 -0.011178
v -0.020648 -0.224764 0.020648
v -0.024278 -0.224764 0.016222
v 0.024620 -0.219414 0.016450
v 0.027356 -0.219406 0.011332
v 0.026988 -0.217010 0.011178
v 0.024288 -0.217010 0.016228
v -0.024288 -0.217010 0.016228
v -0.020656 -0.217010 0.020656
v -0.029558 -0.232138 0.019750
v -0.032844 -0.232138 0.013604
v -0.026978 -0.224764 0.011174
v -0.024616 -0.222358 0.016448
v -0.027354 -0.222366 0.011330
v -0.026988 -0.217010 0.011178
v 0.034866 -0.232138 -0.006936
v 0.028638 -0.224764 -0.005696
v 0.029036 -0.222370 -0.005776
v 0.028648 -0.217010 -0.005698
v 0.035550 -0.232138 0.000000
v 0.029200 -0.224764 0.000000
v 0.029040 -0.219400 0.005776
v 0.028648 -0.217010 0.005698
v 0.029212 -0.217010 0.000000
v -0.029200 -0.224764 0.000000
v -0.028638 -0.224764 -0.005696
v -0.029610 -0.219400 0.000000
v -0.029040 -0.219400 0.005776
v -0.028648 -0.217010 0.005698
v -0.029212 -0.217010 0.000000
v -0.028648 -0.217010 -0.005698
v -0.034866 -0.232138 -0.006936
v -0.032844 -0.232138 -0.013604
v -0.026978 -0.224764 -0.011174
v -0.020940 -0.219426 -0.020940
v -0.024620 -0.219414 -0.016450
v -0.024288 -0.217010 -0.016228
v -0.020656 -0.217010 -0.020656
v -0.026988 -0.217010 -0.011178
v -0.028638 -0.224764 0.005696
v -0.029036 -0.222372 0.005776
v -0.027356 -0.219406 0.011332
v 0.034866 -0.232138 0.006936
v 0.028638 -0.224764 0.005696
v 0.029606 -0.222372 0.000000
v 0.032844 -0.232138 0.013604
v 0.026978 -0.224764 0.011174
v 0.029036 -0.222370 0.005776
v 0.027354 -0.222366 0.011330
v -0.029558 -0.232138 -0.019750
v -0.024278 -0.224764 -0.016222
v -0.029036 -0.222370 -0.005776
v -0.027354 -0.222366 -0.011330
v -0.025138 -0.232138 -0.025138
v -0.020648 -0.224764 -0.020648
v -0.024616 -0.222358 -0.016448
v -0.020938 -0.222346 -0.020938
v 0.029558 -0.232138 0.019750
v 0.024278 -0.224764 0.016222
v 0.024616 -0.222358 0.016448
v 0.025138 -0.232138 0.025138
v 0.020648 -0.224764 0.020648
v 0.011334 -0.219458 0.027364
v 0.016454 -0.219440 0.024624
v 0.016228 -0.217010 0.024288
v 0.011178 -0.217010 0.026988
v 0.020656 -0.217010 0.020656
v -0.019750 -0.232138 -0.029558
v -0.016222 -0.224764 -0.024278
v -0.016452 -0.222330 -0.024620
v -0.016228 -0.217010 -0.024288
v -0.013604 -0.232138 -0.032844
v -0.011174 -0.224764 -0.026978
v -0.011334 -0.222312 -0.027362
v -0.011178 -0.217010 -0.026988
v 0.019750 -0.232138 0.029558
v 0.016222 -0.224764 0.024278
v 0.020938 -0.222346 0.020938
v 0.013604 -0.232138 0.032844
v 0.011174 -0.224764 0.026978
v 0.016450 -0.222330 0.024620
v 0.011334 -0.222312 0.027362
v -0.006936 -0.232138 -0.034866
v -0.005696 -0.224764 -0.028638
v -0.005778 -0.222296 -0.029048
v -0.005698 -0.217010 -0.028648
v -0.000000 -0.232138 -0.035550
v -0.000000 -0.224764 -0.029200
v -0.000000 -0.222290 -0.029620
v -0.000000 -0.217010 -0.029212
v 0.006936 -0.232138 0.034866
v 0.005696 -0.224764 0.028638
v 0.005778 -0.222296 0.029048
v 0.005698 -0.217010 0.028648
v 0.000000 -0.232138 0.035550
v 0.000000 -0.224764 0.029200
v 0.000000 -0.222290 0.029620
v 0.000000 -0.217010 0.029212
v 0.006936 -0.232138 -0.034866
v 0.005696 -0.224764 -0.028638
v 0.005778 -0.222296 -0.029048
v 0.005698 -0.217010 -0.028648
v 0.013604 -0.232138 -0.032844
v 0.011174 -0.224764 -0.026978
v 0.011334 -0.222312 -0.027362
v 0.011178 -0.217010 -0.026988
v -0.006936 -0.232138 0.034866
v -0.005696 -0.224764 0.028638
v -0.005778 -0.222296 0.029048
v -0.005698 -0.217010 0.028648
v -0.013604 -0.232138 0.032844
v -0.011174 -0.224764 0.026978
v -0.020940 -0.219424 0.020940
v 0.016222 -0.224764 -0.024278
v 0.016452 -0.222330 -0.024620
v 0.016228 -0.217010 -0.024288
v 0.020938 -0.222346 -0.020938
v -0.016222 -0.224764 0.024278
v -0.011334 -0.222312 0.027362
v -0.016452 -0.222330 0.024620
v -0.020938 -0.222346 0.020938
v -0.005778 -0.219474 0.029052
v 0.020940 -0.219424 -0.020940
v 0.016454 -0.219440 -0.024624
v 0.011334 -0.219458 -0.027364
v 0.000000 -0.219480 0.029624
v 0.005778 -0.219474 -0.029052
v -0.000000 -0.219480 -0.029624
v 0.005778 -0.219474 0.029052
v -0.005778 -0.219474 -0.029052
v -0.011334 -0.219458 -0.027364
v 0.020940 -0.219426 0.020940
v -0.016454 -0.219440 -0.024624
v -0.029606 -0.222372 0.000000
v -0.027356 -0.219406 -0.011332
v -0.029040 -0.219400 -0.005776
v 0.029610 -0.219398 0.000000
v 0.029040 -0.219400 -0.005776
v -0.024620 -0.219414 0.016450
v 0.027356 -0.219406 -0.011332
v 0.024620 -0.219414 -0.016450
v -0.016598 -0.527646 -0.003302
v -0.016980 -0.527588 0.000000
v -0.016598 -0.527646 0.003302
v 0.015688 -0.527586 0.006498
v 0.016598 -0.527646 0.003302
v 0.016598 -0.527646 -0.003302
v 0.015688 -0.527586 -0.006498
v 0.012006 -0.527586 -0.012006
v 0.009402 -0.527646 -0.014072
v -0.014072 -0.527646 0.009402
v -0.012006 -0.527586 0.012006
v 0.012006 -0.527586 0.012006
v 0.014072 -0.527646 0.009402
v 0.014072 -0.527646 -0.009402
v -0.009402 -0.527646 0.014072
v -0.006498 -0.527588 0.015688
v -0.006498 -0.527586 -0.015688
v -0.009402 -0.527646 -0.014072
v 0.006498 -0.527586 -0.015688
v -0.003302 -0.527646 0.016598
v 0.006498 -0.527586 0.015688
v 0.009402 -0.527646 0.014072
v 0.003302 -0.527646 -0.016598
v -0.000000 -0.527588 -0.016980
v -0.015688 -0.527588 0.006498
v 0.003302 -0.527646 0.016598
v -0.003302 -0.527646 -0.016598
v 0.000000 -0.527588 0.016980
v 0.016980 -0.527586 0.000000
v -0.014072 -0.527646 -0.009402
v -0.015688 -0.527588 -0.006498
v -0.012006 -0.527586 -0.012006
v -0.007446 -0.529098 0.012256
v -0.008604 -0.529934 0.009602
v -0.009592 -0.530622 0.006704
v -0.010150 -0.531182 0.003426
v -0.010382 -0.531346 0.000000
v -0.010150 -0.531182 -0.003426
v -0.009592 -0.530622 -0.006704
v -0.008604 -0.529934 -0.009602
v -0.007446 -0.529098 -0.012256
v -0.003730 -0.529622 0.012908
v -0.004134 -0.531252 0.009764
v -0.004884 -0.532158 0.007256
v -0.004844 -0.533254 0.003484
v -0.004954 -0.533550 0.000000
v -0.004844 -0.533254 -0.003484
v -0.004884 -0.532158 -0.007256
v -0.004134 -0.531252 -0.009764
v -0.003730 -0.529622 -0.012908
v 0.000000 -0.529714 0.013252
v 0.000000 -0.531526 0.010052
v 0.000000 -0.532680 0.007482
v 0.000000 -0.533866 0.003596
v 0.000000 -0.534230 0.000000
v -0.000000 -0.533866 -0.003596
v -0.000000 -0.532680 -0.007482
v -0.000000 -0.531526 -0.010052
v -0.000000 -0.529714 -0.013252
v 0.003730 -0.529622 0.012908
v 0.004134 -0.531252 0.009764
v 0.004884 -0.532158 0.007256
v 0.004844 -0.533254 0.003484
v 0.004954 -0.533550 0.000000
v 0.004844 -0.533254 -0.003484
v 0.004884 -0.532158 -0.007256
v 0.004134 -0.531252 -0.009764
v 0.003730 -0.529622 -0.012908
v 0.007446 -0.529096 0.012256
v 0.008604 -0.529934 0.009602
v 0.009592 -0.530622 0.006704
v 0.010150 -0.531182 0.003426
v 0.010382 -0.531346 0.000000
v 0.010150 -0.531182 -0.003426
v 0.009592 -0.530622 -0.006704
v 0.008604 -0.529934 -0.009602
v 0.007446 -0.529098 -0.012256
v -0.068398 0.155996 -0.000000
v -0.087092 0.161998 -0.000000
v -0.086768 0.162170 -0.008514
v -0.068146 0.156084 -0.009690
v -0.106334 0.171598 -0.000000
v -0.105920 0.171860 -0.007462
v -0.104708 0.172682 -0.014408
v -0.085814 0.162760 -0.016444
v -0.067408 0.156442 -0.018714
v -0.084302 0.164086 -0.023242
v -0.066236 0.157524 -0.026426
v -0.102790 0.174224 -0.020360
v -0.100298 0.176740 -0.024904
v -0.082334 0.166634 -0.028418
v -0.064710 0.160024 -0.032230
v -0.080048 0.170598 -0.031620
v -0.062934 0.164238 -0.035744
v -0.097406 0.180308 -0.027734
v -0.094306 0.184638 -0.028662
v -0.077596 0.175614 -0.032676
v -0.061026 0.169724 -0.036892
v -0.075140 0.180976 -0.031568
v -0.059118 0.175598 -0.035724
v -0.091204 0.189238 -0.027640
v -0.088306 0.193670 -0.024740
v -0.072846 0.186094 -0.028328
v -0.057336 0.181138 -0.032194
v -0.070870 0.190544 -0.023134
v -0.055804 0.185894 -0.026380
v -0.085810 0.197564 -0.020166
v -0.083890 0.200600 -0.014236
v -0.069350 0.193982 -0.016348
v -0.054624 0.189506 -0.018672
v -0.068392 0.196144 -0.008458
v -0.053880 0.191732 -0.009666
v -0.082678 0.202532 -0.007362
v -0.082266 0.203194 -0.000000
v -0.068064 0.196878 -0.000000
v -0.053626 0.192472 -0.000000
v -0.068392 0.196144 0.008458
v -0.053880 0.191732 0.009666
v -0.082678 0.202532 0.007362
v -0.083890 0.200600 0.014236
v -0.069350 0.193982 0.016348
v -0.054624 0.189506 0.018672
v -0.070870 0.190544 0.023134
v -0.055804 0.185894 0.026380
v -0.085810 0.197564 0.020166
v -0.088306 0.193670 0.024740
v -0.072846 0.186094 0.028328
v -0.057336 0.181138 0.032194
v -0.075140 0.180976 0.031568
v -0.059118 0.175598 0.035724
v -0.091204 0.189238 0.027640
v -0.094306 0.184638 0.028662
v -0.077596 0.175614 0.032676
v -0.061026 0.169724 0.036892
v -0.080048 0.170598 0.031620
v -0.062934 0.164238 0.035744
v -0.097406 0.180308 0.027734
v -0.100298 0.176740 0.024904
v -0.082334 0.166634 0.028418
v -0.064710 0.160024 0.032230
v -0.084302 0.164086 0.023242
v -0.066236 0.157524 0.026426
v -0.102790 0.174224 0.020360
v -0.104708 0.172682 0.014408
v -0.085814 0.162760 0.016444
v -0.067408 0.156442 0.018714
v -0.086768 0.162170 0.008514
v -0.068146 0.156084 0.009690
v -0.105920 0.171860 0.007462
v -0.124824 0.184380 -0.000000
v -0.124314 0.184690 -0.006598
v -0.140744 0.199558 -0.000000
v -0.140150 0.199866 -0.005976
v -0.138414 0.200786 -0.011528
v -0.122820 0.185634 -0.012736
v -0.120456 0.187250 -0.017986
v -0.135670 0.202290 -0.016270
v -0.132110 0.204328 -0.019872
v -0.117390 0.189596 -0.021986
v -0.113836 0.192642 -0.024466
v -0.127982 0.206810 -0.022092
v -0.123562 0.209580 -0.022786
v -0.110030 0.196176 -0.025260
v -0.106224 0.199884 -0.024328
v -0.119148 0.212436 -0.021922
v -0.115032 0.215168 -0.019576
v -0.102674 0.203462 -0.021744
v -0.099616 0.206614 -0.017704
v -0.111488 0.217566 -0.015926
v -0.108762 0.219436 -0.011226
v -0.097262 0.209078 -0.012488
v -0.095778 0.210652 -0.006454
v -0.107044 0.220630 -0.005800
v -0.106458 0.221038 -0.000000
v -0.095272 0.211190 -0.000000
v -0.095778 0.210652 0.006454
v -0.107044 0.220630 0.005800
v -0.108762 0.219436 0.011226
v -0.097262 0.209078 0.012488
v -0.099616 0.206614 0.017704
v -0.111488 0.217566 0.015926
v -0.115032 0.215168 0.019576
v -0.102674 0.203462 0.021744
v -0.106224 0.199884 0.024328
v -0.119148 0.212436 0.021922
v -0.123562 0.209580 0.022786
v -0.110030 0.196176 0.025260
v -0.113836 0.192642 0.024466
v -0.127982 0.206810 0.022092
v -0.132110 0.204328 0.019872
v -0.117390 0.189596 0.021986
v -0.120456 0.187250 0.017986
v -0.135670 0.202290 0.016270
v -0.138414 0.200786 0.011528
v -0.122820 0.185634 0.012736
v -0.124314 0.184690 0.006598
v -0.140150 0.199866 0.005976
v -0.160986 0.235138 -0.000000
v -0.165412 0.256168 -0.000000
v -0.164748 0.256292 -0.005030
v -0.160328 0.235342 -0.005292
v -0.166352 0.279472 -0.000000
v -0.165694 0.279510 -0.004784
v -0.163778 0.279622 -0.009230
v -0.162810 0.256658 -0.009704
v -0.158390 0.235936 -0.010208
v -0.159734 0.257236 -0.013688
v -0.155324 0.236878 -0.014402
v -0.160726 0.279804 -0.013018
v -0.156764 0.280050 -0.015894
v -0.155734 0.257992 -0.016712
v -0.151334 0.238102 -0.017578
v -0.151082 0.258880 -0.018568
v -0.146700 0.239530 -0.019534
v -0.152156 0.280352 -0.017656
v -0.147226 0.280692 -0.018204
v -0.146098 0.259844 -0.019142
v -0.141730 0.241072 -0.020132
v -0.141116 0.260826 -0.018408
v -0.136764 0.242630 -0.019360
v -0.142306 0.281052 -0.017504
v -0.137728 0.281408 -0.015630
v -0.136478 0.261762 -0.016434
v -0.132136 0.244104 -0.017278
v -0.132494 0.262584 -0.013366
v -0.128154 0.245392 -0.014052
v -0.133804 0.281730 -0.012712
v -0.130792 0.281990 -0.008964
v -0.129434 0.263226 -0.009422
v -0.125098 0.246394 -0.009902
v -0.127512 0.263636 -0.004868
v -0.123170 0.247032 -0.005116
v -0.128906 0.282156 -0.004630
v -0.128258 0.282216 -0.000000
v -0.126854 0.263778 -0.000000
v -0.122516 0.247250 -0.000000
v -0.127512 0.263636 0.004868
v -0.123170 0.247032 0.005116
v -0.128906 0.282156 0.004630
v -0.130792 0.281990 0.008964
v -0.129434 0.263226 0.009422
v -0.125098 0.246394 0.009902
v -0.132494 0.262584 0.013366
v -0.128154 0.245392 0.014052
v -0.133804 0.281730 0.012712
v -0.137728 0.281408 0.015630
v -0.136478 0.261762 0.016434
v -0.132136 0.244104 0.017278
v -0.141116 0.260826 0.018408
v -0.136764 0.242630 0.019360
v -0.142306 0.281052 0.017504
v -0.147226 0.280692 0.018204
v -0.146098 0.259844 0.019142
v -0.141730 0.241072 0.020132
v -0.151082 0.258880 0.018568
v -0.146700 0.239530 0.019534
v -0.152156 0.280352 0.017656
v -0.156764 0.280050 0.015894
v -0.155734 0.257992 0.016712
v -0.151334 0.238102 0.017578
v -0.159734 0.257236 0.013688
v -0.155324 0.236878 0.014402
v -0.160726 0.279804 0.013018
v -0.163778 0.279622 0.009230
v -0.162810 0.256658 0.009704
v -0.158390 0.235936 0.010208
v -0.164748 0.256292 0.005030
v -0.160328 0.235342 0.005292
v -0.165694 0.279510 0.004784
v -0.163406 0.304492 -0.000000
v -0.162762 0.304436 -0.004594
v -0.155630 0.330320 -0.000000
v -0.155012 0.330166 -0.004444
v -0.153214 0.329718 -0.008568
v -0.160880 0.304274 -0.008862
v -0.157890 0.304026 -0.012498
v -0.150360 0.329018 -0.012080
v -0.146660 0.328130 -0.014740
v -0.154008 0.303718 -0.015252
v -0.149506 0.303380 -0.016940
v -0.142372 0.327122 -0.016366
v -0.137802 0.326072 -0.016862
v -0.144694 0.303040 -0.017460
v -0.139900 0.302726 -0.016786
v -0.133258 0.325052 -0.016208
v -0.129044 0.324126 -0.014466
v -0.135448 0.302456 -0.014986
v -0.131638 0.302240 -0.012188
v -0.125444 0.323352 -0.011764
v -0.122688 0.322768 -0.008294
v -0.128720 0.302086 -0.008594
v -0.126890 0.301994 -0.004440
v -0.120962 0.322406 -0.004284
v -0.120374 0.322284 -0.000000
v -0.126264 0.301964 -0.000000
v -0.126890 0.301994 0.004440
v -0.120962 0.322406 0.004284
v -0.122688 0.322768 0.008294
v -0.128720 0.302086 0.008594
v -0.131638 0.302240 0.012188
v -0.125444 0.323352 0.011764
v -0.129044 0.324126 0.014466
v -0.135448 0.302456 0.014986
v -0.139900 0.302726 0.016786
v -0.133258 0.325052 0.016208
v -0.137802 0.326072 0.016862
v -0.144694 0.303040 0.017460
v -0.149506 0.303380 0.016940
v -0.142372 0.327122 0.016366
v -0.146660 0.328130 0.014740
v -0.154008 0.303718 0.015252
v -0.157890 0.304026 0.012498
v -0.150360 0.329018 0.012080
v -0.153214 0.329718 0.008568
v -0.160880 0.304274 0.008862
v -0.162762 0.304436 0.004594
v -0.155012 0.330166 0.004444
v -0.142370 0.355782 -0.000000
v -0.141804 0.355532 -0.004302
v -0.125628 0.378308 -0.000000
v -0.125132 0.377976 -0.004180
v -0.123680 0.377014 -0.008060
v -0.140156 0.354808 -0.008296
v -0.137544 0.353670 -0.011694
v -0.121382 0.375498 -0.011362
v -0.118412 0.373550 -0.013862
v -0.134164 0.352210 -0.014268
v -0.130256 0.350544 -0.015838
v -0.114986 0.371316 -0.015388
v -0.111346 0.368958 -0.015856
v -0.126096 0.348792 -0.016318
v -0.121968 0.347074 -0.015682
v -0.107740 0.366634 -0.015242
v -0.104410 0.364496 -0.013606
v -0.118150 0.345500 -0.013996
v -0.114892 0.344170 -0.011382
v -0.101570 0.362682 -0.011068
v -0.099402 0.361302 -0.007804
v -0.112400 0.343160 -0.008024
v -0.110842 0.342530 -0.004146
v -0.098046 0.360440 -0.004032
v -0.097582 0.360146 -0.000000
v -0.110310 0.342316 -0.000000
v -0.110842 0.342530 0.004146
v -0.098046 0.360440 0.004032
v -0.099402 0.361302 0.007804
v -0.112400 0.343160 0.008024
v -0.114892 0.344170 0.011382
v -0.101570 0.362682 0.011068
v -0.104410 0.364496 0.013606
v -0.118150 0.345500 0.013996
v -0.121968 0.347074 0.015682
v -0.107740 0.366634 0.015242
v -0.111346 0.368958 0.015856
v -0.126096 0.348792 0.016318
v -0.130256 0.350544 0.015838
v -0.114986 0.371316 0.015388
v -0.118412 0.373550 0.013862
v -0.134164 0.352210 0.014268
v -0.137544 0.353670 0.011694
v -0.121382 0.375498 0.011362
v -0.123680 0.377014 0.008060
v -0.140156 0.354808 0.008296
v -0.141804 0.355532 0.004302
v -0.125132 0.377976 0.004180
v -0.106544 0.397230 -0.000000
v -0.106148 0.396824 -0.004172
v -0.087702 0.412074 -0.000000
v -0.087416 0.411596 -0.004318
v -0.086594 0.410206 -0.008332
v -0.104992 0.395644 -0.008048
v -0.103166 0.393776 -0.011350
v -0.085292 0.408004 -0.011754
v -0.083612 0.405164 -0.014358
v -0.100806 0.391370 -0.013854
v -0.098086 0.388600 -0.015390
v -0.081678 0.401882 -0.015958
v -0.079628 0.398394 -0.016470
v -0.095200 0.385664 -0.015868
v -0.092344 0.382762 -0.015262
v -0.077602 0.394934 -0.015852
v -0.075732 0.391732 -0.014170
v -0.089706 0.380084 -0.013632
v -0.087460 0.377802 -0.011094
v -0.074142 0.389000 -0.011538
v -0.072926 0.386910 -0.008142
v -0.085746 0.376062 -0.007826
v -0.084674 0.374976 -0.004044
v -0.072166 0.385604 -0.004208
v -0.071906 0.385154 -0.000000
v -0.084308 0.374604 -0.000000
v -0.084674 0.374976 0.004044
v -0.072166 0.385604 0.004208
v -0.072926 0.386910 0.008142
v -0.085746 0.376062 0.007826
v -0.087460 0.377802 0.011094
v -0.074142 0.389000 0.011538
v -0.075732 0.391732 0.014170
v -0.089706 0.380084 0.013632
v -0.092344 0.382762 0.015262
v -0.077602 0.394934 0.015852
v -0.079628 0.398394 0.016470
v -0.095200 0.385664 0.015868
v -0.098086 0.388600 0.015390
v -0.081678 0.401882 0.015958
v -0.083612 0.405164 0.014358
v -0.100806 0.391370 0.013854
v -0.103166 0.393776 0.011350
v -0.085292 0.408004 0.011754
v -0.086594 0.410206 0.008332
v -0.104992 0.395644 0.008048
v -0.106148 0.396824 0.004172
v -0.087416 0.411596 0.004318
v -0.069474 0.423486 0.004702
v -0.055906 0.431744 0.005358
v -0.055956 0.432402 -0.000000
v -0.069614 0.424040 -0.000000
v -0.067558 0.415908 -0.015670
v -0.068406 0.419266 -0.012820
v -0.069058 0.421850 -0.009074
v -0.055758 0.429810 -0.010342
v -0.055526 0.426746 -0.014608
v -0.065554 0.407868 -0.018020
v -0.066586 0.412020 -0.017446
v -0.069474 0.423486 -0.004702
v -0.055906 0.431744 -0.005358
v -0.055228 0.422768 -0.017866
v -0.054886 0.418156 -0.019896
v -0.063594 0.399902 -0.015542
v -0.064534 0.403736 -0.017372
v -0.054524 0.413228 -0.020566
v -0.054168 0.408316 -0.019836
v -0.062182 0.394108 -0.008946
v -0.062792 0.396618 -0.012670
v -0.053842 0.403754 -0.017760
v -0.053564 0.399844 -0.014484
v -0.061670 0.391994 -0.000000
v -0.061798 0.392528 -0.004628
v -0.053352 0.396848 -0.010232
v -0.053220 0.394962 -0.005294
v -0.062182 0.394108 0.008946
v -0.061798 0.392528 0.004628
v -0.053174 0.394320 -0.000000
v -0.053220 0.394962 0.005294
v -0.063594 0.399902 0.015542
v -0.062792 0.396618 0.012670
v -0.053352 0.396848 0.010232
v -0.053564 0.399844 0.014484
v -0.065554 0.407868 0.018020
v -0.064534 0.403736 0.017372
v -0.053842 0.403754 0.017760
v -0.054168 0.408316 0.019836
v -0.067558 0.415908 0.015670
v -0.066586 0.412020 0.017446
v -0.054524 0.413228 0.020566
v -0.054886 0.418156 0.019896
v -0.069058 0.421850 0.009074
v -0.068406 0.419266 0.012820
v -0.055228 0.422768 0.017866
v -0.055526 0.426746 0.014608
v 0.069366 0.423320 -0.004638
v 0.069502 0.423868 -0.000000
v 0.087604 0.411920 -0.000000
v 0.087320 0.411448 -0.004242
v -0.055758 0.429810 0.010342
v 0.003740 0.456310 -0.023016
v 0.003740 0.449186 -0.032550
v 0.001156 0.446762 -0.030050
v 0.001156 0.453340 -0.021250
v 0.045102 0.441334 -0.000000
v 0.055702 0.432404 -0.000000
v 0.055652 0.431746 -0.005344
v 0.045102 0.440452 -0.007016
v 0.055508 0.429816 -0.010314
v 0.045102 0.437866 -0.013544
v -0.009326 0.457864 -0.023956
v -0.009326 0.462530 -0.012402
v -0.006774 0.463222 -0.012586
v -0.006774 0.458486 -0.024314
v -0.009326 0.450452 -0.033878
v -0.006774 0.450962 -0.034386
v 0.055280 0.426756 -0.014568
v 0.045100 0.433768 -0.019132
v 0.054986 0.422784 -0.017814
v 0.045102 0.428452 -0.023398
v -0.009326 0.440794 -0.041486
v -0.006774 0.441158 -0.042108
v -0.009326 0.429560 -0.046268
v -0.006774 0.429750 -0.046962
v 0.054650 0.418180 -0.019836
v 0.045102 0.422294 -0.026058
v 0.054296 0.413258 -0.020500
v 0.045106 0.415718 -0.026938
v -0.009326 0.417514 -0.047890
v -0.006774 0.417518 -0.048608
v -0.009326 0.405478 -0.046252
v -0.006774 0.405300 -0.046944
v 0.053948 0.408356 -0.019768
v 0.045112 0.409168 -0.025988
v 0.053630 0.403802 -0.017694
v 0.045120 0.403084 -0.023276
v -0.009326 0.394276 -0.041458
v -0.006774 0.393926 -0.042076
v -0.009326 0.384664 -0.033846
v -0.006774 0.384170 -0.034350
v 0.053360 0.399900 -0.014426
v 0.045130 0.397870 -0.018990
v 0.053152 0.396910 -0.010188
v 0.045138 0.393868 -0.013422
v -0.009326 0.377298 -0.023928
v -0.006774 0.376694 -0.024282
v -0.009326 0.372668 -0.012384
v -0.006774 0.371994 -0.012568
v 0.053020 0.395030 -0.005270
v 0.045144 0.391348 -0.006946
v 0.052976 0.394390 -0.000000
v 0.045146 0.390490 -0.000000
v -0.009326 0.371092 -0.000000
v -0.006774 0.370396 -0.000000
v -0.009326 0.372668 0.012384
v -0.006774 0.371994 0.012568
v 0.053020 0.395030 0.005270
v 0.045144 0.391348 0.006946
v 0.053152 0.396910 0.010188
v 0.045138 0.393868 0.013422
v -0.009326 0.377298 0.023928
v -0.006774 0.376694 0.024282
v -0.009326 0.384664 0.033846
v -0.006774 0.384170 0.034350
v 0.053360 0.399900 0.014426
v 0.045130 0.397870 0.018990
v 0.053630 0.403802 0.017694
v 0.045120 0.403084 0.023276
v -0.009326 0.394276 0.041458
v -0.006774 0.393926 0.042076
v -0.009326 0.405478 0.046252
v -0.006774 0.405300 0.046944
v 0.053948 0.408356 0.019768
v 0.045112 0.409168 0.025988
v 0.054296 0.413258 0.020500
v 0.045106 0.415718 0.026938
v -0.009326 0.417514 0.047890
v -0.006774 0.417518 0.048608
v -0.009326 0.429560 0.046268
v -0.006774 0.429750 0.046962
v 0.054650 0.418180 0.019836
v 0.045102 0.422294 0.026058
v 0.054986 0.422784 0.017814
v 0.045102 0.428452 0.023398
v -0.009326 0.440794 0.041486
v -0.006774 0.441158 0.042108
v -0.009326 0.450452 0.033878
v -0.006774 0.450962 0.034386
v 0.055280 0.426756 0.014568
v 0.045100 0.433768 0.019132
v 0.055508 0.429816 0.010314
v 0.045102 0.437866 0.013544
v -0.009326 0.457864 0.023956
v -0.006774 0.458486 0.024314
v -0.009326 0.462530 0.012402
v -0.006774 0.463222 0.012586
v 0.055652 0.431746 0.005344
v 0.045102 0.440452 0.007016
v -0.001472 0.458890 -0.000000
v -0.001474 0.457480 -0.011000
v -0.004060 0.460798 -0.011916
v -0.004060 0.462324 -0.000000
v 0.068954 0.421706 -0.008948
v 0.086504 0.410082 -0.008184
v 0.066508 0.411996 -0.017190
v 0.065490 0.407898 -0.017748
v 0.068308 0.419152 -0.012638
v 0.064482 0.403818 -0.017102
v 0.063554 0.400036 -0.015292
v 0.067470 0.415836 -0.015444
v 0.062762 0.396796 -0.012460
v 0.062158 0.394320 -0.008792
v 0.061778 0.392764 -0.004546
v 0.061650 0.392236 -0.000000
v 0.061778 0.392764 0.004546
v 0.062158 0.394320 0.008792
v 0.062762 0.396796 0.012460
v 0.063554 0.400036 0.015292
v 0.064482 0.403818 0.017102
v 0.065490 0.407898 0.017748
v 0.066508 0.411996 0.017190
v 0.067470 0.415836 0.015444
v 0.068308 0.419152 0.012638
v 0.068954 0.421706 0.008948
v 0.069366 0.423320 0.004638
v 0.106442 0.397216 -0.000000
v 0.106046 0.396814 -0.004144
v 0.125524 0.378374 -0.000000
v 0.125028 0.378042 -0.004178
v 0.123578 0.377078 -0.008058
v 0.104894 0.395640 -0.007994
v 0.103070 0.393786 -0.011274
v 0.085210 0.407918 -0.011542
v 0.121280 0.375562 -0.011360
v 0.118314 0.373612 -0.013860
v 0.100718 0.391396 -0.013758
v 0.083542 0.405126 -0.014096
v 0.098004 0.388646 -0.015282
v 0.081622 0.401902 -0.015662
v 0.114892 0.371378 -0.015388
v 0.111254 0.369018 -0.015854
v 0.095124 0.385732 -0.015754
v 0.079586 0.398474 -0.016156
v 0.092276 0.382852 -0.015150
v 0.077576 0.395078 -0.015542
v 0.107652 0.366692 -0.015240
v 0.104324 0.364554 -0.013606
v 0.089646 0.380194 -0.013530
v 0.075722 0.391934 -0.013886
v 0.087406 0.377932 -0.011006
v 0.074142 0.389254 -0.011298
v 0.101488 0.362738 -0.011066
v 0.099320 0.361356 -0.007804
v 0.085696 0.376206 -0.007762
v 0.072934 0.387204 -0.007968
v 0.084624 0.375128 -0.004010
v 0.072178 0.385924 -0.004116
v 0.097966 0.360494 -0.004032
v 0.097504 0.360200 -0.000000
v 0.084258 0.374760 -0.000000
v 0.071918 0.385484 -0.000000
v 0.084624 0.375128 0.004010
v 0.072178 0.385924 0.004116
v 0.097966 0.360494 0.004032
v 0.099320 0.361356 0.007804
v 0.085696 0.376206 0.007762
v 0.072934 0.387204 0.007968
v 0.087406 0.377932 0.011006
v 0.074142 0.389254 0.011298
v 0.101488 0.362738 0.011066
v 0.104324 0.364554 0.013606
v 0.089646 0.380194 0.013530
v 0.075722 0.391934 0.013886
v 0.092276 0.382852 0.015150
v 0.077576 0.395078 0.015542
v 0.107652 0.366692 0.015240
v 0.111254 0.369018 0.015854
v 0.095124 0.385732 0.015754
v 0.079586 0.398474 0.016156
v 0.098004 0.388646 0.015282
v 0.081622 0.401902 0.015662
v 0.114892 0.371378 0.015388
v 0.118314 0.373612 0.013860
v 0.100718 0.391396 0.013758
v 0.083542 0.405126 0.014096
v 0.103070 0.393786 0.011274
v 0.085210 0.407918 0.011542
v 0.121280 0.375562 0.011360
v 0.123578 0.377078 0.008058
v 0.104894 0.395640 0.007994
v 0.086504 0.410082 0.008184
v 0.106046 0.396814 0.004144
v 0.087320 0.411448 0.004242
v 0.125028 0.378042 0.004178
v 0.142370 0.355784 -0.000000
v 0.141804 0.355534 -0.004302
v 0.155630 0.330320 -0.000000
v 0.155012 0.330166 -0.004444
v 0.153214 0.329720 -0.008568
v 0.140156 0.354810 -0.008296
v 0.137544 0.353670 -0.011694
v 0.150360 0.329020 -0.012080
v 0.146658 0.328130 -0.014740
v 0.134164 0.352212 -0.014268
v 0.130256 0.350546 -0.015838
v 0.142372 0.327124 -0.016366
v 0.137800 0.326074 -0.016862
v 0.126096 0.348794 -0.016318
v 0.121968 0.347076 -0.015682
v 0.133256 0.325054 -0.016208
v 0.129044 0.324128 -0.014466
v 0.118150 0.345502 -0.013996
v 0.114890 0.344170 -0.011382
v 0.125444 0.323352 -0.011764
v 0.122688 0.322768 -0.008294
v 0.112400 0.343160 -0.008024
v 0.110842 0.342530 -0.004146
v 0.120962 0.322408 -0.004284
v 0.120372 0.322284 -0.000000
v 0.110308 0.342316 -0.000000
v 0.110842 0.342530 0.004146
v 0.120962 0.322408 0.004284
v 0.122688 0.322768 0.008294
v 0.112400 0.343160 0.008024
v 0.114890 0.344170 0.011382
v 0.125444 0.323352 0.011764
v 0.129044 0.324128 0.014466
v 0.118150 0.345502 0.013996
v 0.121968 0.347076 0.015682
v 0.133256 0.325054 0.016208
v 0.137800 0.326074 0.016862
v 0.126096 0.348794 0.016318
v 0.130256 0.350546 0.015838
v 0.142372 0.327124 0.016366
v 0.146658 0.328130 0.014740
v 0.134164 0.352212 0.014268
v 0.137544 0.353670 0.011694
v 0.150360 0.329020 0.012080
v 0.153214 0.329720 0.008568
v 0.140156 0.354810 0.008296
v 0.141804 0.355534 0.004302
v 0.155012 0.330166 0.004444
v 0.163406 0.304494 -0.000000
v 0.162762 0.304438 -0.004594
v 0.166020 0.279702 -0.000000
v 0.165364 0.279740 -0.004760
v 0.163456 0.279848 -0.009182
v 0.160880 0.304276 -0.008862
v 0.157890 0.304026 -0.012498
v 0.160420 0.280024 -0.012952
v 0.156480 0.280262 -0.015814
v 0.154008 0.303718 -0.015252
v 0.149506 0.303380 -0.016940
v 0.151898 0.280554 -0.017566
v 0.146994 0.280884 -0.018112
v 0.144694 0.303042 -0.017460
v 0.139900 0.302728 -0.016786
v 0.142102 0.281234 -0.017416
v 0.137552 0.281578 -0.015552
v 0.135448 0.302456 -0.014986
v 0.131638 0.302242 -0.012188
v 0.133652 0.281892 -0.012650
v 0.130658 0.282160 -0.009036
v 0.128720 0.302088 -0.008594
v 0.126890 0.301996 -0.004440
v 0.129262 0.281760 -0.004602
v 0.127950 0.282580 -0.000000
v 0.126674 0.301516 -0.000000
v 0.126890 0.301996 0.004440
v 0.129262 0.281760 0.004602
v 0.130658 0.282160 0.009036
v 0.128720 0.302088 0.008594
v 0.131638 0.302242 0.012188
v 0.133652 0.281892 0.012650
v 0.137552 0.281578 0.015552
v 0.135448 0.302456 0.014986
v 0.139900 0.302728 0.016786
v 0.142102 0.281234 0.017416
v 0.146994 0.280884 0.018112
v 0.144694 0.303042 0.017460
v 0.149506 0.303380 0.016940
v 0.151898 0.280554 0.017566
v 0.156480 0.280262 0.015814
v 0.154008 0.303718 0.015252
v 0.157890 0.304026 0.012498
v 0.160420 0.280024 0.012952
v 0.163456 0.279848 0.009182
v 0.160880 0.304276 0.008862
v 0.162762 0.304438 0.004594
v 0.165364 0.279740 0.004760
v 0.160654 0.235368 -0.000000
v 0.152934 0.216432 -0.000000
v 0.152290 0.216700 -0.005580
v 0.159998 0.235570 -0.005268
v 0.140744 0.199560 -0.000000
v 0.140152 0.199868 -0.005976
v 0.138414 0.200788 -0.011528
v 0.150404 0.217490 -0.010762
v 0.158070 0.236162 -0.010160
v 0.147422 0.218748 -0.015184
v 0.155018 0.237098 -0.014336
v 0.135670 0.202290 -0.016270
v 0.132110 0.204328 -0.019872
v 0.143550 0.220400 -0.018536
v 0.151050 0.238314 -0.017498
v 0.139056 0.222346 -0.020596
v 0.146440 0.239732 -0.019442
v 0.127982 0.206812 -0.022092
v 0.123564 0.209580 -0.022786
v 0.134242 0.224464 -0.021230
v 0.141498 0.241264 -0.020040
v 0.129432 0.226614 -0.020414
v 0.136560 0.242812 -0.019272
v 0.119148 0.212438 -0.021922
v 0.115032 0.215170 -0.019576
v 0.124948 0.228650 -0.018220
v 0.131960 0.244276 -0.017200
v 0.121090 0.230428 -0.014816
v 0.128002 0.245554 -0.013990
v 0.111488 0.217566 -0.015926
v 0.108762 0.219438 -0.011226
v 0.118124 0.231812 -0.010442
v 0.124962 0.246564 -0.009976
v 0.116254 0.232694 -0.005394
v 0.123222 0.246884 -0.005088
v 0.107044 0.220630 -0.005800
v 0.106458 0.221040 -0.000000
v 0.115722 0.232794 -0.000000
v 0.107044 0.220630 0.005800
v 0.116254 0.232694 0.005394
v 0.108762 0.219438 0.011226
v 0.118124 0.231812 0.010442
v 0.123222 0.246884 0.005088
v 0.124962 0.246564 0.009976
v 0.121090 0.230428 0.014816
v 0.128002 0.245554 0.013990
v 0.111488 0.217566 0.015926
v 0.115032 0.215170 0.019576
v 0.124948 0.228650 0.018220
v 0.131960 0.244276 0.017200
v 0.129432 0.226614 0.020414
v 0.136560 0.242812 0.019272
v 0.119148 0.212438 0.021922
v 0.123564 0.209580 0.022786
v 0.134242 0.224464 0.021230
v 0.141498 0.241264 0.020040
v 0.139056 0.222346 0.020596
v 0.146440 0.239732 0.019442
v 0.127982 0.206812 0.022092
v 0.132110 0.204328 0.019872
v 0.143550 0.220400 0.018536
v 0.151050 0.238314 0.017498
v 0.147422 0.218748 0.015184
v 0.155018 0.237098 0.014336
v 0.135670 0.202290 0.016270
v 0.138414 0.200788 0.011528
v 0.150404 0.217490 0.010762
v 0.158070 0.236162 0.010160
v 0.152290 0.216700 0.005580
v 0.159998 0.235570 0.005268
v 0.140152 0.199868 0.005976
v 0.124826 0.184380 -0.000000
v 0.124316 0.184692 -0.006598
v 0.106336 0.171598 -0.000000
v 0.105922 0.171860 -0.007462
v 0.104710 0.172682 -0.014408
v 0.122820 0.185636 -0.012736
v 0.120456 0.187250 -0.017986
v 0.102790 0.174224 -0.020360
v 0.100300 0.176740 -0.024904
v 0.117392 0.189598 -0.021986
v 0.113836 0.192642 -0.024466
v 0.097406 0.180308 -0.027734
v 0.094306 0.184638 -0.028662
v 0.110030 0.196176 -0.025260
v 0.106226 0.199886 -0.024328
v 0.091204 0.189240 -0.027640
v 0.088308 0.193670 -0.024740
v 0.102674 0.203462 -0.021744
v 0.099616 0.206614 -0.017704
v 0.085812 0.197564 -0.020166
v 0.083890 0.200600 -0.014236
v 0.097262 0.209078 -0.012488
v 0.095780 0.210652 -0.006454
v 0.082680 0.202532 -0.007362
v 0.082268 0.203194 -0.000000
v 0.095274 0.211192 -0.000000
v 0.095780 0.210652 0.006454
v 0.082680 0.202532 0.007362
v 0.083890 0.200600 0.014236
v 0.097262 0.209078 0.012488
v 0.099616 0.206614 0.017704
v 0.085812 0.197564 0.020166
v 0.088308 0.193670 0.024740
v 0.102674 0.203462 0.021744
v 0.106226 0.199886 0.024328
v 0.091204 0.189240 0.027640
v 0.094306 0.184638 0.028662
v 0.110030 0.196176 0.025260
v 0.113836 0.192642 0.024466
v 0.097406 0.180308 0.027734
v 0.100300 0.176740 0.024904
v 0.117392 0.189598 0.021986
v 0.120456 0.187250 0.017986
v 0.102790 0.174224 0.020360
v 0.104710 0.172682 0.014408
v 0.122820 0.185636 0.012736
v 0.124316 0.184692 0.006598
v 0.105922 0.171860 0.007462
v 0.087094 0.161998 -0.000000
v 0.086768 0.162172 -0.008514
v 0.068400 0.155996 -0.000000
v 0.068148 0.156084 -0.009690
v 0.067410 0.156442 -0.018714
v 0.085814 0.162762 -0.016444
v 0.084302 0.164086 -0.023242
v 0.066238 0.157524 -0.026426
v 0.064710 0.160024 -0.032230
v 0.082336 0.166634 -0.028418
v 0.080050 0.170600 -0.031620
v 0.062934 0.164238 -0.035744
v 0.061028 0.169724 -0.036892
v 0.077596 0.175614 -0.032676
v 0.075140 0.180978 -0.031568
v 0.059120 0.175598 -0.035724
v 0.057338 0.181138 -0.032194
v 0.072848 0.186094 -0.028328
v 0.070870 0.190544 -0.023134
v 0.055804 0.185894 -0.026380
v 0.054624 0.189508 -0.018672
v 0.069350 0.193982 -0.016348
v 0.068392 0.196146 -0.008458
v 0.053880 0.191732 -0.009666
v 0.053628 0.192472 -0.000000
v 0.068066 0.196878 -0.000000
v 0.068392 0.196146 0.008458
v 0.053880 0.191732 0.009666
v 0.054624 0.189508 0.018672
v 0.069350 0.193982 0.016348
v 0.070870 0.190544 0.023134
v 0.055804 0.185894 0.026380
v 0.057338 0.181138 0.032194
v 0.072848 0.186094 0.028328
v 0.075140 0.180978 0.031568
v 0.059120 0.175598 0.035724
v 0.061028 0.169724 0.036892
v 0.077596 0.175614 0.032676
v 0.080050 0.170600 0.031620
v 0.062934 0.164238 0.035744
v 0.064710 0.160024 0.032230
v 0.082336 0.166634 0.028418
v 0.084302 0.164086 0.023242
v 0.066238 0.157524 0.026426
v 0.067410 0.156442 0.018714
v 0.085814 0.162762 0.016444
v 0.086768 0.162172 0.008514
v 0.068148 0.156084 0.009690
v -0.033554 0.152314 -0.000000
v -0.050626 0.153164 -0.000000
v -0.050440 0.153202 -0.010930
v -0.033430 0.152340 -0.012164
v -0.049892 0.153422 -0.021102
v -0.033068 0.152516 -0.023472
v -0.049024 0.154338 -0.029740
v -0.032490 0.153370 -0.033002
v -0.047892 0.156776 -0.036108
v -0.031738 0.155780 -0.039862
v -0.046574 0.161122 -0.039836
v -0.030862 0.160172 -0.043714
v -0.045158 0.166862 -0.041022
v -0.029922 0.166000 -0.044894
v -0.043742 0.172988 -0.039830
v -0.028982 0.172202 -0.043712
v -0.042422 0.178716 -0.036098
v -0.028104 0.177982 -0.039860
v -0.041286 0.183578 -0.029726
v -0.027350 0.182840 -0.033000
v -0.040412 0.187190 -0.021090
v -0.026770 0.186358 -0.023468
v -0.039862 0.189342 -0.010922
v -0.026406 0.188438 -0.012160
v -0.039674 0.190114 -0.000000
v -0.039862 0.189342 0.010922
v -0.040412 0.187190 0.021090
v -0.026406 0.188438 0.012160
v -0.026770 0.186358 0.023468
v -0.041286 0.183578 0.029726
v -0.027350 0.182840 0.033000
v -0.042422 0.178716 0.036098
v -0.028104 0.177982 0.039860
v -0.043742 0.172988 0.039830
v -0.028982 0.172202 0.043712
v -0.045158 0.166862 0.041022
v -0.029922 0.166000 0.044894
v -0.046574 0.161122 0.039836
v -0.030862 0.160172 0.043714
v -0.047892 0.156776 0.036108
v -0.031738 0.155780 0.039862
v -0.049024 0.154338 0.029740
v -0.032490 0.153370 0.033002
v -0.049892 0.153422 0.021102
v -0.033068 0.152516 0.023472
v -0.050440 0.153202 0.010930
v -0.033430 0.152340 0.012164
v -0.150404 0.217488 0.010762
v -0.152290 0.216698 0.005580
v -0.152934 0.216430 -0.000000
v -0.143550 0.220400 0.018536
v -0.147422 0.218748 0.015184
v -0.134240 0.224462 0.021230
v -0.139054 0.222346 0.020596
v -0.124948 0.228648 0.018220
v -0.129432 0.226612 0.020414
v -0.118122 0.231812 0.010442
v -0.121090 0.230426 0.014816
v -0.115618 0.232994 -0.000000
v -0.116254 0.232692 0.005394
v -0.118122 0.231812 -0.010442
v -0.116254 0.232692 -0.005394
v -0.124948 0.228648 -0.018220
v -0.121090 0.230426 -0.014816
v -0.134240 0.224462 -0.021230
v -0.129432 0.226612 -0.020414
v -0.143550 0.220400 -0.018536
v -0.139054 0.222346 -0.020596
v -0.150404 0.217488 -0.010762
v -0.147422 0.218748 -0.015184
v -0.152290 0.216698 -0.005580
v 0.162422 0.256932 0.009648
v 0.164350 0.256572 0.005002
v 0.165006 0.256448 -0.000000
v 0.155388 0.258252 0.016618
v 0.159364 0.257504 0.013612
v 0.145814 0.260082 0.019034
v 0.150766 0.259128 0.018464
v 0.136258 0.261974 0.016342
v 0.140866 0.261050 0.018306
v 0.129332 0.263310 0.009276
v 0.132300 0.262800 0.013410
v 0.127424 0.263786 0.004962
v 0.129332 0.263310 -0.009276
v 0.127424 0.263786 -0.004962
v 0.136258 0.261974 -0.016342
v 0.132298 0.262800 -0.013410
v 0.145814 0.260082 -0.019034
v 0.140866 0.261050 -0.018306
v 0.155388 0.258252 -0.016618
v 0.150766 0.259128 -0.018464
v 0.162422 0.256932 -0.009648
v 0.159364 0.257504 -0.013612
v 0.164350 0.256572 -0.005002
v 0.033068 0.152516 0.023472
v 0.016516 0.152404 0.025392
v 0.016698 0.152232 0.013164
v 0.033432 0.152340 0.012164
v 0.000000 0.152404 0.026154
v 0.000000 0.152230 0.013560
v -0.000000 0.152204 -0.000000
v 0.016758 0.152206 -0.000000
v 0.033556 0.152314 -0.000000
v 0.031740 0.155780 0.039862
v 0.015852 0.155658 0.042870
v 0.016228 0.153252 0.035636
v 0.032492 0.153370 0.033002
v 0.000000 0.155658 0.044058
v 0.000000 0.153252 0.036678
v 0.029924 0.166000 0.044894
v 0.014944 0.165896 0.047972
v 0.015414 0.160056 0.046802
v 0.030864 0.160172 0.043714
v 0.000000 0.165896 0.049198
v 0.000000 0.160056 0.048026
v 0.028106 0.177982 0.039860
v 0.014036 0.177890 0.042870
v 0.014474 0.172108 0.046802
v 0.028982 0.172202 0.043712
v 0.000000 0.177888 0.044056
v 0.000000 0.172108 0.048026
v 0.026772 0.186358 0.023468
v 0.013370 0.186126 0.025390
v 0.013660 0.182714 0.035634
v 0.027352 0.182840 0.033000
v 0.000000 0.186062 0.026152
v 0.000000 0.182694 0.036676
v 0.013188 0.188138 0.013162
v 0.000000 0.188054 0.013558
v 0.026406 0.188438 0.012160
v 0.026772 0.186358 -0.023468
v 0.013370 0.186126 -0.025390
v 0.013188 0.188138 -0.013162
v 0.026406 0.188438 -0.012160
v -0.000000 0.186062 -0.026152
v -0.000000 0.188054 -0.013558
v 0.028106 0.177982 -0.039860
v 0.014036 0.177890 -0.042870
v 0.013660 0.182712 -0.035634
v 0.027352 0.182840 -0.033000
v -0.000000 0.177888 -0.044056
v -0.000000 0.182694 -0.036676
v 0.029924 0.166000 -0.044894
v 0.014944 0.165896 -0.047972
v 0.014474 0.172108 -0.046802
v 0.028982 0.172202 -0.043712
v -0.000000 0.165896 -0.049198
v -0.000000 0.172108 -0.048026
v 0.031740 0.155780 -0.039862
v 0.015852 0.155658 -0.042870
v 0.015414 0.160056 -0.046802
v 0.030864 0.160172 -0.043714
v -0.000000 0.155658 -0.044058
v -0.000000 0.160056 -0.048026
v 0.033068 0.152516 -0.023472
v 0.016516 0.152404 -0.025392
v 0.016228 0.153252 -0.035636
v 0.032492 0.153370 -0.033002
v -0.000000 0.152404 -0.026154
v -0.000000 0.153252 -0.036678
v 0.016698 0.152232 -0.013164
v 0.033432 0.152340 -0.012164
v -0.000000 0.152230 -0.013560
v -0.016514 0.152404 0.025392
v -0.016696 0.152232 0.013164
v -0.016758 0.152206 -0.000000
v -0.015850 0.155658 0.042870
v -0.016226 0.153252 0.035636
v -0.014942 0.165896 0.047972
v -0.015412 0.160056 0.046802
v -0.014036 0.177890 0.042870
v -0.014474 0.172108 0.046802
v -0.013368 0.186126 0.025390
v -0.013658 0.182712 0.035634
v -0.013186 0.188138 0.013162
v -0.013368 0.186126 -0.025390
v -0.013186 0.188138 -0.013162
v -0.014036 0.177890 -0.042870
v -0.013658 0.182712 -0.035634
v -0.014942 0.165896 -0.047972
v -0.014474 0.172108 -0.046802
v -0.015850 0.155658 -0.042870
v -0.015412 0.160056 -0.046802
v -0.016514 0.152404 -0.025392
v -0.016226 0.153252 -0.035636
v -0.016696 0.152232 -0.013164
v 0.050628 0.153164 -0.000000
v 0.050442 0.153202 -0.010930
v 0.049894 0.153422 -0.021102
v 0.049026 0.154338 -0.029740
v 0.047892 0.156776 -0.036108
v 0.046574 0.161122 -0.039836
v 0.045160 0.166862 -0.041022
v 0.043744 0.172988 -0.039830
v 0.042424 0.178716 -0.036098
v 0.041288 0.183578 -0.029726
v 0.040414 0.187190 -0.021090
v 0.039862 0.189342 -0.010922
v 0.039676 0.190114 -0.000000
v 0.039862 0.189342 0.010922
v 0.040414 0.187190 0.021090
v 0.041288 0.183578 0.029726
v 0.042424 0.178716 0.036098
v 0.043744 0.172988 0.039830
v 0.045160 0.166862 0.041022
v 0.046574 0.161122 0.039836
v 0.047892 0.156776 0.036108
v 0.049026 0.154338 0.029740
v 0.049894 0.153422 0.021102
v 0.050442 0.153202 0.010930
v 0.001156 0.457480 -0.011000
v 0.003740 0.460794 -0.011916
v 0.001156 0.453340 0.021250
v 0.001156 0.446762 0.030050
v 0.003740 0.449186 0.032550
v 0.003740 0.456310 0.023016
v -0.025650 0.449084 0.008940
v -0.020580 0.447552 0.008480
v -0.020578 0.448628 -0.000000
v -0.025652 0.450220 -0.000000
v 0.001156 0.438190 0.036796
v 0.001156 0.428220 0.041036
v 0.003742 0.429104 0.044452
v 0.003742 0.439902 0.039858
v 0.003740 0.460794 0.011916
v 0.001156 0.457480 0.011000
v 0.001156 0.417528 0.042474
v 0.001156 0.406848 0.041020
v 0.003742 0.405956 0.044434
v 0.003742 0.417524 0.046008
v 0.001156 0.396908 0.036768
v 0.001156 0.388380 0.030016
v 0.003742 0.385954 0.032512
v 0.003742 0.395190 0.039826
v 0.001156 0.381844 0.021220
v 0.001154 0.377736 0.010984
v 0.003742 0.374426 0.011896
v 0.003742 0.378876 0.022984
v 0.001154 0.376338 -0.000000
v 0.001154 0.377736 -0.010984
v 0.003742 0.374426 -0.011896
v 0.003742 0.372912 -0.000000
v 0.001156 0.381844 -0.021220
v 0.001156 0.388380 -0.030016
v 0.003742 0.385954 -0.032512
v 0.003742 0.378876 -0.022984
v 0.001156 0.396908 -0.036768
v 0.001156 0.406848 -0.041020
v 0.003742 0.405956 -0.044434
v 0.003742 0.395190 -0.039826
v 0.001156 0.417528 -0.042474
v 0.001156 0.428220 -0.041036
v 0.003742 0.429104 -0.044452
v 0.003742 0.417524 -0.046008
v 0.001156 0.438190 -0.036796
v 0.003742 0.439902 -0.039858
v -0.017592 0.449170 0.008868
v -0.015044 0.453998 0.010134
v -0.015040 0.455292 -0.000000
v -0.017596 0.450292 -0.000000
v -0.017606 0.445864 0.017130
v -0.015046 0.450210 0.019576
v -0.017626 0.440606 0.024224
v -0.015056 0.444186 0.027688
v -0.017660 0.433768 0.029664
v -0.015076 0.436328 0.033912
v -0.017704 0.425810 0.033084
v -0.015102 0.427190 0.037824
v -0.017754 0.417290 0.034242
v -0.015130 0.417394 0.039156
v -0.017798 0.408784 0.033066
v -0.015158 0.407612 0.037818
v -0.017836 0.400868 0.029630
v -0.015178 0.398508 0.033898
v -0.017866 0.394086 0.024180
v -0.015190 0.390688 0.027672
v -0.017888 0.388884 0.017088
v -0.015200 0.384698 0.019560
v -0.017900 0.385616 0.008844
v -0.015212 0.380936 0.010124
v -0.017908 0.384504 -0.000000
v -0.015214 0.379654 -0.000000
v -0.017900 0.385616 -0.008844
v -0.015212 0.380936 -0.010124
v -0.017888 0.388884 -0.017088
v -0.015200 0.384698 -0.019560
v -0.017866 0.394086 -0.024180
v -0.015190 0.390690 -0.027672
v -0.017836 0.400868 -0.029630
v -0.015178 0.398508 -0.033898
v -0.017798 0.408784 -0.033066
v -0.015158 0.407612 -0.037818
v -0.017754 0.417290 -0.034242
v -0.015130 0.417394 -0.039156
v -0.017704 0.425810 -0.033084
v -0.015102 0.427190 -0.037824
v -0.017660 0.433768 -0.029664
v -0.015076 0.436328 -0.033912
v -0.017626 0.440606 -0.024224
v -0.015056 0.444186 -0.027688
v -0.017606 0.445864 -0.017130
v -0.015046 0.450210 -0.019576
v -0.017592 0.449170 -0.008868
v -0.015044 0.453998 -0.010134
v 0.025430 0.449020 0.008918
v 0.030660 0.450828 0.009474
v 0.030660 0.452036 -0.000000
v 0.025430 0.450154 -0.000000
v 0.025432 0.445692 0.017218
v 0.030654 0.447294 0.018290
v 0.025440 0.440414 0.024328
v 0.030650 0.441694 0.025836
v 0.025458 0.433566 0.029758
v 0.030648 0.434430 0.031594
v 0.025484 0.425632 0.033148
v 0.030652 0.426028 0.035188
v 0.025516 0.417164 0.034274
v 0.030658 0.417064 0.036374
v 0.025548 0.408736 0.033072
v 0.030668 0.408144 0.035094
v 0.025576 0.400906 0.029626
v 0.030680 0.399866 0.031434
v 0.025598 0.394194 0.024176
v 0.030692 0.392764 0.025650
v 0.025618 0.389040 0.017086
v 0.030702 0.387314 0.018130
v 0.025630 0.385794 0.008844
v 0.030712 0.383880 0.009384
v 0.025636 0.384686 -0.000000
v 0.030716 0.382708 -0.000000
v 0.025630 0.385794 -0.008844
v 0.030712 0.383880 -0.009384
v 0.025618 0.389040 -0.017086
v 0.030702 0.387314 -0.018130
v 0.025598 0.394194 -0.024176
v 0.030692 0.392764 -0.025650
v 0.025576 0.400906 -0.029626
v 0.030680 0.399866 -0.031434
v 0.025548 0.408736 -0.033072
v 0.030668 0.408144 -0.035094
v 0.025516 0.417164 -0.034274
v 0.030658 0.417064 -0.036374
v 0.025484 0.425632 -0.033148
v 0.030652 0.426028 -0.035188
v 0.025458 0.433566 -0.029758
v 0.030648 0.434430 -0.031594
v 0.025440 0.440414 -0.024328
v 0.030650 0.441694 -0.025836
v 0.025432 0.445692 -0.017218
v 0.030654 0.447294 -0.018290
v 0.025430 0.449020 -0.008918
v 0.030660 0.450828 -0.009474
v -0.034636 0.452928 -0.000000
v -0.030860 0.452114 -0.000000
v -0.030862 0.450902 -0.009498
v -0.034632 0.451682 -0.009786
v -0.030858 0.447360 -0.018334
v -0.034626 0.448030 -0.018886
v -0.030854 0.441746 -0.025900
v -0.034616 0.442252 -0.026674
v -0.030854 0.434464 -0.031672
v -0.034602 0.434766 -0.032612
v -0.030858 0.426042 -0.035274
v -0.034590 0.426110 -0.036314
v -0.030864 0.417056 -0.036466
v -0.034580 0.416878 -0.037532
v -0.030872 0.408114 -0.035182
v -0.034574 0.407694 -0.036206
v -0.030880 0.399816 -0.031512
v -0.034574 0.399174 -0.032426
v -0.030890 0.392696 -0.025714
v -0.034576 0.391870 -0.026460
v -0.030896 0.387238 -0.018174
v -0.034580 0.386264 -0.018700
v -0.030904 0.383800 -0.009406
v -0.034584 0.382732 -0.009678
v -0.030906 0.382628 -0.000000
v -0.034584 0.381528 -0.000000
v -0.030904 0.383800 0.009406
v -0.034584 0.382732 0.009678
v -0.030896 0.387238 0.018174
v -0.034580 0.386264 0.018700
v -0.030890 0.392696 0.025714
v -0.034576 0.391870 0.026460
v -0.030880 0.399816 0.031512
v -0.034574 0.399174 0.032426
v -0.030872 0.408114 0.035182
v -0.034574 0.407694 0.036206
v -0.030864 0.417056 0.036466
v -0.034580 0.416878 0.037532
v -0.030858 0.426042 0.035274
v -0.034590 0.426110 0.036314
v -0.030854 0.434464 0.031672
v -0.034602 0.434766 0.032612
v -0.030854 0.441746 0.025900
v -0.034616 0.442252 0.026674
v -0.030858 0.447360 0.018334
v -0.034626 0.448030 0.018886
v -0.030862 0.450902 0.009498
v -0.034632 0.451682 0.009786
v -0.020580 0.447552 -0.008480
v -0.020590 0.444392 -0.016376
v -0.020612 0.439372 -0.023142
v -0.020652 0.432844 -0.028318
v -0.020706 0.425274 -0.031554
v -0.020766 0.417188 -0.032634
v -0.020822 0.409136 -0.031494
v -0.020868 0.401650 -0.028214
v -0.020902 0.395228 -0.023022
v -0.020928 0.390302 -0.016270
v -0.020946 0.387206 -0.008420
v -0.020954 0.386152 -0.000000
v -0.020946 0.387206 0.008420
v -0.020928 0.390302 0.016270
v -0.020902 0.395228 0.023022
v -0.020868 0.401650 0.028214
v -0.020822 0.409136 0.031494
v -0.020766 0.417190 0.032634
v -0.020706 0.425274 0.031554
v -0.020652 0.432844 0.028318
v -0.020612 0.439372 0.023142
v -0.020590 0.444392 0.016376
v 0.014758 0.455130 -0.000000
v 0.017374 0.450130 -0.000000
v 0.017372 0.449012 -0.008824
v 0.014764 0.453842 -0.010090
v 0.017386 0.445724 -0.017044
v 0.014766 0.450072 -0.019492
v 0.017406 0.440494 -0.024104
v 0.014776 0.444074 -0.027570
v 0.017442 0.433690 -0.029518
v 0.014796 0.436248 -0.033766
v 0.017488 0.425772 -0.032920
v 0.014824 0.427150 -0.037662
v 0.017542 0.417292 -0.034072
v 0.014854 0.417396 -0.038988
v 0.017592 0.408830 -0.032902
v 0.014884 0.407656 -0.037656
v 0.017634 0.400954 -0.029482
v 0.014908 0.398590 -0.033752
v 0.017666 0.394206 -0.024058
v 0.014922 0.390806 -0.027552
v 0.017692 0.389032 -0.017002
v 0.014932 0.384842 -0.019476
v 0.017704 0.385778 -0.008798
v 0.014944 0.381096 -0.010078
v 0.017712 0.384672 -0.000000
v 0.014946 0.379820 -0.000000
v 0.017704 0.385778 0.008798
v 0.014944 0.381096 0.010078
v 0.017692 0.389032 0.017002
v 0.014932 0.384842 0.019476
v 0.017666 0.394206 0.024058
v 0.014922 0.390806 0.027552
v 0.017634 0.400954 0.029482
v 0.014908 0.398590 0.033752
v 0.017592 0.408830 0.032902
v 0.014884 0.407656 0.037656
v 0.017542 0.417292 0.034072
v 0.014854 0.417396 0.038988
v 0.017488 0.425772 0.032920
v 0.014824 0.427150 0.037662
v 0.017442 0.433690 0.029518
v 0.014796 0.436248 0.033766
v 0.017406 0.440494 0.024104
v 0.014776 0.444074 0.027570
v 0.017386 0.445724 0.017044
v 0.014766 0.450072 0.019492
v 0.017372 0.449012 0.008824
v 0.014764 0.453842 0.010090
v 0.001154 0.458890 -0.000000
v 0.003740 0.462320 -0.000000
v -0.001474 0.453340 -0.021250
v -0.001474 0.446762 -0.030050
v -0.004060 0.449188 -0.032552
v -0.004060 0.456312 -0.023018
v 0.008982 0.440784 -0.041464
v 0.008982 0.429554 -0.046244
v 0.006446 0.429748 -0.046950
v 0.006446 0.441152 -0.042096
v -0.001474 0.438190 -0.036796
v -0.001474 0.428220 -0.041036
v -0.004060 0.429104 -0.044454
v -0.004060 0.439904 -0.039860
v 0.008982 0.417514 -0.047866
v 0.008982 0.405484 -0.046228
v 0.006446 0.405302 -0.046932
v 0.006446 0.417518 -0.048596
v -0.001474 0.417528 -0.042474
v -0.001474 0.406848 -0.041020
v -0.004062 0.405956 -0.044438
v -0.004062 0.417524 -0.046012
v 0.008982 0.394288 -0.041436
v 0.008982 0.384682 -0.033828
v 0.006446 0.384178 -0.034340
v 0.006446 0.393932 -0.042066
v -0.001474 0.396908 -0.036768
v -0.001474 0.388380 -0.030016
v -0.004062 0.385950 -0.032516
v -0.004062 0.395188 -0.039830
v 0.008982 0.377320 -0.023914
v 0.008982 0.372692 -0.012378
v 0.006446 0.372006 -0.012566
v 0.006446 0.376704 -0.024276
v -0.001474 0.381844 -0.021220
v -0.001472 0.377736 -0.010984
v -0.004060 0.374422 -0.011898
v -0.004062 0.378872 -0.022986
v 0.008984 0.371116 -0.000000
v 0.008982 0.372692 0.012378
v 0.006446 0.372006 0.012566
v 0.006446 0.370408 -0.000000
v -0.001472 0.376338 -0.000000
v -0.001472 0.377736 0.010984
v -0.004060 0.374422 0.011898
v -0.004060 0.372910 -0.000000
v 0.008982 0.377320 0.023914
v 0.008982 0.384682 0.033828
v 0.006446 0.384178 0.034340
v 0.006446 0.376704 0.024276
v -0.001474 0.381844 0.021220
v -0.001474 0.388380 0.030016
v -0.004062 0.385950 0.032516
v -0.004062 0.378872 0.022986
v 0.008982 0.394288 0.041436
v 0.008982 0.405484 0.046228
v 0.006446 0.405302 0.046932
v 0.006446 0.393932 0.042066
v -0.001474 0.396908 0.036768
v -0.001474 0.406848 0.041020
v -0.004062 0.405956 0.044438
v -0.004062 0.395188 0.039830
v 0.008982 0.417514 0.047866
v 0.008982 0.429554 0.046244
v 0.006446 0.429748 0.046950
v 0.006446 0.417518 0.048594
v -0.001474 0.417528 0.042474
v -0.001474 0.428220 0.041036
v -0.004060 0.429104 0.044454
v -0.004062 0.417524 0.046012
v 0.008982 0.440784 0.041464
v 0.008982 0.450436 0.033862
v 0.006446 0.450954 0.034376
v 0.006446 0.441152 0.042096
v -0.001474 0.438190 0.036796
v -0.001474 0.446762 0.030050
v -0.004060 0.449188 0.032552
v -0.004060 0.439904 0.039860
v 0.008982 0.457844 0.023944
v 0.008982 0.462506 0.012396
v 0.006444 0.463210 0.012584
v 0.006444 0.458476 0.024308
v -0.001474 0.453340 0.021250
v -0.001474 0.457480 0.011000
v -0.004060 0.460798 0.011916
v -0.004060 0.456312 0.023018
v 0.008982 0.457844 -0.023944
v 0.008982 0.450436 -0.033862
v 0.006446 0.450954 -0.034376
v 0.006444 0.458476 -0.024308
v 0.008982 0.464096 -0.000000
v 0.006444 0.464822 -0.000000
v 0.038758 0.447020 0.008632
v 0.038760 0.448116 -0.000000
v 0.038752 0.443812 0.016658
v 0.038742 0.438734 0.023528
v 0.038730 0.432152 0.028768
v 0.038720 0.424536 0.032034
v 0.038712 0.416412 0.033108
v 0.038710 0.408326 0.031938
v 0.038714 0.400824 0.028602
v 0.038718 0.394390 0.023338
v 0.038726 0.389456 0.016494
v 0.038730 0.386346 0.008536
v 0.038732 0.385284 -0.000000
v 0.038730 0.386346 -0.008536
v 0.038726 0.389456 -0.016494
v 0.038718 0.394390 -0.023338
v 0.038714 0.400824 -0.028602
v 0.038710 0.408326 -0.031938
v 0.038712 0.416412 -0.033108
v 0.038720 0.424536 -0.032034
v 0.038730 0.432152 -0.028768
v 0.038742 0.438734 -0.023528
v 0.038752 0.443812 -0.016658
v 0.038758 0.447020 -0.008632
v -0.045322 0.440396 0.007000
v -0.045322 0.441276 -0.000000
v -0.045322 0.437816 0.013512
v -0.045324 0.433728 0.019086
v -0.045326 0.428424 0.023342
v -0.045328 0.422280 0.025996
v -0.045332 0.415718 0.026874
v -0.045338 0.409184 0.025926
v -0.045344 0.403114 0.023222
v -0.045352 0.397912 0.018946
v -0.045360 0.393920 0.013390
v -0.045366 0.391406 0.006930
v -0.045368 0.390550 -0.000000
v -0.045366 0.391406 -0.006930
v -0.045360 0.393920 -0.013390
v -0.045352 0.397912 -0.018946
v -0.045344 0.403114 -0.023222
v -0.045338 0.409184 -0.025926
v -0.045332 0.415718 -0.026874
v -0.045328 0.422280 -0.025996
v -0.045326 0.428424 -0.023342
v -0.045324 0.433728 -0.019086
v -0.045322 0.437816 -0.013512
v -0.045322 0.440396 -0.007000
v 0.034518 0.452812 -0.000000
v 0.034514 0.451570 -0.009754
v 0.034506 0.447930 -0.018826
v 0.034492 0.442170 -0.026588
v 0.034478 0.434708 -0.032508
v 0.034464 0.426080 -0.036198
v 0.034454 0.416878 -0.037412
v 0.034450 0.407724 -0.036090
v 0.034452 0.399230 -0.032324
v 0.034456 0.391950 -0.026376
v 0.034462 0.386360 -0.018642
v 0.034468 0.382834 -0.009648
v 0.034470 0.381630 -0.000000
v 0.034468 0.382834 0.009648
v 0.034462 0.386360 0.018642
v 0.034456 0.391950 0.026376
v 0.034452 0.399230 0.032324
v 0.034450 0.407724 0.036090
v 0.034454 0.416878 0.037412
v 0.034464 0.426080 0.036198
v 0.034478 0.434708 0.032508
v 0.034492 0.442170 0.026588
v 0.034506 0.447930 0.018826
v 0.034514 0.451570 0.009754
v -0.038886 0.447064 0.008642
v -0.038888 0.448162 -0.000000
v -0.038880 0.443852 0.016680
v -0.038872 0.438768 0.023558
v -0.038862 0.432176 0.028804
v -0.038854 0.424550 0.032076
v -0.038846 0.416414 0.033152
v -0.038844 0.408318 0.031980
v -0.038846 0.400804 0.028640
v -0.038850 0.394362 0.023368
v -0.038854 0.389422 0.016516
v -0.038858 0.386310 0.008548
v -0.038860 0.385250 -0.000000
v -0.038858 0.386310 -0.008548
v -0.038854 0.389422 -0.016516
v -0.038850 0.394362 -0.023368
v -0.038846 0.400804 -0.028640
v -0.038844 0.408318 -0.031980
v -0.038846 0.416414 -0.033152
v -0.038854 0.424550 -0.032076
v -0.038862 0.432176 -0.028804
v -0.038872 0.438768 -0.023558
v -0.038880 0.443852 -0.016680
v -0.038886 0.447064 -0.008642
v -0.025656 0.445748 0.017258
v -0.025664 0.440456 0.024384
v -0.025682 0.433592 0.029828
v -0.025706 0.425642 0.033226
v -0.025734 0.417156 0.034354
v -0.025762 0.408706 0.033150
v -0.025788 0.400860 0.029694
v -0.025806 0.394132 0.024230
v -0.025822 0.388970 0.017126
v -0.025834 0.385720 0.008862
v -0.025838 0.384612 -0.000000
v -0.025834 0.385720 -0.008862
v -0.025822 0.388970 -0.017126
v -0.025806 0.394132 -0.024230
v -0.025788 0.400860 -0.029694
v -0.025762 0.408706 -0.033150
v -0.025734 0.417156 -0.034354
v -0.025706 0.425642 -0.033226
v -0.025682 0.433594 -0.029828
v -0.025664 0.440456 -0.024384
v -0.025656 0.445748 -0.017258
v -0.025650 0.449084 -0.008940
v 0.020382 0.448550 -0.000000
v 0.020384 0.447476 -0.008458
v 0.020394 0.444326 -0.016332
v 0.020418 0.439320 -0.023080
v 0.020460 0.432810 -0.028242
v 0.020516 0.425260 -0.031470
v 0.020582 0.417196 -0.032548
v 0.020644 0.409164 -0.031412
v 0.020694 0.401698 -0.028138
v 0.020732 0.395292 -0.022960
v 0.020760 0.390380 -0.016228
v 0.020782 0.387290 -0.008398
v 0.020790 0.386236 -0.000000
v 0.020782 0.387290 0.008398
v 0.020760 0.390380 0.016228
v 0.020732 0.395292 0.022960
v 0.020694 0.401698 0.028138
v 0.020644 0.409164 0.031412
v 0.020582 0.417196 0.032548
v 0.020516 0.425260 0.031470
v 0.020460 0.432810 0.028242
v 0.020418 0.439320 0.023080
v 0.020394 0.444326 0.016332
v 0.020384 0.447476 0.008458
v -0.012266 0.460576 -0.000000
v -0.012266 0.459110 -0.011478
v 0.011928 0.447870 0.031276
v 0.011928 0.454694 0.022110
v -0.012266 0.447958 0.031366
v -0.012266 0.454802 0.022174
v 0.011928 0.428616 0.042742
v 0.011928 0.438972 0.038310
v -0.012266 0.428648 0.042866
v -0.012266 0.439036 0.038422
v 0.011928 0.406390 0.042748
v 0.011928 0.417500 0.044254
v -0.012266 0.406358 0.042876
v -0.012266 0.417500 0.044384
v 0.011928 0.387174 0.031282
v 0.011928 0.396046 0.038320
v -0.012266 0.387084 0.031376
v -0.012266 0.395984 0.038434
v 0.011928 0.376104 0.011446
v 0.011928 0.380378 0.022112
v -0.012266 0.375982 0.011480
v -0.012266 0.380268 0.022178
v 0.011928 0.376104 -0.011446
v 0.011928 0.374652 -0.000000
v -0.012266 0.375982 -0.011480
v -0.012266 0.374524 -0.000000
v 0.011928 0.387174 -0.031282
v 0.011928 0.380378 -0.022112
v -0.012266 0.387084 -0.031376
v -0.012266 0.380268 -0.022178
v 0.011928 0.406390 -0.042748
v 0.011928 0.396046 -0.038320
v -0.012266 0.406358 -0.042876
v -0.012266 0.395984 -0.038434
v 0.011928 0.428616 -0.042742
v 0.011928 0.417500 -0.044254
v -0.012266 0.428648 -0.042866
v -0.012266 0.417500 -0.044384
v 0.011928 0.447870 -0.031276
v 0.011928 0.438972 -0.038310
v -0.012266 0.447958 -0.031366
v -0.012266 0.439036 -0.038422
v 0.011928 0.458990 -0.011444
v 0.011928 0.454694 -0.022110
v -0.012266 0.454802 -0.022174
v 0.011928 0.460450 -0.000000
v 0.011928 0.458990 0.011444
v 0.008982 0.462506 -0.012396
v 0.006444 0.463210 -0.012584
v -0.012266 0.459110 0.011478
v -0.009326 0.464118 -0.000000
v -0.006774 0.464834 -0.000000
v 0.026282 0.189076 -0.000000
v 0.013124 0.188696 -0.000000
v -0.000000 0.188570 -0.000000
v -0.013124 0.188696 -0.000000
v -0.026280 0.189076 -0.000000
v 0.127258 0.263218 -0.000000
v 0.122444 0.247424 -0.000000
v 0.023432 -0.364300 -0.011206
v 0.023432 -0.369066 -0.011206
v 0.020056 -0.369066 -0.010552
v 0.020056 -0.364300 -0.010552
v 0.035808 -0.336002 -0.010488
v 0.036110 -0.364266 -0.010574
v 0.032600 -0.364300 -0.011212
v 0.032542 -0.335924 -0.011116
v 0.189864 -0.369066 0.009932
v 0.189864 -0.388132 0.009932
v 0.190064 -0.388132 0.008240
v 0.190064 -0.369066 0.008240
v 0.023458 -0.402208 -0.011116
v 0.023534 -0.405474 -0.010488
v 0.020850 -0.404816 -0.010178
v 0.020192 -0.402130 -0.010488
v 0.037532 -0.392900 -0.011300
v 0.037532 -0.402234 -0.011206
v 0.032766 -0.402234 -0.011206
v 0.032766 -0.392900 -0.011300
v 0.175930 -0.345234 -0.011212
v 0.175796 -0.350000 -0.011244
v 0.170998 -0.350000 -0.010762
v 0.172420 -0.345200 -0.010574
v 0.188474 -0.345234 -0.010552
v 0.185098 -0.345234 -0.011206
v 0.185072 -0.335924 -0.011116
v 0.188338 -0.336002 -0.010488
v 0.099664 -0.345234 -0.011212
v 0.099532 -0.350000 -0.011244
v 0.094732 -0.350000 -0.010762
v 0.096156 -0.345200 -0.010574
v 0.112074 -0.336002 -0.010488
v 0.112374 -0.345200 -0.010574
v 0.108866 -0.345234 -0.011212
v 0.108808 -0.335924 -0.011116
v 0.061564 -0.345234 -0.011206
v 0.061564 -0.350000 -0.011206
v 0.058188 -0.350000 -0.010552
v 0.058188 -0.345234 -0.010552
v 0.073940 -0.336002 -0.010488
v 0.074242 -0.345200 -0.010574
v 0.070734 -0.345234 -0.011212
v 0.070674 -0.335924 -0.011116
v 0.175764 -0.364300 -0.011300
v 0.175764 -0.369066 -0.011300
v 0.170998 -0.369066 -0.011300
v 0.170998 -0.364300 -0.011300
v 0.188474 -0.364300 -0.010552
v 0.185098 -0.364300 -0.011206
v 0.185098 -0.354766 -0.011206
v 0.188474 -0.354766 -0.010552
v 0.175764 -0.354766 -0.011290
v 0.170998 -0.354800 -0.011244
v 0.156862 -0.364300 -0.011212
v 0.156730 -0.369066 -0.011244
v 0.151930 -0.369066 -0.010762
v 0.153354 -0.364266 -0.010574
v 0.166230 -0.364300 -0.011300
v 0.166230 -0.354932 -0.011212
v 0.118564 -0.364300 -0.011300
v 0.118564 -0.369066 -0.011300
v 0.113798 -0.369066 -0.011300
v 0.113798 -0.364300 -0.011300
v 0.131140 -0.355068 -0.010488
v 0.131442 -0.364266 -0.010574
v 0.127932 -0.364300 -0.011212
v 0.127874 -0.354990 -0.011116
v 0.118564 -0.354932 -0.011212
v 0.113798 -0.354800 -0.011244
v 0.099498 -0.364300 -0.011300
v 0.099498 -0.369066 -0.011300
v 0.094732 -0.369066 -0.011300
v 0.094732 -0.364300 -0.011300
v 0.109032 -0.364300 -0.011300
v 0.109032 -0.354766 -0.011290
v 0.099498 -0.354766 -0.011290
v 0.094732 -0.354800 -0.011244
v 0.080432 -0.364300 -0.011300
v 0.080432 -0.369066 -0.011300
v 0.075666 -0.369066 -0.011300
v 0.075666 -0.364300 -0.011300
v 0.089966 -0.364300 -0.011300
v 0.089966 -0.354932 -0.011212
v 0.080432 -0.354932 -0.011212
v 0.075666 -0.354800 -0.011244
v 0.061532 -0.364300 -0.011212
v 0.061398 -0.369066 -0.011244
v 0.056600 -0.369066 -0.010762
v 0.058022 -0.364266 -0.010574
v 0.070898 -0.364300 -0.011300
v 0.070898 -0.354766 -0.011290
v 0.175764 -0.402234 -0.011206
v 0.175764 -0.405610 -0.010552
v 0.170998 -0.405610 -0.010552
v 0.170998 -0.402234 -0.011206
v 0.188338 -0.402130 -0.010488
v 0.185072 -0.402208 -0.011116
v 0.185098 -0.392900 -0.011206
v 0.188474 -0.392900 -0.010552
v 0.175764 -0.392900 -0.011300
v 0.170998 -0.392900 -0.011300
v 0.156698 -0.402234 -0.011206
v 0.156698 -0.405610 -0.010552
v 0.151930 -0.405610 -0.010552
v 0.151930 -0.402234 -0.011206
v 0.166230 -0.402234 -0.011206
v 0.166230 -0.392900 -0.011300
v 0.156698 -0.392900 -0.011300
v 0.151930 -0.392900 -0.011300
v 0.137630 -0.402234 -0.011206
v 0.137630 -0.405610 -0.010552
v 0.132864 -0.405610 -0.010552
v 0.132864 -0.402234 -0.011206
v 0.147164 -0.402234 -0.011206
v 0.147164 -0.392900 -0.011300
v 0.137630 -0.392900 -0.011300
v 0.132864 -0.392900 -0.011300
v 0.118790 -0.402208 -0.011116
v 0.118866 -0.405474 -0.010488
v 0.116182 -0.404816 -0.010178
v 0.115524 -0.402130 -0.010488
v 0.128098 -0.402234 -0.011206
v 0.128098 -0.392900 -0.011300
v 0.023432 -0.392900 -0.011206
v 0.020056 -0.392900 -0.010552
v 0.061366 -0.402234 -0.011206
v 0.061366 -0.405610 -0.010552
v 0.056600 -0.405610 -0.010552
v 0.056600 -0.402234 -0.011206
v 0.074242 -0.392932 -0.010574
v 0.073940 -0.402130 -0.010488
v 0.070674 -0.402208 -0.011116
v 0.070734 -0.392900 -0.011212
v 0.061366 -0.392900 -0.011300
v 0.056600 -0.392900 -0.011300
v 0.042300 -0.402234 -0.011206
v 0.042300 -0.405610 -0.010552
v 0.037532 -0.405610 -0.010552
v 0.051832 -0.402234 -0.011206
v 0.051832 -0.392900 -0.011300
v 0.032464 -0.332658 0.010488
v 0.023534 -0.332658 0.010488
v 0.023458 -0.335924 0.011116
v 0.032542 -0.335924 0.011116
v 0.032600 -0.364300 0.011212
v 0.023432 -0.364300 0.011206
v 0.023432 -0.369066 0.011206
v 0.032734 -0.369066 0.011244
v 0.020056 -0.364300 0.010552
v 0.020056 -0.369066 0.010552
v 0.042300 -0.388132 -0.011300
v 0.037532 -0.388132 -0.011300
v 0.037532 -0.369066 -0.010762
v 0.042332 -0.370490 -0.010574
v 0.032766 -0.402234 0.011206
v 0.023458 -0.402208 0.011116
v 0.023534 -0.405474 0.010488
v 0.032766 -0.405610 0.010552
v 0.032766 -0.392900 0.011300
v 0.023432 -0.392900 0.011206
v 0.020192 -0.402130 0.010488
v 0.020850 -0.404816 0.010178
v 0.023432 -0.388132 0.011206
v 0.032766 -0.388132 0.011300
v 0.185098 -0.345234 0.011206
v 0.175930 -0.345234 0.011212
v 0.175796 -0.350000 0.011244
v 0.185098 -0.350000 0.011206
v 0.185072 -0.335924 0.011116
v 0.175988 -0.335924 0.011116
v 0.172420 -0.345200 0.010574
v 0.170998 -0.350000 0.010762
v 0.184996 -0.332658 0.010488
v 0.176066 -0.332658 0.010488
v 0.108866 -0.345234 0.011212
v 0.099664 -0.345234 0.011212
v 0.099532 -0.350000 0.011244
v 0.108998 -0.350000 0.011244
v 0.108808 -0.335924 0.011116
v 0.099722 -0.335924 0.011116
v 0.096156 -0.345200 0.010574
v 0.094732 -0.350000 0.010762
v 0.108730 -0.332658 0.010488
v 0.099800 -0.332658 0.010488
v 0.070734 -0.345234 0.011212
v 0.061564 -0.345234 0.011206
v 0.061564 -0.350000 0.011206
v 0.070866 -0.350000 0.011244
v 0.070674 -0.335924 0.011116
v 0.061590 -0.335924 0.011116
v 0.058188 -0.345234 0.010552
v 0.058188 -0.350000 0.010552
v 0.070598 -0.332658 0.010488
v 0.061668 -0.332658 0.010488
v 0.185098 -0.364300 0.011206
v 0.175764 -0.364300 0.011300
v 0.175764 -0.369066 0.011300
v 0.185098 -0.369066 0.011206
v 0.185098 -0.354766 0.011206
v 0.175764 -0.354766 0.011290
v 0.170998 -0.364300 0.011300
v 0.170998 -0.369066 0.011300
v 0.166230 -0.364300 0.011300
v 0.156862 -0.364300 0.011212
v 0.156730 -0.369066 0.011244
v 0.166230 -0.369066 0.011300
v 0.166230 -0.354932 0.011212
v 0.156922 -0.354990 0.011116
v 0.153354 -0.364266 0.010574
v 0.151930 -0.369066 0.010762
v 0.156998 -0.351724 0.010488
v 0.166198 -0.351424 0.010574
v 0.127932 -0.364300 0.011212
v 0.118564 -0.364300 0.011300
v 0.118564 -0.369066 0.011300
v 0.128064 -0.369066 0.011244
v 0.127874 -0.354990 0.011116
v 0.118564 -0.354932 0.011212
v 0.113798 -0.364300 0.011300
v 0.113798 -0.369066 0.011300
v 0.118598 -0.351424 0.010574
v 0.127796 -0.351724 0.010488
v 0.109032 -0.364300 0.011300
v 0.099498 -0.364300 0.011300
v 0.099498 -0.369066 0.011300
v 0.109032 -0.369066 0.011300
v 0.109032 -0.354766 0.011290
v 0.099498 -0.354766 0.011290
v 0.094732 -0.364300 0.011300
v 0.094732 -0.369066 0.011300
v 0.089966 -0.364300 0.011300
v 0.080432 -0.364300 0.011300
v 0.080432 -0.369066 0.011300
v 0.089966 -0.369066 0.011300
v 0.089966 -0.354932 0.011212
v 0.080432 -0.354932 0.011212
v 0.075666 -0.364300 0.011300
v 0.075666 -0.369066 0.011300
v 0.080466 -0.351424 0.010574
v 0.089932 -0.351424 0.010574
v 0.070898 -0.364300 0.011300
v 0.061532 -0.364300 0.011212
v 0.061398 -0.369066 0.011244
v 0.070898 -0.369066 0.011300
v 0.070898 -0.354766 0.011290
v 0.061564 -0.354766 0.011206
v 0.058022 -0.364266 0.010574
v 0.056600 -0.369066 0.010762
v 0.037532 -0.388132 0.011300
v 0.037532 -0.369066 0.010762
v 0.185098 -0.388132 0.011206
v 0.188474 -0.388132 0.010552
v 0.188474 -0.369066 0.010552
v 0.166230 -0.388132 0.011300
v 0.170998 -0.388132 0.011300
v 0.147132 -0.370490 0.010574
v 0.147164 -0.388132 0.011300
v 0.151930 -0.388132 0.011300
v 0.128098 -0.388132 0.011300
v 0.132864 -0.388132 0.011300
v 0.132864 -0.369066 0.010762
v 0.108998 -0.386710 0.010574
v 0.113798 -0.388132 0.010762
v 0.089966 -0.386544 0.010552
v 0.094732 -0.386544 0.010552
v 0.070866 -0.388132 0.011244
v 0.075666 -0.388132 0.010762
v 0.185072 -0.402208 0.011116
v 0.175764 -0.402234 0.011206
v 0.175764 -0.405610 0.010552
v 0.184996 -0.405474 0.010488
v 0.185098 -0.392900 0.011206
v 0.175764 -0.392900 0.011300
v 0.170998 -0.402234 0.011206
v 0.170998 -0.405610 0.010552
v 0.175764 -0.388132 0.011300
v 0.166230 -0.402234 0.011206
v 0.156698 -0.402234 0.011206
v 0.156698 -0.405610 0.010552
v 0.166230 -0.405610 0.010552
v 0.166230 -0.392900 0.011300
v 0.156698 -0.392900 0.011300
v 0.151930 -0.402234 0.011206
v 0.151930 -0.405610 0.010552
v 0.156698 -0.388132 0.011300
v 0.147164 -0.402234 0.011206
v 0.137632 -0.402234 0.011206
v 0.137630 -0.405610 0.010552
v 0.147164 -0.405610 0.010552
v 0.147164 -0.392900 0.011300
v 0.137630 -0.392900 0.011300
v 0.132864 -0.402234 0.011206
v 0.132864 -0.405610 0.010552
v 0.137632 -0.388132 0.011300
v 0.128098 -0.402234 0.011206
v 0.118790 -0.402208 0.011116
v 0.118866 -0.405474 0.010488
v 0.128098 -0.405610 0.010552
v 0.128098 -0.392900 0.011300
v 0.118730 -0.392900 0.011212
v 0.115524 -0.402130 0.010488
v 0.116182 -0.404816 0.010178
v 0.118598 -0.388132 0.011244
v 0.070674 -0.402208 0.011116
v 0.061366 -0.402234 0.011206
v 0.061366 -0.405610 0.010552
v 0.070598 -0.405474 0.010488
v 0.070734 -0.392900 0.011212
v 0.061366 -0.392900 0.011300
v 0.056600 -0.402234 0.011206
v 0.056600 -0.405610 0.010552
v 0.061366 -0.388132 0.011300
v 0.051832 -0.402234 0.011206
v 0.042300 -0.402234 0.011206
v 0.042300 -0.405610 0.010552
v 0.051832 -0.405610 0.010552
v 0.051832 -0.392900 0.011300
v 0.042300 -0.392900 0.011300
v 0.037532 -0.402234 0.011206
v 0.037532 -0.405610 0.010552
v 0.042300 -0.388132 0.011300
v 0.051832 -0.388132 0.011300
v 0.185072 -0.331324 0.009918
v 0.175988 -0.331324 0.009918
v 0.175962 -0.331132 0.008240
v 0.172586 -0.332522 0.008240
v 0.172722 -0.332658 0.009880
v 0.173380 -0.333316 0.010178
v 0.032542 -0.331324 0.009918
v 0.023458 -0.331324 0.009918
v 0.023432 -0.331132 0.008240
v 0.020056 -0.332522 0.008240
v 0.020192 -0.332658 0.009880
v 0.020850 -0.333316 0.010178
v 0.070674 -0.331324 0.009918
v 0.061590 -0.331324 0.009918
v 0.061564 -0.331132 0.008240
v 0.058188 -0.332522 0.008240
v 0.058324 -0.332658 0.009880
v 0.058982 -0.333316 0.010178
v 0.108808 -0.331324 0.009918
v 0.099722 -0.331324 0.009918
v 0.099698 -0.331132 0.008240
v 0.096320 -0.332522 0.008240
v 0.096456 -0.332658 0.009878
v 0.097116 -0.333316 0.010178
v 0.189864 -0.345234 0.009932
v 0.189674 -0.335924 0.009918
v 0.188338 -0.336002 0.010488
v 0.188474 -0.345234 0.010552
v 0.189864 -0.335898 0.008240
v 0.188474 -0.332522 0.008240
v 0.188338 -0.332658 0.009880
v 0.187680 -0.333316 0.010178
v 0.189864 -0.364300 0.009932
v 0.189864 -0.354766 0.009932
v 0.188474 -0.354766 0.010552
v 0.188474 -0.364300 0.010552
v 0.190064 -0.354766 0.008240
v 0.190064 -0.350000 0.008240
v 0.189864 -0.350000 0.009932
v 0.188474 -0.350000 0.010552
v 0.189674 -0.402208 0.009918
v 0.189864 -0.392900 0.009932
v 0.188474 -0.392900 0.010552
v 0.188338 -0.402130 0.010488
v 0.190064 -0.392900 0.008240
v 0.018666 -0.392900 0.009932
v 0.018856 -0.402208 0.009918
v 0.020056 -0.392900 0.010552
v 0.018666 -0.402234 0.008240
v 0.020056 -0.405610 0.008240
v 0.020192 -0.405474 0.009880
v 0.018856 -0.335924 0.009918
v 0.018666 -0.364300 0.009932
v 0.020192 -0.336002 0.010488
v 0.018466 -0.364300 0.008240
v 0.018466 -0.369066 0.008240
v 0.018666 -0.369066 0.009932
v 0.166064 -0.350000 0.009938
v 0.156922 -0.350390 0.009918
v 0.156896 -0.350198 0.008240
v 0.153520 -0.351588 0.008240
v 0.153656 -0.351724 0.009880
v 0.154314 -0.352384 0.010178
v 0.127874 -0.350390 0.009918
v 0.118730 -0.350000 0.009938
v 0.118764 -0.349802 0.008240
v 0.115386 -0.348412 0.008240
v 0.115222 -0.348576 0.009956
v 0.113798 -0.350000 0.010762
v 0.089800 -0.350000 0.009938
v 0.080598 -0.350000 0.009938
v 0.080630 -0.349802 0.008240
v 0.077254 -0.348410 0.008240
v 0.077088 -0.348576 0.009956
v 0.075666 -0.350000 0.010762
v 0.146998 -0.369066 0.009938
v 0.137796 -0.369066 0.009938
v 0.137664 -0.370490 0.010574
v 0.137830 -0.368868 0.008240
v 0.134454 -0.367478 0.008240
v 0.134288 -0.367642 0.009956
v 0.051668 -0.369066 0.009938
v 0.042464 -0.369066 0.009938
v 0.042332 -0.370490 0.010574
v 0.051800 -0.370490 0.010574
v 0.042498 -0.368868 0.008240
v 0.039122 -0.367478 0.008240
v 0.038956 -0.367642 0.009956
v 0.099498 -0.387934 0.009932
v 0.108866 -0.388132 0.009938
v 0.099498 -0.386544 0.010552
v 0.108832 -0.388332 0.008240
v 0.112210 -0.389722 0.008240
v 0.112374 -0.389556 0.009956
v 0.080598 -0.388132 0.009938
v 0.089966 -0.387934 0.009932
v 0.080466 -0.386710 0.010574
v 0.089966 -0.388132 0.008240
v 0.094732 -0.388132 0.008240
v 0.094732 -0.387934 0.009932
v 0.023458 -0.406810 0.009918
v 0.032766 -0.407000 0.009932
v 0.032766 -0.407198 0.008240
v 0.037532 -0.407198 0.008240
v 0.037532 -0.407000 0.009932
v 0.175764 -0.407000 0.009932
v 0.185072 -0.406810 0.009918
v 0.185098 -0.407000 0.008240
v 0.188474 -0.405610 0.008240
v 0.188338 -0.405474 0.009880
v 0.187680 -0.404816 0.010178
v 0.156698 -0.407000 0.009932
v 0.166230 -0.407000 0.009932
v 0.166230 -0.407198 0.008240
v 0.170998 -0.407198 0.008240
v 0.170998 -0.407000 0.009932
v 0.137630 -0.407000 0.009932
v 0.147164 -0.407000 0.009932
v 0.147164 -0.407198 0.008240
v 0.151930 -0.407198 0.008240
v 0.151930 -0.407000 0.009932
v 0.118790 -0.406810 0.009918
v 0.128098 -0.407000 0.009932
v 0.128098 -0.407198 0.008240
v 0.132864 -0.407198 0.008240
v 0.132864 -0.407000 0.009932
v 0.061366 -0.407000 0.009932
v 0.070674 -0.406810 0.009918
v 0.070700 -0.407000 0.008240
v 0.074076 -0.405610 0.008240
v 0.073940 -0.405474 0.009880
v 0.073282 -0.404816 0.010178
v 0.042300 -0.407000 0.009932
v 0.051832 -0.407000 0.009932
v 0.051832 -0.407198 0.008240
v 0.056600 -0.407198 0.008240
v 0.056600 -0.407000 0.009932
v 0.171386 -0.335924 0.009918
v 0.170998 -0.345068 0.009938
v 0.172722 -0.336002 0.010488
v 0.170798 -0.345034 0.008240
v 0.169408 -0.348412 0.008240
v 0.169574 -0.348576 0.009956
v 0.113798 -0.345068 0.009938
v 0.113408 -0.335924 0.009918
v 0.112074 -0.336002 0.010488
v 0.112374 -0.345200 0.010574
v 0.113600 -0.335898 0.008240
v 0.112210 -0.332522 0.008240
v 0.112074 -0.332658 0.009880
v 0.111414 -0.333316 0.010178
v 0.095122 -0.335924 0.009918
v 0.094732 -0.345068 0.009938
v 0.096456 -0.336002 0.010488
v 0.094534 -0.345034 0.008240
v 0.093142 -0.348412 0.008240
v 0.093308 -0.348576 0.009956
v 0.075666 -0.345068 0.009938
v 0.075276 -0.335924 0.009918
v 0.073940 -0.336002 0.010488
v 0.074242 -0.345200 0.010574
v 0.075466 -0.335898 0.008240
v 0.074076 -0.332522 0.008240
v 0.073940 -0.332658 0.009880
v 0.073282 -0.333316 0.010178
v 0.056990 -0.335924 0.009918
v 0.056798 -0.345234 0.009932
v 0.058324 -0.336002 0.010488
v 0.056600 -0.345234 0.008240
v 0.056600 -0.350000 0.008240
v 0.056798 -0.350000 0.009932
v 0.037334 -0.335898 0.008240
v 0.035944 -0.332522 0.008240
v 0.035808 -0.332658 0.009880
v 0.037144 -0.335924 0.009918
v 0.035150 -0.333316 0.010178
v 0.035808 -0.336002 0.010488
v 0.152320 -0.354990 0.009918
v 0.151930 -0.364134 0.009938
v 0.153656 -0.355068 0.010488
v 0.151732 -0.364102 0.008240
v 0.150342 -0.367478 0.008240
v 0.150508 -0.367642 0.009956
v 0.132864 -0.364134 0.009938
v 0.132474 -0.354990 0.009918
v 0.131140 -0.355068 0.010488
v 0.131442 -0.364266 0.010574
v 0.132666 -0.354966 0.008240
v 0.131276 -0.351588 0.008240
v 0.131140 -0.351724 0.009880
v 0.130482 -0.352384 0.010178
v 0.056798 -0.354766 0.009932
v 0.056600 -0.364134 0.009938
v 0.058188 -0.354766 0.010552
v 0.056400 -0.364102 0.008240
v 0.055010 -0.367478 0.008240
v 0.055176 -0.367642 0.009956
v 0.113798 -0.393064 0.009938
v 0.114188 -0.402208 0.009918
v 0.115222 -0.392932 0.010574
v 0.113996 -0.402234 0.008240
v 0.115386 -0.405610 0.008240
v 0.115524 -0.405474 0.009880
v 0.075276 -0.402208 0.009918
v 0.075666 -0.393064 0.009938
v 0.074242 -0.392932 0.010574
v 0.073940 -0.402130 0.010488
v 0.075864 -0.393098 0.008240
v 0.077254 -0.389722 0.008240
v 0.077088 -0.389556 0.009956
v 0.075666 -0.393064 -0.009938
v 0.075276 -0.402208 -0.009918
v 0.115222 -0.392932 -0.010574
v 0.114188 -0.402208 -0.009918
v 0.113798 -0.393064 -0.009938
v 0.058188 -0.354766 -0.010552
v 0.056600 -0.364134 -0.009938
v 0.056798 -0.354766 -0.009932
v 0.132474 -0.354990 -0.009918
v 0.132864 -0.364134 -0.009938
v 0.153656 -0.355068 -0.010488
v 0.151930 -0.364134 -0.009938
v 0.152320 -0.354990 -0.009918
v 0.058324 -0.336002 -0.010488
v 0.056798 -0.345234 -0.009932
v 0.056990 -0.335924 -0.009918
v 0.075276 -0.335924 -0.009918
v 0.075666 -0.345068 -0.009938
v 0.096456 -0.336002 -0.010488
v 0.094732 -0.345068 -0.009938
v 0.095122 -0.335924 -0.009918
v 0.113408 -0.335924 -0.009918
v 0.113798 -0.345068 -0.009938
v 0.172722 -0.336002 -0.010488
v 0.170998 -0.345068 -0.009938
v 0.171386 -0.335924 -0.009918
v 0.051832 -0.405610 -0.010552
v 0.051832 -0.407000 -0.009932
v 0.042300 -0.407000 -0.009932
v 0.070598 -0.405474 -0.010488
v 0.070674 -0.406810 -0.009918
v 0.061366 -0.407000 -0.009932
v 0.128098 -0.405610 -0.010552
v 0.128098 -0.407000 -0.009932
v 0.118790 -0.406810 -0.009918
v 0.147164 -0.405610 -0.010552
v 0.147164 -0.407000 -0.009932
v 0.137630 -0.407000 -0.009932
v 0.166230 -0.405610 -0.010552
v 0.166230 -0.407000 -0.009932
v 0.156698 -0.407000 -0.009932
v 0.184996 -0.405474 -0.010488
v 0.185072 -0.406810 -0.009918
v 0.175764 -0.407000 -0.009932
v 0.032766 -0.405610 -0.010552
v 0.032766 -0.407000 -0.009932
v 0.023458 -0.406810 -0.009918
v 0.080466 -0.386710 -0.010574
v 0.089966 -0.386544 -0.010552
v 0.089966 -0.387934 -0.009932
v 0.080598 -0.388132 -0.009938
v 0.099498 -0.386544 -0.010552
v 0.108998 -0.386710 -0.010574
v 0.108866 -0.388132 -0.009938
v 0.099498 -0.387934 -0.009932
v 0.042464 -0.369066 -0.009938
v 0.051668 -0.369066 -0.009938
v 0.051800 -0.370490 -0.010574
v 0.137664 -0.370490 -0.010574
v 0.137796 -0.369066 -0.009938
v 0.146998 -0.369066 -0.009938
v 0.147132 -0.370490 -0.010574
v 0.080466 -0.351424 -0.010574
v 0.080598 -0.350000 -0.009938
v 0.089800 -0.350000 -0.009938
v 0.089932 -0.351424 -0.010574
v 0.118598 -0.351424 -0.010574
v 0.118730 -0.350000 -0.009938
v 0.127874 -0.350390 -0.009918
v 0.127796 -0.351724 -0.010488
v 0.156998 -0.351724 -0.010488
v 0.156922 -0.350390 -0.009918
v 0.166064 -0.350000 -0.009938
v 0.166198 -0.351424 -0.010574
v 0.020192 -0.336002 -0.010488
v 0.018666 -0.364300 -0.009932
v 0.018856 -0.335924 -0.009918
v 0.018856 -0.402208 -0.009918
v 0.018666 -0.392900 -0.009932
v 0.189864 -0.392900 -0.009932
v 0.189674 -0.402208 -0.009918
v 0.189864 -0.354766 -0.009932
v 0.189864 -0.364300 -0.009932
v 0.189674 -0.335924 -0.009918
v 0.189864 -0.345234 -0.009932
v 0.108730 -0.332658 -0.010488
v 0.099800 -0.332658 -0.010488
v 0.099722 -0.331324 -0.009918
v 0.108808 -0.331324 -0.009918
v 0.070598 -0.332658 -0.010488
v 0.061668 -0.332658 -0.010488
v 0.061590 -0.331324 -0.009918
v 0.070674 -0.331324 -0.009918
v 0.032464 -0.332658 -0.010488
v 0.023534 -0.332658 -0.010488
v 0.023458 -0.331324 -0.009918
v 0.032542 -0.331324 -0.009918
v 0.184996 -0.332658 -0.010488
v 0.176066 -0.332658 -0.010488
v 0.175988 -0.331324 -0.009918
v 0.185072 -0.331324 -0.009918
v 0.187680 -0.333316 -0.010178
v 0.188338 -0.332658 -0.009880
v 0.175962 -0.331132 -0.008240
v 0.185098 -0.331132 -0.008240
v 0.188474 -0.332522 -0.008240
v 0.173380 -0.333316 -0.010178
v 0.172722 -0.332658 -0.009880
v 0.172586 -0.332522 -0.008240
v 0.020850 -0.333316 -0.010178
v 0.020192 -0.332658 -0.009880
v 0.018666 -0.335898 -0.008240
v 0.020056 -0.332522 -0.008240
v 0.035150 -0.333316 -0.010178
v 0.035808 -0.332658 -0.009880
v 0.023432 -0.331132 -0.008240
v 0.032568 -0.331132 -0.008240
v 0.035944 -0.332522 -0.008240
v 0.073282 -0.333316 -0.010178
v 0.073940 -0.332658 -0.009880
v 0.061564 -0.331132 -0.008240
v 0.070700 -0.331132 -0.008240
v 0.074076 -0.332522 -0.008240
v 0.058982 -0.333316 -0.010178
v 0.058324 -0.332658 -0.009880
v 0.058188 -0.332522 -0.008240
v 0.111414 -0.333316 -0.010178
v 0.112074 -0.332658 -0.009880
v 0.099698 -0.331132 -0.008240
v 0.108832 -0.331132 -0.008240
v 0.112210 -0.332522 -0.008240
v 0.097116 -0.333316 -0.010178
v 0.096456 -0.332658 -0.009878
v 0.096320 -0.332522 -0.008240
v 0.188474 -0.350000 -0.010552
v 0.189864 -0.350000 -0.009932
v 0.189864 -0.335898 -0.008240
v 0.190064 -0.345234 -0.008240
v 0.190064 -0.350000 -0.008240
v 0.188474 -0.369066 -0.010552
v 0.189864 -0.369066 -0.009932
v 0.190064 -0.354766 -0.008240
v 0.190064 -0.364300 -0.008240
v 0.190064 -0.369066 -0.008240
v 0.188474 -0.388132 -0.010552
v 0.189864 -0.388132 -0.009932
v 0.190064 -0.388132 -0.008240
v 0.187680 -0.404816 -0.010178
v 0.188338 -0.405474 -0.009880
v 0.190064 -0.392900 -0.008240
v 0.189864 -0.402234 -0.008240
v 0.188474 -0.405610 -0.008240
v 0.020056 -0.388132 -0.010552
v 0.018666 -0.388132 -0.009932
v 0.018666 -0.402234 -0.008240
v 0.018466 -0.392900 -0.008240
v 0.018466 -0.388132 -0.008240
v 0.020192 -0.405474 -0.009880
v 0.020056 -0.405610 -0.008240
v 0.018666 -0.369066 -0.009932
v 0.018466 -0.369066 -0.008240
v 0.018466 -0.388132 0.008240
v 0.018666 -0.388132 0.009932
v 0.018466 -0.364300 -0.008240
v 0.169574 -0.348576 -0.009956
v 0.156896 -0.350198 -0.008240
v 0.166032 -0.349802 -0.008240
v 0.169408 -0.348412 -0.008240
v 0.154314 -0.352384 -0.010178
v 0.153656 -0.351724 -0.009880
v 0.153520 -0.351588 -0.008240
v 0.130482 -0.352384 -0.010178
v 0.131140 -0.351724 -0.009880
v 0.118764 -0.349802 -0.008240
v 0.127900 -0.350198 -0.008240
v 0.131276 -0.351588 -0.008240
v 0.113798 -0.350000 -0.010762
v 0.115222 -0.348576 -0.009956
v 0.115386 -0.348412 -0.008240
v 0.093308 -0.348576 -0.009956
v 0.080630 -0.349802 -0.008240
v 0.089766 -0.349802 -0.008240
v 0.093142 -0.348412 -0.008240
v 0.075666 -0.350000 -0.010762
v 0.077088 -0.348576 -0.009956
v 0.077254 -0.348410 -0.008240
v 0.150508 -0.367642 -0.009956
v 0.137830 -0.368868 -0.008240
v 0.146966 -0.368868 -0.008240
v 0.150342 -0.367478 -0.008240
v 0.132864 -0.369066 -0.010762
v 0.134288 -0.367642 -0.009956
v 0.134454 -0.367478 -0.008240
v 0.055176 -0.367642 -0.009956
v 0.042498 -0.368868 -0.008240
v 0.051634 -0.368868 -0.008240
v 0.055010 -0.367478 -0.008240
v 0.038956 -0.367642 -0.009956
v 0.039122 -0.367478 -0.008240
v 0.094732 -0.386544 -0.010552
v 0.094732 -0.387934 -0.009932
v 0.108832 -0.388332 -0.008240
v 0.099498 -0.388132 -0.008240
v 0.099498 -0.388132 0.008240
v 0.094732 -0.388132 -0.008240
v 0.113798 -0.388132 -0.010762
v 0.112374 -0.389556 -0.009956
v 0.112210 -0.389722 -0.008240
v 0.075666 -0.388132 -0.010762
v 0.077088 -0.389556 -0.009956
v 0.089966 -0.388132 -0.008240
v 0.080630 -0.388332 -0.008240
v 0.080630 -0.388332 0.008240
v 0.077254 -0.389722 -0.008240
v 0.032766 -0.407198 -0.008240
v 0.023432 -0.407000 -0.008240
v 0.023432 -0.407000 0.008240
v 0.037532 -0.407000 -0.009932
v 0.037532 -0.407198 -0.008240
v 0.170998 -0.407000 -0.009932
v 0.185098 -0.407000 -0.008240
v 0.175764 -0.407198 -0.008240
v 0.175764 -0.407198 0.008240
v 0.170998 -0.407198 -0.008240
v 0.151930 -0.407000 -0.009932
v 0.166230 -0.407198 -0.008240
v 0.156698 -0.407198 -0.008240
v 0.156698 -0.407198 0.008240
v 0.151930 -0.407198 -0.008240
v 0.132864 -0.407000 -0.009932
v 0.147164 -0.407198 -0.008240
v 0.137632 -0.407198 -0.008240
v 0.137632 -0.407198 0.008240
v 0.132864 -0.407198 -0.008240
v 0.115524 -0.405474 -0.009880
v 0.128098 -0.407198 -0.008240
v 0.118764 -0.407000 -0.008240
v 0.118764 -0.407000 0.008240
v 0.115386 -0.405610 -0.008240
v 0.056600 -0.407000 -0.009932
v 0.070700 -0.407000 -0.008240
v 0.061366 -0.407198 -0.008240
v 0.061366 -0.407198 0.008240
v 0.056600 -0.407198 -0.008240
v 0.073282 -0.404816 -0.010178
v 0.073940 -0.405474 -0.009880
v 0.074076 -0.405610 -0.008240
v 0.051832 -0.407198 -0.008240
v 0.042300 -0.407198 -0.008240
v 0.042300 -0.407198 0.008240
v 0.170798 -0.345034 -0.008240
v 0.171196 -0.335898 -0.008240
v 0.171196 -0.335898 0.008240
v 0.113600 -0.335898 -0.008240
v 0.113996 -0.345034 -0.008240
v 0.094534 -0.345034 -0.008240
v 0.094930 -0.335898 -0.008240
v 0.094930 -0.335898 0.008240
v 0.075466 -0.335898 -0.008240
v 0.075864 -0.345034 -0.008240
v 0.056600 -0.345234 -0.008240
v 0.056798 -0.335898 -0.008240
v 0.056798 -0.335898 0.008240
v 0.056798 -0.350000 -0.009932
v 0.056600 -0.350000 -0.008240
v 0.037144 -0.335924 -0.009918
v 0.037334 -0.335898 -0.008240
v 0.151732 -0.364102 -0.008240
v 0.152130 -0.354966 -0.008240
v 0.152130 -0.354966 0.008240
v 0.132666 -0.354966 -0.008240
v 0.133064 -0.364102 -0.008240
v 0.056400 -0.364102 -0.008240
v 0.056600 -0.354766 -0.008240
v 0.056600 -0.354766 0.008240
v 0.037532 -0.364134 -0.009938
v 0.037732 -0.364102 -0.008240
v 0.037732 -0.364102 0.008240
v 0.037532 -0.364134 0.009938
v 0.113996 -0.402234 -0.008240
v 0.113600 -0.393098 -0.008240
v 0.113600 -0.393098 0.008240
v 0.075466 -0.402234 -0.008240
v 0.075466 -0.402234 0.008240
v 0.075864 -0.393098 -0.008240
v 0.018466 -0.392900 0.008240
v 0.189864 -0.402234 0.008240
v 0.036110 -0.364266 0.010574
v 0.018666 -0.335898 0.008240
v 0.133064 -0.364102 0.008240
v 0.075666 -0.354800 0.011244
v 0.190064 -0.364300 0.008240
v 0.075864 -0.345034 0.008240
v 0.113996 -0.345034 0.008240
v 0.190064 -0.345234 0.008240
v 0.051634 -0.368868 0.008240
v 0.070700 -0.331132 0.008240
v 0.127900 -0.350198 0.008240
v 0.146966 -0.368868 0.008240
v 0.166032 -0.349802 0.008240
v 0.185098 -0.331132 0.008240
v 0.032568 -0.331132 0.008240
v 0.089766 -0.349802 0.008240
v 0.108832 -0.331132 0.008240
v 0.170998 -0.392900 0.011300
v 0.151930 -0.392900 0.011300
v 0.020056 -0.388132 0.010552
v 0.056600 -0.392900 0.011300
v 0.132864 -0.392900 0.011300
v 0.056600 -0.388132 0.011300
v 0.170998 -0.354800 0.011244
v 0.037532 -0.392900 0.011300
v 0.042300 -0.392900 -0.011300
v 0.118730 -0.392900 -0.011212
v 0.094732 -0.354800 0.011244
v 0.113798 -0.354800 0.011244
v 0.061564 -0.354766 -0.011206
v 0.156922 -0.354990 -0.011116
v 0.061590 -0.335924 -0.011116
v 0.099722 -0.335924 -0.011116
v 0.175988 -0.335924 -0.011116
v 0.023458 -0.335924 -0.011116
v 0.051832 -0.388132 -0.011300
v 0.056600 -0.388132 -0.011300
v 0.070866 -0.388132 -0.011244
v 0.061366 -0.388132 -0.011300
v 0.128098 -0.388132 -0.011300
v 0.118598 -0.388132 -0.011244
v 0.132864 -0.388132 -0.011300
v 0.147164 -0.388132 -0.011300
v 0.137632 -0.388132 -0.011300
v 0.151930 -0.388132 -0.011300
v 0.166230 -0.388132 -0.011300
v 0.156698 -0.388132 -0.011300
v 0.170998 -0.388132 -0.011300
v 0.185098 -0.388132 -0.011206
v 0.175764 -0.388132 -0.011300
v 0.070898 -0.369066 -0.011300
v 0.089966 -0.369066 -0.011300
v 0.109032 -0.369066 -0.011300
v 0.128064 -0.369066 -0.011244
v 0.166230 -0.369066 -0.011300
v 0.023432 -0.388132 -0.011206
v 0.185098 -0.369066 -0.011206
v 0.070866 -0.350000 -0.011244
v 0.108998 -0.350000 -0.011244
v 0.185098 -0.350000 -0.011206
v 0.032766 -0.388132 -0.011300
v 0.032734 -0.369066 -0.011244
v 0.023432 -0.470636 -0.011206
v 0.020056 -0.470636 -0.010552
v 0.020056 -0.465870 -0.010552
v 0.023432 -0.465870 -0.011206
v 0.035808 -0.498934 -0.010488
v 0.032542 -0.499012 -0.011116
v 0.032600 -0.470636 -0.011212
v 0.036110 -0.470670 -0.010574
v 0.189864 -0.465870 0.009932
v 0.190064 -0.465870 0.008240
v 0.190064 -0.446804 0.008240
v 0.189864 -0.446804 0.009932
v 0.023458 -0.432728 -0.011116
v 0.020192 -0.432806 -0.010488
v 0.020850 -0.430120 -0.010178
v 0.023534 -0.429462 -0.010488
v 0.037532 -0.442036 -0.011300
v 0.032766 -0.442036 -0.011300
v 0.032766 -0.432702 -0.011206
v 0.037532 -0.432702 -0.011206
v 0.175930 -0.489702 -0.011212
v 0.172420 -0.489736 -0.010574
v 0.170998 -0.484936 -0.010762
v 0.175796 -0.484936 -0.011244
v 0.188474 -0.489702 -0.010552
v 0.188338 -0.498934 -0.010488
v 0.185072 -0.499012 -0.011116
v 0.185098 -0.489702 -0.011206
v 0.099664 -0.489702 -0.011212
v 0.096156 -0.489736 -0.010574
v 0.094732 -0.484936 -0.010762
v 0.099532 -0.484936 -0.011244
v 0.112074 -0.498934 -0.010488
v 0.108808 -0.499012 -0.011116
v 0.108866 -0.489702 -0.011212
v 0.112374 -0.489736 -0.010574
v 0.061564 -0.489702 -0.011206
v 0.058188 -0.489702 -0.010552
v 0.058188 -0.484936 -0.010552
v 0.061564 -0.484936 -0.011206
v 0.073940 -0.498934 -0.010488
v 0.070674 -0.499012 -0.011116
v 0.070734 -0.489702 -0.011212
v 0.074242 -0.489736 -0.010574
v 0.175764 -0.470636 -0.011300
v 0.170998 -0.470636 -0.011300
v 0.170998 -0.465870 -0.011300
v 0.175764 -0.465870 -0.011300
v 0.188474 -0.470636 -0.010552
v 0.188474 -0.480170 -0.010552
v 0.185098 -0.480170 -0.011206
v 0.185098 -0.470636 -0.011206
v 0.175764 -0.480170 -0.011290
v 0.170998 -0.480136 -0.011244
v 0.156862 -0.470636 -0.011212
v 0.153354 -0.470670 -0.010574
v 0.151930 -0.465870 -0.010762
v 0.156730 -0.465870 -0.011244
v 0.166230 -0.480004 -0.011212
v 0.166230 -0.470636 -0.011300
v 0.118564 -0.470636 -0.011300
v 0.113798 -0.470636 -0.011300
v 0.113798 -0.465870 -0.011300
v 0.118564 -0.465870 -0.011300
v 0.131140 -0.479868 -0.010488
v 0.127874 -0.479946 -0.011116
v 0.127932 -0.470636 -0.011212
v 0.131442 -0.470670 -0.010574
v 0.118564 -0.480004 -0.011212
v 0.113798 -0.480136 -0.011244
v 0.099498 -0.470636 -0.011300
v 0.094732 -0.470636 -0.011300
v 0.094732 -0.465870 -0.011300
v 0.099498 -0.465870 -0.011300
v 0.109032 -0.480170 -0.011290
v 0.109032 -0.470636 -0.011300
v 0.099498 -0.480170 -0.011290
v 0.094732 -0.480136 -0.011244
v 0.080432 -0.470636 -0.011300
v 0.075666 -0.470636 -0.011300
v 0.075666 -0.465870 -0.011300
v 0.080432 -0.465870 -0.011300
v 0.089966 -0.480004 -0.011212
v 0.089966 -0.470636 -0.011300
v 0.080432 -0.480004 -0.011212
v 0.075666 -0.480136 -0.011244
v 0.061532 -0.470636 -0.011212
v 0.058022 -0.470670 -0.010574
v 0.056600 -0.465870 -0.010762
v 0.061398 -0.465870 -0.011244
v 0.070898 -0.480170 -0.011290
v 0.070898 -0.470636 -0.011300
v 0.175764 -0.432702 -0.011206
v 0.170998 -0.432702 -0.011206
v 0.170998 -0.429326 -0.010552
v 0.175764 -0.429326 -0.010552
v 0.188338 -0.432806 -0.010488
v 0.188474 -0.442036 -0.010552
v 0.185098 -0.442036 -0.011206
v 0.185072 -0.432728 -0.011116
v 0.175764 -0.442036 -0.011300
v 0.170998 -0.442036 -0.011300
v 0.156698 -0.432702 -0.011206
v 0.151930 -0.432702 -0.011206
v 0.151930 -0.429326 -0.010552
v 0.156698 -0.429326 -0.010552
v 0.166230 -0.442036 -0.011300
v 0.166230 -0.432702 -0.011206
v 0.156698 -0.442036 -0.011300
v 0.151930 -0.442036 -0.011300
v 0.137630 -0.432702 -0.011206
v 0.132864 -0.432702 -0.011206
v 0.132864 -0.429326 -0.010552
v 0.137630 -0.429326 -0.010552
v 0.147164 -0.442036 -0.011300
v 0.147164 -0.432702 -0.011206
v 0.137630 -0.442036 -0.011300
v 0.132864 -0.442036 -0.011300
v 0.118790 -0.432728 -0.011116
v 0.115524 -0.432806 -0.010488
v 0.116182 -0.430120 -0.010178
v 0.118866 -0.429462 -0.010488
v 0.128098 -0.442036 -0.011300
v 0.128098 -0.432702 -0.011206
v 0.023432 -0.442036 -0.011206
v 0.020056 -0.442036 -0.010552
v 0.061366 -0.432702 -0.011206
v 0.056600 -0.432702 -0.011206
v 0.056600 -0.429326 -0.010552
v 0.061366 -0.429326 -0.010552
v 0.074242 -0.442004 -0.010574
v 0.070734 -0.442036 -0.011212
v 0.070674 -0.432728 -0.011116
v 0.073940 -0.432806 -0.010488
v 0.061366 -0.442036 -0.011300
v 0.056600 -0.442036 -0.011300
v 0.042300 -0.432702 -0.011206
v 0.037532 -0.429326 -0.010552
v 0.042300 -0.429326 -0.010552
v 0.051832 -0.442036 -0.011300
v 0.051832 -0.432702 -0.011206
v 0.032464 -0.502278 0.010488
v 0.032542 -0.499012 0.011116
v 0.023458 -0.499012 0.011116
v 0.023534 -0.502278 0.010488
v 0.032600 -0.470636 0.011212
v 0.032734 -0.465870 0.011244
v 0.023432 -0.465870 0.011206
v 0.023432 -0.470636 0.011206
v 0.020056 -0.465870 0.010552
v 0.020056 -0.470636 0.010552
v 0.042300 -0.446804 -0.011300
v 0.042332 -0.464446 -0.010574
v 0.037532 -0.465870 -0.010762
v 0.037532 -0.446804 -0.011300
v 0.032766 -0.432702 0.011206
v 0.032766 -0.429326 0.010552
v 0.023534 -0.429462 0.010488
v 0.023458 -0.432728 0.011116
v 0.032766 -0.442036 0.011300
v 0.023432 -0.442036 0.011206
v 0.020850 -0.430120 0.010178
v 0.020192 -0.432806 0.010488
v 0.023432 -0.446804 0.011206
v 0.032766 -0.446804 0.011300
v 0.185098 -0.489702 0.011206
v 0.185098 -0.484936 0.011206
v 0.175796 -0.484936 0.011244
v 0.175930 -0.489702 0.011212
v 0.185072 -0.499012 0.011116
v 0.175988 -0.499012 0.011116
v 0.170998 -0.484936 0.010762
v 0.172420 -0.489736 0.010574
v 0.184996 -0.502278 0.010488
v 0.176066 -0.502278 0.010488
v 0.108866 -0.489702 0.011212
v 0.108998 -0.484936 0.011244
v 0.099532 -0.484936 0.011244
v 0.099664 -0.489702 0.011212
v 0.108808 -0.499012 0.011116
v 0.099722 -0.499012 0.011116
v 0.094732 -0.484936 0.010762
v 0.096156 -0.489736 0.010574
v 0.108730 -0.502278 0.010488
v 0.099800 -0.502278 0.010488
v 0.070734 -0.489702 0.011212
v 0.070866 -0.484936 0.011244
v 0.061564 -0.484936 0.011206
v 0.061564 -0.489702 0.011206
v 0.070674 -0.499012 0.011116
v 0.061590 -0.499012 0.011116
v 0.058188 -0.484936 0.010552
v 0.058188 -0.489702 0.010552
v 0.070598 -0.502278 0.010488
v 0.061668 -0.502278 0.010488
v 0.185098 -0.470636 0.011206
v 0.185098 -0.465870 0.011206
v 0.175764 -0.465870 0.011300
v 0.175764 -0.470636 0.011300
v 0.185098 -0.480170 0.011206
v 0.175764 -0.480170 0.011290
v 0.170998 -0.465870 0.011300
v 0.170998 -0.470636 0.011300
v 0.166230 -0.470636 0.011300
v 0.166230 -0.465870 0.011300
v 0.156730 -0.465870 0.011244
v 0.156862 -0.470636 0.011212
v 0.166230 -0.480004 0.011212
v 0.156922 -0.479946 0.011116
v 0.151930 -0.465870 0.010762
v 0.153354 -0.470670 0.010574
v 0.156998 -0.483212 0.010488
v 0.166198 -0.483512 0.010574
v 0.127932 -0.470636 0.011212
v 0.128064 -0.465870 0.011244
v 0.118564 -0.465870 0.011300
v 0.118564 -0.470636 0.011300
v 0.127874 -0.479946 0.011116
v 0.118564 -0.480004 0.011212
v 0.113798 -0.465870 0.011300
v 0.113798 -0.470636 0.011300
v 0.118598 -0.483512 0.010574
v 0.127796 -0.483212 0.010488
v 0.109032 -0.470636 0.011300
v 0.109032 -0.465870 0.011300
v 0.099498 -0.465870 0.011300
v 0.099498 -0.470636 0.011300
v 0.109032 -0.480170 0.011290
v 0.099498 -0.480170 0.011290
v 0.094732 -0.465870 0.011300
v 0.094732 -0.470636 0.011300
v 0.089966 -0.470636 0.011300
v 0.089966 -0.465870 0.011300
v 0.080432 -0.465870 0.011300
v 0.080432 -0.470636 0.011300
v 0.089966 -0.480004 0.011212
v 0.080432 -0.480004 0.011212
v 0.075666 -0.465870 0.011300
v 0.075666 -0.470636 0.011300
v 0.080466 -0.483512 0.010574
v 0.089932 -0.483512 0.010574
v 0.070898 -0.470636 0.011300
v 0.070898 -0.465870 0.011300
v 0.061398 -0.465870 0.011244
v 0.061532 -0.470636 0.011212
v 0.070898 -0.480170 0.011290
v 0.061564 -0.480170 0.011206
v 0.056600 -0.465870 0.010762
v 0.058022 -0.470670 0.010574
v 0.037532 -0.465870 0.010762
v 0.037532 -0.446804 0.011300
v 0.188474 -0.465870 0.010552
v 0.188474 -0.446804 0.010552
v 0.185098 -0.446804 0.011206
v 0.170998 -0.446804 0.011300
v 0.166230 -0.446804 0.011300
v 0.147132 -0.464446 0.010574
v 0.151930 -0.446804 0.011300
v 0.147164 -0.446804 0.011300
v 0.132864 -0.465870 0.010762
v 0.132864 -0.446804 0.011300
v 0.128098 -0.446804 0.011300
v 0.113798 -0.446804 0.010762
v 0.108998 -0.448226 0.010574
v 0.094732 -0.448392 0.010552
v 0.089966 -0.448392 0.010552
v 0.075666 -0.446804 0.010762
v 0.070866 -0.446804 0.011244
v 0.185072 -0.432728 0.011116
v 0.184996 -0.429462 0.010488
v 0.175764 -0.429326 0.010552
v 0.175764 -0.432702 0.011206
v 0.185098 -0.442036 0.011206
v 0.175764 -0.442036 0.011300
v 0.170998 -0.429326 0.010552
v 0.170998 -0.432702 0.011206
v 0.175764 -0.446804 0.011300
v 0.166230 -0.432702 0.011206
v 0.166230 -0.429326 0.010552
v 0.156698 -0.429326 0.010552
v 0.156698 -0.432702 0.011206
v 0.166230 -0.442036 0.011300
v 0.156698 -0.442036 0.011300
v 0.151930 -0.429326 0.010552
v 0.151930 -0.432702 0.011206
v 0.156698 -0.446804 0.011300
v 0.147164 -0.432702 0.011206
v 0.147164 -0.429326 0.010552
v 0.137630 -0.429326 0.010552
v 0.137632 -0.432702 0.011206
v 0.147164 -0.442036 0.011300
v 0.137630 -0.442036 0.011300
v 0.132864 -0.429326 0.010552
v 0.132864 -0.432702 0.011206
v 0.137632 -0.446804 0.011300
v 0.128098 -0.432702 0.011206
v 0.128098 -0.429326 0.010552
v 0.118866 -0.429462 0.010488
v 0.118790 -0.432728 0.011116
v 0.128098 -0.442036 0.011300
v 0.118730 -0.442036 0.011212
v 0.116182 -0.430120 0.010178
v 0.115524 -0.432806 0.010488
v 0.118598 -0.446804 0.011244
v 0.070674 -0.432728 0.011116
v 0.070598 -0.429462 0.010488
v 0.061366 -0.429326 0.010552
v 0.061366 -0.432702 0.011206
v 0.070734 -0.442036 0.011212
v 0.061366 -0.442036 0.011300
v 0.056600 -0.429326 0.010552
v 0.056600 -0.432702 0.011206
v 0.061366 -0.446804 0.011300
v 0.051832 -0.432702 0.011206
v 0.051832 -0.429326 0.010552
v 0.042300 -0.429326 0.010552
v 0.042300 -0.432702 0.011206
v 0.051832 -0.442036 0.011300
v 0.042300 -0.442036 0.011300
v 0.037532 -0.429326 0.010552
v 0.037532 -0.432702 0.011206
v 0.042300 -0.446804 0.011300
v 0.051832 -0.446804 0.011300
v 0.185072 -0.503612 0.009918
v 0.175988 -0.503612 0.009918
v 0.175962 -0.503804 0.008240
v 0.172722 -0.502278 0.009880
v 0.172586 -0.502414 0.008240
v 0.173380 -0.501620 0.010178
v 0.032542 -0.503612 0.009918
v 0.023458 -0.503612 0.009918
v 0.023432 -0.503804 0.008240
v 0.020192 -0.502278 0.009880
v 0.020056 -0.502414 0.008240
v 0.020850 -0.501620 0.010178
v 0.070674 -0.503612 0.009918
v 0.061590 -0.503612 0.009918
v 0.061564 -0.503804 0.008240
v 0.058324 -0.502278 0.009880
v 0.058188 -0.502414 0.008240
v 0.058982 -0.501620 0.010178
v 0.108808 -0.503612 0.009918
v 0.099722 -0.503612 0.009918
v 0.099698 -0.503804 0.008240
v 0.096456 -0.502278 0.009878
v 0.096320 -0.502414 0.008240
v 0.097116 -0.501620 0.010178
v 0.189864 -0.489702 0.009932
v 0.188474 -0.489702 0.010552
v 0.188338 -0.498934 0.010488
v 0.189674 -0.499012 0.009918
v 0.189864 -0.499038 0.008240
v 0.188338 -0.502278 0.009880
v 0.188474 -0.502414 0.008240
v 0.187680 -0.501620 0.010178
v 0.189864 -0.470636 0.009932
v 0.188474 -0.470636 0.010552
v 0.188474 -0.480170 0.010552
v 0.189864 -0.480170 0.009932
v 0.190064 -0.480170 0.008240
v 0.189864 -0.484936 0.009932
v 0.190064 -0.484936 0.008240
v 0.188474 -0.484936 0.010552
v 0.189674 -0.432728 0.009918
v 0.188338 -0.432806 0.010488
v 0.188474 -0.442036 0.010552
v 0.189864 -0.442036 0.009932
v 0.190064 -0.442036 0.008240
v 0.018666 -0.442036 0.009932
v 0.020056 -0.442036 0.010552
v 0.018856 -0.432728 0.009918
v 0.018666 -0.432702 0.008240
v 0.020192 -0.429462 0.009880
v 0.020056 -0.429326 0.008240
v 0.018856 -0.499012 0.009918
v 0.020192 -0.498934 0.010488
v 0.018666 -0.470636 0.009932
v 0.018466 -0.470636 0.008240
v 0.018666 -0.465870 0.009932
v 0.018466 -0.465870 0.008240
v 0.166064 -0.484936 0.009938
v 0.156922 -0.484546 0.009918
v 0.156896 -0.484738 0.008240
v 0.153656 -0.483212 0.009880
v 0.153520 -0.483348 0.008240
v 0.154314 -0.482552 0.010178
v 0.127874 -0.484546 0.009918
v 0.118730 -0.484936 0.009938
v 0.118764 -0.485134 0.008240
v 0.115222 -0.486360 0.009956
v 0.115386 -0.486524 0.008240
v 0.113798 -0.484936 0.010762
v 0.089800 -0.484936 0.009938
v 0.080598 -0.484936 0.009938
v 0.080630 -0.485134 0.008240
v 0.077088 -0.486360 0.009956
v 0.077254 -0.486526 0.008240
v 0.075666 -0.484936 0.010762
v 0.146998 -0.465870 0.009938
v 0.137664 -0.464446 0.010574
v 0.137796 -0.465870 0.009938
v 0.137830 -0.466068 0.008240
v 0.134288 -0.467294 0.009956
v 0.134454 -0.467458 0.008240
v 0.051668 -0.465870 0.009938
v 0.051800 -0.464446 0.010574
v 0.042332 -0.464446 0.010574
v 0.042464 -0.465870 0.009938
v 0.042498 -0.466068 0.008240
v 0.038956 -0.467294 0.009956
v 0.039122 -0.467458 0.008240
v 0.099498 -0.447002 0.009932
v 0.099498 -0.448392 0.010552
v 0.108866 -0.446804 0.009938
v 0.108832 -0.446604 0.008240
v 0.112374 -0.445380 0.009956
v 0.112210 -0.445214 0.008240
v 0.080598 -0.446804 0.009938
v 0.080466 -0.448226 0.010574
v 0.089966 -0.447002 0.009932
v 0.089966 -0.446804 0.008240
v 0.094732 -0.447002 0.009932
v 0.094732 -0.446804 0.008240
v 0.023458 -0.428128 0.009918
v 0.032766 -0.427936 0.009932
v 0.032766 -0.427738 0.008240
v 0.037532 -0.427936 0.009932
v 0.037532 -0.427738 0.008240
v 0.175764 -0.427936 0.009932
v 0.185072 -0.428128 0.009918
v 0.185098 -0.427936 0.008240
v 0.188338 -0.429462 0.009880
v 0.188474 -0.429326 0.008240
v 0.187680 -0.430120 0.010178
v 0.156698 -0.427936 0.009932
v 0.166230 -0.427936 0.009932
v 0.166230 -0.427738 0.008240
v 0.170998 -0.427936 0.009932
v 0.170998 -0.427738 0.008240
v 0.137630 -0.427936 0.009932
v 0.147164 -0.427936 0.009932
v 0.147164 -0.427738 0.008240
v 0.151930 -0.427936 0.009932
v 0.151930 -0.427738 0.008240
v 0.118790 -0.428128 0.009918
v 0.128098 -0.427936 0.009932
v 0.128098 -0.427738 0.008240
v 0.132864 -0.427936 0.009932
v 0.132864 -0.427738 0.008240
v 0.061366 -0.427936 0.009932
v 0.070674 -0.428128 0.009918
v 0.070700 -0.427936 0.008240
v 0.073940 -0.429462 0.009880
v 0.074076 -0.429326 0.008240
v 0.073282 -0.430120 0.010178
v 0.042300 -0.427936 0.009932
v 0.051832 -0.427936 0.009932
v 0.051832 -0.427738 0.008240
v 0.056600 -0.427936 0.009932
v 0.056600 -0.427738 0.008240
v 0.171386 -0.499012 0.009918
v 0.172722 -0.498934 0.010488
v 0.170998 -0.489868 0.009938
v 0.170798 -0.489902 0.008240
v 0.169574 -0.486360 0.009956
v 0.169408 -0.486524 0.008240
v 0.113798 -0.489868 0.009938
v 0.112374 -0.489736 0.010574
v 0.112074 -0.498934 0.010488
v 0.113408 -0.499012 0.009918
v 0.113600 -0.499038 0.008240
v 0.112074 -0.502278 0.009880
v 0.112210 -0.502414 0.008240
v 0.111414 -0.501620 0.010178
v 0.095122 -0.499012 0.009918
v 0.096456 -0.498934 0.010488
v 0.094732 -0.489868 0.009938
v 0.094534 -0.489902 0.008240
v 0.093308 -0.486360 0.009956
v 0.093142 -0.486524 0.008240
v 0.075666 -0.489868 0.009938
v 0.074242 -0.489736 0.010574
v 0.073940 -0.498934 0.010488
v 0.075276 -0.499012 0.009918
v 0.075466 -0.499038 0.008240
v 0.073940 -0.502278 0.009880
v 0.074076 -0.502414 0.008240
v 0.073282 -0.501620 0.010178
v 0.056990 -0.499012 0.009918
v 0.058324 -0.498934 0.010488
v 0.056798 -0.489702 0.009932
v 0.056600 -0.489702 0.008240
v 0.056798 -0.484936 0.009932
v 0.056600 -0.484936 0.008240
v 0.037334 -0.499038 0.008240
v 0.037144 -0.499012 0.009918
v 0.035808 -0.502278 0.009880
v 0.035944 -0.502414 0.008240
v 0.035808 -0.498934 0.010488
v 0.035150 -0.501620 0.010178
v 0.152320 -0.479946 0.009918
v 0.153656 -0.479868 0.010488
v 0.151930 -0.470802 0.009938
v 0.151732 -0.470834 0.008240
v 0.150508 -0.467294 0.009956
v 0.150342 -0.467458 0.008240
v 0.132864 -0.470802 0.009938
v 0.131442 -0.470670 0.010574
v 0.131140 -0.479868 0.010488
v 0.132474 -0.479946 0.009918
v 0.132666 -0.479970 0.008240
v 0.131140 -0.483212 0.009880
v 0.131276 -0.483348 0.008240
v 0.130482 -0.482552 0.010178
v 0.056798 -0.480170 0.009932
v 0.058188 -0.480170 0.010552
v 0.056600 -0.470802 0.009938
v 0.056400 -0.470836 0.008240
v 0.055176 -0.467294 0.009956
v 0.055010 -0.467458 0.008240
v 0.113798 -0.441872 0.009938
v 0.115222 -0.442004 0.010574
v 0.114188 -0.432728 0.009918
v 0.113996 -0.432702 0.008240
v 0.115524 -0.429462 0.009880
v 0.115386 -0.429326 0.008240
v 0.075276 -0.432728 0.009918
v 0.073940 -0.432806 0.010488
v 0.074242 -0.442004 0.010574
v 0.075666 -0.441872 0.009938
v 0.075864 -0.441838 0.008240
v 0.077088 -0.445380 0.009956
v 0.077254 -0.445214 0.008240
v 0.075276 -0.432728 -0.009918
v 0.075666 -0.441872 -0.009938
v 0.115222 -0.442004 -0.010574
v 0.113798 -0.441872 -0.009938
v 0.114188 -0.432728 -0.009918
v 0.058188 -0.480170 -0.010552
v 0.056798 -0.480170 -0.009932
v 0.056600 -0.470802 -0.009938
v 0.132864 -0.470802 -0.009938
v 0.132474 -0.479946 -0.009918
v 0.153656 -0.479868 -0.010488
v 0.152320 -0.479946 -0.009918
v 0.151930 -0.470802 -0.009938
v 0.058324 -0.498934 -0.010488
v 0.056990 -0.499012 -0.009918
v 0.056798 -0.489702 -0.009932
v 0.075666 -0.489868 -0.009938
v 0.075276 -0.499012 -0.009918
v 0.096456 -0.498934 -0.010488
v 0.095122 -0.499012 -0.009918
v 0.094732 -0.489868 -0.009938
v 0.113798 -0.489868 -0.009938
v 0.113408 -0.499012 -0.009918
v 0.172722 -0.498934 -0.010488
v 0.171386 -0.499012 -0.009918
v 0.170998 -0.489868 -0.009938
v 0.042300 -0.427936 -0.009932
v 0.051832 -0.427936 -0.009932
v 0.051832 -0.429326 -0.010552
v 0.061366 -0.427936 -0.009932
v 0.070674 -0.428128 -0.009918
v 0.070598 -0.429462 -0.010488
v 0.118790 -0.428128 -0.009918
v 0.128098 -0.427936 -0.009932
v 0.128098 -0.429326 -0.010552
v 0.137630 -0.427936 -0.009932
v 0.147164 -0.427936 -0.009932
v 0.147164 -0.429326 -0.010552
v 0.156698 -0.427936 -0.009932
v 0.166230 -0.427936 -0.009932
v 0.166230 -0.429326 -0.010552
v 0.175764 -0.427936 -0.009932
v 0.185072 -0.428128 -0.009918
v 0.184996 -0.429462 -0.010488
v 0.023458 -0.428128 -0.009918
v 0.032766 -0.427936 -0.009932
v 0.032766 -0.429326 -0.010552
v 0.080466 -0.448226 -0.010574
v 0.080598 -0.446804 -0.009938
v 0.089966 -0.447002 -0.009932
v 0.089966 -0.448392 -0.010552
v 0.099498 -0.448392 -0.010552
v 0.099498 -0.447002 -0.009932
v 0.108866 -0.446804 -0.009938
v 0.108998 -0.448226 -0.010574
v 0.051800 -0.464446 -0.010574
v 0.051668 -0.465870 -0.009938
v 0.042464 -0.465870 -0.009938
v 0.137664 -0.464446 -0.010574
v 0.147132 -0.464446 -0.010574
v 0.146998 -0.465870 -0.009938
v 0.137796 -0.465870 -0.009938
v 0.080466 -0.483512 -0.010574
v 0.089932 -0.483512 -0.010574
v 0.089800 -0.484936 -0.009938
v 0.080598 -0.484936 -0.009938
v 0.118598 -0.483512 -0.010574
v 0.127796 -0.483212 -0.010488
v 0.127874 -0.484546 -0.009918
v 0.118730 -0.484936 -0.009938
v 0.156998 -0.483212 -0.010488
v 0.166198 -0.483512 -0.010574
v 0.166064 -0.484936 -0.009938
v 0.156922 -0.484546 -0.009918
v 0.020192 -0.498934 -0.010488
v 0.018856 -0.499012 -0.009918
v 0.018666 -0.470636 -0.009932
v 0.018666 -0.442036 -0.009932
v 0.018856 -0.432728 -0.009918
v 0.189674 -0.432728 -0.009918
v 0.189864 -0.442036 -0.009932
v 0.189864 -0.470636 -0.009932
v 0.189864 -0.480170 -0.009932
v 0.189864 -0.489702 -0.009932
v 0.189674 -0.499012 -0.009918
v 0.108730 -0.502278 -0.010488
v 0.108808 -0.503612 -0.009918
v 0.099722 -0.503612 -0.009918
v 0.099800 -0.502278 -0.010488
v 0.070598 -0.502278 -0.010488
v 0.070674 -0.503612 -0.009918
v 0.061590 -0.503612 -0.009918
v 0.061668 -0.502278 -0.010488
v 0.032464 -0.502278 -0.010488
v 0.032542 -0.503612 -0.009918
v 0.023458 -0.503612 -0.009918
v 0.023534 -0.502278 -0.010488
v 0.184996 -0.502278 -0.010488
v 0.185072 -0.503612 -0.009918
v 0.175988 -0.503612 -0.009918
v 0.176066 -0.502278 -0.010488
v 0.187680 -0.501620 -0.010178
v 0.188338 -0.502278 -0.009880
v 0.185098 -0.503804 -0.008240
v 0.175962 -0.503804 -0.008240
v 0.188474 -0.502414 -0.008240
v 0.172722 -0.502278 -0.009880
v 0.173380 -0.501620 -0.010178
v 0.172586 -0.502414 -0.008240
v 0.020850 -0.501620 -0.010178
v 0.020192 -0.502278 -0.009880
v 0.020056 -0.502414 -0.008240
v 0.018666 -0.499038 -0.008240
v 0.035150 -0.501620 -0.010178
v 0.035808 -0.502278 -0.009880
v 0.032568 -0.503804 -0.008240
v 0.023432 -0.503804 -0.008240
v 0.035944 -0.502414 -0.008240
v 0.073282 -0.501620 -0.010178
v 0.073940 -0.502278 -0.009880
v 0.070700 -0.503804 -0.008240
v 0.061564 -0.503804 -0.008240
v 0.074076 -0.502414 -0.008240
v 0.058324 -0.502278 -0.009880
v 0.058982 -0.501620 -0.010178
v 0.058188 -0.502414 -0.008240
v 0.111414 -0.501620 -0.010178
v 0.112074 -0.502278 -0.009880
v 0.108832 -0.503804 -0.008240
v 0.099698 -0.503804 -0.008240
v 0.112210 -0.502414 -0.008240
v 0.096456 -0.502278 -0.009878
v 0.097116 -0.501620 -0.010178
v 0.096320 -0.502414 -0.008240
v 0.188474 -0.484936 -0.010552
v 0.189864 -0.484936 -0.009932
v 0.190064 -0.489702 -0.008240
v 0.189864 -0.499038 -0.008240
v 0.190064 -0.484936 -0.008240
v 0.188474 -0.465870 -0.010552
v 0.189864 -0.465870 -0.009932
v 0.190064 -0.470636 -0.008240
v 0.190064 -0.480170 -0.008240
v 0.190064 -0.465870 -0.008240
v 0.188474 -0.446804 -0.010552
v 0.189864 -0.446804 -0.009932
v 0.190064 -0.446804 -0.008240
v 0.187680 -0.430120 -0.010178
v 0.188338 -0.429462 -0.009880
v 0.189864 -0.432702 -0.008240
v 0.190064 -0.442036 -0.008240
v 0.188474 -0.429326 -0.008240
v 0.020056 -0.446804 -0.010552
v 0.018666 -0.446804 -0.009932
v 0.018466 -0.442036 -0.008240
v 0.018666 -0.432702 -0.008240
v 0.018466 -0.446804 -0.008240
v 0.020192 -0.429462 -0.009880
v 0.020056 -0.429326 -0.008240
v 0.018666 -0.465870 -0.009932
v 0.018466 -0.465870 -0.008240
v 0.018666 -0.446804 0.009932
v 0.018466 -0.446804 0.008240
v 0.018466 -0.470636 -0.008240
v 0.169574 -0.486360 -0.009956
v 0.166032 -0.485134 -0.008240
v 0.156896 -0.484738 -0.008240
v 0.169408 -0.486524 -0.008240
v 0.153656 -0.483212 -0.009880
v 0.154314 -0.482552 -0.010178
v 0.153520 -0.483348 -0.008240
v 0.130482 -0.482552 -0.010178
v 0.131140 -0.483212 -0.009880
v 0.127900 -0.484738 -0.008240
v 0.118764 -0.485134 -0.008240
v 0.131276 -0.483348 -0.008240
v 0.115222 -0.486360 -0.009956
v 0.113798 -0.484936 -0.010762
v 0.115386 -0.486524 -0.008240
v 0.093308 -0.486360 -0.009956
v 0.089766 -0.485134 -0.008240
v 0.080630 -0.485134 -0.008240
v 0.093142 -0.486524 -0.008240
v 0.077088 -0.486360 -0.009956
v 0.075666 -0.484936 -0.010762
v 0.077254 -0.486526 -0.008240
v 0.150508 -0.467294 -0.009956
v 0.146966 -0.466068 -0.008240
v 0.137830 -0.466068 -0.008240
v 0.150342 -0.467458 -0.008240
v 0.134288 -0.467294 -0.009956
v 0.132864 -0.465870 -0.010762
v 0.134454 -0.467458 -0.008240
v 0.055176 -0.467294 -0.009956
v 0.051634 -0.466068 -0.008240
v 0.042498 -0.466068 -0.008240
v 0.055010 -0.467458 -0.008240
v 0.038956 -0.467294 -0.009956
v 0.039122 -0.467458 -0.008240
v 0.094732 -0.448392 -0.010552
v 0.094732 -0.447002 -0.009932
v 0.099498 -0.446804 -0.008240
v 0.108832 -0.446604 -0.008240
v 0.099498 -0.446804 0.008240
v 0.094732 -0.446804 -0.008240
v 0.112374 -0.445380 -0.009956
v 0.113798 -0.446804 -0.010762
v 0.112210 -0.445214 -0.008240
v 0.075666 -0.446804 -0.010762
v 0.077088 -0.445380 -0.009956
v 0.080630 -0.446604 -0.008240
v 0.089966 -0.446804 -0.008240
v 0.080630 -0.446604 0.008240
v 0.077254 -0.445214 -0.008240
v 0.023432 -0.427936 -0.008240
v 0.032766 -0.427738 -0.008240
v 0.023432 -0.427936 0.008240
v 0.037532 -0.427936 -0.009932
v 0.037532 -0.427738 -0.008240
v 0.170998 -0.427936 -0.009932
v 0.175764 -0.427738 -0.008240
v 0.185098 -0.427936 -0.008240
v 0.175764 -0.427738 0.008240
v 0.170998 -0.427738 -0.008240
v 0.151930 -0.427936 -0.009932
v 0.156698 -0.427738 -0.008240
v 0.166230 -0.427738 -0.008240
v 0.156698 -0.427738 0.008240
v 0.151930 -0.427738 -0.008240
v 0.132864 -0.427936 -0.009932
v 0.137632 -0.427738 -0.008240
v 0.147164 -0.427738 -0.008240
v 0.137632 -0.427738 0.008240
v 0.132864 -0.427738 -0.008240
v 0.115524 -0.429462 -0.009880
v 0.118764 -0.427936 -0.008240
v 0.128098 -0.427738 -0.008240
v 0.118764 -0.427936 0.008240
v 0.115386 -0.429326 -0.008240
v 0.056600 -0.427936 -0.009932
v 0.061366 -0.427738 -0.008240
v 0.070700 -0.427936 -0.008240
v 0.061366 -0.427738 0.008240
v 0.056600 -0.427738 -0.008240
v 0.073940 -0.429462 -0.009880
v 0.073282 -0.430120 -0.010178
v 0.074076 -0.429326 -0.008240
v 0.042300 -0.427738 -0.008240
v 0.051832 -0.427738 -0.008240
v 0.042300 -0.427738 0.008240
v 0.171196 -0.499038 -0.008240
v 0.170798 -0.489902 -0.008240
v 0.171196 -0.499038 0.008240
v 0.113996 -0.489902 -0.008240
v 0.113600 -0.499038 -0.008240
v 0.094930 -0.499038 -0.008240
v 0.094534 -0.489902 -0.008240
v 0.094930 -0.499038 0.008240
v 0.075864 -0.489902 -0.008240
v 0.075466 -0.499038 -0.008240
v 0.056798 -0.499038 -0.008240
v 0.056600 -0.489702 -0.008240
v 0.056798 -0.499038 0.008240
v 0.056798 -0.484936 -0.009932
v 0.056600 -0.484936 -0.008240
v 0.037144 -0.499012 -0.009918
v 0.037334 -0.499038 -0.008240
v 0.152130 -0.479970 -0.008240
v 0.151732 -0.470834 -0.008240
v 0.152130 -0.479970 0.008240
v 0.133064 -0.470836 -0.008240
v 0.132666 -0.479970 -0.008240
v 0.056600 -0.480170 -0.008240
v 0.056400 -0.470836 -0.008240
v 0.056600 -0.480170 0.008240
v 0.037532 -0.470802 -0.009938
v 0.037732 -0.470834 -0.008240
v 0.037732 -0.470836 0.008240
v 0.037532 -0.470802 0.009938
v 0.113600 -0.441838 -0.008240
v 0.113996 -0.432702 -0.008240
v 0.113600 -0.441838 0.008240
v 0.075466 -0.432702 -0.008240
v 0.075466 -0.432702 0.008240
v 0.075864 -0.441838 -0.008240
v 0.018466 -0.442036 0.008240
v 0.189864 -0.432702 0.008240
v 0.036110 -0.470670 0.010574
v 0.018666 -0.499038 0.008240
v 0.133064 -0.470836 0.008240
v 0.075666 -0.480136 0.011244
v 0.190064 -0.470636 0.008240
v 0.075864 -0.489902 0.008240
v 0.113996 -0.489902 0.008240
v 0.190064 -0.489702 0.008240
v 0.051634 -0.466068 0.008240
v 0.070700 -0.503804 0.008240
v 0.127900 -0.484738 0.008240
v 0.146966 -0.466068 0.008240
v 0.166032 -0.485134 0.008240
v 0.185098 -0.503804 0.008240
v 0.032568 -0.503804 0.008240
v 0.089766 -0.485134 0.008240
v 0.108832 -0.503804 0.008240
v 0.170998 -0.442036 0.011300
v 0.151930 -0.442036 0.011300
v 0.020056 -0.446804 0.010552
v 0.056600 -0.442036 0.011300
v 0.132864 -0.442036 0.011300
v 0.056600 -0.446804 0.011300
v 0.170998 -0.480136 0.011244
v 0.037532 -0.442036 0.011300
v 0.042300 -0.442036 -0.011300
v 0.118730 -0.442036 -0.011212
v 0.094732 -0.480136 0.011244
v 0.113798 -0.480136 0.011244
v 0.061564 -0.480170 -0.011206
v 0.156922 -0.479946 -0.011116
v 0.061590 -0.499012 -0.011116
v 0.099722 -0.499012 -0.011116
v 0.175988 -0.499012 -0.011116
v 0.023458 -0.499012 -0.011116
v 0.051832 -0.446804 -0.011300
v 0.056600 -0.446804 -0.011300
v 0.070866 -0.446804 -0.011244
v 0.061366 -0.446804 -0.011300
v 0.128098 -0.446804 -0.011300
v 0.118598 -0.446804 -0.011244
v 0.132864 -0.446804 -0.011300
v 0.147164 -0.446804 -0.011300
v 0.137632 -0.446804 -0.011300
v 0.151930 -0.446804 -0.011300
v 0.166230 -0.446804 -0.011300
v 0.156698 -0.446804 -0.011300
v 0.170998 -0.446804 -0.011300
v 0.185098 -0.446804 -0.011206
v 0.175764 -0.446804 -0.011300
v 0.070898 -0.465870 -0.011300
v 0.089966 -0.465870 -0.011300
v 0.109032 -0.465870 -0.011300
v 0.128064 -0.465870 -0.011244
v 0.166230 -0.465870 -0.011300
v 0.023432 -0.446804 -0.011206
v 0.185098 -0.465870 -0.011206
v 0.070866 -0.484936 -0.011244
v 0.108998 -0.484936 -0.011244
v 0.185098 -0.484936 -0.011206
v 0.032766 -0.446804 -0.011300
v 0.032734 -0.465870 -0.011244
vn -0.9278 0.3731 -0.0000
vn -1.0000 -0.0090 -0.0000
vn -0.9807 -0.0090 0.1951
vn -0.9100 0.3731 0.1810
vn -0.9782 -0.2076 -0.0000
vn -0.9594 -0.2076 0.1909
vn -0.9037 -0.2076 0.3744
vn -0.9238 -0.0090 0.3827
vn -0.8572 0.3730 0.3551
vn -0.8314 -0.0090 0.5555
vn -0.7714 0.3730 0.5155
vn -0.8134 -0.2077 0.5434
vn -0.6917 -0.2077 0.6917
vn -0.7071 -0.0089 0.7071
vn -0.6561 0.3730 0.6561
vn -0.5555 -0.0090 0.8314
vn -0.5155 0.3730 0.7714
vn -0.5434 -0.2077 0.8134
vn -0.3744 -0.2076 0.9037
vn -0.3827 -0.0090 0.9238
vn -0.3551 0.3730 0.8572
vn -0.1951 -0.0090 0.9807
vn -0.1810 0.3731 0.9100
vn -0.1909 -0.2076 0.9594
vn -0.0000 -0.2076 0.9782
vn -0.0000 -0.0090 1.0000
vn -0.0000 0.3731 0.9278
vn 0.1951 -0.0090 0.9807
vn 0.1810 0.3731 0.9100
vn 0.1909 -0.2076 0.9594
vn 0.3744 -0.2076 0.9037
vn 0.3827 -0.0090 0.9238
vn 0.3551 0.3730 0.8572
vn 0.5555 -0.0090 0.8314
vn 0.5155 0.3730 0.7714
vn 0.5434 -0.2077 0.8134
vn 0.6917 -0.2077 0.6917
vn 0.7071 -0.0089 0.7071
vn 0.6561 0.3730 0.6561
vn 0.8314 -0.0090 0.5555
vn 0.7714 0.3730 0.5155
vn 0.8134 -0.2077 0.5434
vn 0.9037 -0.2076 0.3744
vn 0.9238 -0.0090 0.3827
vn 0.8572 0.3730 0.3551
vn 0.9807 -0.0090 0.1951
vn 0.9100 0.3731 0.1810
vn 0.9594 -0.2076 0.1909
vn 0.9782 -0.2076 -0.0000
vn 1.0000 -0.0090 -0.0000
vn 0.9278 0.3731 -0.0000
vn 0.9807 -0.0090 -0.1951
vn 0.9100 0.3731 -0.1810
vn 0.9594 -0.2076 -0.1909
vn 0.9037 -0.2076 -0.3744
vn 0.9238 -0.0090 -0.3827
vn 0.8572 0.3730 -0.3551
vn 0.8314 -0.0090 -0.5555
vn 0.7714 0.3730 -0.5155
vn 0.8134 -0.2077 -0.5434
vn 0.6917 -0.2077 -0.6917
vn 0.7071 -0.0089 -0.7071
vn 0.6561 0.3730 -0.6561
vn 0.5555 -0.0090 -0.8314
vn 0.5155 0.3730 -0.7714
vn 0.5434 -0.2077 -0.8134
vn 0.3744 -0.2076 -0.9037
vn 0.3827 -0.0090 -0.9238
vn 0.3551 0.3730 -0.8572
vn 0.1951 -0.0090 -0.9807
vn 0.1810 0.3731 -0.9100
vn 0.1909 -0.2076 -0.9594
vn -0.0000 -0.2076 -0.9782
vn -0.0000 -0.0090 -1.0000
vn -0.0000 0.3731 -0.9278
vn -0.1951 -0.0090 -0.9807
vn -0.1810 0.3731 -0.9100
vn -0.1909 -0.2076 -0.9594
vn -0.3744 -0.2076 -0.9037
vn -0.3827 -0.0090 -0.9238
vn -0.3551 0.3730 -0.8572
vn -0.5555 -0.0090 -0.8314
vn -0.5155 0.3730 -0.7714
vn -0.5434 -0.2077 -0.8134
vn -0.6917 -0.2077 -0.6917
vn -0.7071 -0.0089 -0.7071
vn -0.6561 0.3730 -0.6561
vn -0.5543 -0.0683 0.8295
vn -0.3818 -0.0682 0.9217
vn -0.7055 -0.0678 0.7055
vn -0.7071 -0.0117 0.7071
vn -0.5555 -0.0117 0.8314
vn -0.3827 -0.0117 0.9238
vn -0.8314 -0.0090 -0.5555
vn -0.7714 0.3730 -0.5155
vn -0.8134 -0.2077 -0.5434
vn -0.9037 -0.2076 -0.3744
vn -0.9238 -0.0090 -0.3827
vn -0.8572 0.3730 -0.3551
vn -0.9807 -0.0090 -0.1951
vn -0.9100 0.3731 -0.1810
vn -0.9594 -0.2076 -0.1909
vn 0.3284 0.5133 0.7929
vn 0.4768 0.5134 0.7135
vn 0.4406 0.6092 0.6593
vn 0.3035 0.6092 0.7327
vn 0.6068 0.5135 0.6068
vn 0.5607 0.6093 0.5607
vn 0.6135 0.4973 0.6135
vn 0.4821 0.4971 0.7215
vn 0.3321 0.4973 0.8015
vn -0.7553 -0.5759 -0.3128
vn -0.7595 -0.5694 -0.3146
vn -0.8063 -0.5693 -0.1603
vn -0.8017 -0.5761 -0.1594
vn -0.9066 -0.1925 -0.3755
vn -0.9625 -0.1924 -0.1914
vn -0.9813 -0.1924 -0.0000
vn -0.8221 -0.5694 -0.0000
vn -0.8173 -0.5763 -0.0000
vn -0.5779 -0.5762 -0.5779
vn -0.5813 -0.5694 -0.5813
vn -0.6836 -0.5693 -0.4567
vn -0.6794 -0.5764 -0.4540
vn -0.6939 -0.1926 -0.6939
vn -0.8159 -0.1925 -0.5452
vn -0.3128 -0.5760 -0.7552
vn -0.3146 -0.5694 -0.7595
vn -0.4567 -0.5693 -0.6836
vn -0.4540 -0.5764 -0.6794
vn -0.3755 -0.1925 -0.9066
vn -0.5452 -0.1925 -0.8159
vn -0.0000 -0.5763 -0.8173
vn -0.0000 -0.5694 -0.8221
vn -0.1603 -0.5693 -0.8063
vn -0.1594 -0.5761 -0.8017
vn -0.0000 -0.1924 -0.9813
vn -0.1914 -0.1924 -0.9625
vn 0.3128 -0.5764 -0.7549
vn 0.3146 -0.5694 -0.7595
vn 0.1603 -0.5693 -0.8063
vn 0.1594 -0.5763 -0.8015
vn 0.3755 -0.1925 -0.9066
vn 0.1914 -0.1924 -0.9625
vn 0.5778 -0.5765 -0.5778
vn 0.5813 -0.5694 -0.5813
vn 0.4567 -0.5693 -0.6836
vn 0.4540 -0.5764 -0.6794
vn 0.6939 -0.1926 -0.6939
vn 0.5452 -0.1925 -0.8159
vn 0.7549 -0.5764 -0.3128
vn 0.7594 -0.5695 -0.3146
vn 0.6836 -0.5694 -0.4567
vn 0.6794 -0.5764 -0.4540
vn 0.9066 -0.1924 -0.3756
vn 0.8160 -0.1925 -0.5451
vn 0.8173 -0.5763 -0.0000
vn 0.8221 -0.5694 -0.0000
vn 0.8063 -0.5694 -0.1604
vn 0.8018 -0.5759 -0.1595
vn 0.9813 -0.1924 -0.0000
vn 0.9624 -0.1924 -0.1915
vn 0.7549 -0.5764 0.3128
vn 0.7595 -0.5694 0.3146
vn 0.8063 -0.5693 0.1603
vn 0.8015 -0.5763 0.1594
vn 0.9066 -0.1925 0.3755
vn 0.9625 -0.1924 0.1914
vn 0.5778 -0.5765 0.5778
vn 0.5813 -0.5694 0.5813
vn 0.6836 -0.5693 0.4567
vn 0.6794 -0.5764 0.4540
vn 0.6939 -0.1926 0.6939
vn 0.8159 -0.1925 0.5452
vn 0.3128 -0.5760 0.7552
vn 0.3146 -0.5694 0.7595
vn 0.4567 -0.5693 0.6836
vn 0.4540 -0.5764 0.6794
vn 0.3755 -0.1925 0.9066
vn 0.5452 -0.1925 0.8159
vn -0.0000 -0.5763 0.8173
vn -0.0000 -0.5694 0.8221
vn 0.1603 -0.5693 0.8063
vn 0.1594 -0.5761 0.8017
vn -0.0000 -0.1924 0.9813
vn 0.1914 -0.1924 0.9625
vn -0.3128 -0.5761 0.7551
vn -0.3146 -0.5694 0.7595
vn -0.1603 -0.5693 0.8063
vn -0.1594 -0.5763 0.8015
vn -0.3755 -0.1925 0.9066
vn -0.1914 -0.1924 0.9625
vn -0.5779 -0.5762 0.5779
vn -0.5813 -0.5694 0.5813
vn -0.4567 -0.5693 0.6836
vn -0.4540 -0.5764 0.6794
vn -0.6939 -0.1926 0.6939
vn -0.5452 -0.1925 0.8159
vn -0.7549 -0.5764 0.3128
vn -0.7595 -0.5694 0.3146
vn -0.6836 -0.5693 0.4567
vn -0.6794 -0.5764 0.4540
vn -0.9066 -0.1925 0.3755
vn -0.8159 -0.1925 0.5452
vn -0.8063 -0.5693 0.1603
vn -0.8018 -0.5759 0.1595
vn -0.9625 -0.1924 0.1914
vn -0.3827 -0.0009 0.9239
vn -0.5557 -0.0009 0.8314
vn -0.5554 -0.0232 0.8312
vn -0.3826 -0.0233 0.9236
vn -0.7071 -0.0009 0.7071
vn -0.7069 -0.0233 0.7069
vn -0.7017 -0.1230 0.7017
vn -0.5513 -0.1226 0.8253
vn -0.3798 -0.1230 0.9168
vn 0.9785 -0.0682 0.1946
vn 0.9977 -0.0681 -0.0000
vn 0.9217 -0.0682 0.3818
vn 0.9238 -0.0117 0.3827
vn 0.9807 -0.0117 0.1951
vn 0.9999 -0.0117 -0.0000
vn -0.9785 -0.0682 0.1946
vn -0.9217 -0.0682 0.3818
vn -0.9977 -0.0681 -0.0000
vn -0.9999 -0.0117 -0.0000
vn -0.9807 -0.0117 0.1951
vn -0.9238 -0.0117 0.3827
vn -0.1946 -0.0682 -0.9785
vn -0.3818 -0.0682 -0.9217
vn -0.0000 -0.0681 -0.9977
vn -0.0000 -0.0117 -0.9999
vn -0.1951 -0.0117 -0.9807
vn -0.3827 -0.0117 -0.9238
vn 0.5543 -0.0683 0.8295
vn 0.7055 -0.0678 0.7055
vn 0.3818 -0.0682 0.9217
vn 0.3827 -0.0117 0.9238
vn 0.5555 -0.0117 0.8314
vn 0.7071 -0.0117 0.7071
vn 0.5543 -0.0683 -0.8295
vn 0.3818 -0.0682 -0.9217
vn 0.7055 -0.0678 -0.7055
vn 0.7071 -0.0117 -0.7071
vn 0.5555 -0.0117 -0.8314
vn 0.3827 -0.0117 -0.9238
vn -0.9785 -0.0682 -0.1946
vn -0.9217 -0.0682 -0.3818
vn -0.9238 -0.0117 -0.3827
vn -0.9807 -0.0117 -0.1951
vn -0.1946 -0.0682 0.9785
vn -0.0000 -0.0681 0.9977
vn -0.1951 -0.0117 0.9807
vn -0.0000 -0.0117 0.9999
vn 0.9785 -0.0682 -0.1946
vn 0.9217 -0.0682 -0.3818
vn 0.9807 -0.0117 -0.1951
vn 0.9238 -0.0117 -0.3827
vn -0.5543 -0.0683 -0.8295
vn -0.7055 -0.0678 -0.7055
vn -0.5555 -0.0117 -0.8314
vn -0.7071 -0.0117 -0.7071
vn -0.8295 -0.0683 0.5543
vn -0.8314 -0.0117 0.5555
vn 0.8295 -0.0683 0.5543
vn 0.8314 -0.0117 0.5555
vn 0.1946 -0.0682 -0.9785
vn 0.1951 -0.0117 -0.9807
vn 0.1946 -0.0682 0.9785
vn 0.1951 -0.0117 0.9807
vn 0.8295 -0.0683 -0.5543
vn 0.8314 -0.0117 -0.5555
vn -0.8295 -0.0683 -0.5543
vn -0.8314 -0.0117 -0.5555
vn 0.9924 -0.1231 -0.0000
vn 0.9734 -0.1227 0.1936
vn 0.8864 -0.4280 0.1763
vn 0.9068 -0.4216 -0.0000
vn 0.9168 -0.1230 0.3798
vn 0.8378 -0.4215 0.3470
vn 0.3827 -0.0009 -0.9239
vn 0.5557 -0.0009 -0.8314
vn 0.5554 -0.0232 -0.8312
vn 0.3826 -0.0233 -0.9236
vn 0.7071 -0.0009 -0.7071
vn 0.7069 -0.0233 -0.7069
vn 0.7017 -0.1230 -0.7017
vn 0.5513 -0.1226 -0.8253
vn 0.3798 -0.1230 -0.9168
vn -0.0000 -0.0009 1.0000
vn -0.1950 -0.0009 0.9808
vn -0.1950 -0.0233 0.9805
vn -0.0000 -0.0233 0.9997
vn -0.1936 -0.1227 0.9734
vn -0.0000 -0.1231 0.9924
vn -0.0000 -0.0009 -1.0000
vn 0.1950 -0.0009 -0.9808
vn 0.1950 -0.0233 -0.9805
vn -0.0000 -0.0233 -0.9997
vn 0.1936 -0.1227 -0.9734
vn -0.0000 -0.1231 -0.9924
vn 0.3827 -0.0009 0.9239
vn 0.1950 -0.0009 0.9808
vn 0.1950 -0.0233 0.9805
vn 0.3826 -0.0233 0.9236
vn 0.1936 -0.1227 0.9734
vn 0.3798 -0.1230 0.9168
vn -0.3827 -0.0009 -0.9239
vn -0.1950 -0.0009 -0.9808
vn -0.1950 -0.0233 -0.9805
vn -0.3826 -0.0233 -0.9236
vn -0.1936 -0.1227 -0.9734
vn -0.3798 -0.1230 -0.9168
vn 0.7071 -0.0009 0.7071
vn 0.5557 -0.0009 0.8314
vn 0.5554 -0.0232 0.8312
vn 0.7069 -0.0233 0.7069
vn 0.5513 -0.1226 0.8253
vn 0.7017 -0.1230 0.7017
vn -0.7071 -0.0009 -0.7071
vn -0.5557 -0.0009 -0.8314
vn -0.5554 -0.0232 -0.8312
vn -0.7069 -0.0233 -0.7069
vn -0.5513 -0.1226 -0.8253
vn -0.7017 -0.1230 -0.7017
vn 0.9239 -0.0009 0.3827
vn 0.8314 -0.0009 0.5557
vn 0.8312 -0.0232 0.5554
vn 0.9236 -0.0233 0.3826
vn 0.8253 -0.1226 0.5513
vn -0.9239 -0.0009 -0.3827
vn -0.8314 -0.0009 -0.5557
vn -0.8312 -0.0232 -0.5554
vn -0.9236 -0.0233 -0.3826
vn -0.8253 -0.1226 -0.5513
vn -0.9168 -0.1230 -0.3798
vn 1.0000 -0.0009 -0.0000
vn 0.9808 -0.0009 0.1950
vn 0.9805 -0.0233 0.1950
vn 0.9997 -0.0233 -0.0000
vn -0.9239 -0.0009 0.3827
vn -0.9808 -0.0009 0.1950
vn -0.9805 -0.0233 0.1950
vn -0.9236 -0.0233 0.3826
vn -1.0000 -0.0009 -0.0000
vn -0.9997 -0.0233 -0.0000
vn -0.9924 -0.1231 -0.0000
vn -0.9734 -0.1227 0.1936
vn -0.9168 -0.1230 0.3798
vn -0.9808 -0.0009 -0.1950
vn -0.9805 -0.0233 -0.1950
vn -0.9734 -0.1227 -0.1936
vn 0.9239 -0.0009 -0.3827
vn 0.9808 -0.0009 -0.1950
vn 0.9805 -0.0233 -0.1950
vn 0.9236 -0.0233 -0.3826
vn 0.9734 -0.1227 -0.1936
vn 0.9168 -0.1230 -0.3798
vn -0.8314 -0.0009 0.5557
vn -0.8312 -0.0232 0.5554
vn -0.8253 -0.1226 0.5513
vn 0.8314 -0.0009 -0.5557
vn 0.8312 -0.0232 -0.5554
vn 0.8253 -0.1226 -0.5513
vn -0.8865 -0.4279 0.1763
vn -0.8378 -0.4215 0.3470
vn -0.9068 -0.4216 -0.0000
vn -0.8865 -0.4279 -0.1763
vn -0.8378 -0.4215 -0.3470
vn 0.8864 -0.4280 -0.1763
vn 0.8378 -0.4215 -0.3470
vn -0.7515 -0.4279 0.5021
vn -0.6412 -0.4216 0.6412
vn 0.7515 -0.4280 -0.5020
vn 0.6412 -0.4216 -0.6412
vn -0.5021 -0.4279 0.7515
vn -0.3470 -0.4215 0.8378
vn 0.5021 -0.4280 -0.7515
vn 0.3470 -0.4215 -0.8378
vn -0.1763 -0.4279 0.8865
vn -0.0000 -0.4216 0.9068
vn 0.1763 -0.4279 -0.8865
vn -0.0000 -0.4216 -0.9068
vn 0.1763 -0.4279 0.8865
vn 0.3470 -0.4215 0.8378
vn -0.1763 -0.4279 -0.8865
vn -0.3470 -0.4215 -0.8378
vn 0.5021 -0.4280 0.7515
vn 0.6412 -0.4216 0.6412
vn -0.5021 -0.4280 -0.7515
vn -0.6412 -0.4216 -0.6412
vn 0.7515 -0.4280 0.5020
vn -0.7515 -0.4279 -0.5021
vn 0.5718 -0.5883 -0.5718
vn 0.4493 -0.5883 -0.6724
vn 0.4516 -0.5823 -0.6760
vn 0.5748 -0.5823 -0.5748
vn 0.3095 -0.5883 -0.7471
vn 0.3111 -0.5823 -0.7511
vn 0.3508 -0.3996 -0.8469
vn 0.5092 -0.3996 -0.7622
vn 0.6482 -0.3995 -0.6482
vn 0.6068 0.5135 -0.6068
vn 0.4765 0.5140 -0.7132
vn 0.4406 0.6092 -0.6593
vn 0.5607 0.6093 -0.5607
vn 0.3284 0.5133 -0.7929
vn 0.3035 0.6091 -0.7327
vn 0.3321 0.4973 -0.8015
vn 0.4821 0.4971 -0.7215
vn 0.6136 0.4970 -0.6136
vn -0.7929 0.5133 -0.3284
vn -0.8417 0.5134 -0.1673
vn -0.7779 0.6090 -0.1547
vn -0.7327 0.6092 -0.3035
vn -0.8580 0.5137 -0.0000
vn -0.7932 0.6090 -0.0000
vn -0.8678 0.4970 -0.0000
vn -0.8510 0.4971 -0.1693
vn -0.8015 0.4973 -0.3321
vn -0.3284 0.5133 0.7929
vn -0.1674 0.5138 0.8414
vn -0.1547 0.6090 0.7779
vn -0.3035 0.6092 0.7327
vn -0.0000 0.5137 0.8580
vn -0.0000 0.6090 0.7932
vn -0.0000 0.4970 0.8678
vn -0.1693 0.4971 0.8510
vn -0.3321 0.4973 0.8015
vn 0.8581 0.5134 -0.0000
vn 0.8417 0.5134 -0.1673
vn 0.7779 0.6090 -0.1547
vn 0.7932 0.6090 -0.0000
vn 0.7929 0.5133 -0.3284
vn 0.7327 0.6091 -0.3035
vn 0.8015 0.4973 -0.3321
vn 0.8510 0.4971 -0.1693
vn 0.8678 0.4970 -0.0000
vn -0.3284 0.5133 -0.7929
vn -0.4768 0.5134 -0.7135
vn -0.4406 0.6092 -0.6593
vn -0.3035 0.6091 -0.7327
vn -0.6068 0.5135 -0.6068
vn -0.5607 0.6093 -0.5607
vn -0.6135 0.4973 -0.6135
vn -0.4821 0.4971 -0.7215
vn -0.3321 0.4973 -0.8015
vn -0.7929 0.5133 0.3284
vn -0.7135 0.5134 0.4768
vn -0.6593 0.6092 0.4406
vn -0.7327 0.6091 0.3035
vn -0.6068 0.5135 0.6068
vn -0.5607 0.6093 0.5607
vn -0.6136 0.4970 0.6136
vn -0.7215 0.4971 0.4821
vn -0.8015 0.4973 0.3321
vn 0.7135 0.5134 0.4768
vn 0.6593 0.6092 0.4406
vn 0.7929 0.5133 0.3284
vn 0.7327 0.6092 0.3035
vn 0.8015 0.4973 0.3321
vn 0.7215 0.4971 0.4821
vn 0.1674 0.5138 -0.8414
vn 0.1547 0.6090 -0.7779
vn -0.0000 0.5137 -0.8580
vn -0.0000 0.6090 -0.7932
vn -0.0000 0.4970 -0.8678
vn 0.1693 0.4971 -0.8510
vn 0.1674 0.5138 0.8414
vn 0.1547 0.6090 0.7779
vn 0.1693 0.4971 0.8510
vn 0.7135 0.5134 -0.4768
vn 0.6593 0.6092 -0.4406
vn 0.7215 0.4971 -0.4821
vn -0.7135 0.5134 -0.4768
vn -0.6593 0.6092 -0.4406
vn -0.7215 0.4971 -0.4821
vn -0.4765 0.5140 0.7132
vn -0.4406 0.6092 0.6593
vn -0.4821 0.4971 0.7215
vn 0.8417 0.5134 0.1673
vn 0.7779 0.6090 0.1547
vn 0.8510 0.4971 0.1693
vn -0.8417 0.5134 0.1673
vn -0.7779 0.6090 0.1547
vn -0.8510 0.4971 0.1693
vn -0.1674 0.5138 -0.8414
vn -0.1547 0.6090 -0.7779
vn -0.1693 0.4971 -0.8510
vn -0.9167 -0.3996 -0.0000
vn -0.8991 -0.3996 0.1789
vn -0.9601 -0.2043 0.1910
vn -0.9789 -0.2043 -0.0000
vn -0.8469 -0.3996 0.3508
vn -0.9044 -0.2044 0.3746
vn -0.9018 -0.2175 0.3735
vn -0.9573 -0.2175 0.1904
vn -0.9761 -0.2175 -0.0000
vn -0.3095 -0.5883 0.7471
vn -0.1578 -0.5882 0.7931
vn -0.1586 -0.5823 0.7973
vn -0.3111 -0.5823 0.7511
vn -0.0000 -0.5882 0.8087
vn -0.0000 -0.5823 0.8130
vn -0.0000 -0.3996 0.9167
vn -0.1789 -0.3996 0.8991
vn -0.3508 -0.3996 0.8469
vn 0.1578 -0.5882 -0.7931
vn 0.1586 -0.5823 -0.7973
vn -0.0000 -0.5882 -0.8087
vn -0.0000 -0.5823 -0.8130
vn -0.0000 -0.3996 -0.9167
vn 0.1789 -0.3996 -0.8991
vn 0.1578 -0.5882 0.7931
vn 0.1586 -0.5823 0.7973
vn 0.3095 -0.5883 0.7471
vn 0.3111 -0.5823 0.7511
vn 0.3508 -0.3996 0.8469
vn 0.1789 -0.3996 0.8991
vn -0.1578 -0.5882 -0.7931
vn -0.1586 -0.5823 -0.7973
vn -0.3095 -0.5883 -0.7471
vn -0.3111 -0.5823 -0.7511
vn -0.3508 -0.3996 -0.8469
vn -0.1789 -0.3996 -0.8991
vn 0.4493 -0.5883 0.6724
vn 0.4516 -0.5823 0.6760
vn 0.5718 -0.5883 0.5718
vn 0.5748 -0.5823 0.5748
vn 0.6482 -0.3995 0.6482
vn 0.5092 -0.3996 0.7622
vn -0.4493 -0.5883 -0.6724
vn -0.4516 -0.5823 -0.6760
vn -0.5718 -0.5883 -0.5718
vn -0.5748 -0.5823 -0.5748
vn -0.6482 -0.3995 -0.6482
vn -0.5092 -0.3996 -0.7622
vn 0.6724 -0.5883 0.4493
vn 0.6760 -0.5823 0.4516
vn 0.7471 -0.5883 0.3095
vn 0.7511 -0.5823 0.3111
vn 0.8469 -0.3996 0.3508
vn 0.7622 -0.3996 0.5092
vn -0.6724 -0.5883 -0.4493
vn -0.6760 -0.5823 -0.4516
vn -0.7471 -0.5883 -0.3095
vn -0.7511 -0.5823 -0.3111
vn -0.8469 -0.3996 -0.3508
vn -0.7622 -0.3996 -0.5092
vn 0.7931 -0.5882 0.1578
vn 0.7973 -0.5823 0.1586
vn 0.8087 -0.5882 -0.0000
vn 0.8130 -0.5823 -0.0000
vn 0.9167 -0.3996 -0.0000
vn 0.8991 -0.3996 0.1789
vn -0.8087 -0.5882 -0.0000
vn -0.7931 -0.5882 0.1578
vn -0.7973 -0.5823 0.1586
vn -0.8130 -0.5823 -0.0000
vn -0.7471 -0.5883 0.3095
vn -0.7511 -0.5823 0.3111
vn -0.7931 -0.5882 -0.1578
vn -0.7973 -0.5823 -0.1586
vn -0.8991 -0.3996 -0.1789
vn 0.7931 -0.5882 -0.1578
vn 0.7973 -0.5823 -0.1586
vn 0.7471 -0.5883 -0.3095
vn 0.7511 -0.5823 -0.3111
vn 0.8469 -0.3996 -0.3508
vn 0.8991 -0.3996 -0.1789
vn -0.6724 -0.5883 0.4493
vn -0.6760 -0.5823 0.4516
vn -0.5718 -0.5883 0.5718
vn -0.5748 -0.5823 0.5748
vn -0.6482 -0.3995 0.6482
vn -0.7622 -0.3996 0.5092
vn 0.6724 -0.5883 -0.4493
vn 0.6760 -0.5823 -0.4516
vn 0.7622 -0.3996 -0.5092
vn -0.4493 -0.5883 0.6724
vn -0.4516 -0.5823 0.6760
vn -0.5092 -0.3996 0.7622
vn 0.3696 0.2590 0.8923
vn 0.5366 0.2586 0.8032
vn 0.5467 0.1776 0.8183
vn 0.3766 0.1776 0.9092
vn 0.6830 0.2590 0.6830
vn 0.6959 0.1777 0.6959
vn 0.6964 -0.1734 0.6964
vn 0.5471 -0.1734 0.8189
vn 0.3770 -0.1735 0.9098
vn -0.9601 -0.2043 -0.1910
vn -0.9044 -0.2044 -0.3746
vn -0.9573 -0.2175 -0.1904
vn -0.9018 -0.2175 -0.3735
vn 0.9601 -0.2043 -0.1910
vn 0.9789 -0.2043 -0.0000
vn 0.9044 -0.2044 -0.3746
vn 0.9018 -0.2175 -0.3735
vn 0.9573 -0.2175 -0.1904
vn 0.9761 -0.2175 -0.0000
vn -0.8139 -0.2044 0.5439
vn -0.6922 -0.2043 0.6922
vn -0.6902 -0.2176 0.6902
vn -0.8115 -0.2175 0.5423
vn 0.8139 -0.2044 -0.5439
vn 0.6922 -0.2043 -0.6922
vn 0.6902 -0.2176 -0.6902
vn 0.8115 -0.2175 -0.5423
vn -0.5439 -0.2044 0.8139
vn -0.3746 -0.2044 0.9044
vn -0.3735 -0.2175 0.9018
vn -0.5423 -0.2175 0.8115
vn 0.5439 -0.2044 -0.8139
vn 0.3746 -0.2044 -0.9044
vn 0.3735 -0.2176 -0.9018
vn 0.5423 -0.2175 -0.8115
vn -0.1910 -0.2043 0.9601
vn -0.0000 -0.2046 0.9788
vn -0.0000 -0.2175 0.9761
vn -0.1904 -0.2175 0.9573
vn 0.1910 -0.2043 -0.9601
vn -0.0000 -0.2046 -0.9788
vn -0.0000 -0.2175 -0.9761
vn 0.1904 -0.2175 -0.9573
vn 0.1910 -0.2043 0.9601
vn 0.3746 -0.2044 0.9044
vn 0.3735 -0.2175 0.9018
vn 0.1904 -0.2175 0.9573
vn -0.1910 -0.2043 -0.9601
vn -0.3746 -0.2044 -0.9044
vn -0.3735 -0.2175 -0.9018
vn -0.1904 -0.2175 -0.9573
vn 0.5439 -0.2044 0.8139
vn 0.6922 -0.2043 0.6922
vn 0.6902 -0.2176 0.6902
vn 0.5423 -0.2175 0.8115
vn -0.5439 -0.2044 -0.8139
vn -0.6922 -0.2043 -0.6922
vn -0.6902 -0.2176 -0.6902
vn -0.5423 -0.2175 -0.8115
vn 0.8139 -0.2044 0.5439
vn 0.9044 -0.2044 0.3746
vn 0.9018 -0.2175 0.3735
vn 0.8115 -0.2175 0.5423
vn -0.8139 -0.2044 -0.5439
vn -0.8115 -0.2175 -0.5423
vn 0.9601 -0.2043 0.1910
vn 0.9573 -0.2175 0.1904
vn 0.6987 -0.1534 -0.6987
vn 0.5490 -0.1534 -0.8216
vn 0.4890 -0.4748 -0.7318
vn 0.6223 -0.4748 -0.6223
vn 0.3782 -0.1535 -0.9129
vn 0.3368 -0.4748 -0.8131
vn 0.3347 -0.4851 -0.8079
vn 0.4859 -0.4849 -0.7272
vn 0.6184 -0.4848 -0.6184
vn -0.3696 0.2590 -0.8923
vn -0.5366 0.2586 -0.8032
vn -0.5467 0.1776 -0.8183
vn -0.3766 0.1776 -0.9092
vn -0.6830 0.2590 -0.6830
vn -0.6959 0.1777 -0.6959
vn -0.6964 -0.1734 -0.6964
vn -0.5471 -0.1734 -0.8189
vn -0.3770 -0.1735 -0.9098
vn 0.8031 0.2591 0.5366
vn 0.8183 0.1776 0.5467
vn 0.8925 0.2587 0.3695
vn 0.9092 0.1776 0.3766
vn 0.9098 -0.1735 0.3770
vn 0.8189 -0.1734 0.5471
vn -0.8031 0.2591 -0.5366
vn -0.8183 0.1776 -0.5467
vn -0.8925 0.2587 -0.3695
vn -0.9092 0.1776 -0.3766
vn -0.9098 -0.1735 -0.3770
vn -0.8189 -0.1734 -0.5471
vn 0.9473 0.2589 0.1884
vn 0.9652 0.1775 0.1920
vn 0.9659 0.2590 -0.0000
vn 0.9841 0.1775 -0.0000
vn 0.9848 -0.1737 -0.0000
vn 0.9659 -0.1736 0.1921
vn -0.9659 0.2590 -0.0000
vn -0.9473 0.2589 0.1884
vn -0.9652 0.1775 0.1920
vn -0.9841 0.1775 -0.0000
vn -0.8923 0.2590 0.3696
vn -0.9092 0.1776 0.3766
vn -0.9098 -0.1735 0.3770
vn -0.9659 -0.1736 0.1921
vn -0.9848 -0.1737 -0.0000
vn -0.9473 0.2589 -0.1884
vn -0.9652 0.1775 -0.1920
vn -0.9659 -0.1736 -0.1921
vn 0.9473 0.2589 -0.1884
vn 0.9652 0.1775 -0.1920
vn 0.8923 0.2590 -0.3696
vn 0.9092 0.1776 -0.3766
vn 0.9098 -0.1735 -0.3770
vn 0.9659 -0.1736 -0.1921
vn -0.8031 0.2591 0.5366
vn -0.8183 0.1776 0.5467
vn -0.6830 0.2590 0.6830
vn -0.6959 0.1777 0.6959
vn -0.6964 -0.1734 0.6964
vn -0.8189 -0.1734 0.5471
vn 0.8031 0.2591 -0.5366
vn 0.8183 0.1776 -0.5467
vn 0.6830 0.2590 -0.6830
vn 0.6959 0.1777 -0.6959
vn 0.6964 -0.1734 -0.6964
vn 0.8189 -0.1734 -0.5471
vn -0.5366 0.2586 0.8032
vn -0.5467 0.1776 0.8183
vn -0.3696 0.2590 0.8923
vn -0.3766 0.1776 0.9092
vn -0.3770 -0.1735 0.9098
vn -0.5471 -0.1734 0.8189
vn 0.5366 0.2586 -0.8032
vn 0.5467 0.1776 -0.8183
vn 0.3696 0.2590 -0.8923
vn 0.3766 0.1776 -0.9092
vn 0.3770 -0.1735 -0.9098
vn 0.5471 -0.1734 -0.8189
vn -0.1884 0.2589 0.9473
vn -0.1920 0.1775 0.9652
vn -0.0000 0.2590 0.9659
vn -0.0000 0.1778 0.9841
vn -0.0000 -0.1737 0.9848
vn -0.1921 -0.1736 0.9659
vn 0.1884 0.2589 -0.9473
vn 0.1920 0.1775 -0.9652
vn -0.0000 0.2590 -0.9659
vn -0.0000 0.1778 -0.9841
vn -0.0000 -0.1737 -0.9848
vn 0.1921 -0.1736 -0.9659
vn 0.1884 0.2589 0.9473
vn 0.1920 0.1775 0.9652
vn 0.1921 -0.1736 0.9659
vn -0.1884 0.2589 -0.9473
vn -0.1920 0.1775 -0.9652
vn -0.1921 -0.1736 -0.9659
vn -0.9102 0.4142 -0.0000
vn -0.8927 0.4141 0.1775
vn -0.9240 0.3353 0.1838
vn -0.9421 0.3353 -0.0000
vn -0.8410 0.4140 0.3484
vn -0.8704 0.3355 0.3605
vn -0.9172 -0.1197 0.3799
vn -0.9737 -0.1198 0.1937
vn -0.9928 -0.1199 -0.0000
vn -0.3782 -0.1535 0.9129
vn -0.1928 -0.1535 0.9692
vn -0.1717 -0.4748 0.8632
vn -0.3368 -0.4748 0.8131
vn -0.0000 -0.1535 0.9882
vn -0.0000 -0.4748 0.8801
vn -0.0000 -0.4851 0.8744
vn -0.1706 -0.4847 0.8579
vn -0.3347 -0.4851 0.8079
vn 0.1928 -0.1535 -0.9692
vn 0.1717 -0.4748 -0.8632
vn -0.0000 -0.1535 -0.9882
vn -0.0000 -0.4748 -0.8801
vn -0.0000 -0.4851 -0.8744
vn 0.1706 -0.4847 -0.8579
vn 0.1928 -0.1535 0.9692
vn 0.1717 -0.4748 0.8632
vn 0.3782 -0.1535 0.9129
vn 0.3368 -0.4748 0.8131
vn 0.3347 -0.4851 0.8079
vn 0.1706 -0.4851 0.8576
vn -0.1928 -0.1535 -0.9692
vn -0.1717 -0.4748 -0.8632
vn -0.3782 -0.1535 -0.9129
vn -0.3368 -0.4748 -0.8131
vn -0.3347 -0.4851 -0.8079
vn -0.1706 -0.4851 -0.8576
vn 0.5490 -0.1534 0.8216
vn 0.4890 -0.4748 0.7318
vn 0.6987 -0.1534 0.6987
vn 0.6223 -0.4748 0.6223
vn 0.6184 -0.4848 0.6184
vn 0.4859 -0.4849 0.7272
vn -0.5490 -0.1534 -0.8216
vn -0.4890 -0.4748 -0.7318
vn -0.6987 -0.1534 -0.6987
vn -0.6223 -0.4748 -0.6223
vn -0.6184 -0.4848 -0.6184
vn -0.4859 -0.4849 -0.7272
vn 0.8216 -0.1534 0.5490
vn 0.7318 -0.4748 0.4890
vn 0.9129 -0.1535 0.3782
vn 0.8131 -0.4748 0.3368
vn 0.8079 -0.4851 0.3347
vn 0.7272 -0.4849 0.4859
vn -0.8216 -0.1534 -0.5490
vn -0.7318 -0.4748 -0.4890
vn -0.9129 -0.1535 -0.3782
vn -0.8131 -0.4748 -0.3368
vn -0.8079 -0.4851 -0.3347
vn -0.7272 -0.4849 -0.4859
vn 0.9692 -0.1535 0.1928
vn 0.8632 -0.4748 0.1717
vn 0.9882 -0.1535 -0.0000
vn 0.8801 -0.4748 -0.0000
vn 0.8747 -0.4847 -0.0000
vn 0.8580 -0.4845 0.1706
vn -0.9882 -0.1535 -0.0000
vn -0.9692 -0.1535 0.1928
vn -0.8632 -0.4748 0.1717
vn -0.8801 -0.4748 -0.0000
vn -0.9129 -0.1535 0.3782
vn -0.8131 -0.4748 0.3368
vn -0.8079 -0.4851 0.3347
vn -0.8579 -0.4846 0.1706
vn -0.8747 -0.4847 -0.0000
vn -0.9692 -0.1535 -0.1928
vn -0.8632 -0.4748 -0.1717
vn -0.8580 -0.4845 -0.1706
vn 0.9692 -0.1535 -0.1928
vn 0.8632 -0.4748 -0.1717
vn 0.9129 -0.1535 -0.3782
vn 0.8131 -0.4748 -0.3368
vn 0.8079 -0.4851 -0.3347
vn 0.8579 -0.4846 -0.1706
vn -0.8216 -0.1534 0.5490
vn -0.7318 -0.4748 0.4890
vn -0.6987 -0.1534 0.6987
vn -0.6223 -0.4748 0.6223
vn -0.6184 -0.4848 0.6184
vn -0.7272 -0.4849 0.4859
vn 0.8216 -0.1534 -0.5490
vn 0.7318 -0.4748 -0.4890
vn 0.7272 -0.4849 -0.4859
vn -0.5490 -0.1534 0.8216
vn -0.4890 -0.4748 0.7318
vn -0.4859 -0.4849 0.7272
vn 0.3799 -0.1199 0.9172
vn 0.5516 -0.1199 0.8255
vn 0.4846 -0.4889 0.7253
vn 0.3337 -0.4893 0.8057
vn 0.7020 -0.1199 0.7020
vn 0.6166 -0.4894 0.6166
vn 0.6289 -0.4571 0.6289
vn 0.4942 -0.4568 0.7397
vn 0.3404 -0.4569 0.8218
vn -0.8410 0.4140 -0.3484
vn -0.8927 0.4141 -0.1775
vn -0.9240 0.3353 -0.1838
vn -0.8704 0.3355 -0.3605
vn -0.9737 -0.1198 -0.1937
vn -0.9172 -0.1202 -0.3799
vn 0.9102 0.4142 -0.0000
vn 0.8927 0.4142 -0.1776
vn 0.9240 0.3353 -0.1839
vn 0.9421 0.3353 -0.0000
vn 0.8409 0.4141 -0.3484
vn 0.8704 0.3355 -0.3605
vn 0.9172 -0.1199 -0.3799
vn 0.9737 -0.1199 -0.1938
vn 0.9928 -0.1199 -0.0000
vn -0.7569 0.4138 0.5058
vn -0.7833 0.3354 0.5234
vn -0.6438 0.4137 0.6438
vn -0.6661 0.3354 0.6661
vn -0.7020 -0.1199 0.7020
vn -0.8255 -0.1198 0.5516
vn 0.7569 0.4138 -0.5058
vn 0.7833 0.3354 -0.5234
vn 0.6438 0.4137 -0.6438
vn 0.6661 0.3354 -0.6661
vn 0.7020 -0.1199 -0.7020
vn 0.8255 -0.1199 -0.5516
vn -0.5058 0.4138 0.7569
vn -0.5234 0.3354 0.7833
vn -0.3484 0.4141 0.8409
vn -0.3605 0.3355 0.8704
vn -0.3799 -0.1199 0.9172
vn -0.5516 -0.1199 0.8255
vn 0.5058 0.4138 -0.7569
vn 0.5234 0.3354 -0.7833
vn 0.3484 0.4141 -0.8409
vn 0.3605 0.3355 -0.8704
vn 0.3799 -0.1199 -0.9172
vn 0.5516 -0.1199 -0.8255
vn -0.1776 0.4142 0.8927
vn -0.1839 0.3353 0.9240
vn -0.0000 0.4142 0.9102
vn -0.0000 0.3353 0.9421
vn -0.0000 -0.1199 0.9928
vn -0.1937 -0.1199 0.9737
vn 0.1776 0.4142 -0.8927
vn 0.1839 0.3353 -0.9240
vn -0.0000 0.4142 -0.9102
vn -0.0000 0.3353 -0.9421
vn -0.0000 -0.1199 -0.9928
vn 0.1937 -0.1199 -0.9737
vn 0.1776 0.4142 0.8927
vn 0.1839 0.3353 0.9240
vn 0.3484 0.4141 0.8409
vn 0.3605 0.3355 0.8704
vn 0.1937 -0.1199 0.9737
vn -0.1776 0.4142 -0.8927
vn -0.1839 0.3353 -0.9240
vn -0.3484 0.4141 -0.8409
vn -0.3605 0.3355 -0.8704
vn -0.3799 -0.1199 -0.9172
vn -0.1937 -0.1199 -0.9737
vn 0.5058 0.4138 0.7569
vn 0.5234 0.3354 0.7833
vn 0.6438 0.4137 0.6438
vn 0.6661 0.3354 0.6661
vn -0.5058 0.4138 -0.7569
vn -0.5234 0.3354 -0.7833
vn -0.6438 0.4137 -0.6438
vn -0.6661 0.3354 -0.6661
vn -0.7020 -0.1199 -0.7020
vn -0.5516 -0.1199 -0.8255
vn 0.7569 0.4138 0.5058
vn 0.7833 0.3354 0.5234
vn 0.8409 0.4141 0.3484
vn 0.8704 0.3355 0.3605
vn 0.9172 -0.1199 0.3799
vn 0.8255 -0.1199 0.5516
vn -0.7569 0.4138 -0.5058
vn -0.7833 0.3354 -0.5234
vn -0.8255 -0.1198 -0.5516
vn 0.8927 0.4142 0.1776
vn 0.9240 0.3353 0.1839
vn 0.9737 -0.1199 0.1938
vn 0.5000 0.7070 -0.5000
vn 0.3930 0.7069 -0.5881
vn 0.5551 -0.0432 -0.8307
vn 0.7064 -0.0431 -0.7064
vn 0.2707 0.7070 -0.6534
vn 0.3824 -0.0432 -0.9230
vn 0.2807 -0.6799 -0.6775
vn 0.4075 -0.6798 -0.6097
vn 0.5185 -0.6799 -0.5185
vn -0.4846 -0.4889 -0.7253
vn -0.3337 -0.4893 -0.8057
vn -0.6166 -0.4894 -0.6166
vn -0.6289 -0.4571 -0.6289
vn -0.4942 -0.4568 -0.7397
vn -0.3404 -0.4569 -0.8218
vn 0.7252 -0.4893 0.4845
vn 0.8057 -0.4893 0.3337
vn 0.8218 -0.4569 0.3404
vn 0.7394 -0.4573 0.4941
vn -0.7252 -0.4893 -0.4845
vn -0.8057 -0.4893 -0.3337
vn -0.8218 -0.4569 -0.3404
vn -0.7394 -0.4573 -0.4941
vn 0.8554 -0.4892 0.1702
vn 0.8722 -0.4892 -0.0000
vn 0.8896 -0.4567 -0.0000
vn 0.8724 -0.4570 0.1736
vn -0.8554 -0.4892 0.1702
vn -0.8722 -0.4892 -0.0000
vn -0.8057 -0.4893 0.3337
vn -0.8218 -0.4569 0.3404
vn -0.8724 -0.4570 0.1736
vn -0.8897 -0.4566 -0.0000
vn -0.8554 -0.4892 -0.1702
vn -0.8724 -0.4570 -0.1736
vn 0.8554 -0.4892 -0.1702
vn 0.8057 -0.4893 -0.3337
vn 0.8218 -0.4569 -0.3404
vn 0.8724 -0.4570 -0.1736
vn -0.7252 -0.4893 0.4845
vn -0.6166 -0.4894 0.6166
vn -0.6291 -0.4566 0.6291
vn -0.7397 -0.4568 0.4942
vn 0.7252 -0.4893 -0.4845
vn 0.6166 -0.4894 -0.6166
vn 0.6291 -0.4566 -0.6291
vn 0.7397 -0.4568 -0.4942
vn -0.4845 -0.4893 0.7252
vn -0.3337 -0.4893 0.8057
vn -0.3404 -0.4569 0.8218
vn -0.4942 -0.4568 0.7397
vn 0.4845 -0.4893 -0.7252
vn 0.3337 -0.4893 -0.8057
vn 0.3404 -0.4569 -0.8218
vn 0.4942 -0.4568 -0.7397
vn -0.1702 -0.4892 0.8554
vn -0.0000 -0.4892 0.8722
vn -0.0000 -0.4570 0.8894
vn -0.1736 -0.4570 0.8724
vn 0.1702 -0.4892 -0.8554
vn -0.0000 -0.4892 -0.8722
vn -0.0000 -0.4570 -0.8894
vn 0.1736 -0.4570 -0.8724
vn 0.1702 -0.4892 0.8554
vn 0.1736 -0.4570 0.8724
vn -0.1702 -0.4892 -0.8554
vn -0.1736 -0.4570 -0.8724
vn -0.7553 -0.5759 -0.3129
vn -0.8018 -0.5759 -0.1594
vn -0.9457 -0.2652 -0.1881
vn -0.8908 -0.2652 -0.3690
vn -0.8175 -0.5759 -0.0000
vn -0.9642 -0.2652 -0.0000
vn -0.9970 -0.0768 -0.0000
vn -0.9779 -0.0768 -0.1945
vn -0.9211 -0.0768 -0.3816
vn -0.2707 0.7070 0.6534
vn -0.1379 0.7069 0.6937
vn -0.1949 -0.0432 0.9799
vn -0.3824 -0.0432 0.9230
vn -0.0000 0.7069 0.7073
vn -0.0000 -0.0433 0.9991
vn -0.0000 -0.6799 0.7333
vn -0.1431 -0.6799 0.7192
vn -0.2807 -0.6799 0.6775
vn 0.1379 0.7069 -0.6937
vn 0.1949 -0.0432 -0.9799
vn -0.0000 0.7069 -0.7073
vn -0.0000 -0.0433 -0.9991
vn -0.0000 -0.6799 -0.7333
vn 0.1431 -0.6799 -0.7192
vn 0.1379 0.7069 0.6937
vn 0.1949 -0.0432 0.9799
vn 0.2707 0.7070 0.6534
vn 0.3824 -0.0432 0.9230
vn 0.2807 -0.6799 0.6775
vn 0.1431 -0.6799 0.7192
vn -0.1379 0.7069 -0.6937
vn -0.1949 -0.0432 -0.9799
vn -0.2707 0.7070 -0.6534
vn -0.3824 -0.0432 -0.9230
vn -0.2807 -0.6799 -0.6775
vn -0.1431 -0.6799 -0.7192
vn 0.3930 0.7069 0.5881
vn 0.5551 -0.0432 0.8307
vn 0.5000 0.7070 0.5000
vn 0.7064 -0.0431 0.7064
vn 0.5185 -0.6799 0.5185
vn 0.4075 -0.6798 0.6097
vn -0.3930 0.7069 -0.5881
vn -0.5551 -0.0432 -0.8307
vn -0.5000 0.7070 -0.5000
vn -0.7064 -0.0431 -0.7064
vn -0.5185 -0.6799 -0.5185
vn -0.4075 -0.6798 -0.6097
vn 0.5881 0.7069 0.3930
vn 0.8307 -0.0432 0.5551
vn 0.6534 0.7070 0.2707
vn 0.9230 -0.0432 0.3824
vn 0.6775 -0.6799 0.2807
vn 0.6097 -0.6798 0.4075
vn -0.5881 0.7069 -0.3930
vn -0.8307 -0.0432 -0.5551
vn -0.6534 0.7070 -0.2707
vn -0.9230 -0.0432 -0.3824
vn -0.6775 -0.6799 -0.2807
vn -0.6097 -0.6798 -0.4075
vn 0.6937 0.7069 0.1379
vn 0.9799 -0.0432 0.1949
vn 0.7073 0.7069 -0.0000
vn 0.9991 -0.0433 -0.0000
vn 0.7333 -0.6799 -0.0000
vn 0.7192 -0.6799 0.1431
vn -0.7073 0.7069 -0.0000
vn -0.6937 0.7069 0.1379
vn -0.9799 -0.0432 0.1949
vn -0.9991 -0.0433 -0.0000
vn -0.6534 0.7070 0.2707
vn -0.9230 -0.0432 0.3824
vn -0.6775 -0.6799 0.2807
vn -0.7192 -0.6799 0.1431
vn -0.7333 -0.6799 -0.0000
vn -0.6937 0.7069 -0.1379
vn -0.9799 -0.0432 -0.1949
vn -0.7192 -0.6799 -0.1431
vn 0.6937 0.7069 -0.1379
vn 0.9799 -0.0432 -0.1949
vn 0.6534 0.7070 -0.2707
vn 0.9230 -0.0432 -0.3824
vn 0.6775 -0.6799 -0.2807
vn 0.7192 -0.6799 -0.1431
vn -0.5881 0.7069 0.3930
vn -0.8307 -0.0432 0.5551
vn -0.5000 0.7070 0.5000
vn -0.7064 -0.0431 0.7064
vn -0.5185 -0.6799 0.5185
vn -0.6097 -0.6798 0.4075
vn 0.5881 0.7069 -0.3930
vn 0.8307 -0.0432 -0.5551
vn 0.6097 -0.6798 -0.4075
vn -0.3930 0.7069 0.5881
vn -0.5551 -0.0432 0.8307
vn -0.4075 -0.6798 0.6097
vn -0.3384 -0.4672 -0.8168
vn -0.4912 -0.4672 -0.7352
vn -0.4524 -0.5804 -0.6771
vn -0.3116 -0.5804 -0.7523
vn -0.6252 -0.4672 -0.6252
vn -0.5758 -0.5804 -0.5758
vn -0.6008 -0.5274 -0.6008
vn -0.4720 -0.5273 -0.7065
vn -0.3251 -0.5273 -0.7850
vn 0.8175 -0.5759 -0.0000
vn 0.8018 -0.5759 -0.1594
vn 0.9457 -0.2652 -0.1881
vn 0.9642 -0.2652 -0.0000
vn 0.7553 -0.5759 -0.3129
vn 0.8908 -0.2652 -0.3690
vn 0.9211 -0.0768 -0.3816
vn 0.9779 -0.0768 -0.1945
vn 0.9970 -0.0768 -0.0000
vn -0.7553 -0.5759 0.3129
vn -0.6798 -0.5759 0.4542
vn -0.8017 -0.2652 0.5357
vn -0.8908 -0.2652 0.3690
vn -0.5781 -0.5759 0.5781
vn -0.6818 -0.2652 0.6818
vn -0.7050 -0.0769 0.7050
vn -0.8290 -0.0769 0.5539
vn -0.9211 -0.0768 0.3816
vn 0.6797 -0.5759 -0.4542
vn 0.8017 -0.2652 -0.5357
vn 0.5781 -0.5759 -0.5781
vn 0.6818 -0.2652 -0.6818
vn 0.7050 -0.0769 -0.7050
vn 0.8290 -0.0769 -0.5539
vn -0.4542 -0.5759 0.6798
vn -0.5357 -0.2652 0.8017
vn -0.3129 -0.5759 0.7553
vn -0.3690 -0.2652 0.8908
vn -0.3816 -0.0768 0.9211
vn -0.5539 -0.0769 0.8290
vn 0.4542 -0.5759 -0.6797
vn 0.5357 -0.2652 -0.8017
vn 0.3129 -0.5759 -0.7553
vn 0.3690 -0.2652 -0.8908
vn 0.3816 -0.0768 -0.9211
vn 0.5539 -0.0769 -0.8290
vn -0.1594 -0.5759 0.8018
vn -0.1881 -0.2652 0.9457
vn -0.0000 -0.5759 0.8175
vn -0.0000 -0.2652 0.9642
vn -0.0000 -0.0768 0.9970
vn -0.1945 -0.0768 0.9779
vn 0.1594 -0.5759 -0.8018
vn 0.1881 -0.2652 -0.9457
vn -0.0000 -0.5759 -0.8175
vn -0.0000 -0.2652 -0.9642
vn -0.0000 -0.0768 -0.9970
vn 0.1945 -0.0768 -0.9779
vn 0.1594 -0.5759 0.8018
vn 0.1881 -0.2652 0.9457
vn 0.3129 -0.5759 0.7553
vn 0.3690 -0.2652 0.8908
vn 0.3816 -0.0768 0.9211
vn 0.1945 -0.0768 0.9779
vn -0.1594 -0.5759 -0.8018
vn -0.1881 -0.2652 -0.9457
vn -0.3129 -0.5759 -0.7553
vn -0.3690 -0.2652 -0.8908
vn -0.3816 -0.0768 -0.9211
vn -0.1945 -0.0768 -0.9779
vn 0.4542 -0.5759 0.6797
vn 0.5357 -0.2652 0.8017
vn 0.5781 -0.5759 0.5781
vn 0.6818 -0.2652 0.6818
vn 0.7050 -0.0765 0.7050
vn 0.5539 -0.0769 0.8290
vn -0.4542 -0.5759 -0.6798
vn -0.5357 -0.2652 -0.8017
vn -0.5781 -0.5759 -0.5781
vn -0.6818 -0.2652 -0.6818
vn -0.7050 -0.0765 -0.7050
vn -0.5539 -0.0769 -0.8290
vn 0.6797 -0.5759 0.4542
vn 0.8017 -0.2652 0.5357
vn 0.7553 -0.5759 0.3129
vn 0.8908 -0.2652 0.3690
vn 0.9211 -0.0768 0.3816
vn 0.8290 -0.0769 0.5539
vn -0.6798 -0.5759 -0.4542
vn -0.8017 -0.2652 -0.5357
vn -0.8290 -0.0769 -0.5539
vn 0.8018 -0.5759 0.1594
vn 0.9457 -0.2652 0.1881
vn 0.9779 -0.0768 0.1945
vn -0.8018 -0.5759 0.1594
vn -0.9457 -0.2652 0.1881
vn -0.9779 -0.0768 0.1945
vn -0.3686 0.2693 0.8897
vn -0.1879 0.2693 0.9445
vn -0.1881 -0.2648 0.9458
vn -0.3690 -0.2648 0.8909
vn -0.0000 0.2694 0.9630
vn -0.0000 -0.2648 0.9643
vn -0.0000 -0.7258 0.6879
vn -0.1342 -0.7257 0.6748
vn -0.2633 -0.7257 0.6356
vn 0.6252 -0.4672 0.6252
vn 0.7352 -0.4672 0.4912
vn 0.6771 -0.5804 0.4524
vn 0.5758 -0.5804 0.5758
vn 0.8168 -0.4672 0.3384
vn 0.7523 -0.5804 0.3116
vn 0.7850 -0.5273 0.3251
vn 0.7065 -0.5273 0.4720
vn 0.6008 -0.5274 0.6008
vn -0.7352 -0.4672 -0.4912
vn -0.6771 -0.5804 -0.4524
vn -0.8168 -0.4672 -0.3384
vn -0.7523 -0.5804 -0.3116
vn -0.7850 -0.5273 -0.3251
vn -0.7065 -0.5273 -0.4720
vn 0.8672 -0.4672 0.1725
vn 0.7987 -0.5804 0.1589
vn 0.8841 -0.4672 -0.0000
vn 0.8143 -0.5804 -0.0000
vn 0.8497 -0.5273 -0.0000
vn 0.8333 -0.5273 0.1658
vn -0.8841 -0.4672 -0.0000
vn -0.8672 -0.4672 0.1725
vn -0.7987 -0.5804 0.1589
vn -0.8143 -0.5804 -0.0000
vn -0.8168 -0.4672 0.3384
vn -0.7523 -0.5804 0.3116
vn -0.7850 -0.5273 0.3251
vn -0.8333 -0.5273 0.1658
vn -0.8497 -0.5273 -0.0000
vn -0.8672 -0.4672 -0.1725
vn -0.7987 -0.5804 -0.1589
vn -0.8333 -0.5273 -0.1658
vn 0.8672 -0.4672 -0.1725
vn 0.7987 -0.5804 -0.1589
vn 0.8168 -0.4672 -0.3384
vn 0.7523 -0.5804 -0.3116
vn 0.7850 -0.5273 -0.3251
vn 0.8333 -0.5273 -0.1658
vn -0.7352 -0.4672 0.4912
vn -0.6771 -0.5804 0.4524
vn -0.6252 -0.4672 0.6252
vn -0.5758 -0.5804 0.5758
vn -0.6008 -0.5274 0.6008
vn -0.7065 -0.5273 0.4720
vn 0.7352 -0.4672 -0.4912
vn 0.6771 -0.5804 -0.4524
vn 0.6252 -0.4672 -0.6252
vn 0.5758 -0.5804 -0.5758
vn 0.6008 -0.5274 -0.6008
vn 0.7065 -0.5273 -0.4720
vn -0.4912 -0.4672 0.7352
vn -0.4524 -0.5804 0.6771
vn -0.3384 -0.4672 0.8168
vn -0.3116 -0.5804 0.7523
vn -0.3251 -0.5273 0.7850
vn -0.4720 -0.5273 0.7065
vn 0.4912 -0.4672 -0.7352
vn 0.4524 -0.5804 -0.6771
vn 0.3384 -0.4672 -0.8168
vn 0.3116 -0.5804 -0.7523
vn 0.3251 -0.5273 -0.7850
vn 0.4720 -0.5273 -0.7065
vn -0.1725 -0.4672 0.8672
vn -0.1589 -0.5804 0.7987
vn -0.0000 -0.4672 0.8841
vn -0.0000 -0.5804 0.8143
vn -0.0000 -0.5273 0.8497
vn -0.1658 -0.5273 0.8333
vn 0.1725 -0.4672 -0.8672
vn 0.1589 -0.5804 -0.7987
vn -0.0000 -0.4672 -0.8841
vn -0.0000 -0.5804 -0.8143
vn -0.0000 -0.5273 -0.8497
vn 0.1658 -0.5273 -0.8333
vn 0.1725 -0.4672 0.8672
vn 0.1589 -0.5804 0.7987
vn 0.3384 -0.4672 0.8168
vn 0.3116 -0.5804 0.7523
vn 0.3251 -0.5273 0.7850
vn 0.1658 -0.5273 0.8333
vn -0.1725 -0.4672 -0.8672
vn -0.1589 -0.5804 -0.7987
vn -0.1658 -0.5273 -0.8333
vn 0.4912 -0.4672 0.7352
vn 0.4524 -0.5804 0.6771
vn 0.4720 -0.5273 0.7065
vn 0.9984 0.0573 -0.0000
vn 0.9780 0.0743 -0.1951
vn 0.7526 0.6403 -0.1538
vn 0.7993 0.6010 -0.0000
vn 0.9210 0.1003 -0.3765
vn 0.6636 0.6915 -0.2854
vn 0.1127 0.9919 -0.0594
vn 0.1964 0.9795 -0.0444
vn 0.2433 0.9699 -0.0000
vn 0.3686 0.2693 -0.8897
vn 0.1879 0.2693 -0.9445
vn 0.1881 -0.2648 -0.9458
vn 0.3690 -0.2648 -0.8909
vn -0.0000 0.2694 -0.9630
vn -0.0000 -0.2648 -0.9643
vn -0.0000 -0.7258 -0.6879
vn 0.1342 -0.7257 -0.6748
vn 0.2633 -0.7257 -0.6356
vn 0.1879 0.2693 0.9445
vn 0.1881 -0.2648 0.9458
vn 0.3686 0.2693 0.8897
vn 0.3690 -0.2648 0.8909
vn 0.2633 -0.7257 0.6356
vn 0.1342 -0.7257 0.6748
vn -0.1879 0.2693 -0.9445
vn -0.1881 -0.2648 -0.9458
vn -0.3686 0.2693 -0.8897
vn -0.3690 -0.2648 -0.8909
vn -0.2633 -0.7257 -0.6356
vn -0.1342 -0.7257 -0.6748
vn 0.5350 0.2694 0.8007
vn 0.5357 -0.2649 0.8018
vn 0.6810 0.2690 0.6810
vn 0.6818 -0.2651 0.6818
vn 0.4865 -0.7257 0.4865
vn 0.3822 -0.7256 0.5721
vn -0.5350 0.2694 -0.8007
vn -0.5357 -0.2649 -0.8018
vn -0.6810 0.2690 -0.6810
vn -0.6818 -0.2651 -0.6818
vn -0.4865 -0.7257 -0.4865
vn -0.3822 -0.7256 -0.5721
vn 0.8008 0.2691 0.5351
vn 0.8018 -0.2649 0.5357
vn 0.8897 0.2693 0.3686
vn 0.8909 -0.2648 0.3690
vn 0.6356 -0.7257 0.2633
vn 0.5721 -0.7256 0.3822
vn -0.8008 0.2691 -0.5351
vn -0.8018 -0.2649 -0.5357
vn -0.8897 0.2693 -0.3686
vn -0.8909 -0.2648 -0.3690
vn -0.6356 -0.7257 -0.2633
vn -0.5721 -0.7256 -0.3822
vn 0.9445 0.2693 0.1879
vn 0.9458 -0.2648 0.1881
vn 0.9630 0.2694 -0.0000
vn 0.9643 -0.2648 -0.0000
vn 0.6879 -0.7258 -0.0000
vn 0.6748 -0.7257 0.1342
vn -0.9630 0.2694 -0.0000
vn -0.9445 0.2693 0.1879
vn -0.9458 -0.2648 0.1881
vn -0.9643 -0.2648 -0.0000
vn -0.8897 0.2693 0.3686
vn -0.8909 -0.2648 0.3690
vn -0.6356 -0.7257 0.2633
vn -0.6748 -0.7257 0.1342
vn -0.6879 -0.7258 -0.0000
vn -0.9445 0.2693 -0.1879
vn -0.9458 -0.2648 -0.1881
vn -0.6748 -0.7257 -0.1342
vn 0.9445 0.2693 -0.1879
vn 0.9458 -0.2648 -0.1881
vn 0.8897 0.2693 -0.3686
vn 0.8909 -0.2648 -0.3690
vn 0.6356 -0.7257 -0.2633
vn 0.6748 -0.7257 -0.1342
vn -0.8007 0.2694 0.5350
vn -0.8018 -0.2649 0.5357
vn -0.6810 0.2690 0.6810
vn -0.6818 -0.2651 0.6818
vn -0.4865 -0.7257 0.4865
vn -0.5721 -0.7256 0.3822
vn 0.8007 0.2694 -0.5350
vn 0.8018 -0.2649 -0.5357
vn 0.6810 0.2690 -0.6810
vn 0.6818 -0.2651 -0.6818
vn 0.4865 -0.7257 -0.4865
vn 0.5721 -0.7256 -0.3822
vn -0.5351 0.2691 0.8008
vn -0.5357 -0.2649 0.8018
vn -0.3822 -0.7256 0.5721
vn 0.5351 0.2691 -0.8008
vn 0.5357 -0.2649 -0.8018
vn 0.3822 -0.7256 -0.5721
vn -0.9210 0.1003 0.3765
vn -0.8324 0.0984 0.5454
vn -0.6002 0.6885 0.4072
vn -0.6636 0.6915 0.2854
vn -0.7048 0.0820 0.7046
vn -0.5340 0.6555 0.5340
vn -0.1250 0.9840 0.1267
vn -0.1225 0.9883 0.0907
vn -0.1127 0.9919 0.0594
vn 0.8324 0.0984 -0.5454
vn 0.6002 0.6885 -0.4072
vn 0.7048 0.0820 -0.7046
vn 0.5340 0.6555 -0.5340
vn 0.1250 0.9840 -0.1267
vn 0.1225 0.9883 -0.0907
vn -0.5433 0.1194 0.8310
vn -0.3940 0.7083 0.5857
vn -0.3693 0.1728 0.9131
vn -0.2508 0.7643 0.5941
vn -0.0353 0.9959 0.0835
vn -0.0844 0.9893 0.1190
vn 0.5433 0.1194 -0.8310
vn 0.3940 0.7083 -0.5857
vn 0.3693 0.1728 -0.9131
vn 0.2508 0.7643 -0.5941
vn 0.0353 0.9959 -0.0835
vn 0.0844 0.9893 -0.1190
vn -0.1870 0.2064 0.9604
vn -0.1204 0.7966 0.5924
vn -0.0000 0.2169 0.9762
vn -0.0000 0.8061 0.5918
vn -0.0000 0.9976 0.0687
vn -0.0143 0.9973 0.0714
vn 0.1870 0.2064 -0.9604
vn 0.1204 0.7966 -0.5924
vn -0.0000 0.2169 -0.9762
vn -0.0000 0.8061 -0.5918
vn -0.0000 0.9976 -0.0687
vn 0.0143 0.9973 -0.0714
vn 0.1870 0.2064 0.9604
vn 0.1204 0.7966 0.5924
vn 0.3693 0.1728 0.9131
vn 0.2508 0.7643 0.5941
vn 0.0353 0.9959 0.0835
vn 0.0143 0.9973 0.0714
vn -0.1870 0.2064 -0.9604
vn -0.1204 0.7966 -0.5924
vn -0.3693 0.1728 -0.9131
vn -0.2508 0.7643 -0.5941
vn -0.0353 0.9959 -0.0835
vn -0.0143 0.9973 -0.0714
vn 0.5433 0.1193 0.8310
vn 0.3942 0.7081 0.5858
vn 0.7048 0.0820 0.7046
vn 0.5340 0.6555 0.5340
vn 0.1250 0.9840 0.1267
vn 0.0844 0.9893 0.1190
vn -0.5433 0.1193 -0.8310
vn -0.3942 0.7081 -0.5858
vn -0.7048 0.0820 -0.7046
vn -0.5340 0.6555 -0.5340
vn -0.1250 0.9840 -0.1267
vn -0.0844 0.9893 -0.1190
vn 0.8324 0.0984 0.5454
vn 0.6002 0.6885 0.4072
vn 0.9210 0.1002 0.3765
vn 0.6636 0.6915 0.2854
vn 0.1127 0.9919 0.0594
vn 0.1225 0.9883 0.0907
vn -0.8324 0.0984 -0.5454
vn -0.6002 0.6885 -0.4072
vn -0.9210 0.1002 -0.3765
vn -0.6636 0.6915 -0.2854
vn -0.1127 0.9919 -0.0594
vn -0.1225 0.9883 -0.0907
vn 0.9779 0.0749 0.1951
vn 0.7526 0.6403 0.1538
vn 0.1964 0.9795 0.0444
vn -0.9984 0.0573 -0.0000
vn -0.9780 0.0743 0.1951
vn -0.7526 0.6403 0.1538
vn -0.7993 0.6010 -0.0000
vn -0.1965 0.9795 0.0444
vn -0.2435 0.9699 -0.0000
vn -0.9779 0.0746 -0.1951
vn -0.7526 0.6403 -0.1538
vn -0.1965 0.9795 -0.0444
vn 0.5430 -0.2115 0.8127
vn 0.3741 -0.2115 0.9030
vn 0.6911 -0.2116 0.6911
vn -0.1907 -0.2116 -0.9586
vn -0.0000 -0.2116 -0.9774
vn -0.3741 -0.2115 -0.9030
vn 0.1907 -0.2116 0.9586
vn -0.0000 -0.2116 0.9774
vn 0.1907 -0.2116 -0.9586
vn 0.3741 -0.2115 -0.9030
vn -0.1907 -0.2116 0.9586
vn -0.3741 -0.2115 0.9030
vn 0.5430 -0.2115 -0.8127
vn 0.6911 -0.2116 -0.6911
vn -0.5430 -0.2115 0.8127
vn -0.6911 -0.2116 0.6911
vn 0.8125 -0.2119 -0.5431
vn 0.9030 -0.2115 -0.3741
vn -0.8125 -0.2119 0.5431
vn -0.9030 -0.2115 0.3741
vn 0.9586 -0.2116 -0.1907
vn 0.9774 -0.2116 -0.0000
vn -0.9586 -0.2116 -0.1907
vn -0.9030 -0.2115 -0.3741
vn -0.9774 -0.2116 -0.0000
vn -0.9586 -0.2116 0.1907
vn 0.9586 -0.2116 0.1907
vn 0.9030 -0.2115 0.3741
vn -0.8125 -0.2119 -0.5431
vn -0.6911 -0.2116 -0.6911
vn 0.8125 -0.2119 0.5431
vn -0.5430 -0.2115 -0.8127
vn -0.6593 -0.7403 0.1312
vn -0.6722 -0.7403 -0.0000
vn -0.6210 -0.7404 0.2572
vn 0.6593 -0.7403 0.1312
vn 0.6210 -0.7404 0.2572
vn 0.6722 -0.7403 -0.0000
vn -0.5589 -0.7404 -0.3734
vn -0.4753 -0.7404 -0.4753
vn -0.6210 -0.7404 -0.2572
vn 0.5589 -0.7404 0.3735
vn 0.4753 -0.7404 0.4753
vn -0.3734 -0.7404 -0.5589
vn -0.2572 -0.7404 -0.6210
vn 0.3735 -0.7404 0.5589
vn 0.2572 -0.7404 0.6210
vn -0.1312 -0.7403 -0.6593
vn -0.0000 -0.7403 -0.6722
vn 0.1312 -0.7403 0.6593
vn -0.0000 -0.7403 0.6722
vn 0.1312 -0.7403 -0.6593
vn 0.2572 -0.7404 -0.6210
vn -0.1312 -0.7403 0.6593
vn -0.2572 -0.7404 0.6210
vn 0.3735 -0.7404 -0.5589
vn 0.4753 -0.7404 -0.4753
vn -0.3734 -0.7404 0.5589
vn -0.4753 -0.7404 0.4753
vn 0.5589 -0.7404 -0.3735
vn 0.6210 -0.7404 -0.2572
vn -0.5589 -0.7404 0.3734
vn 0.6593 -0.7403 -0.1312
vn -0.6593 -0.7403 -0.1312
vn -0.6739 0.3028 0.6739
vn -0.5295 0.3027 0.7925
vn -0.5407 0.2296 0.8093
vn -0.6882 0.2295 0.6882
vn -0.3648 0.3023 0.8806
vn -0.3724 0.2297 0.8992
vn 0.8806 0.3026 -0.3647
vn 0.7926 0.3022 -0.5296
vn 0.8093 0.2296 -0.5407
vn 0.8992 0.2297 -0.3724
vn 0.6739 0.3028 -0.6739
vn 0.6882 0.2295 -0.6882
vn -0.8806 0.3026 0.3647
vn -0.7926 0.3022 0.5296
vn -0.8093 0.2296 0.5407
vn -0.8992 0.2297 0.3724
vn 0.9532 0.3025 -0.0000
vn 0.9348 0.3025 -0.1860
vn 0.9546 0.2295 -0.1899
vn 0.9733 0.2295 -0.0000
vn -0.8806 0.3026 -0.3647
vn -0.9348 0.3025 -0.1860
vn -0.9546 0.2295 -0.1899
vn -0.8992 0.2297 -0.3724
vn -0.9532 0.3025 -0.0000
vn -0.9733 0.2295 -0.0000
vn -0.9348 0.3025 0.1860
vn -0.9546 0.2295 0.1899
vn 0.8806 0.3026 0.3647
vn 0.9348 0.3025 0.1860
vn 0.9546 0.2295 0.1899
vn 0.8992 0.2297 0.3724
vn -0.6739 0.3028 -0.6739
vn -0.7925 0.3027 -0.5295
vn -0.8093 0.2296 -0.5407
vn -0.6882 0.2295 -0.6882
vn 0.6739 0.3028 0.6739
vn 0.7925 0.3027 0.5295
vn 0.8093 0.2296 0.5407
vn 0.6882 0.2295 0.6882
vn -0.3647 0.3026 -0.8806
vn -0.5296 0.3022 -0.7926
vn -0.5407 0.2296 -0.8093
vn -0.3724 0.2297 -0.8992
vn 0.3649 0.3022 0.8807
vn 0.5296 0.3022 0.7926
vn 0.5407 0.2296 0.8093
vn 0.3724 0.2297 0.8992
vn -0.0000 0.3025 -0.9532
vn -0.1860 0.3025 -0.9348
vn -0.1899 0.2295 -0.9546
vn -0.0000 0.2295 -0.9733
vn -0.0000 0.3025 0.9532
vn 0.1860 0.3025 0.9348
vn 0.1899 0.2295 0.9546
vn -0.0000 0.2295 0.9733
vn 0.3647 0.3026 -0.8806
vn 0.1860 0.3025 -0.9348
vn 0.1899 0.2295 -0.9546
vn 0.3724 0.2297 -0.8992
vn -0.1860 0.3025 0.9348
vn -0.1899 0.2295 0.9546
vn 0.5295 0.3027 -0.7925
vn 0.5407 0.2296 -0.8093
vn 0.4918 -0.4654 -0.7359
vn 0.6259 -0.4654 -0.6259
vn 0.3388 -0.4654 -0.8177
vn 0.3390 -0.4639 -0.8185
vn 0.4921 -0.4641 -0.7365
vn 0.6263 -0.4641 -0.6263
vn -0.1727 -0.4653 0.8681
vn -0.3388 -0.4654 0.8177
vn -0.0000 -0.4653 0.8851
vn -0.0000 -0.4639 0.8859
vn -0.1728 -0.4637 0.8690
vn -0.3390 -0.4639 0.8185
vn 0.1727 -0.4653 -0.8681
vn -0.0000 -0.4653 -0.8851
vn -0.0000 -0.4639 -0.8859
vn 0.1728 -0.4637 -0.8690
vn 0.1727 -0.4653 0.8681
vn 0.3388 -0.4654 0.8177
vn 0.3390 -0.4639 0.8185
vn 0.1728 -0.4637 0.8690
vn -0.1727 -0.4653 -0.8681
vn -0.3388 -0.4654 -0.8177
vn -0.3390 -0.4639 -0.8185
vn -0.1728 -0.4637 -0.8690
vn 0.4918 -0.4654 0.7359
vn 0.6259 -0.4654 0.6259
vn 0.6263 -0.4641 0.6263
vn 0.4921 -0.4641 0.7365
vn -0.4918 -0.4654 -0.7359
vn -0.6259 -0.4654 -0.6259
vn -0.6263 -0.4641 -0.6263
vn -0.4921 -0.4641 -0.7365
vn 0.7359 -0.4654 0.4918
vn 0.8179 -0.4652 0.3386
vn 0.8185 -0.4639 0.3390
vn 0.7365 -0.4641 0.4921
vn -0.7359 -0.4654 -0.4918
vn -0.8179 -0.4652 -0.3386
vn -0.8185 -0.4639 -0.3390
vn -0.7365 -0.4641 -0.4921
vn 0.8681 -0.4653 0.1727
vn 0.8851 -0.4653 -0.0000
vn 0.8860 -0.4636 -0.0000
vn 0.8687 -0.4643 0.1728
vn -0.8681 -0.4653 0.1727
vn -0.8851 -0.4653 -0.0000
vn -0.8180 -0.4651 0.3385
vn -0.8185 -0.4639 0.3390
vn -0.8687 -0.4643 0.1728
vn -0.8859 -0.4639 -0.0000
vn -0.8681 -0.4653 -0.1727
vn -0.8687 -0.4643 -0.1728
vn 0.8681 -0.4653 -0.1727
vn 0.8180 -0.4651 -0.3385
vn 0.8185 -0.4639 -0.3390
vn 0.8687 -0.4643 -0.1728
vn -0.7359 -0.4654 0.4918
vn -0.6259 -0.4654 0.6259
vn -0.6263 -0.4641 0.6263
vn -0.7365 -0.4641 0.4921
vn 0.7359 -0.4654 -0.4918
vn 0.7365 -0.4641 -0.4921
vn -0.4918 -0.4654 0.7359
vn -0.4921 -0.4641 0.7365
vn -0.1824 -0.3551 -0.9169
vn -0.0000 -0.3552 -0.9348
vn -0.3577 -0.3550 -0.8637
vn -0.3583 -0.3511 -0.8651
vn -0.1827 -0.3513 -0.9183
vn -0.0000 -0.3513 -0.9363
vn 0.1824 -0.3551 0.9169
vn -0.0000 -0.3552 0.9348
vn 0.3577 -0.3550 0.8637
vn 0.3583 -0.3511 0.8651
vn 0.1827 -0.3513 0.9183
vn -0.0000 -0.3513 0.9363
vn 0.1824 -0.3551 -0.9169
vn 0.3577 -0.3550 -0.8637
vn 0.1827 -0.3513 -0.9183
vn 0.3583 -0.3514 -0.8649
vn -0.1824 -0.3551 0.9169
vn -0.3577 -0.3550 0.8637
vn -0.1827 -0.3513 0.9183
vn -0.3583 -0.3514 0.8649
vn 0.5194 -0.3550 -0.7773
vn 0.6610 -0.3551 -0.6610
vn 0.5202 -0.3511 -0.7785
vn 0.6621 -0.3509 -0.6621
vn -0.5194 -0.3550 0.7773
vn -0.6610 -0.3551 0.6610
vn -0.5202 -0.3511 0.7785
vn -0.6621 -0.3509 0.6621
vn 0.7773 -0.3550 -0.5194
vn 0.8636 -0.3553 -0.3577
vn 0.7786 -0.3510 -0.5203
vn 0.8649 -0.3514 -0.3583
vn -0.7773 -0.3550 0.5194
vn -0.8636 -0.3553 0.3577
vn -0.7786 -0.3510 0.5203
vn -0.8649 -0.3514 0.3583
vn 0.9169 -0.3551 -0.1824
vn 0.9348 -0.3552 -0.0000
vn 0.9183 -0.3513 -0.1827
vn 0.9363 -0.3513 -0.0000
vn -0.9169 -0.3551 -0.1824
vn -0.8637 -0.3550 -0.3577
vn -0.9348 -0.3552 -0.0000
vn -0.9363 -0.3513 -0.0000
vn -0.9183 -0.3513 -0.1827
vn -0.8649 -0.3514 -0.3583
vn -0.9169 -0.3551 0.1824
vn -0.9183 -0.3513 0.1827
vn 0.9169 -0.3551 0.1824
vn 0.8637 -0.3550 0.3577
vn 0.9183 -0.3513 0.1827
vn 0.8649 -0.3514 0.3583
vn -0.7773 -0.3550 -0.5194
vn -0.6610 -0.3551 -0.6610
vn -0.7785 -0.3511 -0.5202
vn -0.6620 -0.3514 -0.6620
vn 0.7773 -0.3550 0.5194
vn 0.6610 -0.3551 0.6610
vn 0.7785 -0.3511 0.5202
vn 0.6620 -0.3514 0.6620
vn -0.5194 -0.3550 -0.7773
vn -0.5201 -0.3514 -0.7784
vn 0.5194 -0.3550 0.7773
vn 0.5201 -0.3514 0.7784
vn -0.3821 0.8415 0.3821
vn -0.3002 0.8415 0.4492
vn -0.2714 0.8726 0.4062
vn -0.3454 0.8726 0.3454
vn -0.2068 0.8415 0.4991
vn -0.1869 0.8726 0.4513
vn 0.4991 0.8415 -0.2068
vn 0.4492 0.8415 -0.3002
vn 0.4062 0.8726 -0.2714
vn 0.4513 0.8726 -0.1869
vn 0.3821 0.8415 -0.3821
vn 0.3454 0.8726 -0.3454
vn -0.4991 0.8415 0.2068
vn -0.4492 0.8415 0.3002
vn -0.4062 0.8726 0.2714
vn -0.4513 0.8726 0.1869
vn 0.5402 0.8415 -0.0000
vn 0.5298 0.8415 -0.1054
vn 0.4791 0.8726 -0.0953
vn 0.4884 0.8726 -0.0000
vn -0.4991 0.8415 -0.2068
vn -0.5298 0.8415 -0.1054
vn -0.4791 0.8726 -0.0953
vn -0.4513 0.8726 -0.1869
vn -0.5402 0.8415 -0.0000
vn -0.4884 0.8726 -0.0000
vn -0.5298 0.8415 0.1054
vn -0.4791 0.8726 0.0953
vn 0.4991 0.8415 0.2068
vn 0.5298 0.8415 0.1054
vn 0.4791 0.8726 0.0953
vn 0.4513 0.8726 0.1869
vn -0.3821 0.8415 -0.3821
vn -0.4492 0.8415 -0.3002
vn -0.4062 0.8726 -0.2714
vn -0.3454 0.8726 -0.3454
vn 0.3821 0.8415 0.3821
vn 0.4492 0.8415 0.3002
vn 0.4062 0.8726 0.2714
vn 0.3454 0.8726 0.3454
vn -0.2068 0.8415 -0.4991
vn -0.3002 0.8415 -0.4492
vn -0.2714 0.8726 -0.4062
vn -0.1869 0.8726 -0.4513
vn 0.2068 0.8415 0.4991
vn 0.3002 0.8415 0.4492
vn 0.2714 0.8726 0.4062
vn 0.1869 0.8726 0.4513
vn -0.0000 0.8415 -0.5402
vn -0.1054 0.8415 -0.5298
vn -0.0953 0.8726 -0.4791
vn -0.0000 0.8726 -0.4884
vn -0.0000 0.8415 0.5402
vn 0.1054 0.8415 0.5298
vn 0.0953 0.8726 0.4791
vn -0.0000 0.8726 0.4884
vn 0.2068 0.8415 -0.4991
vn 0.1054 0.8415 -0.5298
vn 0.0953 0.8726 -0.4791
vn 0.1869 0.8726 -0.4513
vn -0.1054 0.8415 0.5298
vn -0.0953 0.8726 0.4791
vn 0.3002 0.8415 -0.4492
vn 0.2714 0.8726 -0.4062
vn 0.5345 0.2728 -0.7999
vn 0.6803 0.2729 -0.6803
vn 0.3682 0.2727 -0.8889
vn -0.1877 0.2727 0.9436
vn -0.3682 0.2727 0.8889
vn -0.0000 0.2725 0.9622
vn 0.1877 0.2727 -0.9436
vn -0.0000 0.2725 -0.9622
vn 0.1877 0.2727 0.9436
vn 0.3682 0.2727 0.8889
vn -0.1877 0.2727 -0.9436
vn -0.3682 0.2727 -0.8889
vn 0.5345 0.2728 0.7999
vn 0.6803 0.2725 0.6803
vn -0.5345 0.2728 -0.7999
vn -0.6803 0.2725 -0.6803
vn 0.7999 0.2728 0.5345
vn 0.8889 0.2727 0.3682
vn -0.7999 0.2728 -0.5345
vn -0.8889 0.2727 -0.3682
vn 0.9436 0.2727 0.1877
vn 0.9622 0.2725 -0.0000
vn -0.9436 0.2727 0.1877
vn -0.9622 0.2725 -0.0000
vn -0.8889 0.2727 0.3682
vn -0.9436 0.2727 -0.1877
vn 0.9436 0.2727 -0.1877
vn 0.8889 0.2727 -0.3682
vn -0.7999 0.2728 0.5345
vn -0.6803 0.2729 0.6803
vn 0.7999 0.2728 -0.5345
vn -0.5345 0.2728 0.7999
vn 0.5499 -0.1420 -0.8231
vn 0.6999 -0.1420 -0.6999
vn 0.3788 -0.1420 -0.9145
vn 0.3675 0.2792 -0.8871
vn 0.5335 0.2793 -0.7984
vn 0.6790 0.2793 -0.6790
vn -0.5499 -0.1420 0.8231
vn -0.6999 -0.1419 0.6999
vn -0.3788 -0.1420 0.9145
vn -0.3675 0.2792 0.8871
vn -0.5335 0.2793 0.7984
vn -0.6790 0.2793 0.6790
vn 0.8231 -0.1420 -0.5499
vn 0.9145 -0.1420 -0.3788
vn 0.7984 0.2793 -0.5335
vn 0.8871 0.2792 -0.3675
vn -0.8231 -0.1420 0.5499
vn -0.9145 -0.1420 0.3788
vn -0.7984 0.2793 0.5335
vn -0.8871 0.2792 0.3675
vn 0.9708 -0.1421 -0.1931
vn 0.9898 -0.1421 -0.0000
vn 0.9418 0.2791 -0.1873
vn 0.9603 0.2791 -0.0000
vn -0.9708 -0.1421 -0.1931
vn -0.9145 -0.1420 -0.3788
vn -0.9898 -0.1421 -0.0000
vn -0.9603 0.2791 -0.0000
vn -0.9418 0.2791 -0.1873
vn -0.8871 0.2792 -0.3675
vn -0.9708 -0.1421 0.1931
vn -0.9418 0.2791 0.1873
vn 0.9708 -0.1421 0.1931
vn 0.9145 -0.1420 0.3788
vn 0.9418 0.2791 0.1873
vn 0.8871 0.2792 0.3675
vn -0.8231 -0.1420 -0.5499
vn -0.6999 -0.1419 -0.6999
vn -0.7984 0.2793 -0.5335
vn -0.6790 0.2793 -0.6790
vn 0.8231 -0.1420 0.5499
vn 0.6999 -0.1419 0.6999
vn 0.7984 0.2793 0.5335
vn 0.6790 0.2793 0.6790
vn -0.5499 -0.1420 -0.8231
vn -0.3788 -0.1420 -0.9145
vn -0.5335 0.2793 -0.7984
vn -0.3675 0.2792 -0.8871
vn 0.5499 -0.1420 0.8231
vn 0.3788 -0.1420 0.9145
vn 0.5335 0.2793 0.7984
vn 0.3675 0.2792 0.8871
vn -0.1931 -0.1421 -0.9708
vn -0.0000 -0.1421 -0.9898
vn -0.1873 0.2791 -0.9418
vn -0.0000 0.2791 -0.9603
vn 0.1931 -0.1421 0.9708
vn -0.0000 -0.1421 0.9898
vn 0.1873 0.2791 0.9418
vn -0.0000 0.2791 0.9603
vn 0.1931 -0.1421 -0.9708
vn 0.1873 0.2791 -0.9418
vn -0.1931 -0.1421 0.9708
vn -0.1873 0.2791 0.9418
vn 0.9801 -0.0385 0.1949
vn 0.9232 -0.0385 0.3824
vn 0.9992 -0.0388 -0.0000
vn -0.8308 -0.0385 -0.5553
vn -0.7066 -0.0390 -0.7066
vn -0.9232 -0.0385 -0.3824
vn 0.8308 -0.0385 0.5553
vn 0.7066 -0.0390 0.7066
vn -0.5553 -0.0385 -0.8308
vn -0.3824 -0.0385 -0.9232
vn 0.5553 -0.0385 0.8308
vn 0.3824 -0.0385 0.9232
vn -0.1949 -0.0388 -0.9801
vn -0.0000 -0.0390 -0.9992
vn 0.1949 -0.0388 0.9801
vn -0.0000 -0.0390 0.9992
vn 0.1949 -0.0390 -0.9801
vn 0.3824 -0.0385 -0.9232
vn -0.1949 -0.0390 0.9801
vn -0.3824 -0.0385 0.9232
vn 0.5553 -0.0385 -0.8308
vn 0.7066 -0.0387 -0.7066
vn -0.5553 -0.0385 0.8308
vn -0.7066 -0.0387 0.7066
vn 0.8308 -0.0385 -0.5553
vn 0.9232 -0.0385 -0.3824
vn -0.8308 -0.0385 0.5553
vn -0.9232 -0.0385 0.3824
vn 0.9801 -0.0385 -0.1949
vn -0.9801 -0.0385 -0.1949
vn -0.9992 -0.0388 -0.0000
vn -0.9801 -0.0385 0.1949
vn 0.5541 -0.0742 -0.8291
vn 0.7052 -0.0742 -0.7052
vn 0.3816 -0.0741 -0.9213
vn -0.1945 -0.0742 0.9781
vn -0.3816 -0.0741 0.9213
vn -0.0000 -0.0744 0.9972
vn 0.1945 -0.0742 -0.9781
vn -0.0000 -0.0744 -0.9972
vn 0.1945 -0.0742 0.9781
vn 0.3816 -0.0741 0.9213
vn -0.1945 -0.0742 -0.9781
vn -0.3816 -0.0741 -0.9213
vn 0.5541 -0.0742 0.8291
vn 0.7052 -0.0742 0.7052
vn -0.5541 -0.0742 -0.8291
vn -0.7052 -0.0742 -0.7052
vn 0.8291 -0.0742 0.5541
vn 0.9213 -0.0741 0.3816
vn -0.8291 -0.0742 -0.5541
vn -0.9213 -0.0741 -0.3816
vn 0.9781 -0.0739 0.1945
vn 0.9973 -0.0739 -0.0000
vn -0.9781 -0.0739 0.1945
vn -0.9973 -0.0739 -0.0000
vn -0.9213 -0.0741 0.3816
vn -0.9781 -0.0739 -0.1945
vn 0.9781 -0.0739 -0.1945
vn 0.9213 -0.0741 -0.3816
vn -0.8291 -0.0742 0.5541
vn -0.7052 -0.0742 0.7052
vn 0.8291 -0.0742 -0.5541
vn -0.5541 -0.0742 0.8291
vn -0.1950 -0.0365 -0.9801
vn -0.0000 -0.0364 -0.9993
vn -0.3824 -0.0364 -0.9233
vn 0.1950 -0.0365 0.9801
vn -0.0000 -0.0364 0.9993
vn 0.3824 -0.0364 0.9233
vn 0.1950 -0.0365 -0.9801
vn 0.3824 -0.0364 -0.9233
vn -0.1950 -0.0365 0.9801
vn -0.3824 -0.0364 0.9233
vn 0.5552 -0.0364 -0.8309
vn 0.7066 -0.0364 -0.7066
vn -0.5552 -0.0364 0.8309
vn -0.7066 -0.0364 0.7066
vn 0.8309 -0.0364 -0.5552
vn 0.9233 -0.0364 -0.3824
vn -0.8309 -0.0364 0.5552
vn -0.9233 -0.0361 0.3825
vn 0.9801 -0.0365 -0.1950
vn 0.9993 -0.0364 -0.0000
vn -0.9801 -0.0365 -0.1950
vn -0.9233 -0.0364 -0.3824
vn -0.9993 -0.0364 -0.0000
vn -0.9801 -0.0365 0.1950
vn 0.9801 -0.0365 0.1950
vn 0.9233 -0.0364 0.3824
vn -0.8309 -0.0364 -0.5552
vn -0.7066 -0.0364 -0.7066
vn 0.8309 -0.0364 0.5552
vn 0.7066 -0.0364 0.7066
vn -0.5552 -0.0364 -0.8309
vn 0.5552 -0.0364 0.8309
vn -0.5530 -0.0964 0.8276
vn -0.7038 -0.0966 0.7038
vn -0.3810 -0.0962 0.9195
vn 0.8276 -0.0964 -0.5530
vn 0.9195 -0.0962 -0.3810
vn 0.7038 -0.0966 -0.7038
vn -0.8276 -0.0964 0.5530
vn -0.9195 -0.0962 0.3810
vn 0.9762 -0.0962 -0.1942
vn 0.9953 -0.0964 -0.0000
vn -0.9762 -0.0962 -0.1942
vn -0.9196 -0.0966 -0.3807
vn -0.9953 -0.0964 -0.0000
vn -0.9762 -0.0962 0.1942
vn 0.9762 -0.0962 0.1942
vn 0.9195 -0.0962 0.3810
vn -0.8276 -0.0964 -0.5530
vn -0.7038 -0.0966 -0.7038
vn 0.8276 -0.0964 0.5530
vn 0.7038 -0.0966 0.7038
vn -0.5530 -0.0964 -0.8276
vn -0.3810 -0.0962 -0.9195
vn 0.5530 -0.0964 0.8276
vn 0.3810 -0.0962 0.9195
vn -0.1942 -0.0962 -0.9762
vn -0.0000 -0.0964 -0.9953
vn 0.1942 -0.0962 0.9762
vn -0.0000 -0.0964 0.9953
vn 0.1942 -0.0962 -0.9762
vn 0.3810 -0.0962 -0.9195
vn -0.1942 -0.0962 0.9762
vn 0.5530 -0.0964 -0.8276
vn -0.1948 -0.0456 -0.9798
vn -0.0000 -0.0448 -0.9990
vn -0.3823 -0.0454 -0.9229
vn -0.9798 -0.0456 0.1948
vn -0.9990 -0.0454 -0.0000
vn -0.9229 -0.0454 0.3823
vn 0.9798 -0.0456 0.1948
vn 0.9229 -0.0458 0.3822
vn 0.9990 -0.0454 -0.0000
vn -0.5550 -0.0453 0.8306
vn -0.7064 -0.0457 0.7064
vn -0.3822 -0.0458 0.9229
vn -0.8306 -0.0451 -0.5550
vn -0.7064 -0.0457 -0.7064
vn -0.9229 -0.0458 -0.3822
vn 0.8306 -0.0451 -0.5550
vn 0.9229 -0.0454 -0.3823
vn 0.7064 -0.0452 -0.7064
vn 0.1948 -0.0456 0.9798
vn -0.0000 -0.0448 0.9990
vn 0.3823 -0.0454 0.9229
vn 0.1948 -0.0456 -0.9798
vn 0.3822 -0.0458 -0.9229
vn 0.8306 -0.0451 0.5550
vn 0.7064 -0.0457 0.7064
vn -0.8306 -0.0451 0.5550
vn -0.5550 -0.0458 -0.8306
vn 0.9798 -0.0456 -0.1948
vn -0.1948 -0.0456 0.9798
vn -0.9798 -0.0456 -0.1948
vn 0.5550 -0.0453 -0.8306
vn 0.5550 -0.0458 0.8306
vn -0.8815 0.2994 -0.3652
vn -0.9358 0.2994 -0.1861
vn -0.9541 0.2995 -0.0000
vn -0.6747 0.2993 -0.6747
vn -0.7933 0.2993 -0.5301
vn -0.3652 0.2994 -0.8815
vn -0.5301 0.2993 -0.7933
vn -0.0000 0.2995 -0.9541
vn -0.1861 0.2994 -0.9358
vn 0.3652 0.2994 -0.8815
vn 0.1861 0.2994 -0.9358
vn 0.6747 0.2993 -0.6747
vn 0.5301 0.2993 -0.7933
vn 0.8814 0.2996 -0.3651
vn 0.7933 0.2994 -0.5301
vn 0.9541 0.2995 -0.0000
vn 0.9359 0.2992 -0.1860
vn 0.8815 0.2994 0.3652
vn 0.9358 0.2994 0.1861
vn 0.6747 0.2993 0.6747
vn 0.7933 0.2993 0.5301
vn 0.3652 0.2994 0.8815
vn 0.5301 0.2993 0.7933
vn -0.0000 0.2995 0.9541
vn 0.1861 0.2994 0.9358
vn -0.3652 0.2994 0.8815
vn -0.1861 0.2994 0.9358
vn -0.6747 0.2993 0.6747
vn -0.5301 0.2993 0.7933
vn -0.8815 0.2994 0.3652
vn -0.7933 0.2993 0.5301
vn -0.9358 0.2994 0.1861
vn -0.0165 0.9997 0.0180
vn -0.0047 0.9999 0.0119
vn -0.0024 1.0000 0.0091
vn -0.0127 0.9998 0.0150
vn -0.0017 0.9999 0.0103
vn -0.0000 1.0000 0.0099
vn -0.0000 1.0000 0.0080
vn -0.0008 1.0000 0.0082
vn 0.0017 0.9999 0.0103
vn 0.0047 0.9999 0.0119
vn 0.0024 1.0000 0.0091
vn 0.0008 1.0000 0.0082
vn 0.0165 0.9997 0.0180
vn 0.0127 0.9998 0.0150
vn -0.0127 0.9998 -0.0150
vn -0.0165 0.9997 -0.0180
vn -0.0024 1.0000 -0.0091
vn -0.0047 0.9999 -0.0119
vn -0.0008 1.0000 -0.0082
vn -0.0017 0.9999 -0.0103
vn -0.0000 1.0000 -0.0080
vn -0.0000 1.0000 -0.0099
vn 0.0008 1.0000 -0.0082
vn 0.0017 0.9999 -0.0103
vn 0.0024 1.0000 -0.0091
vn 0.0047 0.9999 -0.0119
vn 0.0127 0.9998 -0.0150
vn 0.0165 0.9997 -0.0180
vn -0.0563 0.9905 -0.1254
vn -0.0269 0.9896 -0.1416
vn -0.0982 0.9918 -0.0818
vn -0.3768 0.8550 -0.3565
vn -0.2359 0.7969 -0.5561
vn -0.1194 0.7639 -0.6342
vn 0.1345 0.9901 -0.0397
vn 0.1487 0.9889 -0.0000
vn 0.0982 0.9918 -0.0818
vn 0.3771 0.8548 -0.3566
vn 0.4705 0.8696 -0.1501
vn 0.4980 0.8672 -0.0000
vn -0.1345 0.9901 -0.0397
vn -0.1487 0.9889 -0.0000
vn -0.4979 0.8673 -0.0000
vn -0.4704 0.8696 -0.1501
vn -0.0563 0.9905 0.1254
vn -0.0982 0.9918 0.0818
vn -0.0269 0.9896 0.1416
vn -0.1193 0.7639 0.6342
vn -0.2359 0.7969 0.5561
vn -0.3771 0.8548 0.3566
vn -0.0117 0.9901 -0.1400
vn -0.0000 0.9904 -0.1381
vn -0.0530 0.7638 -0.6433
vn -0.0000 0.7666 -0.6422
vn 0.0117 0.9901 0.1400
vn -0.0000 0.9904 0.1381
vn 0.0269 0.9896 0.1416
vn 0.1194 0.7639 0.6342
vn 0.0530 0.7638 0.6433
vn -0.0000 0.7666 0.6422
vn 0.0117 0.9901 -0.1400
vn 0.0269 0.9896 -0.1416
vn 0.0530 0.7638 -0.6433
vn 0.1193 0.7639 -0.6342
vn 0.0563 0.9905 0.1254
vn 0.0982 0.9918 0.0818
vn 0.3768 0.8550 0.3565
vn 0.2359 0.7969 0.5561
vn -0.1345 0.9901 0.0397
vn -0.4704 0.8696 0.1501
vn 0.1345 0.9901 0.0397
vn 0.4705 0.8696 0.1501
vn -0.0117 0.9901 0.1400
vn -0.0530 0.7638 0.6433
vn 0.0563 0.9905 -0.1254
vn 0.2359 0.7969 -0.5561
vn -0.5790 -0.8071 -0.1152
vn -0.5454 -0.8072 -0.2259
vn -0.5904 -0.8071 -0.0000
vn -0.6351 -0.7724 -0.0000
vn -0.6229 -0.7724 -0.1239
vn -0.5867 -0.7725 -0.2430
vn -0.5790 -0.8071 0.1152
vn -0.5454 -0.8072 0.2259
vn -0.5867 -0.7725 0.2430
vn -0.6229 -0.7724 0.1239
vn 0.5790 -0.8071 0.1152
vn 0.5454 -0.8072 0.2259
vn 0.5904 -0.8071 -0.0000
vn 0.6351 -0.7724 -0.0000
vn 0.6229 -0.7724 0.1239
vn 0.5867 -0.7725 0.2430
vn -0.4909 -0.8071 -0.3280
vn -0.4175 -0.8071 -0.4175
vn -0.5280 -0.7725 -0.3528
vn -0.4490 -0.7725 -0.4490
vn 0.4909 -0.8071 0.3280
vn 0.4175 -0.8071 0.4175
vn 0.5280 -0.7725 0.3528
vn 0.4490 -0.7725 0.4490
vn -0.3280 -0.8071 -0.4909
vn -0.2259 -0.8072 -0.5454
vn -0.3528 -0.7725 -0.5280
vn -0.2430 -0.7725 -0.5867
vn 0.3280 -0.8071 0.4909
vn 0.2259 -0.8072 0.5454
vn 0.3528 -0.7725 0.5280
vn 0.2430 -0.7725 0.5867
vn -0.1152 -0.8071 -0.5790
vn -0.0000 -0.8071 -0.5904
vn -0.1239 -0.7724 -0.6229
vn -0.0000 -0.7724 -0.6351
vn 0.1152 -0.8071 0.5790
vn -0.0000 -0.8071 0.5904
vn 0.1239 -0.7724 0.6229
vn -0.0000 -0.7724 0.6351
vn 0.1152 -0.8071 -0.5790
vn 0.2259 -0.8072 -0.5454
vn 0.1239 -0.7724 -0.6229
vn 0.2430 -0.7725 -0.5867
vn -0.1152 -0.8071 0.5790
vn -0.2259 -0.8072 0.5454
vn -0.1239 -0.7724 0.6229
vn -0.2430 -0.7725 0.5867
vn 0.3280 -0.8071 -0.4909
vn 0.4175 -0.8071 -0.4175
vn 0.3529 -0.7725 -0.5280
vn 0.4490 -0.7725 -0.4490
vn -0.3280 -0.8071 0.4909
vn -0.4175 -0.8071 0.4175
vn -0.3529 -0.7725 0.5280
vn -0.4490 -0.7725 0.4490
vn 0.4909 -0.8071 -0.3280
vn 0.5454 -0.8072 -0.2259
vn 0.5280 -0.7725 -0.3528
vn 0.5867 -0.7725 -0.2430
vn -0.4909 -0.8071 0.3280
vn -0.5280 -0.7725 0.3528
vn 0.5790 -0.8071 -0.1152
vn 0.6229 -0.7724 -0.1239
vn 0.1830 0.0559 -0.9815
vn 0.0807 0.0559 -0.9952
vn 0.0782 0.2640 -0.9614
vn 0.1781 0.2627 -0.9483
vn -0.0000 0.0563 -0.9984
vn -0.0000 0.2647 -0.9643
vn -0.0000 0.7091 -0.7051
vn 0.0556 0.7074 -0.7046
vn 0.1272 0.7019 -0.7009
vn -0.9971 0.0758 -0.0000
vn -0.9501 0.0758 0.3025
vn -0.9205 0.2576 0.2940
vn -0.9683 0.2496 -0.0000
vn -0.7245 0.0710 0.6856
vn -0.7022 0.2683 0.6595
vn -0.5231 0.6909 0.4989
vn -0.6948 0.6847 0.2201
vn -0.7314 0.6820 -0.0000
vn 0.1830 0.0559 0.9815
vn 0.3877 0.0605 0.9198
vn 0.3784 0.2657 0.8867
vn 0.1781 0.2629 0.9483
vn 0.7245 0.0710 0.6856
vn 0.7022 0.2683 0.6595
vn 0.5231 0.6909 0.4989
vn 0.2734 0.6944 0.6657
vn 0.1272 0.7018 0.7009
vn -0.3877 0.0605 0.9198
vn -0.3784 0.2657 0.8867
vn -0.1830 0.0559 0.9815
vn -0.1781 0.2629 0.9483
vn -0.1272 0.7018 0.7009
vn -0.2734 0.6944 0.6657
vn 0.7244 0.0710 -0.6857
vn 0.3877 0.0605 -0.9198
vn 0.3784 0.2655 -0.8868
vn 0.7022 0.2682 -0.6595
vn 0.2734 0.6944 -0.6656
vn 0.5231 0.6909 -0.4989
vn 0.9501 0.0758 0.3025
vn 0.9204 0.2576 0.2940
vn 0.9971 0.0758 -0.0000
vn 0.9683 0.2498 -0.0000
vn 0.7314 0.6819 -0.0000
vn 0.6948 0.6847 0.2200
vn -0.1830 0.0559 -0.9815
vn -0.3877 0.0605 -0.9198
vn -0.3784 0.2655 -0.8868
vn -0.1781 0.2627 -0.9483
vn -0.7244 0.0710 -0.6857
vn -0.7022 0.2682 -0.6595
vn -0.5231 0.6909 -0.4989
vn -0.2734 0.6944 -0.6656
vn -0.1272 0.7019 -0.7009
vn -0.0807 0.0559 0.9952
vn -0.0782 0.2640 0.9614
vn -0.0000 0.0563 0.9984
vn -0.0000 0.2647 0.9643
vn -0.0000 0.7091 0.7051
vn -0.0556 0.7074 0.7046
vn 0.9501 0.0758 -0.3025
vn 0.9204 0.2576 -0.2940
vn 0.6948 0.6847 -0.2200
vn -0.0807 0.0559 -0.9952
vn -0.0782 0.2640 -0.9614
vn -0.0556 0.7074 -0.7046
vn 0.0807 0.0559 0.9952
vn 0.0782 0.2640 0.9614
vn 0.0556 0.7074 0.7046
vn -0.9501 0.0758 -0.3025
vn -0.9205 0.2576 -0.2940
vn -0.6948 0.6847 -0.2201
vn -0.0218 0.9554 0.2945
vn -0.0511 0.9524 0.3004
vn -0.0000 0.9564 0.2920
vn -0.0000 0.9969 0.0792
vn -0.0053 0.9967 0.0806
vn -0.0136 0.9963 0.0849
vn 0.3145 0.9440 -0.1000
vn 0.3230 0.9464 -0.0000
vn 0.2398 0.9416 -0.2363
vn 0.0849 0.9926 -0.0867
vn 0.0933 0.9950 -0.0346
vn 0.0908 0.9959 -0.0000
vn -0.0218 0.9554 -0.2945
vn -0.0000 0.9564 -0.2920
vn -0.0511 0.9525 -0.3004
vn -0.0136 0.9963 -0.0849
vn -0.0053 0.9967 -0.0806
vn -0.0000 0.9969 -0.0792
vn 0.0218 0.9554 0.2945
vn 0.0511 0.9524 0.3004
vn 0.0136 0.9963 0.0849
vn 0.0053 0.9967 0.0806
vn -0.3145 0.9440 -0.0998
vn -0.2398 0.9416 -0.2363
vn -0.3233 0.9463 -0.0000
vn -0.0908 0.9959 -0.0000
vn -0.0933 0.9950 -0.0346
vn -0.0849 0.9926 -0.0867
vn 0.0218 0.9554 -0.2945
vn 0.0511 0.9525 -0.3004
vn 0.0053 0.9967 -0.0806
vn 0.0136 0.9963 -0.0849
vn -0.3145 0.9440 0.0998
vn -0.2398 0.9416 0.2363
vn -0.0849 0.9926 0.0867
vn -0.0933 0.9950 0.0346
vn 0.1166 0.9460 0.3025
vn 0.2398 0.9416 0.2363
vn 0.0849 0.9926 0.0867
vn 0.0380 0.9950 0.0921
vn -0.1164 0.9462 0.3020
vn -0.0380 0.9950 0.0921
vn 0.1165 0.9460 -0.3024
vn 0.0380 0.9950 -0.0921
vn 0.3149 0.9438 0.1002
vn 0.0933 0.9950 0.0346
vn -0.1165 0.9460 -0.3024
vn -0.0380 0.9950 -0.0921
vn 0.5401 -0.2352 -0.8081
vn 0.6872 -0.2354 -0.6872
vn -0.4542 -0.5758 0.6798
vn -0.5781 -0.5758 0.5781
vn -0.5363 -0.6518 0.5363
vn -0.4214 -0.6516 0.6307
vn 0.6798 -0.5758 -0.4542
vn 0.7554 -0.5758 -0.3129
vn 0.7009 -0.6516 -0.2903
vn 0.6307 -0.6516 -0.4214
vn -0.8020 -0.5757 0.1595
vn -0.8177 -0.5757 -0.0000
vn -0.7585 -0.6517 -0.0000
vn -0.7440 -0.6516 0.1480
vn -0.5401 -0.2352 0.8081
vn -0.6872 -0.2354 0.6872
vn 0.8980 -0.2351 -0.3720
vn 0.9532 -0.2354 -0.1897
vn -0.6798 -0.5758 0.4542
vn -0.7554 -0.5757 0.3130
vn -0.7008 -0.6516 0.2903
vn -0.6307 -0.6516 0.4214
vn 0.4542 -0.5758 -0.6798
vn 0.5781 -0.5758 -0.5781
vn 0.5363 -0.6518 -0.5363
vn 0.4214 -0.6516 -0.6307
vn 0.8081 -0.2352 -0.5401
vn -0.8980 -0.2351 0.3720
vn -0.9532 -0.2354 0.1897
vn 0.8019 -0.5757 -0.1595
vn 0.8177 -0.5757 -0.0000
vn 0.7585 -0.6517 -0.0000
vn 0.7440 -0.6516 -0.1480
vn -0.9719 -0.2352 -0.0000
vn 0.9719 -0.2352 -0.0000
vn 0.9533 -0.2351 0.1895
vn -0.8020 -0.5757 -0.1595
vn -0.7554 -0.5757 -0.3129
vn -0.7008 -0.6516 -0.2903
vn -0.7440 -0.6516 -0.1480
vn -0.3724 0.2315 0.8988
vn -0.1898 0.2313 0.9542
vn -0.8081 -0.2352 0.5401
vn -0.9533 -0.2351 -0.1895
vn -0.8980 -0.2351 -0.3720
vn -0.8081 -0.2352 -0.5401
vn 0.8019 -0.5757 0.1595
vn 0.7554 -0.5758 0.3129
vn 0.7009 -0.6516 0.2903
vn 0.7440 -0.6516 0.1480
vn 0.8980 -0.2351 0.3720
vn 0.8081 -0.2352 0.5401
vn -0.6798 -0.5758 -0.4542
vn -0.5781 -0.5758 -0.5781
vn -0.5363 -0.6518 -0.5363
vn -0.6307 -0.6516 -0.4214
vn -0.6872 -0.2354 -0.6872
vn -0.5401 -0.2352 -0.8081
vn 0.6798 -0.5758 0.4542
vn 0.5781 -0.5758 0.5781
vn 0.5363 -0.6518 0.5363
vn 0.6307 -0.6516 0.4214
vn 0.6872 -0.2354 0.6872
vn 0.5401 -0.2352 0.8081
vn -0.4542 -0.5758 -0.6798
vn -0.3129 -0.5757 -0.7554
vn -0.2903 -0.6516 -0.7008
vn -0.4214 -0.6516 -0.6307
vn -0.3720 -0.2351 -0.8980
vn -0.1895 -0.2351 -0.9533
vn 0.4542 -0.5758 0.6798
vn 0.3129 -0.5758 0.7554
vn 0.2903 -0.6516 0.7009
vn 0.4214 -0.6516 0.6307
vn 0.3720 -0.2351 0.8980
vn 0.1895 -0.2351 0.9533
vn -0.1595 -0.5757 -0.8020
vn -0.0000 -0.5757 -0.8177
vn -0.0000 -0.6517 -0.7585
vn -0.1480 -0.6516 -0.7440
vn -0.0000 -0.2352 -0.9719
vn 0.1895 -0.2351 -0.9533
vn 0.1595 -0.5757 0.8019
vn -0.0000 -0.5757 0.8177
vn -0.0000 -0.6517 0.7585
vn 0.1480 -0.6516 0.7440
vn -0.0000 -0.2352 0.9719
vn -0.1895 -0.2351 0.9533
vn 0.1595 -0.5757 -0.8019
vn 0.3129 -0.5758 -0.7554
vn 0.2903 -0.6516 -0.7009
vn 0.1480 -0.6516 -0.7440
vn 0.3720 -0.2351 -0.8980
vn -0.1595 -0.5757 0.8020
vn -0.3130 -0.5757 0.7554
vn -0.2903 -0.6516 0.7008
vn -0.1480 -0.6516 0.7440
vn -0.3720 -0.2351 0.8980
vn -0.0000 1.0000 -0.0000
vn 0.0001 1.0000 -0.0000
vn 0.0007 0.9999 -0.0163
vn -0.0000 0.9999 -0.0160
vn 0.0018 1.0000 -0.0000
vn 0.0032 0.9998 -0.0174
vn 0.0181 0.9998 -0.0000
vn 0.0188 0.9996 -0.0188
vn -0.0018 1.0000 -0.0000
vn -0.0001 1.0000 -0.0000
vn -0.0007 0.9999 -0.0163
vn -0.0032 0.9998 -0.0174
vn -0.0181 0.9998 -0.0000
vn -0.0188 0.9996 -0.0188
vn 0.0188 0.9996 0.0188
vn 0.0032 0.9998 0.0174
vn 0.0007 0.9999 0.0163
vn -0.0000 0.9999 0.0160
vn -0.0007 0.9999 0.0163
vn -0.0032 0.9998 0.0174
vn -0.0188 0.9996 0.0188
vn -0.8756 0.3909 -0.2836
vn -0.6693 0.3443 -0.6584
vn -0.9184 0.3956 -0.0000
vn 0.0789 0.2357 0.9686
vn -0.0000 0.2381 0.9712
vn 0.1769 0.2365 0.9554
vn -0.0789 0.2357 -0.9686
vn -0.0000 0.2381 -0.9712
vn -0.1769 0.2366 -0.9554
vn 0.8756 0.3909 -0.2836
vn 0.9184 0.3956 -0.0000
vn 0.6693 0.3443 -0.6584
vn -0.0789 0.2357 0.9686
vn -0.1769 0.2365 0.9554
vn -0.3646 0.2671 -0.8920
vn 0.8756 0.3909 0.2836
vn 0.6693 0.3442 0.6585
vn 0.3646 0.2671 -0.8920
vn 0.1769 0.2366 -0.9554
vn -0.3647 0.2673 0.8919
vn -0.6693 0.3442 0.6585
vn 0.3647 0.2673 0.8919
vn -0.8756 0.3909 0.2836
vn 0.0789 0.2357 -0.9686
vn -0.9182 -0.1108 -0.3804
vn -0.9747 -0.1112 -0.1939
vn -0.9805 -0.0221 -0.1951
vn -0.9236 -0.0220 -0.3826
vn -0.9938 -0.1109 -0.0000
vn -0.9998 -0.0221 -0.0000
vn -0.9747 -0.1112 0.1939
vn -0.9805 -0.0221 0.1951
vn -0.9182 -0.1108 0.3804
vn -0.9236 -0.0220 0.3826
vn 0.9182 -0.1108 0.3804
vn 0.9747 -0.1112 0.1939
vn 0.9805 -0.0221 0.1951
vn 0.9236 -0.0220 0.3826
vn 0.9938 -0.1109 -0.0000
vn 0.9998 -0.0221 -0.0000
vn -0.7028 -0.1105 -0.7028
vn -0.8263 -0.1106 -0.5522
vn -0.8313 -0.0219 -0.5555
vn -0.7069 -0.0219 -0.7069
vn 0.7028 -0.1105 0.7028
vn 0.8263 -0.1106 0.5522
vn 0.8313 -0.0219 0.5555
vn 0.7069 -0.0219 0.7069
vn -0.3804 -0.1108 -0.9182
vn -0.5522 -0.1106 -0.8263
vn -0.5555 -0.0219 -0.8313
vn -0.3826 -0.0220 -0.9236
vn 0.3804 -0.1108 0.9182
vn 0.5522 -0.1106 0.8263
vn 0.5555 -0.0219 0.8313
vn 0.3826 -0.0220 0.9236
vn -0.0000 -0.1109 -0.9938
vn -0.1939 -0.1107 -0.9748
vn -0.1951 -0.0221 -0.9805
vn -0.0000 -0.0221 -0.9998
vn -0.0000 -0.1109 0.9938
vn 0.1939 -0.1107 0.9748
vn 0.1951 -0.0221 0.9805
vn -0.0000 -0.0221 0.9998
vn 0.3804 -0.1108 -0.9182
vn 0.1939 -0.1112 -0.9747
vn 0.1951 -0.0221 -0.9805
vn 0.3826 -0.0220 -0.9236
vn -0.3804 -0.1108 0.9182
vn -0.1939 -0.1112 0.9747
vn -0.1951 -0.0221 0.9805
vn -0.3826 -0.0220 0.9236
vn 0.7027 -0.1109 -0.7027
vn 0.5522 -0.1106 -0.8263
vn 0.5555 -0.0219 -0.8313
vn 0.7069 -0.0219 -0.7069
vn -0.7028 -0.1105 0.7028
vn -0.5522 -0.1106 0.8263
vn -0.5555 -0.0219 0.8313
vn -0.7069 -0.0219 0.7069
vn 0.9182 -0.1108 -0.3804
vn 0.8263 -0.1106 -0.5522
vn 0.8313 -0.0219 -0.5555
vn 0.9236 -0.0220 -0.3826
vn -0.8263 -0.1106 0.5522
vn -0.8313 -0.0219 0.5555
vn 0.9747 -0.1112 -0.1939
vn 0.9805 -0.0221 -0.1951
vn 0.8593 -0.4822 -0.1709
vn 0.8760 -0.4823 -0.0000
vn 0.8096 -0.4819 -0.3353
vn -0.7286 -0.4819 0.4868
vn -0.8096 -0.4819 0.3353
vn -0.6196 -0.4819 0.6196
vn 0.7286 -0.4819 -0.4868
vn 0.6196 -0.4819 -0.6196
vn -0.4868 -0.4823 0.7283
vn -0.3353 -0.4819 0.8096
vn 0.4868 -0.4823 -0.7283
vn 0.3353 -0.4819 -0.8096
vn -0.1709 -0.4822 0.8593
vn -0.0000 -0.4820 0.8762
vn 0.1709 -0.4822 -0.8593
vn -0.0000 -0.4820 -0.8762
vn 0.1709 -0.4822 0.8593
vn 0.3353 -0.4819 0.8096
vn -0.1709 -0.4822 -0.8593
vn -0.3353 -0.4819 -0.8096
vn 0.4868 -0.4823 0.7283
vn 0.6196 -0.4819 0.6196
vn -0.4868 -0.4823 -0.7283
vn -0.6196 -0.4819 -0.6196
vn 0.7286 -0.4819 0.4868
vn 0.8096 -0.4819 0.3353
vn -0.7286 -0.4819 -0.4868
vn -0.8096 -0.4819 -0.3353
vn 0.8593 -0.4822 0.1709
vn -0.8593 -0.4822 0.1709
vn -0.8760 -0.4823 -0.0000
vn -0.8593 -0.4822 -0.1709
vn 0.5157 0.3718 -0.7719
vn 0.6564 0.3718 -0.6564
vn 0.3553 0.3718 -0.8577
vn -0.5157 0.3718 0.7719
vn -0.6564 0.3718 0.6564
vn -0.3553 0.3718 0.8577
vn 0.7719 0.3718 -0.5157
vn 0.8577 0.3718 -0.3553
vn -0.7719 0.3718 0.5157
vn -0.8577 0.3718 0.3553
vn 0.9105 0.3718 -0.1811
vn 0.9283 0.3718 -0.0000
vn -0.9105 0.3718 -0.1811
vn -0.8577 0.3718 -0.3553
vn -0.9283 0.3718 -0.0000
vn -0.9105 0.3718 0.1811
vn 0.9105 0.3718 0.1811
vn 0.8577 0.3718 0.3553
vn -0.7719 0.3718 -0.5157
vn -0.6564 0.3718 -0.6564
vn 0.7719 0.3718 0.5157
vn 0.6564 0.3718 0.6564
vn -0.5157 0.3718 -0.7719
vn -0.3553 0.3718 -0.8577
vn 0.5157 0.3718 0.7719
vn 0.3553 0.3718 0.8577
vn -0.1811 0.3718 -0.9105
vn -0.0000 0.3718 -0.9283
vn 0.1811 0.3718 0.9105
vn -0.0000 0.3718 0.9283
vn 0.1811 0.3718 -0.9105
vn -0.1811 0.3718 0.9105
vn -0.5376 0.6496 0.5376
vn -0.6323 0.6495 0.4224
vn -0.6822 0.5718 0.4557
vn -0.5801 0.5718 0.5801
vn -0.1483 0.6492 0.7460
vn -0.2911 0.6494 0.7026
vn -0.3140 0.5716 0.7580
vn -0.1600 0.5718 0.8047
vn 0.5378 0.6492 -0.5379
vn 0.6322 0.6495 -0.4224
vn 0.6822 0.5717 -0.4558
vn 0.5801 0.5717 -0.5802
vn 0.1484 0.6492 -0.7460
vn 0.2910 0.6493 -0.7026
vn 0.3140 0.5716 -0.7581
vn 0.1600 0.5718 -0.8046
vn -0.5404 0.2317 0.8089
vn 0.1483 0.6492 0.7460
vn -0.0000 0.6492 0.7606
vn -0.0000 0.5717 0.8205
vn 0.1600 0.5717 0.8047
vn 0.5404 0.2317 -0.8089
vn 0.3724 0.2315 -0.8988
vn -0.1483 0.6492 -0.7460
vn -0.0000 0.6492 -0.7606
vn -0.0000 0.5717 -0.8205
vn -0.1600 0.5717 -0.8047
vn -0.0000 0.2314 0.9729
vn 0.4224 0.6495 0.6322
vn 0.2910 0.6494 0.7026
vn 0.3139 0.5716 0.7581
vn 0.4558 0.5716 0.6823
vn 0.1898 0.2313 -0.9542
vn -0.0000 0.2314 -0.9729
vn -0.4224 0.6495 -0.6323
vn -0.2910 0.6494 -0.7026
vn -0.3140 0.5717 -0.7580
vn -0.4558 0.5717 -0.6822
vn 0.1898 0.2313 0.9542
vn 0.3724 0.2315 0.8988
vn 0.6322 0.6495 0.4224
vn 0.5377 0.6494 0.5378
vn 0.5802 0.5717 0.5802
vn 0.6823 0.5716 0.4558
vn -0.1898 0.2313 -0.9542
vn -0.3724 0.2315 -0.8988
vn -0.6323 0.6495 -0.4224
vn -0.5376 0.6496 -0.5376
vn -0.5801 0.5717 -0.5802
vn -0.6822 0.5717 -0.4558
vn 0.5404 0.2317 0.8089
vn 0.6878 0.2318 0.6878
vn 0.7459 0.6493 0.1484
vn 0.7026 0.6494 0.2910
vn 0.7581 0.5716 0.3139
vn 0.8047 0.5717 0.1601
vn -0.5404 0.2317 -0.8089
vn -0.6878 0.2318 -0.6878
vn -0.7460 0.6492 -0.1484
vn -0.7026 0.6494 -0.2910
vn -0.7581 0.5716 -0.3140
vn -0.8047 0.5718 -0.1601
vn 0.8089 0.2317 0.5404
vn 0.8988 0.2315 0.3724
vn 0.7459 0.6493 -0.1484
vn 0.7605 0.6493 -0.0000
vn 0.8205 0.5716 -0.0000
vn 0.8047 0.5717 -0.1601
vn -0.7606 0.6493 -0.0000
vn -0.8204 0.5717 -0.0000
vn -0.7026 0.6493 0.2910
vn -0.7581 0.5717 0.3139
vn -0.8089 0.2317 -0.5404
vn -0.8988 0.2315 -0.3724
vn -0.9729 0.2314 -0.0000
vn -0.9542 0.2313 0.1898
vn 0.9542 0.2313 0.1898
vn 0.9729 0.2314 -0.0000
vn 0.7026 0.6494 -0.2910
vn 0.7581 0.5716 -0.3139
vn -0.8988 0.2315 0.3724
vn -0.6879 0.2313 0.6879
vn 0.9542 0.2313 -0.1898
vn 0.8988 0.2315 -0.3724
vn 0.6879 0.2313 -0.6879
vn 0.8089 0.2317 -0.5404
vn -0.5499 -0.1428 0.8229
vn -0.6999 -0.1428 0.6999
vn -0.6937 0.1937 0.6937
vn -0.5450 0.1938 0.8157
vn -0.3939 0.7051 0.5897
vn -0.5015 0.7048 0.5016
vn -0.3926 -0.7076 0.5875
vn -0.2704 -0.7076 0.6529
vn -0.3749 -0.1996 0.9053
vn -0.5444 -0.1996 0.8147
vn -0.7066 -0.7076 -0.0000
vn -0.6930 -0.7077 0.1379
vn -0.9610 -0.1996 0.1912
vn -0.9799 -0.1996 -0.0000
vn -0.9542 0.2313 -0.1898
vn 0.5498 -0.1428 -0.8230
vn 0.6999 -0.1428 -0.6999
vn 0.6937 0.1936 -0.6937
vn 0.5450 0.1938 -0.8158
vn 0.3940 0.7049 -0.5898
vn 0.5016 0.7048 -0.5016
vn 0.3926 -0.7077 -0.5874
vn 0.2704 -0.7076 -0.6529
vn 0.3749 -0.1996 -0.9053
vn 0.5444 -0.1997 -0.8147
vn -0.4224 0.6495 0.6323
vn -0.4558 0.5716 0.6823
vn -0.1379 -0.7077 0.6930
vn -0.0000 -0.7076 0.7066
vn -0.0000 -0.1996 0.9799
vn -0.1912 -0.1996 0.9610
vn -0.3754 0.1939 0.9064
vn -0.2714 0.7050 0.6552
vn 0.3755 0.1938 -0.9064
vn 0.2715 0.7049 -0.6553
vn -0.1914 0.1939 0.9622
vn -0.0000 0.1939 0.9810
vn -0.0001 0.7050 0.7092
vn -0.1383 0.7051 0.6955
vn 0.4224 0.6495 -0.6323
vn 0.4557 0.5718 -0.6822
vn 0.1378 -0.7077 -0.6929
vn -0.0000 -0.7077 -0.7065
vn -0.0000 -0.1997 -0.9799
vn 0.1912 -0.1997 -0.9610
vn -0.3791 0.1361 0.9153
vn -0.1932 0.1362 0.9717
vn 0.1914 0.1938 -0.9622
vn -0.0000 0.1939 -0.9810
vn -0.0001 0.7050 -0.7092
vn 0.1384 0.7049 -0.6957
vn 0.1379 -0.7077 0.6930
vn 0.2704 -0.7076 0.6529
vn 0.3749 -0.1996 0.9053
vn 0.1912 -0.1996 0.9610
vn 0.3791 0.1362 -0.9153
vn 0.1933 0.1362 -0.9716
vn 0.1914 0.1938 0.9622
vn 0.3755 0.1938 0.9064
vn 0.2715 0.7049 0.6553
vn 0.1384 0.7049 0.6957
vn -0.1378 -0.7077 -0.6929
vn -0.2704 -0.7076 -0.6529
vn -0.3749 -0.1996 -0.9053
vn -0.1912 -0.1997 -0.9610
vn -0.0000 0.1363 0.9907
vn 0.1932 0.1362 0.9716
vn -0.1914 0.1939 -0.9622
vn -0.3754 0.1939 -0.9064
vn -0.2714 0.7050 -0.6552
vn -0.1383 0.7051 -0.6955
vn 0.3926 -0.7076 0.5875
vn 0.4998 -0.7075 0.4997
vn 0.6929 -0.1999 0.6928
vn 0.5444 -0.1996 0.8147
vn -0.0000 0.1363 -0.9907
vn -0.1932 0.1362 -0.9716
vn 0.5450 0.1939 0.8157
vn 0.6937 0.1938 0.6937
vn 0.5015 0.7050 0.5015
vn 0.3940 0.7050 0.5897
vn -0.3926 -0.7076 -0.5875
vn -0.4997 -0.7075 -0.4997
vn -0.6929 -0.1997 -0.6929
vn -0.5444 -0.1996 -0.8147
vn 0.3791 0.1361 0.9153
vn 0.5504 0.1360 0.8238
vn -0.5450 0.1939 -0.8157
vn -0.6937 0.1939 -0.6937
vn -0.5014 0.7050 -0.5015
vn -0.3940 0.7051 -0.5896
vn 0.5874 -0.7077 0.3925
vn 0.6528 -0.7076 0.2705
vn 0.9052 -0.1997 0.3750
vn 0.8147 -0.1999 0.5444
vn -0.3791 0.1362 -0.9153
vn -0.5504 0.1362 -0.8237
vn 0.8157 0.1937 0.5451
vn 0.9064 0.1937 0.3754
vn 0.6553 0.7049 0.2714
vn 0.5897 0.7049 0.3941
vn -0.5875 -0.7076 -0.3926
vn -0.6529 -0.7076 -0.2704
vn -0.9053 -0.1996 -0.3749
vn -0.8147 -0.1996 -0.5444
vn 0.7005 0.1362 0.7005
vn 0.8238 0.1358 0.5504
vn -0.8157 0.1939 -0.5450
vn -0.9064 0.1938 -0.3755
vn -0.6553 0.7049 -0.2715
vn -0.5897 0.7050 -0.3940
vn 0.6930 -0.7077 0.1379
vn 0.7066 -0.7076 -0.0000
vn 0.9799 -0.1996 -0.0000
vn 0.9610 -0.2001 0.1910
vn -0.7005 0.1363 -0.7005
vn -0.8237 0.1360 -0.5504
vn -0.8089 0.2317 0.5404
vn 0.9622 0.1938 0.1914
vn 0.9810 0.1938 -0.0000
vn 0.7093 0.7049 -0.0000
vn 0.6956 0.7050 0.1383
vn -0.9708 -0.1425 0.1931
vn -0.9898 -0.1426 -0.0000
vn -0.6930 -0.7077 -0.1379
vn -0.9610 -0.1996 -0.1912
vn -0.6528 -0.7076 0.2705
vn -0.9052 -0.1997 0.3750
vn 0.9153 0.1360 0.3791
vn 0.9717 0.1361 0.1933
vn -0.7460 0.6492 0.1484
vn -0.8047 0.5717 0.1601
vn -0.9622 0.1938 -0.1914
vn -0.9810 0.1939 -0.0000
vn -0.7092 0.7050 0.0001
vn -0.6957 0.7049 -0.1384
vn -0.9064 0.1938 0.3754
vn -0.8158 0.1937 0.5450
vn -0.5899 0.7048 0.3940
vn -0.6554 0.7049 0.2714
vn 0.6930 -0.7077 -0.1379
vn 0.6528 -0.7076 -0.2705
vn 0.9052 -0.1997 -0.3750
vn 0.9610 -0.1996 -0.1912
vn -0.9622 0.1939 0.1914
vn -0.6956 0.7050 0.1384
vn 0.9622 0.1938 -0.1914
vn 0.9064 0.1937 -0.3754
vn 0.6555 0.7047 -0.2714
vn 0.6956 0.7050 -0.1383
vn -0.5874 -0.7077 0.3925
vn -0.8147 -0.1999 0.5444
vn 0.9907 0.1361 -0.0000
vn 0.9717 0.1361 -0.1933
vn 0.4997 -0.7076 -0.4995
vn 0.6929 -0.2001 -0.6927
vn 0.5874 -0.7077 -0.3926
vn 0.8146 -0.2000 -0.5444
vn 0.8157 0.1936 -0.5450
vn 0.5898 0.7049 -0.3940
vn -0.7006 0.1359 0.7005
vn -0.5504 0.1360 0.8237
vn 0.7005 0.1364 -0.7005
vn 0.5504 0.1361 -0.8237
vn -0.9153 0.1362 -0.3791
vn -0.9907 0.1362 -0.0000
vn -0.9717 0.1358 0.1931
vn -0.9153 0.1362 0.3791
vn -0.9716 0.1362 -0.1933
vn 0.9153 0.1360 -0.3791
vn -0.8238 0.1360 0.5504
vn 0.8238 0.1358 -0.5504
vn -0.4998 -0.7075 0.4997
vn -0.6929 -0.1999 0.6928
vn 0.6012 0.5264 -0.6012
vn 0.7070 0.5263 -0.4724
vn -0.5539 0.0814 0.8286
vn -0.3816 0.0815 0.9207
vn -0.3248 -0.5284 0.7844
vn -0.4716 -0.5283 0.7060
vn 0.7060 -0.5279 -0.4720
vn 0.6004 -0.5284 -0.6003
vn 0.8230 -0.1429 -0.5498
vn 0.9144 -0.1429 -0.3788
vn 0.7855 0.5263 -0.3254
vn 0.8286 -0.0840 -0.5535
vn 0.9206 -0.0840 -0.3813
vn 0.7844 -0.5283 -0.3249
vn -0.6012 0.5264 0.6012
vn -0.7070 0.5263 0.4724
vn 0.8288 0.0813 0.5536
vn 0.9208 0.0815 0.3814
vn 0.7844 -0.5283 0.3249
vn 0.7060 -0.5283 0.4717
vn -0.7060 -0.5281 0.4719
vn -0.6004 -0.5284 0.6003
vn -0.8230 -0.1427 0.5499
vn -0.9144 -0.1425 0.3788
vn -0.7856 0.5263 0.3254
vn -0.8286 -0.0840 0.5535
vn -0.9206 -0.0840 0.3813
vn -0.7844 -0.5283 0.3249
vn 0.9707 -0.1427 -0.1931
vn 0.8341 0.5262 -0.1658
vn 0.9773 -0.0841 -0.1944
vn 0.8329 -0.5281 -0.1657
vn 0.9898 -0.1426 -0.0000
vn 0.8503 0.5263 -0.0000
vn 0.9775 0.0816 0.1944
vn 0.8329 -0.5281 0.1657
vn 0.8491 -0.5282 -0.0000
vn -0.8503 0.5262 -0.0000
vn -0.8341 0.5262 -0.1658
vn -0.9967 0.0815 -0.0000
vn -0.9775 0.0816 0.1944
vn -0.8329 -0.5281 0.1657
vn -0.8491 -0.5283 -0.0000
vn -0.8329 -0.5281 -0.1657
vn -0.9708 -0.1426 -0.1931
vn -0.9144 -0.1425 -0.3788
vn -0.7855 0.5263 -0.3254
vn -0.7050 0.0813 -0.7046
vn -0.8288 0.0813 -0.5536
vn -0.7059 -0.5284 -0.4716
vn -0.6003 -0.5285 -0.6003
vn -0.7844 -0.5283 -0.3249
vn -0.8341 0.5261 0.1659
vn -0.9773 -0.0842 0.1944
vn -0.9208 0.0815 0.3814
vn 0.9707 -0.1427 0.1931
vn 0.8341 0.5262 0.1658
vn 0.9965 -0.0842 -0.0000
vn 0.9144 -0.1429 0.3788
vn 0.7855 0.5263 0.3254
vn 0.9773 -0.0841 0.1944
vn 0.9206 -0.0840 0.3813
vn -0.8230 -0.1427 -0.5499
vn -0.7070 0.5263 -0.4724
vn -0.9773 -0.0841 -0.1944
vn -0.9206 -0.0840 -0.3813
vn -0.6999 -0.1428 -0.6999
vn -0.6012 0.5264 -0.6012
vn -0.8286 -0.0840 -0.5535
vn -0.7048 -0.0840 -0.7044
vn 0.8230 -0.1429 0.5498
vn 0.7070 0.5263 0.4724
vn 0.8286 -0.0840 0.5535
vn 0.6999 -0.1428 0.6999
vn 0.6012 0.5264 0.6012
vn 0.3816 0.0814 0.9207
vn 0.5539 0.0813 0.8286
vn 0.4717 -0.5283 0.7060
vn 0.3248 -0.5284 0.7844
vn 0.6004 -0.5284 0.6003
vn -0.5499 -0.1428 -0.8229
vn -0.4724 0.5262 -0.7071
vn -0.5538 -0.0840 -0.8284
vn -0.4717 -0.5283 -0.7060
vn -0.3788 -0.1427 -0.9144
vn -0.3254 0.5263 -0.7856
vn -0.3816 -0.0839 -0.9205
vn -0.3248 -0.5284 -0.7844
vn 0.5498 -0.1428 0.8230
vn 0.4724 0.5259 0.7073
vn 0.7048 -0.0840 0.7045
vn 0.3788 -0.1427 0.9144
vn 0.3254 0.5264 0.7855
vn 0.5538 -0.0840 0.8284
vn 0.3816 -0.0839 0.9205
vn -0.1931 -0.1427 -0.9708
vn -0.1659 0.5262 -0.8340
vn -0.1946 -0.0840 -0.9773
vn -0.1657 -0.5281 -0.8329
vn -0.0000 -0.1426 -0.9898
vn -0.0000 0.5263 -0.8503
vn -0.0000 -0.0841 -0.9965
vn -0.0000 -0.5282 -0.8491
vn 0.1932 -0.1426 0.9707
vn 0.1659 0.5262 0.8340
vn 0.1946 -0.0840 0.9773
vn 0.1657 -0.5281 0.8329
vn -0.0000 -0.1426 0.9898
vn -0.0000 0.5263 0.8503
vn -0.0000 -0.0841 0.9965
vn -0.0000 -0.5282 0.8491
vn 0.1932 -0.1426 -0.9707
vn 0.1659 0.5262 -0.8340
vn 0.1946 -0.0840 -0.9773
vn 0.1657 -0.5281 -0.8329
vn 0.3788 -0.1427 -0.9144
vn 0.3254 0.5263 -0.7856
vn 0.3816 -0.0839 -0.9205
vn 0.3248 -0.5284 -0.7844
vn -0.1931 -0.1426 0.9708
vn -0.1659 0.5262 0.8340
vn -0.1946 -0.0840 0.9773
vn -0.1657 -0.5281 0.8329
vn -0.3788 -0.1427 0.9144
vn -0.3254 0.5263 0.7856
vn -0.7050 0.0813 0.7046
vn 0.4724 0.5262 -0.7071
vn 0.5538 -0.0840 -0.8284
vn 0.4717 -0.5283 -0.7060
vn 0.7048 -0.0840 -0.7044
vn -0.4724 0.5262 0.7071
vn -0.3816 -0.0839 0.9205
vn -0.5538 -0.0840 0.8284
vn -0.7048 -0.0840 0.7044
vn -0.1947 0.0815 0.9775
vn 0.7050 0.0813 -0.7046
vn 0.5539 0.0814 -0.8286
vn 0.3816 0.0815 -0.9207
vn -0.0000 0.0815 0.9967
vn 0.1947 0.0815 -0.9775
vn -0.0000 0.0815 -0.9967
vn 0.1947 0.0815 0.9775
vn -0.1947 0.0815 -0.9775
vn -0.3816 0.0815 -0.9207
vn 0.7049 0.0812 0.7046
vn -0.5539 0.0814 -0.8286
vn -0.9965 -0.0842 -0.0000
vn -0.9208 0.0815 -0.3814
vn -0.9775 0.0816 -0.1944
vn 0.9967 0.0815 -0.0000
vn 0.9775 0.0816 -0.1944
vn -0.8288 0.0813 0.5536
vn 0.9208 0.0815 -0.3814
vn 0.8288 0.0813 -0.5536
vn -0.6325 -0.7626 -0.1357
vn -0.6505 -0.7595 -0.0000
vn -0.6325 -0.7626 0.1357
vn 0.5963 -0.7577 0.2652
vn 0.6325 -0.7626 0.1357
vn 0.6325 -0.7626 -0.1357
vn 0.5963 -0.7577 -0.2652
vn 0.4515 -0.7575 -0.4716
vn 0.3595 -0.7625 -0.5379
vn -0.5292 -0.7612 0.3749
vn -0.4515 -0.7575 0.4716
vn 0.4514 -0.7575 0.4716
vn 0.5292 -0.7612 0.3748
vn 0.5292 -0.7612 -0.3747
vn -0.3596 -0.7625 0.5378
vn -0.2577 -0.7591 0.5978
vn -0.2577 -0.7590 -0.5979
vn -0.3595 -0.7625 -0.5379
vn 0.2577 -0.7590 -0.5979
vn -0.1308 -0.7635 0.6325
vn 0.2578 -0.7591 0.5978
vn 0.3593 -0.7627 0.5377
vn 0.1309 -0.7634 -0.6325
vn -0.0000 -0.7602 -0.6497
vn -0.5963 -0.7577 0.2652
vn 0.1306 -0.7632 0.6328
vn -0.1309 -0.7634 -0.6325
vn -0.0000 -0.7602 0.6497
vn 0.6506 -0.7594 -0.0000
vn -0.5292 -0.7612 -0.3749
vn -0.5963 -0.7577 -0.2652
vn -0.4515 -0.7575 -0.4716
vn -0.2572 -0.8716 0.4173
vn -0.3260 -0.8752 0.3574
vn -0.3824 -0.8860 0.2622
vn -0.4174 -0.8977 0.1408
vn -0.4319 -0.9019 -0.0000
vn -0.4174 -0.8977 -0.1408
vn -0.3824 -0.8860 -0.2622
vn -0.3260 -0.8752 -0.3574
vn -0.2572 -0.8716 -0.4173
vn -0.1363 -0.8739 0.4667
vn -0.1764 -0.8923 0.4156
vn -0.2271 -0.9206 0.3176
vn -0.2404 -0.9548 0.1747
vn -0.2538 -0.9673 -0.0000
vn -0.2404 -0.9548 -0.1747
vn -0.2271 -0.9206 -0.3176
vn -0.1764 -0.8923 -0.4156
vn -0.1363 -0.8738 -0.4668
vn -0.0000 -0.8752 0.4837
vn -0.0000 -0.8997 0.4365
vn -0.0000 -0.9412 0.3378
vn -0.0000 -0.9816 0.1908
vn -0.0000 -1.0000 -0.0000
vn -0.0000 -0.9816 -0.1908
vn -0.0000 -0.9412 -0.3378
vn -0.0000 -0.8997 -0.4365
vn -0.0000 -0.8752 -0.4837
vn 0.1364 -0.8738 0.4668
vn 0.1764 -0.8922 0.4157
vn 0.2271 -0.9206 0.3176
vn 0.2404 -0.9548 0.1747
vn 0.2538 -0.9673 -0.0000
vn 0.2404 -0.9548 -0.1747
vn 0.2271 -0.9206 -0.3176
vn 0.1764 -0.8923 -0.4156
vn 0.1363 -0.8738 -0.4668
vn 0.2572 -0.8716 0.4173
vn 0.3264 -0.8751 0.3572
vn 0.3824 -0.8860 0.2622
vn 0.4175 -0.8977 0.1408
vn 0.4320 -0.9019 -0.0000
vn 0.4175 -0.8977 -0.1408
vn 0.3824 -0.8860 -0.2622
vn 0.3260 -0.8752 -0.3574
vn 0.2572 -0.8716 -0.4173
vn -0.2359 -0.9718 -0.0000
vn -0.3817 -0.9243 -0.0000
vn -0.3889 -0.9180 -0.0771
vn -0.2423 -0.9694 -0.0405
vn -0.5131 -0.8583 -0.0000
vn -0.5172 -0.8468 -0.1240
vn -0.5243 -0.8047 -0.2785
vn -0.4085 -0.8921 -0.1931
vn -0.2634 -0.9568 -0.1228
vn -0.4283 -0.8115 -0.3977
vn -0.3003 -0.9001 -0.3156
vn -0.5148 -0.7031 -0.4905
vn -0.4535 -0.5013 -0.7369
vn -0.4124 -0.6067 -0.6796
vn -0.3293 -0.7039 -0.6293
vn -0.3288 -0.2706 -0.9048
vn -0.3048 -0.3315 -0.8929
vn -0.3242 -0.2077 -0.9229
vn -0.1561 0.1037 -0.9823
vn -0.2012 0.0858 -0.9758
vn -0.2310 0.0640 -0.9708
vn -0.0627 0.3947 -0.9167
vn -0.1359 0.4012 -0.9059
vn 0.0152 0.3773 -0.9260
vn 0.1693 0.5890 -0.7902
vn 0.0716 0.6346 -0.7695
vn -0.0282 0.6676 -0.7440
vn 0.1868 0.7924 -0.5807
vn 0.0750 0.8374 -0.5414
vn 0.2947 0.7340 -0.6119
vn 0.3873 0.8234 -0.4147
vn 0.2737 0.8820 -0.3836
vn 0.1571 0.9256 -0.3443
vn 0.3280 0.9255 -0.1896
vn 0.2088 0.9637 -0.1661
vn 0.4445 0.8710 -0.2091
vn 0.4640 0.8858 -0.0000
vn 0.3465 0.9381 -0.0000
vn 0.2262 0.9741 -0.0000
vn 0.3280 0.9255 0.1896
vn 0.2088 0.9637 0.1661
vn 0.4445 0.8710 0.2091
vn 0.3873 0.8234 0.4147
vn 0.2737 0.8820 0.3836
vn 0.1571 0.9256 0.3443
vn 0.1868 0.7924 0.5807
vn 0.0750 0.8374 0.5414
vn 0.2947 0.7340 0.6119
vn 0.1693 0.5890 0.7902
vn 0.0716 0.6346 0.7695
vn -0.0282 0.6676 0.7440
vn -0.0627 0.3947 0.9167
vn -0.1359 0.4012 0.9059
vn 0.0152 0.3773 0.9260
vn -0.1561 0.1037 0.9823
vn -0.2012 0.0858 0.9758
vn -0.2310 0.0640 0.9708
vn -0.3288 -0.2706 0.9048
vn -0.3048 -0.3315 0.8929
vn -0.3242 -0.2077 0.9229
vn -0.4535 -0.5013 0.7369
vn -0.4124 -0.6067 0.6796
vn -0.3293 -0.7039 0.6293
vn -0.4283 -0.8115 0.3977
vn -0.3003 -0.9001 0.3156
vn -0.5148 -0.7031 0.4905
vn -0.5243 -0.8047 0.2785
vn -0.4085 -0.8921 0.1931
vn -0.2634 -0.9568 0.1228
vn -0.3889 -0.9180 0.0771
vn -0.2423 -0.9694 0.0405
vn -0.5172 -0.8468 0.1240
vn -0.6347 -0.7727 -0.0000
vn -0.6314 -0.7560 -0.1727
vn -0.7558 -0.6548 -0.0000
vn -0.7420 -0.6354 -0.2137
vn -0.6965 -0.5745 -0.4299
vn -0.6153 -0.6999 -0.3626
vn -0.5676 -0.5871 -0.5772
vn -0.6078 -0.4662 -0.6428
vn -0.4652 -0.3082 -0.8298
vn -0.4637 -0.4005 -0.7903
vn -0.2997 -0.1537 -0.9416
vn -0.2729 -0.1134 -0.9553
vn -0.0544 0.0907 -0.9944
vn -0.1029 0.1070 -0.9889
vn 0.0928 0.3395 -0.9360
vn 0.1614 0.2765 -0.9474
vn 0.3530 0.4281 -0.8319
vn 0.2651 0.5227 -0.8103
vn 0.4042 0.6541 -0.6394
vn 0.5104 0.5423 -0.6673
vn 0.6289 0.6215 -0.4671
vn 0.5070 0.7405 -0.4411
vn 0.5710 0.7895 -0.2253
vn 0.7036 0.6685 -0.2408
vn 0.7294 0.6841 -0.0000
vn 0.5928 0.8053 -0.0000
vn 0.5710 0.7895 0.2253
vn 0.7036 0.6685 0.2408
vn 0.6289 0.6215 0.4671
vn 0.5070 0.7405 0.4411
vn 0.4042 0.6541 0.6394
vn 0.5104 0.5423 0.6673
vn 0.3530 0.4281 0.8319
vn 0.2651 0.5227 0.8103
vn 0.0928 0.3395 0.9360
vn 0.1614 0.2765 0.9474
vn -0.0544 0.0907 0.9944
vn -0.1029 0.1070 0.9889
vn -0.2997 -0.1537 0.9416
vn -0.2729 -0.1134 0.9553
vn -0.4652 -0.3082 0.8298
vn -0.4637 -0.4005 0.7903
vn -0.5676 -0.5871 0.5772
vn -0.6078 -0.4662 0.6428
vn -0.6965 -0.5745 0.4299
vn -0.6153 -0.6999 0.3626
vn -0.6314 -0.7560 0.1727
vn -0.7420 -0.6354 0.2137
vn -0.9534 -0.3016 -0.0000
vn -0.9923 -0.1235 -0.0000
vn -0.9582 -0.1169 -0.2611
vn -0.9228 -0.2892 -0.2548
vn -0.9993 0.0382 -0.0000
vn -0.9632 0.0390 -0.2660
vn -0.8582 0.0408 -0.5117
vn -0.8581 -0.0978 -0.5041
vn -0.8318 -0.2528 -0.4941
vn -0.6988 -0.0681 -0.7120
vn -0.6844 -0.1947 -0.7027
vn -0.6935 0.0430 -0.7192
vn -0.4835 0.0442 -0.8742
vn -0.4919 -0.0311 -0.8701
vn -0.4880 -0.1192 -0.8647
vn -0.2530 0.0091 -0.9674
vn -0.2565 -0.0331 -0.9660
vn -0.2446 0.0432 -0.9687
vn 0.0060 0.0389 -0.9992
vn -0.0007 0.0484 -0.9988
vn -0.0090 0.0550 -0.9984
vn 0.2480 0.0834 -0.9652
vn 0.2344 0.1371 -0.9624
vn 0.2536 0.0312 -0.9668
vn 0.4854 0.0208 -0.8740
vn 0.4792 0.1126 -0.8704
vn 0.4584 0.2084 -0.8640
vn 0.6814 0.1354 -0.7193
vn 0.6514 0.2664 -0.7104
vn 0.6899 0.0091 -0.7239
vn 0.8539 -0.0019 -0.5204
vn 0.8427 0.1520 -0.5164
vn 0.8036 0.3100 -0.5081
vn 0.9488 0.1622 -0.2709
vn 0.9030 0.3376 -0.2658
vn 0.9619 -0.0098 -0.2731
vn 0.9999 -0.0127 -0.0000
vn 0.9862 0.1657 -0.0000
vn 0.9378 0.3471 -0.0000
vn 0.9488 0.1622 0.2709
vn 0.9030 0.3376 0.2658
vn 0.9619 -0.0098 0.2731
vn 0.8539 -0.0019 0.5204
vn 0.8427 0.1520 0.5164
vn 0.8036 0.3100 0.5081
vn 0.6814 0.1354 0.7193
vn 0.6514 0.2664 0.7104
vn 0.6899 0.0091 0.7239
vn 0.4854 0.0208 0.8740
vn 0.4792 0.1126 0.8704
vn 0.4584 0.2084 0.8640
vn 0.2480 0.0834 0.9652
vn 0.2344 0.1371 0.9624
vn 0.2536 0.0312 0.9668
vn 0.0060 0.0389 0.9992
vn -0.0007 0.0484 0.9988
vn -0.0090 0.0550 0.9984
vn -0.2530 0.0091 0.9674
vn -0.2565 -0.0331 0.9660
vn -0.2446 0.0432 0.9687
vn -0.4835 0.0442 0.8742
vn -0.4919 -0.0311 0.8701
vn -0.4880 -0.1192 0.8647
vn -0.6988 -0.0681 0.7120
vn -0.6844 -0.1947 0.7027
vn -0.6935 0.0430 0.7192
vn -0.8582 0.0408 0.5117
vn -0.8581 -0.0978 0.5041
vn -0.8318 -0.2528 0.4941
vn -0.9582 -0.1169 0.2611
vn -0.9228 -0.2892 0.2548
vn -0.9632 0.0390 0.2660
vn -0.9792 0.2029 -0.0000
vn -0.9423 0.1971 -0.2705
vn -0.9266 0.3760 -0.0000
vn -0.8908 0.3631 -0.2733
vn -0.7881 0.3257 -0.5222
vn -0.8359 0.1800 -0.5185
vn -0.6714 0.1527 -0.7252
vn -0.6309 0.2679 -0.7281
vn -0.4348 0.1945 -0.8793
vn -0.4647 0.1171 -0.8777
vn -0.2321 0.0747 -0.9698
vn -0.2150 0.1102 -0.9704
vn 0.0146 0.0198 -0.9997
vn 0.0110 0.0277 -0.9996
vn 0.2515 -0.0219 -0.9676
vn 0.2424 -0.0725 -0.9675
vn 0.4569 -0.1616 -0.8747
vn 0.4778 -0.0714 -0.8756
vn 0.6781 -0.1175 -0.7255
vn 0.6462 -0.2422 -0.7237
vn 0.7973 -0.3077 -0.5192
vn 0.8388 -0.1559 -0.5216
vn 0.9445 -0.1818 -0.2736
vn 0.8961 -0.3510 -0.2716
vn 0.9305 -0.3662 -0.0000
vn 0.9816 -0.1911 -0.0000
vn 0.9445 -0.1818 0.2736
vn 0.8961 -0.3510 0.2716
vn 0.7973 -0.3077 0.5192
vn 0.8388 -0.1559 0.5216
vn 0.6781 -0.1175 0.7255
vn 0.6462 -0.2422 0.7237
vn 0.4569 -0.1616 0.8747
vn 0.4778 -0.0714 0.8756
vn 0.2515 -0.0219 0.9676
vn 0.2424 -0.0725 0.9675
vn 0.0146 0.0198 0.9997
vn 0.0110 0.0277 0.9996
vn -0.2321 0.0747 0.9698
vn -0.2150 0.1102 0.9704
vn -0.4348 0.1945 0.8793
vn -0.4647 0.1171 0.8777
vn -0.6714 0.1527 0.7252
vn -0.6309 0.2679 0.7281
vn -0.7881 0.3257 0.5222
vn -0.8359 0.1800 0.5185
vn -0.9423 0.1971 0.2705
vn -0.8908 0.3631 0.2733
vn -0.8479 0.5302 -0.0000
vn -0.8147 0.5109 -0.2742
vn -0.7561 0.6545 -0.0000
vn -0.7275 0.6302 -0.2713
vn -0.6454 0.5606 -0.5189
vn -0.7201 0.4556 -0.5233
vn -0.5756 0.3707 -0.7288
vn -0.5190 0.4532 -0.7247
vn -0.3598 0.3178 -0.8772
vn -0.3957 0.2638 -0.8797
vn -0.1938 0.1423 -0.9707
vn -0.1786 0.1640 -0.9701
vn 0.0137 0.0012 -0.9999
vn 0.0178 0.0132 -0.9998
vn 0.2283 -0.1173 -0.9665
vn 0.2065 -0.1610 -0.9651
vn 0.3878 -0.3122 -0.8672
vn 0.4260 -0.2416 -0.8719
vn 0.5994 -0.3519 -0.7189
vn 0.5461 -0.4430 -0.7110
vn 0.6699 -0.5443 -0.5050
vn 0.7365 -0.4400 -0.5138
vn 0.8251 -0.4973 -0.2680
vn 0.7490 -0.6084 -0.2624
vn 0.7762 -0.6305 -0.0000
vn 0.8558 -0.5173 -0.0000
vn 0.8251 -0.4973 0.2680
vn 0.7490 -0.6084 0.2624
vn 0.6699 -0.5443 0.5050
vn 0.7365 -0.4400 0.5138
vn 0.5994 -0.3519 0.7189
vn 0.5461 -0.4430 0.7110
vn 0.3878 -0.3122 0.8672
vn 0.4260 -0.2416 0.8719
vn 0.2283 -0.1173 0.9665
vn 0.2065 -0.1610 0.9651
vn 0.0137 0.0012 0.9999
vn 0.0178 0.0132 0.9998
vn -0.1938 0.1423 0.9707
vn -0.1786 0.1640 0.9701
vn -0.3598 0.3178 0.8772
vn -0.3957 0.2638 0.8797
vn -0.5756 0.3707 0.7288
vn -0.5190 0.4532 0.7247
vn -0.6454 0.5606 0.5189
vn -0.7201 0.4556 0.5233
vn -0.8147 0.5109 0.2742
vn -0.7275 0.6302 0.2713
vn -0.6631 0.7486 -0.0000
vn -0.6407 0.7214 -0.2630
vn -0.5864 0.8100 -0.0000
vn -0.5707 0.7829 -0.2477
vn -0.5240 0.7026 -0.4814
vn -0.5755 0.6431 -0.5052
vn -0.4722 0.5198 -0.7119
vn -0.4466 0.5726 -0.6875
vn -0.3392 0.3988 -0.8520
vn -0.3372 0.3611 -0.8694
vn -0.1781 0.1779 -0.9678
vn -0.2045 0.1914 -0.9600
vn -0.0489 -0.0339 -0.9982
vn -0.0040 -0.0168 -0.9999
vn 0.1737 -0.2085 -0.9625
vn 0.1161 -0.2560 -0.9597
vn 0.2746 -0.4522 -0.8486
vn 0.3413 -0.3822 -0.8587
vn 0.4865 -0.5266 -0.6971
vn 0.4118 -0.6076 -0.6792
vn 0.5159 -0.7159 -0.4706
vn 0.5985 -0.6336 -0.4902
vn 0.6690 -0.6990 -0.2529
vn 0.5802 -0.7783 -0.2400
vn 0.6020 -0.7985 -0.0000
vn 0.6930 -0.7209 -0.0000
vn 0.6690 -0.6990 0.2529
vn 0.5802 -0.7783 0.2400
vn 0.5159 -0.7159 0.4706
vn 0.5985 -0.6334 0.4906
vn 0.4865 -0.5266 0.6971
vn 0.4118 -0.6076 0.6792
vn 0.2746 -0.4522 0.8486
vn 0.3413 -0.3822 0.8587
vn 0.1737 -0.2085 0.9625
vn 0.1161 -0.2560 0.9597
vn -0.0489 -0.0339 0.9982
vn -0.0040 -0.0168 0.9999
vn -0.1781 0.1779 0.9678
vn -0.2045 0.1914 0.9600
vn -0.3392 0.3988 0.8520
vn -0.3372 0.3611 0.8694
vn -0.4722 0.5198 0.7119
vn -0.4466 0.5726 0.6875
vn -0.5240 0.7026 0.4814
vn -0.5755 0.6431 0.5052
vn -0.6407 0.7214 0.2627
vn -0.5707 0.7829 0.2477
vn -0.5280 0.8172 0.2310
vn -0.5818 0.7864 0.2074
vn -0.5862 0.8102 -0.0000
vn -0.5377 0.8431 -0.0000
vn -0.3711 0.4319 -0.8220
vn -0.4466 0.6106 -0.6540
vn -0.4982 0.7396 -0.4525
vn -0.5684 0.7146 -0.4078
vn -0.5450 0.5949 -0.5908
vn -0.1480 -0.0372 -0.9883
vn -0.2707 0.2109 -0.9393
vn -0.5280 0.8172 -0.2310
vn -0.5818 0.7863 -0.2077
vn -0.5101 0.4279 -0.7461
vn -0.4626 0.2186 -0.8592
vn 0.1247 -0.5128 -0.8494
vn -0.0115 -0.2878 -0.9576
vn -0.4026 -0.0221 -0.9151
vn -0.3332 -0.2746 -0.9020
vn 0.3385 -0.8153 -0.4697
vn 0.2455 -0.6915 -0.6794
vn -0.2606 -0.5147 -0.8168
vn -0.1941 -0.7184 -0.6680
vn 0.4164 -0.9092 -0.0000
vn 0.3967 -0.8863 -0.2390
vn -0.1403 -0.8710 -0.4708
vn -0.1062 -0.9642 -0.2429
vn 0.3385 -0.8153 0.4697
vn 0.3967 -0.8863 0.2390
vn -0.0946 -0.9955 -0.0000
vn -0.1062 -0.9642 0.2429
vn 0.1247 -0.5128 0.8494
vn 0.2455 -0.6915 0.6794
vn -0.1403 -0.8710 0.4708
vn -0.1937 -0.7187 0.6678
vn -0.1480 -0.0372 0.9883
vn -0.0115 -0.2878 0.9576
vn -0.2606 -0.5147 0.8168
vn -0.3332 -0.2746 0.9020
vn -0.3711 0.4319 0.8220
vn -0.2707 0.2109 0.9393
vn -0.4026 -0.0221 0.9151
vn -0.4626 0.2186 0.8592
vn -0.4982 0.7396 0.4525
vn -0.4466 0.6106 0.6540
vn -0.5101 0.4279 0.7461
vn -0.5450 0.5949 0.5908
vn 0.5296 0.8161 -0.2311
vn 0.5392 0.8421 -0.0000
vn 0.5842 0.8116 -0.0000
vn 0.5684 0.7844 -0.2483
vn -0.5684 0.7146 0.4078
vn -0.7407 0.5855 -0.3295
vn -0.7431 0.4792 -0.4671
vn -0.4647 0.6345 -0.6176
vn -0.4632 0.7725 -0.4344
vn 0.6911 0.7228 -0.0000
vn 0.5899 0.8075 -0.0000
vn 0.5858 0.7836 -0.2072
vn 0.6898 0.7010 -0.1812
vn 0.5728 0.7117 -0.4067
vn 0.6857 0.6358 -0.3543
vn -0.5338 0.7369 -0.4148
vn -0.5337 0.8182 -0.2138
vn 0.2261 0.9424 -0.2466
vn 0.2272 0.8483 -0.4783
vn -0.5335 0.6057 -0.5903
vn 0.2286 0.6966 -0.6801
vn 0.5502 0.5917 -0.5892
vn 0.6789 0.5280 -0.5102
vn 0.5166 0.4249 -0.7434
vn 0.6689 0.3800 -0.6389
vn -0.5335 0.4311 -0.7277
vn 0.2303 0.4954 -0.8376
vn -0.5327 0.2243 -0.8160
vn 0.2318 0.2573 -0.9381
vn 0.4708 0.2161 -0.8554
vn 0.6554 0.1976 -0.7290
vn 0.4129 -0.0237 -0.9105
vn 0.6382 -0.0083 -0.7698
vn -0.5316 -0.0005 -0.8470
vn 0.2325 -0.0005 -0.9726
vn -0.5301 -0.2259 -0.8173
vn 0.2329 -0.2587 -0.9374
vn 0.3459 -0.2749 -0.8971
vn 0.6180 -0.2219 -0.7542
vn 0.2757 -0.5136 -0.8125
vn 0.5963 -0.4244 -0.6814
vn -0.5290 -0.4342 -0.7291
vn 0.2321 -0.4969 -0.8362
vn -0.5270 -0.6101 -0.5916
vn 0.2316 -0.6978 -0.6778
vn 0.2105 -0.7167 -0.6649
vn 0.5757 -0.5979 -0.5578
vn 0.1582 -0.8689 -0.4691
vn 0.5589 -0.7294 -0.3944
vn -0.5260 -0.7421 -0.4154
vn 0.2306 -0.8488 -0.4759
vn -0.5248 -0.8239 -0.2139
vn 0.2297 -0.9419 -0.2450
vn 0.1246 -0.9622 -0.2422
vn 0.5480 -0.8112 -0.2041
vn 0.1129 -0.9936 -0.0000
vn 0.5443 -0.8389 -0.0000
vn -0.5245 -0.8514 -0.0000
vn 0.2294 -0.9733 -0.0000
vn -0.5248 -0.8239 0.2139
vn 0.2297 -0.9419 0.2450
vn 0.1246 -0.9622 0.2422
vn 0.5480 -0.8112 0.2041
vn 0.1582 -0.8689 0.4691
vn 0.5589 -0.7294 0.3944
vn -0.5261 -0.7420 0.4154
vn 0.2306 -0.8488 0.4759
vn -0.5270 -0.6101 0.5916
vn 0.2316 -0.6978 0.6778
vn 0.2105 -0.7167 0.6649
vn 0.5757 -0.5979 0.5578
vn 0.2757 -0.5136 0.8125
vn 0.5963 -0.4244 0.6814
vn -0.5290 -0.4342 0.7291
vn 0.2320 -0.4969 0.8362
vn -0.5301 -0.2259 0.8173
vn 0.2329 -0.2587 0.9374
vn 0.3459 -0.2749 0.8971
vn 0.6180 -0.2219 0.7542
vn 0.4129 -0.0237 0.9105
vn 0.6382 -0.0083 0.7698
vn -0.5316 -0.0005 0.8470
vn 0.2325 -0.0005 0.9726
vn -0.5327 0.2243 0.8160
vn 0.2318 0.2573 0.9381
vn 0.4708 0.2161 0.8554
vn 0.6554 0.1976 0.7290
vn 0.5166 0.4249 0.7434
vn 0.6689 0.3800 0.6389
vn -0.5335 0.4311 0.7277
vn 0.2303 0.4954 0.8376
vn -0.5338 0.6056 0.5902
vn 0.2286 0.6966 0.6801
vn 0.5502 0.5917 0.5892
vn 0.6789 0.5280 0.5102
vn 0.5728 0.7117 0.4067
vn 0.6857 0.6358 0.3543
vn -0.5338 0.7369 0.4148
vn 0.2272 0.8483 0.4783
vn -0.5337 0.8182 0.2138
vn 0.2261 0.9424 0.2466
vn 0.5858 0.7836 0.2072
vn 0.6898 0.7010 0.1812
vn 0.4613 0.8872 -0.0000
vn 0.4619 0.8582 -0.2240
vn 0.7389 0.6519 -0.1703
vn 0.7383 0.6745 -0.0000
vn 0.5002 0.7381 -0.4528
vn 0.5213 0.7038 -0.4825
vn 0.2759 0.2082 -0.9384
vn 0.1552 -0.0399 -0.9871
vn 0.4492 0.6085 -0.6542
vn 0.0212 -0.2903 -0.9567
vn -0.1127 -0.5154 -0.8495
vn 0.3747 0.4295 -0.8216
vn -0.2319 -0.6948 -0.6808
vn -0.3242 -0.8201 -0.4716
vn -0.3823 -0.8922 -0.2404
vn -0.4021 -0.9156 -0.0000
vn -0.3823 -0.8922 0.2404
vn -0.3242 -0.8201 0.4716
vn -0.2319 -0.6948 0.6808
vn -0.1127 -0.5154 0.8495
vn 0.0212 -0.2903 0.9567
vn 0.1552 -0.0399 0.9871
vn 0.2759 0.2082 0.9384
vn 0.3747 0.4295 0.8216
vn 0.4492 0.6085 0.6542
vn 0.5002 0.7381 0.4528
vn 0.5296 0.8161 0.2311
vn 0.6606 0.7507 -0.0000
vn 0.6380 0.7237 -0.2629
vn 0.7549 0.6559 -0.0000
vn 0.7262 0.6316 -0.2714
vn 0.6440 0.5619 -0.5191
vn 0.5723 0.6453 -0.5061
vn 0.4682 0.5222 -0.7128
vn 0.4434 0.5735 -0.6888
vn 0.5176 0.4546 -0.7249
vn 0.3583 0.3194 -0.8773
vn 0.3325 0.3639 -0.8701
vn 0.3356 0.3996 -0.8530
vn 0.1726 0.1814 -0.9682
vn 0.2007 0.1923 -0.9606
vn 0.1770 0.1656 -0.9702
vn -0.0155 0.0028 -0.9999
vn -0.0021 -0.0126 -0.9999
vn 0.0453 -0.0326 -0.9984
vn -0.1797 -0.2033 -0.9625
vn -0.1191 -0.2539 -0.9599
vn -0.2081 -0.1592 -0.9651
vn -0.3894 -0.3105 -0.8672
vn -0.3474 -0.3765 -0.8588
vn -0.2770 -0.4498 -0.8491
vn -0.4924 -0.5206 -0.6975
vn -0.4134 -0.6052 -0.6803
vn -0.5475 -0.4413 -0.7110
vn -0.6710 -0.5426 -0.5052
vn -0.6040 -0.6276 -0.4912
vn -0.5171 -0.7138 -0.4722
vn -0.6745 -0.6934 -0.2535
vn -0.5815 -0.7769 -0.2413
vn -0.7500 -0.6071 -0.2625
vn -0.7772 -0.6292 -0.0000
vn -0.6985 -0.7156 -0.0000
vn -0.6034 -0.7975 -0.0000
vn -0.6745 -0.6934 0.2535
vn -0.5815 -0.7769 0.2413
vn -0.7500 -0.6071 0.2625
vn -0.6710 -0.5426 0.5052
vn -0.6040 -0.6276 0.4912
vn -0.5171 -0.7138 0.4722
vn -0.4924 -0.5206 0.6975
vn -0.4134 -0.6052 0.6803
vn -0.5475 -0.4413 0.7110
vn -0.3894 -0.3105 0.8672
vn -0.3474 -0.3765 0.8588
vn -0.2770 -0.4498 0.8491
vn -0.1797 -0.2033 0.9625
vn -0.1191 -0.2539 0.9599
vn -0.2081 -0.1592 0.9651
vn -0.0155 0.0028 0.9999
vn -0.0021 -0.0126 0.9999
vn 0.0453 -0.0326 0.9984
vn 0.1726 0.1814 0.9682
vn 0.2007 0.1923 0.9606
vn 0.1770 0.1656 0.9702
vn 0.3583 0.3194 0.8773
vn 0.3325 0.3639 0.8701
vn 0.3356 0.3996 0.8530
vn 0.4682 0.5222 0.7128
vn 0.4434 0.5735 0.6888
vn 0.5176 0.4546 0.7249
vn 0.6440 0.5619 0.5191
vn 0.5723 0.6453 0.5061
vn 0.5213 0.7038 0.4825
vn 0.6380 0.7237 0.2629
vn 0.5684 0.7844 0.2483
vn 0.7262 0.6316 0.2714
vn 0.8475 0.5309 -0.0000
vn 0.8143 0.5116 -0.2741
vn 0.9266 0.3760 -0.0000
vn 0.8908 0.3631 -0.2733
vn 0.7881 0.3258 -0.5222
vn 0.7197 0.4562 -0.5233
vn 0.5754 0.3712 -0.7288
vn 0.6309 0.2679 -0.7282
vn 0.4348 0.1945 -0.8793
vn 0.3956 0.2643 -0.8796
vn 0.1938 0.1426 -0.9706
vn 0.2151 0.1102 -0.9704
vn -0.0146 0.0198 -0.9997
vn -0.0179 0.0131 -0.9998
vn -0.2281 -0.1174 -0.9665
vn -0.2424 -0.0725 -0.9675
vn -0.4568 -0.1616 -0.8747
vn -0.4257 -0.2419 -0.8719
vn -0.5991 -0.3524 -0.7189
vn -0.6462 -0.2422 -0.7237
vn -0.7974 -0.3077 -0.5191
vn -0.7362 -0.4406 -0.5137
vn -0.8247 -0.4979 -0.2681
vn -0.8974 -0.3532 -0.2645
vn -0.9294 -0.3691 -0.0000
vn -0.8554 -0.5179 -0.0000
vn -0.8247 -0.4979 0.2681
vn -0.8974 -0.3532 0.2645
vn -0.7974 -0.3077 0.5191
vn -0.7362 -0.4406 0.5137
vn -0.5991 -0.3524 0.7189
vn -0.6462 -0.2422 0.7237
vn -0.4568 -0.1616 0.8747
vn -0.4257 -0.2419 0.8719
vn -0.2281 -0.1174 0.9665
vn -0.2424 -0.0725 0.9675
vn -0.0146 0.0198 0.9997
vn -0.0179 0.0131 0.9998
vn 0.1938 0.1426 0.9706
vn 0.2151 0.1102 0.9704
vn 0.4348 0.1945 0.8793
vn 0.3956 0.2643 0.8796
vn 0.5754 0.3712 0.7288
vn 0.6309 0.2679 0.7282
vn 0.7881 0.3258 0.5222
vn 0.7197 0.4562 0.5233
vn 0.8143 0.5116 0.2741
vn 0.8908 0.3631 0.2733
vn 0.9804 0.1969 -0.0000
vn 0.9434 0.1912 -0.2708
vn 0.9995 0.0307 -0.0000
vn 0.9634 0.0316 -0.2663
vn 0.8583 0.0340 -0.5121
vn 0.8369 0.1745 -0.5188
vn 0.6721 0.1479 -0.7255
vn 0.6936 0.0370 -0.7194
vn 0.4834 0.0393 -0.8745
vn 0.4652 0.1131 -0.8779
vn 0.2326 0.0718 -0.9699
vn 0.2444 0.0395 -0.9689
vn -0.0063 0.0366 -0.9993
vn -0.0106 0.0259 -0.9996
vn -0.2512 -0.0226 -0.9677
vn -0.2540 0.0304 -0.9667
vn -0.4835 0.0219 -0.8750
vn -0.4776 -0.0710 -0.8757
vn -0.6766 -0.1155 -0.7272
vn -0.6896 0.0114 -0.7241
vn -0.8662 -0.0030 -0.4997
vn -0.8441 -0.1565 -0.5129
vn -0.9474 -0.1866 -0.2602
vn -0.9657 -0.0011 -0.2597
vn -0.9998 -0.0203 -0.0000
vn -0.9830 -0.1836 -0.0000
vn -0.9474 -0.1866 0.2602
vn -0.9657 -0.0011 0.2597
vn -0.8662 -0.0031 0.4997
vn -0.8441 -0.1565 0.5129
vn -0.6766 -0.1155 0.7272
vn -0.6896 0.0114 0.7241
vn -0.4836 0.0219 0.8750
vn -0.4776 -0.0710 0.8757
vn -0.2512 -0.0226 0.9677
vn -0.2540 0.0304 0.9667
vn -0.0063 0.0366 0.9993
vn -0.0106 0.0259 0.9996
vn 0.2326 0.0718 0.9699
vn 0.2444 0.0395 0.9689
vn 0.4834 0.0393 0.8745
vn 0.4652 0.1131 0.8779
vn 0.6721 0.1479 0.7255
vn 0.6936 0.0370 0.7194
vn 0.8583 0.0340 0.5121
vn 0.8369 0.1745 0.5188
vn 0.9434 0.1912 0.2708
vn 0.9634 0.0316 0.2663
vn 0.9568 -0.2906 -0.0000
vn 0.8755 -0.4832 -0.0000
vn 0.8514 -0.4658 -0.2413
vn 0.9261 -0.2785 -0.2547
vn 0.7558 -0.6548 -0.0000
vn 0.7421 -0.6353 -0.2138
vn 0.6965 -0.5745 -0.4299
vn 0.7779 -0.4136 -0.4731
vn 0.8349 -0.2428 -0.4940
vn 0.6530 -0.3274 -0.6830
vn 0.6871 -0.1859 -0.7024
vn 0.6079 -0.4663 -0.6427
vn 0.4652 -0.3082 -0.8298
vn 0.4773 -0.2105 -0.8531
vn 0.4900 -0.1121 -0.8645
vn 0.2613 -0.0731 -0.9625
vn 0.2578 -0.0281 -0.9658
vn 0.2729 -0.1134 -0.9553
vn 0.0544 0.0906 -0.9944
vn 0.0252 0.0695 -0.9973
vn 0.0096 0.0576 -0.9983
vn -0.2077 0.2020 -0.9571
vn -0.2350 0.1376 -0.9622
vn -0.1613 0.2765 -0.9474
vn -0.3531 0.4282 -0.8319
vn -0.4187 0.3144 -0.8520
vn -0.4581 0.2057 -0.8648
vn -0.5959 0.4022 -0.6951
vn -0.6529 0.2623 -0.7105
vn -0.5105 0.5423 -0.6673
vn -0.6289 0.6215 -0.4671
vn -0.7362 0.4700 -0.4869
vn -0.8119 0.3073 -0.4964
vn -0.8231 0.5120 -0.2456
vn -0.9075 0.3416 -0.2445
vn -0.7034 0.6703 -0.2365
vn -0.7272 0.6864 -0.0000
vn -0.8496 0.5275 -0.0000
vn -0.7034 0.6703 0.2365
vn -0.8231 0.5120 0.2456
vn -0.6289 0.6215 0.4671
vn -0.7362 0.4700 0.4869
vn -0.9075 0.3416 0.2445
vn -0.8119 0.3073 0.4965
vn -0.5959 0.4022 0.6951
vn -0.6529 0.2623 0.7105
vn -0.5105 0.5423 0.6673
vn -0.3531 0.4282 0.8319
vn -0.4187 0.3144 0.8520
vn -0.4581 0.2057 0.8648
vn -0.2077 0.2020 0.9571
vn -0.2350 0.1376 0.9622
vn -0.1613 0.2765 0.9474
vn 0.0544 0.0906 0.9944
vn 0.0252 0.0695 0.9973
vn 0.0096 0.0576 0.9983
vn 0.2613 -0.0731 0.9625
vn 0.2578 -0.0281 0.9658
vn 0.2729 -0.1134 0.9553
vn 0.4652 -0.3082 0.8298
vn 0.4773 -0.2105 0.8531
vn 0.4900 -0.1121 0.8645
vn 0.6530 -0.3274 0.6830
vn 0.6871 -0.1859 0.7024
vn 0.6079 -0.4663 0.6427
vn 0.6965 -0.5745 0.4299
vn 0.7779 -0.4136 0.4731
vn 0.8349 -0.2428 0.4940
vn 0.8514 -0.4658 0.2413
vn 0.9261 -0.2785 0.2547
vn 0.7421 -0.6353 0.2138
vn 0.6348 -0.7727 -0.0000
vn 0.6314 -0.7559 -0.1728
vn 0.5131 -0.8583 -0.0000
vn 0.5172 -0.8468 -0.1241
vn 0.5243 -0.8047 -0.2785
vn 0.6154 -0.6999 -0.3627
vn 0.5676 -0.5871 -0.5771
vn 0.5148 -0.7032 -0.4905
vn 0.4535 -0.5013 -0.7369
vn 0.4637 -0.4005 -0.7903
vn 0.2997 -0.1536 -0.9416
vn 0.3241 -0.2077 -0.9229
vn 0.1561 0.1037 -0.9823
vn 0.1029 0.1070 -0.9889
vn -0.0928 0.3395 -0.9360
vn -0.0153 0.3773 -0.9260
vn -0.1693 0.5890 -0.7902
vn -0.2651 0.5227 -0.8102
vn -0.4042 0.6540 -0.6394
vn -0.2947 0.7340 -0.6119
vn -0.3872 0.8234 -0.4147
vn -0.5070 0.7405 -0.4411
vn -0.5710 0.7894 -0.2253
vn -0.4445 0.8710 -0.2091
vn -0.4640 0.8858 -0.0000
vn -0.5929 0.8053 -0.0000
vn -0.5710 0.7894 0.2253
vn -0.4445 0.8710 0.2091
vn -0.3872 0.8234 0.4147
vn -0.5070 0.7405 0.4411
vn -0.4042 0.6540 0.6394
vn -0.2947 0.7340 0.6119
vn -0.1693 0.5890 0.7902
vn -0.2651 0.5227 0.8102
vn -0.0928 0.3395 0.9360
vn -0.0153 0.3773 0.9260
vn 0.1561 0.1037 0.9823
vn 0.1029 0.1070 0.9889
vn 0.2997 -0.1536 0.9416
vn 0.3241 -0.2077 0.9229
vn 0.4535 -0.5013 0.7369
vn 0.4637 -0.4005 0.7903
vn 0.5676 -0.5871 0.5771
vn 0.5148 -0.7032 0.4905
vn 0.5243 -0.8047 0.2785
vn 0.6154 -0.6999 0.3627
vn 0.6314 -0.7559 0.1728
vn 0.5172 -0.8468 0.1241
vn 0.3817 -0.9243 -0.0000
vn 0.3889 -0.9180 -0.0771
vn 0.2359 -0.9718 -0.0000
vn 0.2423 -0.9693 -0.0405
vn 0.2634 -0.9568 -0.1228
vn 0.4085 -0.8921 -0.1931
vn 0.4283 -0.8115 -0.3976
vn 0.3004 -0.9001 -0.3156
vn 0.3293 -0.7039 -0.6294
vn 0.4124 -0.6067 -0.6796
vn 0.3288 -0.2706 -0.9048
vn 0.3048 -0.3315 -0.8929
vn 0.2310 0.0640 -0.9708
vn 0.2012 0.0858 -0.9758
vn 0.0627 0.3947 -0.9167
vn 0.1359 0.4012 -0.9059
vn 0.0282 0.6676 -0.7440
vn -0.0716 0.6346 -0.7695
vn -0.1868 0.7924 -0.5807
vn -0.0750 0.8374 -0.5415
vn -0.1571 0.9256 -0.3444
vn -0.2737 0.8820 -0.3836
vn -0.3280 0.9255 -0.1896
vn -0.2088 0.9637 -0.1661
vn -0.2262 0.9741 -0.0000
vn -0.3465 0.9381 -0.0000
vn -0.3280 0.9255 0.1895
vn -0.2088 0.9637 0.1661
vn -0.1571 0.9256 0.3444
vn -0.2737 0.8820 0.3836
vn -0.1868 0.7924 0.5807
vn -0.0750 0.8374 0.5415
vn 0.0282 0.6676 0.7440
vn -0.0716 0.6346 0.7695
vn 0.0627 0.3947 0.9167
vn 0.1359 0.4012 0.9059
vn 0.2310 0.0640 0.9708
vn 0.2012 0.0858 0.9758
vn 0.3288 -0.2706 0.9048
vn 0.3048 -0.3315 0.8929
vn 0.3293 -0.7039 0.6294
vn 0.4124 -0.6067 0.6796
vn 0.4283 -0.8115 0.3976
vn 0.3004 -0.9001 0.3156
vn 0.2634 -0.9568 0.1228
vn 0.4085 -0.8921 0.1931
vn 0.3889 -0.9180 0.0771
vn 0.2423 -0.9693 0.0405
vn -0.0285 -0.9996 -0.0000
vn -0.1055 -0.9944 -0.0000
vn -0.1092 -0.9938 -0.0190
vn -0.0300 -0.9995 -0.0104
vn -0.1247 -0.9892 -0.0777
vn -0.0391 -0.9976 -0.0568
vn -0.1657 -0.9524 -0.2559
vn -0.0739 -0.9722 -0.2221
vn -0.2289 -0.7725 -0.5923
vn -0.1471 -0.8082 -0.5702
vn -0.2623 -0.3779 -0.8879
vn -0.2095 -0.4084 -0.8884
vn -0.2427 0.0447 -0.9691
vn -0.2222 0.0258 -0.9747
vn -0.1910 0.4004 -0.8962
vn -0.1991 0.3935 -0.8975
vn -0.1119 0.6882 -0.7169
vn -0.1431 0.6992 -0.7005
vn -0.0228 0.8668 -0.4981
vn -0.0700 0.8837 -0.4629
vn 0.0521 0.9519 -0.3020
vn -0.0074 0.9637 -0.2669
vn 0.1002 0.9849 -0.1413
vn 0.0325 0.9923 -0.1196
vn 0.1165 0.9932 -0.0000
vn 0.1002 0.9849 0.1413
vn 0.0521 0.9519 0.3020
vn 0.0325 0.9923 0.1196
vn -0.0074 0.9637 0.2669
vn -0.0228 0.8668 0.4981
vn -0.0700 0.8837 0.4629
vn -0.1119 0.6882 0.7169
vn -0.1431 0.6992 0.7005
vn -0.1910 0.4004 0.8962
vn -0.1991 0.3935 0.8975
vn -0.2427 0.0447 0.9691
vn -0.2222 0.0258 0.9747
vn -0.2623 -0.3779 0.8879
vn -0.2095 -0.4084 0.8884
vn -0.2289 -0.7725 0.5923
vn -0.1471 -0.8082 0.5702
vn -0.1657 -0.9524 0.2559
vn -0.0739 -0.9722 0.2221
vn -0.1247 -0.9892 0.0777
vn -0.0391 -0.9976 0.0568
vn -0.1092 -0.9938 0.0190
vn -0.0300 -0.9995 0.0104
vn -0.7738 -0.4215 0.4729
vn -0.8468 -0.4741 0.2411
vn -0.8708 -0.4917 -0.0000
vn -0.4746 -0.2159 0.8533
vn -0.6495 -0.3342 0.6830
vn -0.0237 0.0678 0.9974
vn -0.2592 -0.0768 0.9628
vn 0.4183 0.3160 0.8516
vn 0.2083 0.2020 0.9570
vn 0.7321 0.4717 0.4915
vn 0.5954 0.4061 0.6933
vn 0.8505 0.5260 -0.0000
vn 0.8200 0.5122 0.2556
vn 0.7321 0.4717 -0.4915
vn 0.8200 0.5122 -0.2556
vn 0.4183 0.3160 -0.8516
vn 0.5954 0.4061 -0.6933
vn -0.0237 0.0678 -0.9974
vn 0.2083 0.2020 -0.9570
vn -0.4746 -0.2159 -0.8533
vn -0.2592 -0.0768 -0.9628
vn -0.7738 -0.4215 -0.4729
vn -0.6495 -0.3342 -0.6830
vn -0.8468 -0.4741 -0.2411
vn 0.8582 -0.0975 0.5040
vn 0.9583 -0.1166 0.2611
vn 0.9924 -0.1232 -0.0000
vn 0.4920 -0.0310 0.8701
vn 0.6990 -0.0679 0.7118
vn 0.0006 0.0484 0.9988
vn 0.2530 0.0092 0.9674
vn -0.4760 0.1119 0.8723
vn -0.2485 0.0834 0.9650
vn -0.8543 0.1559 0.4959
vn -0.6827 0.1351 0.7181
vn -0.9550 0.1618 0.2485
vn -0.8543 0.1559 -0.4958
vn -0.9550 0.1618 -0.2485
vn -0.4759 0.1119 -0.8723
vn -0.6827 0.1351 -0.7181
vn 0.0006 0.0484 -0.9988
vn -0.2485 0.0834 -0.9650
vn 0.4920 -0.0310 -0.8701
vn 0.2530 0.0092 -0.9674
vn 0.8582 -0.0975 -0.5040
vn 0.6990 -0.0679 -0.7118
vn 0.9583 -0.1166 -0.2611
vn 0.0391 -0.9976 0.0568
vn 0.0082 -0.9987 0.0501
vn 0.0038 -1.0000 0.0083
vn 0.0300 -0.9995 0.0104
vn -0.0000 -0.9988 0.0487
vn -0.0000 -1.0000 0.0080
vn 0.0033 -1.0000 -0.0000
vn 0.0285 -0.9996 -0.0000
vn 0.1471 -0.8082 0.5702
vn 0.0785 -0.8251 0.5596
vn 0.0288 -0.9778 0.2074
vn 0.0739 -0.9722 0.2221
vn -0.0000 -0.8309 0.5564
vn -0.0000 -0.9791 0.2034
vn 0.2222 0.0259 0.9747
vn 0.1408 0.0065 0.9900
vn 0.1254 -0.4307 0.8937
vn 0.2095 -0.4084 0.8884
vn -0.0000 -0.0027 1.0000
vn -0.0000 -0.4407 0.8977
vn 0.1431 0.6991 0.7005
vn 0.0992 0.7061 0.7011
vn 0.1316 0.3851 0.9134
vn 0.1991 0.3935 0.8975
vn -0.0000 0.7090 0.7052
vn -0.0000 0.3815 0.9244
vn 0.0074 0.9637 0.2669
vn 0.0161 0.9693 0.2453
vn 0.0543 0.8944 0.4440
vn 0.0700 0.8837 0.4629
vn -0.0000 0.9712 0.2381
vn -0.0000 0.8986 0.4388
vn -0.0075 0.9944 0.1057
vn -0.0000 0.9949 0.1010
vn -0.0325 0.9923 0.1195
vn 0.0074 0.9637 -0.2669
vn 0.0161 0.9693 -0.2454
vn -0.0075 0.9944 -0.1057
vn -0.0325 0.9923 -0.1195
vn -0.0000 0.9712 -0.2381
vn -0.0000 0.9949 -0.1010
vn 0.1431 0.6991 -0.7005
vn 0.0992 0.7061 -0.7011
vn 0.0543 0.8944 -0.4440
vn 0.0700 0.8837 -0.4629
vn -0.0000 0.8986 -0.4388
vn 0.2222 0.0259 -0.9747
vn 0.1408 0.0065 -0.9900
vn 0.1316 0.3851 -0.9134
vn 0.1991 0.3935 -0.8975
vn -0.0000 -0.0027 -1.0000
vn -0.0000 0.3815 -0.9244
vn 0.1471 -0.8082 -0.5702
vn 0.0785 -0.8251 -0.5596
vn 0.1254 -0.4307 -0.8937
vn 0.2095 -0.4084 -0.8884
vn -0.0000 -0.8309 -0.5564
vn -0.0000 -0.4407 -0.8977
vn 0.0391 -0.9976 -0.0568
vn 0.0082 -0.9987 -0.0501
vn 0.0288 -0.9778 -0.2074
vn 0.0739 -0.9722 -0.2221
vn -0.0000 -0.9988 -0.0487
vn -0.0000 -0.9791 -0.2034
vn 0.0038 -1.0000 -0.0083
vn 0.0300 -0.9995 -0.0104
vn -0.0000 -1.0000 -0.0080
vn -0.0082 -0.9987 0.0501
vn -0.0038 -1.0000 0.0083
vn -0.0033 -1.0000 -0.0000
vn -0.0785 -0.8251 0.5596
vn -0.0288 -0.9778 0.2074
vn -0.1408 0.0065 0.9900
vn -0.1254 -0.4307 0.8937
vn -0.0992 0.7061 0.7011
vn -0.1316 0.3851 0.9134
vn -0.0161 0.9693 0.2454
vn -0.0543 0.8944 0.4440
vn 0.0075 0.9944 0.1057
vn -0.0161 0.9693 -0.2454
vn 0.0075 0.9944 -0.1057
vn -0.0992 0.7061 -0.7011
vn -0.0543 0.8944 -0.4440
vn -0.1408 0.0065 -0.9900
vn -0.1316 0.3851 -0.9134
vn -0.0785 -0.8251 -0.5596
vn -0.1254 -0.4307 -0.8937
vn -0.0082 -0.9987 -0.0501
vn -0.0288 -0.9778 -0.2074
vn -0.0038 -1.0000 -0.0083
vn 0.1055 -0.9944 -0.0000
vn 0.1092 -0.9938 -0.0190
vn 0.1247 -0.9892 -0.0777
vn 0.1657 -0.9524 -0.2560
vn 0.2289 -0.7725 -0.5923
vn 0.2623 -0.3780 -0.8879
vn 0.2427 0.0447 -0.9691
vn 0.1910 0.4004 -0.8962
vn 0.1119 0.6882 -0.7169
vn 0.0228 0.8668 -0.4981
vn -0.0522 0.9519 -0.3020
vn -0.1002 0.9849 -0.1413
vn -0.1165 0.9932 -0.0000
vn -0.1002 0.9849 0.1413
vn -0.0522 0.9519 0.3020
vn 0.0228 0.8668 0.4981
vn 0.1119 0.6882 0.7169
vn 0.1910 0.4004 0.8962
vn 0.2427 0.0447 0.9691
vn 0.2623 -0.3780 0.8879
vn 0.2289 -0.7725 0.5923
vn 0.1657 -0.9524 0.2560
vn 0.1247 -0.9892 0.0777
vn 0.1092 -0.9938 0.0190
vn -0.4619 0.8582 -0.2240
vn -0.7389 0.6519 -0.1703
vn -0.4632 0.7725 0.4344
vn -0.4651 0.6342 0.6176
vn -0.7431 0.4792 0.4671
vn -0.7407 0.5855 0.3295
vn 0.3223 0.9163 0.2376
vn -0.1048 0.9628 0.2492
vn -0.1057 0.9944 -0.0000
vn 0.3209 0.9471 -0.0000
vn -0.4668 0.4510 0.7607
vn -0.4684 0.2343 0.8519
vn -0.7475 0.1760 0.6405
vn -0.7456 0.3397 0.5733
vn -0.7389 0.6519 0.1703
vn -0.4619 0.8582 0.2240
vn -0.4689 -0.0007 0.8833
vn -0.4684 -0.2358 0.8515
vn -0.7477 -0.1771 0.6399
vn -0.7483 -0.0005 0.6634
vn -0.4668 -0.4529 0.7595
vn -0.4648 -0.6361 0.6159
vn -0.7434 -0.4803 0.4654
vn -0.7460 -0.3409 0.5721
vn -0.4627 -0.7739 0.4325
vn -0.4612 -0.8589 0.2227
vn -0.7389 -0.6523 0.1693
vn -0.7408 -0.5862 0.3279
vn -0.4606 -0.8876 -0.0000
vn -0.4612 -0.8589 -0.2227
vn -0.7389 -0.6523 -0.1693
vn -0.7381 -0.6747 -0.0000
vn -0.4627 -0.7739 -0.4325
vn -0.4648 -0.6361 -0.6159
vn -0.7434 -0.4803 -0.4654
vn -0.7408 -0.5862 -0.3279
vn -0.4668 -0.4529 -0.7595
vn -0.4684 -0.2358 -0.8515
vn -0.7478 -0.1771 -0.6399
vn -0.7460 -0.3409 -0.5721
vn -0.4689 -0.0007 -0.8833
vn -0.4684 0.2343 -0.8519
vn -0.7476 0.1760 -0.6404
vn -0.7484 -0.0005 -0.6633
vn -0.4668 0.4510 -0.7607
vn -0.7456 0.3397 -0.5733
vn -0.7315 0.6602 0.1703
vn -0.8875 0.4460 0.1157
vn -0.8877 0.4604 -0.0000
vn -0.7320 0.6813 -0.0000
vn -0.7303 0.5972 0.3317
vn -0.8869 0.4033 0.2251
vn -0.7285 0.4942 0.4744
vn -0.8859 0.3339 0.3221
vn -0.7262 0.3556 0.5884
vn -0.8842 0.2405 0.4004
vn -0.7232 0.1881 0.6645
vn -0.8821 0.1275 0.4535
vn -0.7202 0.0028 0.6937
vn -0.8796 0.0018 0.4757
vn -0.7179 -0.1852 0.6711
vn -0.8772 -0.1270 0.4631
vn -0.7162 -0.3589 0.5985
vn -0.8750 -0.2478 0.4160
vn -0.7151 -0.5040 0.4844
vn -0.8731 -0.3504 0.3389
vn -0.7146 -0.6117 0.3394
vn -0.8717 -0.4279 0.2388
vn -0.7144 -0.6776 0.1745
vn -0.8708 -0.4760 0.1233
vn -0.7143 -0.6999 -0.0000
vn -0.8704 -0.4923 -0.0000
vn -0.7144 -0.6776 -0.1745
vn -0.8708 -0.4760 -0.1233
vn -0.7146 -0.6117 -0.3394
vn -0.8717 -0.4279 -0.2388
vn -0.7151 -0.5040 -0.4844
vn -0.8731 -0.3504 -0.3389
vn -0.7162 -0.3589 -0.5985
vn -0.8750 -0.2478 -0.4160
vn -0.7179 -0.1852 -0.6711
vn -0.8772 -0.1270 -0.4631
vn -0.7202 0.0028 -0.6937
vn -0.8796 0.0018 -0.4757
vn -0.7232 0.1881 -0.6645
vn -0.8821 0.1275 -0.4536
vn -0.7262 0.3556 -0.5884
vn -0.8842 0.2405 -0.4004
vn -0.7285 0.4942 -0.4744
vn -0.8859 0.3339 -0.3221
vn -0.7303 0.5972 -0.3317
vn -0.8869 0.4033 -0.2251
vn -0.7315 0.6602 -0.1703
vn -0.8875 0.4460 -0.1157
vn -0.3225 0.9163 0.2375
vn -0.2693 0.9323 0.2416
vn -0.2671 0.9637 -0.0000
vn -0.3211 0.9471 -0.0000
vn -0.3269 0.8250 0.4610
vn -0.2757 0.8393 0.4685
vn -0.3339 0.6771 0.6558
vn -0.2857 0.6891 0.6660
vn -0.3422 0.4806 0.8074
vn -0.2980 0.4895 0.8195
vn -0.3499 0.2476 0.9035
vn -0.3102 0.2527 0.9165
vn -0.3549 -0.0052 0.9349
vn -0.3198 -0.0042 0.9475
vn -0.3558 -0.2574 0.8984
vn -0.3255 -0.2599 0.9091
vn -0.3527 -0.4884 0.7982
vn -0.3269 -0.4933 0.8061
vn -0.3469 -0.6810 0.6449
vn -0.3251 -0.6870 0.6499
vn -0.3407 -0.8245 0.4518
vn -0.3220 -0.8304 0.4547
vn -0.3364 -0.9126 0.2325
vn -0.3196 -0.9182 0.2339
vn -0.3348 -0.9423 -0.0000
vn -0.3188 -0.9478 -0.0000
vn -0.3364 -0.9126 -0.2325
vn -0.3196 -0.9182 -0.2339
vn -0.3407 -0.8245 -0.4518
vn -0.3220 -0.8304 -0.4547
vn -0.3469 -0.6810 -0.6449
vn -0.3251 -0.6870 -0.6499
vn -0.3527 -0.4884 -0.7982
vn -0.3269 -0.4933 -0.8061
vn -0.3558 -0.2574 -0.8984
vn -0.3255 -0.2599 -0.9091
vn -0.3549 -0.0052 -0.9349
vn -0.3198 -0.0042 -0.9475
vn -0.3499 0.2476 -0.9035
vn -0.3102 0.2527 -0.9165
vn -0.3422 0.4806 -0.8074
vn -0.2980 0.4895 -0.8195
vn -0.3339 0.6771 -0.6558
vn -0.2857 0.6891 -0.6660
vn -0.3269 0.8250 -0.4610
vn -0.2757 0.8393 -0.4685
vn -0.3225 0.9163 -0.2375
vn -0.2693 0.9323 -0.2416
vn -0.2983 0.9545 -0.0000
vn 0.2755 0.9613 -0.0000
vn 0.2776 0.9300 -0.2411
vn -0.2963 0.9242 -0.2408
vn 0.2840 0.8372 -0.4674
vn -0.2911 0.8343 -0.4681
vn 0.2940 0.6873 -0.6642
vn -0.2825 0.6880 -0.6685
vn 0.3060 0.4881 -0.8174
vn -0.2711 0.4913 -0.8277
vn 0.3179 0.2521 -0.9140
vn -0.2586 0.2547 -0.9318
vn 0.3272 -0.0041 -0.9450
vn -0.2461 -0.0056 -0.9692
vn 0.3325 -0.2593 -0.9068
vn -0.2341 -0.2676 -0.9347
vn 0.3337 -0.4920 -0.8041
vn -0.2237 -0.5083 -0.8317
vn 0.3317 -0.6854 -0.6482
vn -0.2152 -0.7087 -0.6719
vn 0.3285 -0.8286 -0.4533
vn -0.2090 -0.8574 -0.4703
vn 0.3259 -0.9162 -0.2330
vn -0.2051 -0.9484 -0.2419
vn 0.3250 -0.9457 -0.0000
vn -0.2037 -0.9790 -0.0000
vn 0.3259 -0.9162 0.2330
vn -0.2051 -0.9484 0.2419
vn 0.3285 -0.8286 0.4533
vn -0.2090 -0.8574 0.4703
vn 0.3317 -0.6854 0.6482
vn -0.2152 -0.7087 0.6719
vn 0.3337 -0.4920 0.8041
vn -0.2237 -0.5083 0.8317
vn 0.3325 -0.2593 0.9068
vn -0.2341 -0.2676 0.9347
vn 0.3272 -0.0041 0.9450
vn -0.2461 -0.0056 0.9692
vn 0.3179 0.2521 0.9140
vn -0.2586 0.2547 0.9318
vn 0.3061 0.4881 0.8173
vn -0.2711 0.4913 0.8277
vn 0.2937 0.6874 0.6642
vn -0.2824 0.6880 0.6685
vn 0.2840 0.8372 0.4674
vn -0.2911 0.8343 0.4681
vn 0.2776 0.9300 0.2411
vn -0.2963 0.9242 0.2408
vn -0.1048 0.9628 -0.2492
vn -0.1019 0.8686 -0.4849
vn -0.0973 0.7156 -0.6917
vn -0.0913 0.5104 -0.8551
vn -0.0855 0.2648 -0.9605
vn -0.0816 -0.0038 -0.9967
vn -0.0808 -0.2727 -0.9587
vn -0.0835 -0.5185 -0.8510
vn -0.0883 -0.7223 -0.6859
vn -0.0932 -0.8727 -0.4792
vn -0.0966 -0.9645 -0.2460
vn -0.0976 -0.9952 -0.0000
vn -0.0966 -0.9645 0.2460
vn -0.0932 -0.8727 0.4792
vn -0.0883 -0.7223 0.6859
vn -0.0835 -0.5185 0.8510
vn -0.0808 -0.2727 0.9587
vn -0.0816 -0.0037 0.9967
vn -0.0856 0.2648 0.9605
vn -0.0914 0.5104 0.8551
vn -0.0973 0.7156 0.6917
vn -0.1019 0.8686 0.4849
vn 0.8843 0.4669 -0.0000
vn 0.7199 0.6941 -0.0000
vn 0.7197 0.6723 -0.1734
vn 0.8841 0.4523 -0.1172
vn 0.7185 0.6081 -0.3377
vn 0.8835 0.4090 -0.2283
vn 0.7167 0.5031 -0.4830
vn 0.8824 0.3386 -0.3266
vn 0.7142 0.3620 -0.5991
vn 0.8807 0.2439 -0.4060
vn 0.7111 0.1916 -0.6765
vn 0.8785 0.1294 -0.4600
vn 0.7079 0.0030 -0.7063
vn 0.8758 0.0020 -0.4826
vn 0.7054 -0.1884 -0.6833
vn 0.8732 -0.1288 -0.4701
vn 0.7038 -0.3653 -0.6093
vn 0.8709 -0.2514 -0.4224
vn 0.7027 -0.5130 -0.4930
vn 0.8689 -0.3558 -0.3441
vn 0.7020 -0.6228 -0.3456
vn 0.8674 -0.4345 -0.2426
vn 0.7017 -0.6899 -0.1777
vn 0.8664 -0.4834 -0.1252
vn 0.7014 -0.7127 -0.0000
vn 0.8660 -0.5000 -0.0000
vn 0.7017 -0.6899 0.1777
vn 0.8664 -0.4834 0.1252
vn 0.7020 -0.6228 0.3456
vn 0.8674 -0.4345 0.2426
vn 0.7027 -0.5130 0.4930
vn 0.8689 -0.3558 0.3441
vn 0.7038 -0.3653 0.6093
vn 0.8709 -0.2514 0.4224
vn 0.7054 -0.1884 0.6833
vn 0.8732 -0.1288 0.4701
vn 0.7079 0.0030 0.7063
vn 0.8758 0.0020 0.4826
vn 0.7111 0.1916 0.6765
vn 0.8785 0.1294 0.4600
vn 0.7142 0.3620 0.5991
vn 0.8807 0.2439 0.4060
vn 0.7167 0.5031 0.4830
vn 0.8824 0.3386 0.3266
vn 0.7185 0.6081 0.3377
vn 0.8835 0.4090 0.2283
vn 0.7197 0.6723 0.1734
vn 0.8841 0.4523 0.1172
vn -0.4613 0.8873 -0.0000
vn -0.7383 0.6745 -0.0000
vn 0.4632 0.7725 -0.4344
vn 0.4651 0.6342 -0.6176
vn 0.7432 0.4792 -0.4669
vn 0.7407 0.5855 -0.3295
vn 0.5412 0.4286 -0.7235
vn 0.5406 0.2229 -0.8112
vn -0.2289 0.2575 -0.9388
vn -0.2275 0.4957 -0.8382
vn 0.4670 0.4510 -0.7606
vn 0.4685 0.2342 -0.8519
vn 0.7477 0.1759 -0.6403
vn 0.7458 0.3396 -0.5731
vn 0.5396 -0.0005 -0.8419
vn 0.5383 -0.2246 -0.8123
vn -0.2299 -0.2590 -0.9381
vn -0.2298 -0.0007 -0.9732
vn 0.4689 -0.0007 -0.8832
vn 0.4685 -0.2358 -0.8514
vn 0.7479 -0.1770 -0.6398
vn 0.7485 -0.0005 -0.6632
vn 0.5368 -0.4316 -0.7250
vn 0.5353 -0.6064 -0.5880
vn -0.2285 -0.6984 -0.6783
vn -0.2294 -0.4973 -0.8367
vn 0.4670 -0.4529 -0.7595
vn 0.4650 -0.6361 -0.6158
vn 0.7435 -0.4803 -0.4653
vn 0.7460 -0.3408 -0.5721
vn 0.5340 -0.7378 -0.4129
vn 0.5329 -0.8190 -0.2127
vn -0.2268 -0.9426 -0.2453
vn -0.2275 -0.8494 -0.4762
vn 0.4629 -0.7738 -0.4324
vn 0.4614 -0.8588 -0.2227
vn 0.7390 -0.6522 -0.1693
vn 0.7409 -0.5862 -0.3279
vn 0.5326 -0.8464 -0.0000
vn 0.5329 -0.8190 0.2127
vn -0.2268 -0.9426 0.2453
vn -0.2266 -0.9740 -0.0000
vn 0.4608 -0.8875 -0.0000
vn 0.4614 -0.8588 0.2227
vn 0.7390 -0.6521 0.1693
vn 0.7382 -0.6745 -0.0000
vn 0.5340 -0.7378 0.4129
vn 0.5353 -0.6064 0.5880
vn -0.2285 -0.6984 0.6783
vn -0.2275 -0.8494 0.4762
vn 0.4629 -0.7738 0.4324
vn 0.4650 -0.6361 0.6158
vn 0.7435 -0.4803 0.4653
vn 0.7409 -0.5862 0.3279
vn 0.5368 -0.4316 0.7250
vn 0.5382 -0.2246 0.8123
vn -0.2299 -0.2589 0.9381
vn -0.2294 -0.4973 0.8367
vn 0.4670 -0.4529 0.7595
vn 0.4685 -0.2358 0.8514
vn 0.7479 -0.1770 0.6398
vn 0.7460 -0.3408 0.5721
vn 0.5395 -0.0005 0.8420
vn 0.5405 0.2229 0.8113
vn -0.2289 0.2575 0.9388
vn -0.2295 -0.0007 0.9733
vn 0.4689 -0.0007 0.8832
vn 0.4685 0.2342 0.8519
vn 0.7477 0.1759 0.6403
vn 0.7485 -0.0005 0.6632
vn 0.5412 0.4286 0.7235
vn 0.5413 0.6021 0.5869
vn -0.2259 0.6970 0.6806
vn -0.2275 0.4957 0.8382
vn 0.4670 0.4510 0.7606
vn 0.4651 0.6342 0.6176
vn 0.7432 0.4792 0.4669
vn 0.7458 0.3396 0.5731
vn 0.5414 0.7327 0.4124
vn 0.5412 0.8136 0.2126
vn -0.2235 0.9429 0.2468
vn -0.2245 0.8489 0.4786
vn 0.4632 0.7725 0.4344
vn 0.4619 0.8582 0.2240
vn 0.7389 0.6519 0.1703
vn 0.7407 0.5855 0.3295
vn 0.5414 0.7327 -0.4124
vn 0.5413 0.6021 -0.5869
vn -0.2259 0.6970 -0.6806
vn -0.2245 0.8489 -0.4786
vn 0.5411 0.8410 -0.0000
vn -0.2232 0.9748 -0.0000
vn 0.7355 0.6559 0.1700
vn 0.7364 0.6766 -0.0000
vn 0.7328 0.5941 0.3318
vn 0.7283 0.4925 0.4764
vn 0.7221 0.3541 0.5943
vn 0.7138 0.1847 0.6756
vn 0.7031 -0.0052 0.7111
vn 0.6902 -0.2013 0.6950
vn 0.6760 -0.3869 0.6272
vn 0.6622 -0.5460 0.5132
vn 0.6507 -0.6669 0.3631
vn 0.6434 -0.7421 0.1880
vn 0.6409 -0.7676 -0.0000
vn 0.6434 -0.7421 -0.1880
vn 0.6507 -0.6669 -0.3631
vn 0.6622 -0.5460 -0.5132
vn 0.6760 -0.3869 -0.6272
vn 0.6902 -0.2013 -0.6950
vn 0.7031 -0.0052 -0.7111
vn 0.7138 0.1847 -0.6756
vn 0.7221 0.3541 -0.5943
vn 0.7283 0.4925 -0.4764
vn 0.7328 0.5941 -0.3318
vn 0.7355 0.6559 -0.1700
vn -0.6882 0.7024 0.1815
vn -0.6896 0.7242 -0.0000
vn -0.6841 0.6373 0.3548
vn -0.6771 0.5294 0.5111
vn -0.6668 0.3813 0.6403
vn -0.6530 0.1986 0.7309
vn -0.6354 -0.0080 0.7722
vn -0.6147 -0.2224 0.7568
vn -0.5926 -0.4257 0.6838
vn -0.5718 -0.5999 0.5596
vn -0.5548 -0.7319 0.3956
vn -0.5439 -0.8138 0.2047
vn -0.5401 -0.8416 -0.0000
vn -0.5439 -0.8138 -0.2047
vn -0.5548 -0.7319 -0.3956
vn -0.5718 -0.5999 -0.5596
vn -0.5926 -0.4257 -0.6838
vn -0.6147 -0.2224 -0.7568
vn -0.6354 -0.0080 -0.7722
vn -0.6530 0.1986 -0.7309
vn -0.6668 0.3813 -0.6403
vn -0.6771 0.5294 -0.5111
vn -0.6841 0.6373 -0.3548
vn -0.6882 0.7024 -0.1815
vn 0.3021 0.9533 -0.0000
vn 0.3001 0.9231 -0.2405
vn 0.2947 0.8334 -0.4676
vn 0.2857 0.6872 -0.6679
vn 0.2743 0.4909 -0.8269
vn 0.2614 0.2544 -0.9311
vn 0.2485 -0.0056 -0.9686
vn 0.2362 -0.2674 -0.9342
vn 0.2255 -0.5080 -0.8313
vn 0.2169 -0.7084 -0.6717
vn 0.2107 -0.8569 -0.4704
vn 0.2068 -0.9479 -0.2421
vn 0.2055 -0.9787 -0.0000
vn 0.2068 -0.9479 0.2421
vn 0.2107 -0.8569 0.4704
vn 0.2169 -0.7084 0.6717
vn 0.2255 -0.5080 0.8313
vn 0.2362 -0.2673 0.9342
vn 0.2485 -0.0056 0.9686
vn 0.2614 0.2544 0.9311
vn 0.2743 0.4909 0.8269
vn 0.2857 0.6872 0.6679
vn 0.2947 0.8334 0.4676
vn 0.3001 0.9231 0.2405
vn -0.7379 0.6533 0.1693
vn -0.7387 0.6740 -0.0000
vn -0.7353 0.5918 0.3303
vn -0.7311 0.4905 0.4742
vn -0.7251 0.3526 0.5916
vn -0.7170 0.1840 0.6724
vn -0.7065 -0.0052 0.7077
vn -0.6939 -0.2004 0.6917
vn -0.6798 -0.3851 0.6241
vn -0.6661 -0.5436 0.5107
vn -0.6547 -0.6640 0.3612
vn -0.6472 -0.7390 0.1870
vn -0.6446 -0.7645 -0.0000
vn -0.6472 -0.7390 -0.1870
vn -0.6547 -0.6640 -0.3612
vn -0.6661 -0.5436 -0.5107
vn -0.6798 -0.3851 -0.6241
vn -0.6939 -0.2004 -0.6917
vn -0.7065 -0.0052 -0.7077
vn -0.7170 0.1840 -0.6724
vn -0.7251 0.3526 -0.5916
vn -0.7311 0.4905 -0.4742
vn -0.7353 0.5918 -0.3303
vn -0.7379 0.6533 -0.1693
vn 0.3267 0.8250 0.4611
vn 0.3338 0.6771 0.6559
vn 0.3421 0.4806 0.8074
vn 0.3498 0.2477 0.9035
vn 0.3547 -0.0050 0.9350
vn 0.3556 -0.2574 0.8985
vn 0.3523 -0.4885 0.7983
vn 0.3464 -0.6812 0.6449
vn 0.3400 -0.8248 0.4517
vn 0.3354 -0.9130 0.2323
vn 0.3338 -0.9426 -0.0000
vn 0.3354 -0.9130 -0.2323
vn 0.3400 -0.8248 -0.4517
vn 0.3464 -0.6812 -0.6449
vn 0.3523 -0.4885 -0.7983
vn 0.3556 -0.2574 -0.8985
vn 0.3547 -0.0050 -0.9350
vn 0.3498 0.2477 -0.9035
vn 0.3421 0.4807 -0.8074
vn 0.3338 0.6771 -0.6558
vn 0.3267 0.8250 -0.4611
vn 0.3223 0.9163 -0.2376
vn 0.0899 0.9642 -0.2496
vn 0.0870 0.8699 -0.4855
vn 0.0823 0.7166 -0.6927
vn 0.0765 0.5110 -0.8562
vn 0.0708 0.2650 -0.9616
vn 0.0666 -0.0037 -0.9978
vn 0.0659 -0.2730 -0.9597
vn 0.0686 -0.5191 -0.8519
vn 0.0734 -0.7232 -0.6868
vn 0.0783 -0.8738 -0.4800
vn 0.0813 -0.9657 -0.2466
vn 0.0823 -0.9966 -0.0000
vn 0.0813 -0.9657 0.2466
vn 0.0783 -0.8738 0.4800
vn 0.0734 -0.7232 0.6868
vn 0.0686 -0.5191 0.8519
vn 0.0659 -0.2730 0.9597
vn 0.0666 -0.0037 0.9978
vn 0.0708 0.2650 0.9616
vn 0.0765 0.5110 0.8562
vn 0.0823 0.7166 0.6927
vn 0.0870 0.8699 0.4855
vn 0.0899 0.9642 0.2496
vn -0.8279 0.5608 -0.0000
vn -0.8275 0.5434 -0.1412
vn 0.8293 0.4011 0.3892
vn 0.8299 0.4867 0.2728
vn -0.8268 0.4037 0.3917
vn -0.8275 0.4897 0.2746
vn 0.8265 0.1505 0.5425
vn 0.8281 0.2869 0.4815
vn -0.8240 0.1514 0.5460
vn -0.8256 0.2888 0.4847
vn 0.8222 -0.1514 0.5487
vn 0.8244 0.0005 0.5660
vn -0.8197 -0.1523 0.5521
vn -0.8219 0.0005 0.5697
vn 0.8183 -0.4130 0.3997
vn 0.8201 -0.2929 0.4915
vn -0.8160 -0.4153 0.4020
vn -0.8177 -0.2947 0.4945
vn 0.8159 -0.5597 0.1451
vn 0.8169 -0.5036 0.2813
vn -0.8136 -0.5628 0.1459
vn -0.8146 -0.5064 0.2828
vn 0.8159 -0.5597 -0.1451
vn 0.8156 -0.5787 -0.0000
vn -0.8136 -0.5628 -0.1459
vn -0.8132 -0.5820 -0.0000
vn 0.8183 -0.4130 -0.3997
vn 0.8169 -0.5036 -0.2813
vn -0.8161 -0.4153 -0.4019
vn -0.8146 -0.5063 -0.2828
vn 0.8222 -0.1514 -0.5487
vn 0.8201 -0.2929 -0.4915
vn -0.8197 -0.1523 -0.5521
vn -0.8177 -0.2947 -0.4944
vn 0.8265 0.1505 -0.5425
vn 0.8244 0.0005 -0.5660
vn -0.8240 0.1514 -0.5460
vn -0.8219 0.0005 -0.5697
vn 0.8293 0.4011 -0.3892
vn 0.8281 0.2869 -0.4815
vn -0.8268 0.4037 -0.3917
vn -0.8256 0.2888 -0.4847
vn 0.8302 0.5395 -0.1404
vn 0.8299 0.4867 -0.2728
vn -0.8275 0.4897 -0.2746
vn 0.8303 0.5573 -0.0000
vn 0.8302 0.5395 0.1404
vn 0.5412 0.8136 -0.2126
vn -0.2235 0.9429 -0.2468
vn -0.8278 0.5429 0.1413
vn -0.5336 0.8457 -0.0000
vn 0.2257 0.9742 -0.0000
vn -0.0465 0.9989 -0.0000
vn -0.0157 0.9999 -0.0000
vn 0.0157 0.9999 -0.0000
vn 0.0465 0.9989 -0.0000
vn -0.9844 0.1762 -0.0000
vn -0.9379 0.3470 -0.0000
vn -0.0961 0.0025 -0.9954
vn -0.0979 0.0012 -0.9952
vn -0.3007 -0.0000 -0.9537
vn -0.2988 0.0017 -0.9543
vn 0.2826 0.0864 -0.9553
vn 0.2664 0.0501 -0.9626
vn 0.0782 0.0138 -0.9968
vn 0.0902 0.0935 -0.9915
vn 0.8054 -0.0000 0.5927
vn 0.9983 -0.0000 0.0588
vn -0.0966 -0.0966 -0.9906
vn -0.0890 -0.2839 -0.9547
vn -0.2301 -0.2300 -0.9456
vn -0.2839 -0.0889 -0.9547
vn -0.0000 -0.0050 -1.0000
vn -0.0000 -0.1005 -0.9949
vn -0.0049 -0.1004 -0.9949
vn -0.0050 -0.0050 -1.0000
vn -0.0783 0.0177 -0.9968
vn -0.0455 0.0271 -0.9986
vn -0.1439 0.1439 -0.9791
vn -0.2662 0.0554 -0.9623
vn 0.2990 0.0052 -0.9542
vn 0.0961 0.0058 -0.9954
vn 0.0918 0.0966 -0.9911
vn 0.2839 0.0889 -0.9547
vn -0.0790 0.0186 -0.9967
vn -0.0477 0.0292 -0.9984
vn -0.2664 0.0554 -0.9623
vn 0.2816 0.0922 -0.9551
vn 0.2664 0.0554 -0.9623
vn 0.0790 0.0186 -0.9967
vn 0.0902 0.0975 -0.9911
vn -0.0961 0.0058 -0.9954
vn -0.0974 0.0019 -0.9952
vn -0.2991 0.0052 -0.9542
vn 0.2815 0.0922 -0.9551
vn 0.2667 0.0556 -0.9622
vn 0.0780 0.0174 -0.9968
vn 0.0901 0.0974 -0.9912
vn 0.0037 0.0010 -1.0000
vn 0.0050 -0.0000 -1.0000
vn -0.0000 -0.0000 -1.0000
vn -0.0021 0.0028 -1.0000
vn 0.3007 -0.0000 -0.9537
vn 0.1004 0.0001 -0.9949
vn 0.0995 0.0013 -0.9950
vn -0.0111 0.0161 -0.9998
vn -0.0272 0.0505 -0.9984
vn -0.0834 0.0177 -0.9964
vn -0.0491 0.0164 -0.9987
vn -0.1390 0.1138 -0.9837
vn -0.2667 0.0556 -0.9622
vn -0.0052 0.0052 -1.0000
vn -0.0177 0.0834 -0.9964
vn 0.0052 0.0052 -1.0000
vn -0.0107 -0.0030 -0.9999
vn -0.0188 -0.0125 -0.9997
vn 0.0021 0.0028 -1.0000
vn 0.2817 0.0922 -0.9551
vn 0.2665 0.0555 -0.9622
vn 0.0834 0.0177 -0.9964
vn 0.0959 0.0959 -0.9908
vn 0.0177 0.0834 -0.9964
vn 0.0272 0.0505 -0.9984
vn -0.0012 0.0011 -1.0000
vn -0.0004 -0.0212 -0.9998
vn -0.0000 -0.0214 -0.9998
vn 0.0012 0.0011 -1.0000
vn 0.0151 0.0175 -0.9997
vn -0.0151 0.0175 -0.9997
vn 0.0009 0.0043 -1.0000
vn 0.0066 -0.0191 -0.9998
vn 0.0188 -0.0125 -0.9997
vn -0.0009 0.0043 -1.0000
vn -0.0119 0.0820 -0.9966
vn 0.0119 0.0820 -0.9966
vn -0.0834 0.0130 -0.9964
vn -0.0484 0.0161 -0.9987
vn -0.2686 0.0505 -0.9619
vn -0.0030 0.0019 -1.0000
vn 0.0112 0.0162 -0.9998
vn 0.0049 -0.1004 -0.9949
vn 0.0052 -0.2990 -0.9542
vn -0.0000 -0.3007 -0.9537
vn 0.2839 -0.0889 -0.9547
vn 0.0966 -0.0966 -0.9906
vn 0.1004 -0.0049 -0.9949
vn 0.2990 -0.0052 -0.9542
vn 0.0050 -0.0050 -1.0000
vn -0.0950 -0.0976 -0.9907
vn -0.2815 -0.0922 -0.9551
vn -0.0049 -0.1005 -0.9949
vn -0.0043 -0.0059 -1.0000
vn -0.1004 -0.0049 -0.9949
vn -0.2990 -0.0052 -0.9542
vn 0.0049 -0.1005 -0.9949
vn 0.2667 -0.0556 -0.9622
vn 0.2815 -0.0922 -0.9551
vn 0.0950 -0.0976 -0.9907
vn 0.0834 -0.0178 -0.9964
vn 0.0043 -0.0059 -1.0000
vn 0.0835 0.2824 0.9557
vn -0.0836 0.2824 0.9556
vn -0.0919 0.0933 0.9914
vn 0.0902 0.0935 0.9915
vn 0.0782 0.0138 0.9968
vn -0.0961 0.0025 0.9954
vn -0.0979 0.0012 0.9952
vn 0.0442 0.0164 0.9989
vn -0.2988 0.0017 0.9543
vn -0.3007 -0.0000 0.9537
vn 0.0062 0.0189 -0.9998
vn 0.0188 0.0125 -0.9997
vn 0.1390 0.1138 -0.9837
vn 0.0420 0.2044 -0.9780
vn -0.0049 -0.1004 0.9949
vn -0.0966 -0.0966 0.9906
vn -0.0890 -0.2839 0.9547
vn -0.0052 -0.2990 0.9542
vn -0.0050 -0.0050 1.0000
vn -0.1004 -0.0049 0.9949
vn -0.2839 -0.0889 0.9547
vn -0.2301 -0.2300 0.9456
vn -0.0998 0.0004 0.9950
vn 0.0083 0.0043 1.0000
vn 0.0961 0.0058 0.9954
vn -0.0779 0.0174 0.9968
vn -0.0455 0.0271 0.9986
vn 0.0978 0.0020 0.9952
vn 0.0918 0.0966 0.9911
vn -0.0901 0.0974 0.9912
vn -0.2662 0.0554 0.9623
vn -0.1439 0.1439 0.9791
vn 0.0836 0.2824 0.9556
vn -0.0835 0.2824 0.9557
vn 0.0790 0.0186 0.9967
vn -0.0790 0.0186 0.9967
vn -0.0477 0.0292 0.9984
vn 0.0477 0.0292 0.9984
vn 0.0902 0.0975 0.9911
vn -0.0902 0.0975 0.9911
vn -0.2663 0.0554 0.9623
vn -0.0837 0.2826 0.9556
vn 0.0780 0.0174 0.9968
vn -0.0958 0.0058 0.9954
vn -0.0974 0.0019 0.9952
vn 0.0455 0.0271 0.9986
vn 0.0901 0.0974 0.9912
vn -0.0918 0.0966 0.9911
vn -0.2991 0.0052 0.9542
vn 0.1004 0.0001 0.9949
vn 0.0037 0.0010 1.0000
vn 0.0050 -0.0000 1.0000
vn 0.1005 -0.0000 0.9949
vn 0.0995 0.0013 0.9950
vn -0.0111 0.0161 0.9998
vn -0.0021 0.0028 1.0000
vn -0.0000 -0.0000 1.0000
vn -0.0052 0.0052 1.0000
vn -0.0834 0.0177 0.9964
vn -0.0491 0.0164 0.9987
vn -0.0026 0.0012 1.0000
vn -0.0177 0.0834 0.9964
vn -0.0959 0.0959 0.9908
vn -0.2667 0.0556 0.9622
vn -0.1390 0.1138 0.9837
vn -0.0922 0.2816 0.9551
vn -0.0556 0.2667 0.9622
vn 0.0834 0.0177 0.9964
vn 0.0052 0.0052 1.0000
vn -0.0107 -0.0030 0.9999
vn 0.0484 0.0161 0.9987
vn 0.0959 0.0959 0.9908
vn 0.0177 0.0834 0.9964
vn 0.0021 0.0028 1.0000
vn -0.0188 -0.0125 0.9997
vn 0.0556 0.2667 0.9622
vn 0.0922 0.2816 0.9551
vn 0.0012 0.0011 1.0000
vn -0.0012 0.0011 1.0000
vn -0.0004 -0.0212 0.9998
vn -0.0066 -0.0191 0.9998
vn 0.0151 0.0175 0.9997
vn -0.0151 0.0175 0.9997
vn -0.0000 -0.0214 0.9998
vn -0.0009 0.0043 1.0000
vn 0.0009 0.0043 1.0000
vn 0.0066 -0.0191 0.9998
vn 0.0004 -0.0212 0.9998
vn -0.0119 0.0820 0.9966
vn 0.0119 0.0820 0.9966
vn 0.0188 -0.0125 0.9997
vn 0.0474 0.2668 0.9626
vn -0.0474 0.2667 0.9626
vn -0.0030 0.0019 1.0000
vn -0.0834 0.0130 0.9964
vn -0.0484 0.0161 0.9987
vn 0.0107 -0.0030 0.9999
vn 0.0112 0.0162 0.9998
vn -0.0979 0.0023 0.9952
vn -0.2686 0.0505 0.9619
vn 0.0188 0.0125 0.9997
vn 0.1390 0.1138 0.9837
vn 0.3007 -0.0000 0.9537
vn -0.0007 0.0004 1.0000
vn -0.0420 0.2044 0.9780
vn -0.0062 0.0189 0.9998
vn -0.0188 0.0125 0.9997
vn 0.0107 0.0030 0.9999
vn -0.0446 -0.2055 0.9776
vn -0.1389 -0.1138 0.9837
vn 0.0027 -0.2280 0.9737
vn -0.0000 -0.2291 0.9734
vn 0.0484 -0.0161 0.9987
vn 0.1389 -0.1139 0.9837
vn 0.0966 -0.0966 0.9906
vn 0.0049 -0.1004 0.9949
vn 0.0052 -0.2990 0.9542
vn 0.0889 -0.2839 0.9547
vn 0.1004 -0.0049 0.9949
vn 0.0050 -0.0050 1.0000
vn -0.0000 -0.1005 0.9949
vn -0.0000 -0.3007 0.9537
vn -0.0000 -0.0050 1.0000
vn -0.0133 0.0043 0.9999
vn 0.0062 0.0189 0.9998
vn -0.0049 -0.1005 0.9949
vn -0.0950 -0.0976 0.9907
vn -0.0052 -0.2985 0.9544
vn -0.0043 -0.0059 1.0000
vn -0.0834 -0.0178 0.9964
vn -0.2815 -0.0922 0.9551
vn -0.0484 -0.0161 0.9987
vn 0.0950 -0.0976 0.9907
vn 0.0049 -0.1005 0.9949
vn 0.0052 -0.2985 0.9544
vn 0.0834 -0.0178 0.9964
vn 0.0043 -0.0059 1.0000
vn -0.0107 0.0030 0.9999
vn 0.1604 0.8012 0.5765
vn -0.1604 0.8012 0.5766
vn -0.1931 0.9795 0.0565
vn -0.7059 0.7059 0.0583
vn -0.5888 0.5889 0.5536
vn -0.2300 0.2301 0.9456
vn 0.1604 0.8012 0.5766
vn -0.1604 0.8012 0.5765
vn -0.5886 0.5888 0.5540
vn -0.2301 0.2301 0.9456
vn -0.1609 0.8011 0.5765
vn -0.7059 0.7059 0.0584
vn -0.5889 0.5887 0.5537
vn 0.1605 0.8012 0.5765
vn -0.1606 0.8012 0.5765
vn -0.1930 0.9796 0.0565
vn -0.7058 0.7060 0.0584
vn -0.5888 0.5888 0.5537
vn -0.2304 0.2305 0.9454
vn 0.8058 0.0091 0.5921
vn 0.7998 0.1693 0.5759
vn 0.2839 0.0889 0.9547
vn 0.2990 0.0052 0.9542
vn 0.9774 0.2036 0.0566
vn 0.7059 0.7059 0.0583
vn 0.5886 0.5888 0.5540
vn 0.2304 0.2304 0.9454
vn 0.8057 -0.0000 0.5923
vn 0.7998 -0.1693 0.5759
vn 0.8055 -0.0091 0.5925
vn 0.2990 -0.0052 0.9542
vn 0.2839 -0.0889 0.9547
vn 0.9982 -0.0106 0.0582
vn -0.8055 -0.0091 0.5925
vn -0.7998 -0.1693 0.5759
vn -0.2990 -0.0052 0.9542
vn -0.9774 -0.2036 0.0567
vn -0.7059 -0.7059 0.0582
vn -0.5887 -0.5887 0.5540
vn -0.8014 0.1632 0.5754
vn -0.8049 0.0030 0.5934
vn -0.2843 0.0853 0.9549
vn -0.9983 0.0035 0.0582
vn -0.9983 -0.0000 0.0588
vn -0.8054 -0.0000 0.5927
vn -0.1703 0.7629 0.6237
vn -0.1781 0.7970 0.5771
vn -0.2147 0.9750 0.0565
vn -0.7059 0.7059 0.0582
vn -0.2301 0.2300 0.9456
vn 0.1782 0.7969 0.5772
vn 0.1704 0.7628 0.6237
vn 0.2145 0.9749 0.0600
vn 0.7056 0.7056 0.0658
vn 0.5192 0.5192 0.6788
vn 0.1439 0.1439 0.9791
vn -0.1522 0.7645 0.6264
vn 0.1521 0.7645 0.6264
vn 0.1935 0.9792 0.0606
vn 0.7057 0.7054 0.0661
vn 0.5195 0.5193 0.6786
vn 0.1439 0.1440 0.9791
vn -0.1520 0.7646 0.6263
vn 0.1522 0.7645 0.6264
vn 0.0420 0.2044 0.9780
vn 0.1933 0.9793 0.0605
vn 0.7055 0.7056 0.0661
vn 0.5195 0.5193 0.6785
vn -0.0415 0.2046 0.9780
vn -0.0087 -0.8045 0.5939
vn -0.1607 -0.7642 0.6246
vn -0.0027 -0.2280 0.9737
vn -0.2037 -0.9771 0.0608
vn -0.7056 -0.7055 0.0661
vn -0.5193 -0.5195 0.6785
vn 0.1607 -0.7643 0.6245
vn 0.0087 -0.8045 0.5939
vn 0.0445 -0.2052 0.9777
vn 0.0107 -0.9982 0.0584
vn -0.0000 -0.9983 0.0582
vn -0.0000 -0.8057 0.5923
vn -0.1693 -0.7999 0.5758
vn -0.0091 -0.8058 0.5922
vn -0.0105 -0.9983 0.0578
vn 0.0091 -0.8058 0.5922
vn 0.1693 -0.7999 0.5758
vn 0.2035 -0.9774 0.0569
vn 0.7059 -0.7059 0.0585
vn 0.5887 -0.5887 0.5539
vn 0.2301 -0.2300 0.9456
vn -0.1692 -0.7999 0.5758
vn 0.2035 -0.9774 0.0565
vn 0.7059 -0.7059 0.0582
vn 0.5887 -0.5887 0.5540
vn -0.7970 0.1782 0.5770
vn -0.7627 0.1703 0.6239
vn -0.2816 0.0922 0.9551
vn -0.9749 0.2145 0.0603
vn -0.7055 0.7056 0.0661
vn -0.5192 0.5193 0.6788
vn 0.7628 0.1704 0.6237
vn 0.7970 0.1782 0.5772
vn 0.2816 0.0922 0.9551
vn 0.2667 0.0556 0.9622
vn 0.9751 0.2142 0.0568
vn 0.7058 0.7060 0.0584
vn 0.5886 0.5886 0.5541
vn 0.2300 0.2301 0.9456
vn -0.7970 0.1782 0.5771
vn -0.7627 0.1704 0.6238
vn -0.2818 0.0923 0.9550
vn -0.9748 0.2146 0.0602
vn -0.7057 0.7054 0.0662
vn -0.5195 0.5194 0.6785
vn 0.7629 0.1703 0.6237
vn 0.7971 0.1783 0.5770
vn 0.2815 0.0922 0.9551
vn 0.9751 0.2143 0.0565
vn 0.5889 0.5888 0.5536
vn 0.2301 0.2301 0.9456
vn -0.7998 0.1692 0.5760
vn -0.8057 0.0091 0.5922
vn -0.2840 0.0889 0.9547
vn -0.9983 0.0105 0.0579
vn -0.9983 -0.0000 0.0582
vn -0.8057 -0.0000 0.5923
vn 0.9781 0.2001 0.0567
vn 0.8007 0.1661 0.5756
vn 0.2826 0.0864 0.9553
vn -0.7971 0.1784 0.5769
vn -0.7629 0.1703 0.6236
vn -0.2815 0.0922 0.9551
vn -0.9749 0.2146 0.0600
vn -0.7055 0.7056 0.0659
vn -0.5193 0.5193 0.6787
vn 0.7627 0.1703 0.6239
vn 0.7969 0.1782 0.5772
vn 0.2817 0.0922 0.9551
vn 0.2665 0.0555 0.9622
vn 0.9752 0.2141 0.0569
vn 0.7060 0.7058 0.0584
vn 0.2301 0.2300 0.9456
vn -0.8045 0.0087 0.5939
vn -0.7643 0.1607 0.6245
vn -0.2988 0.0032 0.9543
vn -0.9771 0.2039 0.0608
vn -0.5195 0.5193 0.6785
vn -0.7628 -0.1704 0.6238
vn -0.7968 -0.1782 0.5773
vn -0.2666 -0.0556 0.9622
vn -0.9751 -0.2142 0.0569
vn -0.7059 -0.7059 0.0585
vn -0.5887 -0.5888 0.5539
vn 0.7971 -0.1783 0.5770
vn 0.7629 -0.1703 0.6237
vn 0.2662 -0.0553 0.9623
vn 0.2815 -0.0922 0.9551
vn 0.9749 -0.2145 0.0601
vn 0.7056 -0.7055 0.0663
vn 0.5194 -0.5193 0.6787
vn 0.7629 -0.1703 -0.6237
vn 0.7971 -0.1783 -0.5770
vn -0.2663 -0.0553 -0.9623
vn -0.7968 -0.1782 -0.5773
vn -0.7628 -0.1704 -0.6238
vn -0.2988 0.0032 -0.9543
vn -0.7643 0.1607 -0.6245
vn -0.8045 0.0087 -0.5939
vn 0.7969 0.1782 -0.5772
vn 0.7627 0.1703 -0.6239
vn -0.2815 0.0922 -0.9551
vn -0.7629 0.1703 -0.6236
vn -0.7971 0.1784 -0.5769
vn -0.2840 0.0889 -0.9547
vn -0.8057 0.0091 -0.5922
vn -0.7998 0.1692 -0.5760
vn 0.7971 0.1783 -0.5770
vn 0.7629 0.1703 -0.6237
vn -0.2818 0.0923 -0.9550
vn -0.7627 0.1704 -0.6238
vn -0.7970 0.1782 -0.5771
vn 0.7970 0.1782 -0.5772
vn 0.7628 0.1704 -0.6237
vn -0.2816 0.0922 -0.9551
vn -0.7627 0.1703 -0.6239
vn -0.7970 0.1782 -0.5770
vn -0.0000 -0.8057 -0.5923
vn 0.0889 -0.2839 -0.9547
vn 0.1693 -0.7999 -0.5758
vn 0.0091 -0.8058 -0.5922
vn -0.0052 -0.2985 -0.9544
vn -0.0091 -0.8058 -0.5922
vn -0.1692 -0.7999 -0.5758
vn 0.0890 -0.2839 -0.9547
vn -0.0052 -0.2990 -0.9542
vn -0.1693 -0.7999 -0.5758
vn 0.0446 -0.2055 -0.9776
vn 0.0027 -0.2280 -0.9737
vn 0.0087 -0.8045 -0.5939
vn 0.1607 -0.7643 -0.6245
vn -0.0027 -0.2280 -0.9737
vn -0.0446 -0.2055 -0.9776
vn -0.1607 -0.7642 -0.6246
vn -0.0087 -0.8045 -0.5939
vn 0.1522 0.7645 -0.6264
vn -0.1522 0.7645 -0.6264
vn -0.0420 0.2044 -0.9780
vn -0.1520 0.7646 -0.6263
vn 0.0474 0.2668 -0.9626
vn 0.1521 0.7645 -0.6264
vn -0.0474 0.2667 -0.9626
vn 0.0556 0.2667 -0.9622
vn 0.1702 0.7626 -0.6241
vn 0.1782 0.7970 -0.5772
vn 0.0922 0.2816 -0.9551
vn -0.0922 0.2816 -0.9551
vn -0.1781 0.7970 -0.5771
vn -0.1703 0.7629 -0.6237
vn -0.0556 0.2667 -0.9622
vn -0.2843 0.0853 -0.9549
vn -0.8049 0.0030 -0.5934
vn -0.8014 0.1632 -0.5754
vn -0.7998 -0.1693 -0.5759
vn -0.8055 -0.0091 -0.5925
vn 0.8055 -0.0091 -0.5925
vn 0.7998 -0.1693 -0.5759
vn 0.8054 -0.0000 -0.5927
vn 0.7998 0.1693 -0.5759
vn 0.8057 0.0091 -0.5923
vn 0.0835 0.2824 -0.9557
vn -0.0837 0.2826 -0.9556
vn -0.1606 0.8012 -0.5765
vn 0.1605 0.8012 -0.5765
vn 0.0836 0.2824 -0.9556
vn -0.0835 0.2824 -0.9557
vn -0.1604 0.8012 -0.5766
vn 0.1604 0.8012 -0.5765
vn -0.0836 0.2824 -0.9556
vn -0.1604 0.8012 -0.5765
vn 0.1604 0.8012 -0.5766
vn 0.2301 0.2301 -0.9456
vn 0.5886 0.5888 -0.5540
vn -0.1931 0.9795 -0.0565
vn 0.1931 0.9795 -0.0565
vn 0.7059 0.7059 -0.0583
vn -0.2300 0.2301 -0.9456
vn -0.5886 0.5888 -0.5540
vn -0.7059 0.7059 -0.0583
vn -0.2301 0.2301 -0.9456
vn -0.9788 0.1966 -0.0567
vn 0.2300 0.2301 -0.9456
vn 0.5889 0.5887 -0.5537
vn 0.5888 0.5888 -0.5537
vn -0.5888 0.5887 -0.5538
vn -0.7059 0.7059 -0.0584
vn -0.1930 0.9796 -0.0565
vn 0.1930 0.9796 -0.0565
vn 0.7058 0.7060 -0.0584
vn -0.2304 0.2305 -0.9454
vn -0.5888 0.5888 -0.5537
vn -0.7058 0.7060 -0.0584
vn 0.8057 -0.0000 -0.5923
vn 0.9774 0.2036 -0.0566
vn 0.9982 0.0106 -0.0582
vn 0.9983 -0.0000 -0.0588
vn 0.2301 -0.2300 -0.9456
vn 0.5887 -0.5887 -0.5539
vn 0.9982 -0.0106 -0.0582
vn 0.9774 -0.2036 -0.0566
vn 0.7059 -0.7059 -0.0582
vn -0.8054 -0.0000 -0.5927
vn -0.9774 -0.2036 -0.0567
vn -0.9982 -0.0106 -0.0582
vn -0.9983 -0.0000 -0.0588
vn -0.5887 -0.5887 -0.5540
vn -0.7059 -0.7059 -0.0582
vn -0.9983 0.0035 -0.0582
vn -0.5195 0.5193 -0.6786
vn -0.2142 0.9751 -0.0568
vn -0.2146 0.9749 -0.0600
vn -0.7055 0.7056 -0.0661
vn -0.2301 0.2300 -0.9456
vn -0.7059 0.7059 -0.0582
vn 0.2301 0.2300 -0.9456
vn 0.5886 0.5886 -0.5541
vn 0.2145 0.9749 -0.0600
vn 0.2142 0.9751 -0.0568
vn 0.7060 0.7058 -0.0584
vn 0.1439 0.1439 -0.9791
vn 0.5193 0.5193 -0.6787
vn 0.7056 0.7056 -0.0658
vn -0.5193 0.5193 -0.6788
vn 0.1935 0.9792 -0.0606
vn -0.1933 0.9793 -0.0605
vn -0.7054 0.7057 -0.0660
vn 0.1439 0.1440 -0.9791
vn 0.5195 0.5193 -0.6786
vn 0.7057 0.7054 -0.0661
vn -0.5193 0.5193 -0.6787
vn 0.1933 0.9792 -0.0610
vn -0.1933 0.9793 -0.0609
vn -0.7055 0.7056 -0.0659
vn 0.5195 0.5193 -0.6785
vn 0.7055 0.7056 -0.0661
vn -0.5195 0.5193 -0.6785
vn 0.1933 0.9793 -0.0605
vn 0.5192 0.5193 -0.6788
vn -0.0000 -0.2291 -0.9734
vn -0.2037 -0.9771 -0.0608
vn -0.0107 -0.9982 -0.0584
vn -0.0107 -0.9982 0.0584
vn -0.0000 -0.9983 -0.0582
vn -0.1387 -0.1136 -0.9838
vn -0.5193 -0.5192 -0.6788
vn -0.7056 -0.7055 -0.0661
vn 0.1389 -0.1139 -0.9837
vn 0.5194 -0.5193 -0.6787
vn 0.0107 -0.9982 -0.0584
vn 0.2039 -0.9771 -0.0608
vn 0.2039 -0.9771 0.0608
vn 0.7056 -0.7055 -0.0663
vn -0.0105 -0.9983 -0.0578
vn -0.2035 -0.9774 -0.0565
vn -0.2035 -0.9774 0.0565
vn 0.2035 -0.9774 -0.0565
vn 0.0105 -0.9983 -0.0578
vn 0.0105 -0.9983 0.0578
vn -0.5884 -0.5887 -0.5543
vn -0.2034 -0.9775 -0.0566
vn -0.2034 -0.9775 0.0566
vn -0.7059 -0.7059 -0.0585
vn 0.5887 -0.5887 -0.5540
vn -0.9749 0.2145 -0.0603
vn -0.9751 0.2143 -0.0566
vn -0.9751 0.2143 0.0566
vn 0.9751 0.2142 -0.0568
vn 0.9749 0.2145 -0.0600
vn -0.9748 0.2146 -0.0602
vn -0.9751 0.2142 -0.0568
vn -0.9751 0.2142 0.0568
vn 0.9751 0.2143 -0.0571
vn 0.9749 0.2145 -0.0601
vn -0.9983 0.0105 -0.0579
vn -0.9774 0.2034 -0.0568
vn -0.9774 0.2034 0.0568
vn -0.8057 -0.0000 -0.5923
vn -0.9983 -0.0000 -0.0582
vn 0.8007 0.1661 -0.5756
vn 0.9781 0.2001 -0.0567
vn -0.9749 0.2146 -0.0600
vn -0.9751 0.2143 -0.0568
vn -0.9752 0.2142 0.0564
vn 0.9751 0.2141 -0.0569
vn 0.9748 0.2147 -0.0604
vn -0.9771 0.2039 -0.0608
vn -0.9982 0.0107 -0.0584
vn -0.9982 0.0107 0.0584
vn 0.7632 0.1581 -0.6265
vn 0.9779 0.2003 -0.0603
vn 0.9779 0.2003 0.0603
vn 0.7632 0.1581 0.6265
vn -0.9751 -0.2142 -0.0569
vn -0.9749 -0.2145 -0.0601
vn -0.9749 -0.2145 0.0601
vn 0.9751 -0.2143 -0.0565
vn 0.9751 -0.2143 0.0565
vn 0.9749 -0.2145 -0.0601
vn -0.9982 -0.0106 0.0582
vn 0.9774 -0.2036 0.0566
vn 0.2664 0.0501 0.9626
vn -0.9788 0.1966 0.0567
vn 0.9748 0.2147 0.0604
vn 0.0272 0.0505 0.9984
vn 0.9749 0.2145 0.0601
vn 0.9749 0.2145 0.0600
vn 0.9982 0.0106 0.0582
vn -0.1933 0.9793 0.0605
vn 0.1931 0.9795 0.0565
vn 0.2146 0.9751 0.0566
vn -0.1933 0.9793 0.0604
vn -0.2146 0.9749 0.0600
vn 0.1930 0.9796 0.0565
vn -0.0272 0.0505 0.9984
vn -0.0834 -0.0178 -0.9964
vn -0.0979 0.0023 -0.9952
vn -0.0959 0.0959 -0.9908
vn -0.0918 0.0966 -0.9911
vn -0.0902 0.0975 -0.9911
vn -0.0901 0.0974 -0.9912
vn -0.0919 0.0933 -0.9914
vn -0.0062 0.0189 -0.9998
vn -0.0188 0.0125 -0.9997
vn 0.0484 -0.0161 -0.9987
vn -0.0107 0.0030 -0.9999
vn 0.0107 0.0030 -0.9999
vn -0.0484 -0.0161 -0.9987
vn -0.0007 0.0004 -1.0000
vn -0.0133 0.0043 -0.9999
vn 0.1005 -0.0000 -0.9949
vn 0.0107 -0.0030 -0.9999
vn 0.0004 -0.0212 -0.9998
vn -0.0066 -0.0191 -0.9998
vn 0.0484 0.0161 -0.9987
vn -0.0026 0.0012 -1.0000
vn -0.0998 0.0004 -0.9950
vn 0.0455 0.0271 -0.9986
vn 0.0477 0.0292 -0.9984
vn 0.0978 0.0020 -0.9952
vn 0.0083 0.0043 -1.0000
vn 0.0442 0.0164 -0.9989
vn -0.0961 -0.0025 -0.9954
vn -0.2988 -0.0017 -0.9543
vn -0.0979 -0.0012 -0.9952
vn 0.2826 -0.0864 -0.9553
vn 0.0902 -0.0935 -0.9915
vn 0.0782 -0.0138 -0.9968
vn 0.2664 -0.0501 -0.9626
vn -0.0966 0.0966 -0.9906
vn -0.2839 0.0889 -0.9547
vn -0.0890 0.2840 -0.9547
vn -0.0000 0.0050 -1.0000
vn -0.0050 0.0050 -1.0000
vn -0.0049 0.1004 -0.9949
vn -0.0000 0.1005 -0.9949
vn -0.0779 -0.0174 -0.9968
vn -0.2662 -0.0553 -0.9623
vn -0.1439 -0.1439 -0.9791
vn -0.0455 -0.0271 -0.9986
vn 0.0918 -0.0966 -0.9911
vn 0.0961 -0.0058 -0.9954
vn -0.0790 -0.0186 -0.9967
vn -0.2664 -0.0554 -0.9623
vn -0.0477 -0.0292 -0.9984
vn 0.2816 -0.0922 -0.9551
vn 0.0902 -0.0975 -0.9911
vn 0.0790 -0.0186 -0.9967
vn -0.0961 -0.0058 -0.9954
vn -0.2991 -0.0052 -0.9542
vn -0.0973 -0.0019 -0.9953
vn 0.0901 -0.0974 -0.9912
vn 0.0779 -0.0174 -0.9968
vn 0.2664 -0.0555 -0.9623
vn 0.0037 -0.0010 -1.0000
vn -0.0021 -0.0028 -1.0000
vn 0.0995 -0.0013 -0.9950
vn 0.1004 -0.0001 -0.9949
vn -0.0111 -0.0161 -0.9998
vn -0.0272 -0.0505 -0.9984
vn -0.0834 -0.0177 -0.9964
vn -0.2667 -0.0556 -0.9622
vn -0.1390 -0.1138 -0.9837
vn -0.0491 -0.0164 -0.9987
vn -0.0177 -0.0834 -0.9964
vn -0.0052 -0.0052 -1.0000
vn 0.0052 -0.0052 -1.0000
vn 0.0021 -0.0028 -1.0000
vn 0.2817 -0.0922 -0.9551
vn 0.0959 -0.0959 -0.9908
vn 0.0834 -0.0177 -0.9964
vn 0.2665 -0.0555 -0.9622
vn 0.0177 -0.0834 -0.9964
vn 0.0272 -0.0505 -0.9984
vn -0.0012 -0.0011 -1.0000
vn -0.0000 0.0214 -0.9998
vn -0.0004 0.0212 -0.9998
vn 0.0151 -0.0175 -0.9997
vn 0.0012 -0.0011 -1.0000
vn -0.0151 -0.0175 -0.9997
vn 0.0009 -0.0043 -1.0000
vn 0.0066 0.0191 -0.9998
vn -0.0119 -0.0816 -0.9966
vn -0.0009 -0.0043 -1.0000
vn 0.0119 -0.0820 -0.9966
vn -0.0834 -0.0130 -0.9964
vn -0.2686 -0.0505 -0.9619
vn 0.0112 -0.0162 -0.9998
vn -0.0030 -0.0019 -1.0000
vn 0.0049 0.1004 -0.9949
vn -0.0000 0.3007 -0.9537
vn 0.0052 0.2991 -0.9542
vn 0.1004 0.0049 -0.9949
vn 0.0966 0.0966 -0.9906
vn 0.0050 0.0050 -1.0000
vn -0.0950 0.0976 -0.9907
vn -0.0043 0.0059 -1.0000
vn -0.0049 0.1005 -0.9949
vn -0.1004 0.0049 -0.9949
vn -0.2990 0.0052 -0.9542
vn 0.0049 0.1005 -0.9949
vn 0.0834 0.0178 -0.9964
vn 0.0950 0.0976 -0.9907
vn 0.0043 0.0059 -1.0000
vn 0.0835 -0.2824 0.9557
vn 0.0902 -0.0935 0.9915
vn -0.0919 -0.0933 0.9914
vn -0.0836 -0.2824 0.9556
vn 0.0782 -0.0138 0.9968
vn 0.0442 -0.0164 0.9989
vn -0.0979 -0.0012 0.9952
vn -0.0961 -0.0025 0.9954
vn -0.2988 -0.0017 0.9543
vn 0.0062 -0.0189 -0.9998
vn 0.0420 -0.2044 -0.9780
vn 0.1390 -0.1138 -0.9837
vn -0.0049 0.1004 0.9949
vn -0.0052 0.2991 0.9542
vn -0.0890 0.2840 0.9547
vn -0.0966 0.0966 0.9906
vn -0.0050 0.0050 1.0000
vn -0.1004 0.0049 0.9949
vn -0.2839 0.0889 0.9547
vn -0.0998 -0.0004 0.9950
vn 0.0083 -0.0043 1.0000
vn 0.0961 -0.0058 0.9954
vn 0.0978 -0.0020 0.9952
vn -0.0455 -0.0271 0.9986
vn -0.0783 -0.0177 0.9968
vn 0.0918 -0.0966 0.9911
vn -0.0901 -0.0974 0.9912
vn -0.1439 -0.1439 0.9791
vn -0.2662 -0.0554 0.9623
vn 0.0836 -0.2824 0.9556
vn -0.0835 -0.2824 0.9557
vn 0.0790 -0.0186 0.9967
vn 0.0477 -0.0292 0.9984
vn -0.0477 -0.0292 0.9984
vn -0.0790 -0.0186 0.9967
vn 0.0902 -0.0975 0.9911
vn -0.0902 -0.0975 0.9911
vn -0.2667 -0.0556 0.9622
vn -0.0836 -0.2821 0.9557
vn 0.0781 -0.0175 0.9968
vn 0.0455 -0.0271 0.9986
vn -0.0974 -0.0019 0.9952
vn -0.0961 -0.0058 0.9954
vn 0.0901 -0.0974 0.9912
vn -0.0918 -0.0966 0.9911
vn -0.2991 -0.0052 0.9542
vn 0.1004 -0.0001 0.9949
vn 0.0037 -0.0010 1.0000
vn 0.0995 -0.0013 0.9950
vn -0.0111 -0.0161 0.9998
vn -0.0021 -0.0028 1.0000
vn -0.0052 -0.0052 1.0000
vn -0.0026 -0.0012 1.0000
vn -0.0491 -0.0164 0.9987
vn -0.0834 -0.0177 0.9964
vn -0.0177 -0.0834 0.9964
vn -0.0959 -0.0959 0.9908
vn -0.1390 -0.1138 0.9837
vn -0.0922 -0.2816 0.9551
vn -0.0554 -0.2664 0.9623
vn 0.0834 -0.0177 0.9964
vn 0.0052 -0.0052 1.0000
vn 0.0959 -0.0959 0.9908
vn 0.0177 -0.0834 0.9964
vn 0.0021 -0.0028 1.0000
vn 0.0556 -0.2667 0.9622
vn 0.0922 -0.2816 0.9551
vn 0.0012 -0.0011 1.0000
vn -0.0066 0.0191 0.9998
vn -0.0004 0.0212 0.9998
vn -0.0012 -0.0011 1.0000
vn 0.0151 -0.0175 0.9997
vn -0.0151 -0.0175 0.9997
vn -0.0000 0.0214 0.9998
vn -0.0009 -0.0043 1.0000
vn 0.0004 0.0212 0.9998
vn 0.0066 0.0191 0.9998
vn 0.0009 -0.0043 1.0000
vn -0.0119 -0.0815 0.9966
vn 0.0119 -0.0820 0.9966
vn 0.0474 -0.2668 0.9626
vn -0.0474 -0.2667 0.9626
vn -0.0030 -0.0019 1.0000
vn -0.0834 -0.0130 0.9964
vn 0.0112 -0.0162 0.9998
vn -0.0979 -0.0023 0.9952
vn -0.2686 -0.0505 0.9619
vn 0.1390 -0.1138 0.9837
vn -0.0007 -0.0004 1.0000
vn -0.0420 -0.2044 0.9780
vn -0.0062 -0.0189 0.9998
vn -0.1389 0.1138 0.9837
vn -0.0446 0.2055 0.9776
vn -0.0000 0.2291 0.9734
vn 0.0027 0.2280 0.9737
vn 0.1389 0.1139 0.9837
vn 0.0966 0.0966 0.9906
vn 0.0890 0.2840 0.9547
vn 0.0052 0.2991 0.9542
vn 0.0049 0.1004 0.9949
vn 0.1004 0.0049 0.9949
vn 0.0050 0.0050 1.0000
vn -0.0000 0.3007 0.9537
vn -0.0000 0.1005 0.9949
vn -0.0000 0.0050 1.0000
vn -0.0133 -0.0043 0.9999
vn 0.0062 -0.0189 0.9998
vn -0.0049 0.1005 0.9949
vn -0.0052 0.2988 0.9543
vn -0.0950 0.0976 0.9907
vn -0.0043 0.0059 1.0000
vn -0.0830 0.0175 0.9964
vn 0.0950 0.0976 0.9907
vn 0.0052 0.2988 0.9543
vn 0.0049 0.1005 0.9949
vn 0.0834 0.0178 0.9964
vn 0.0043 0.0059 1.0000
vn 0.1604 -0.8012 0.5765
vn -0.1604 -0.8012 0.5766
vn -0.1932 -0.9795 0.0565
vn -0.5886 -0.5887 0.5540
vn -0.7059 -0.7059 0.0583
vn -0.2300 -0.2301 0.9456
vn 0.1604 -0.8012 0.5766
vn -0.1604 -0.8012 0.5765
vn -0.5886 -0.5888 0.5540
vn -0.2301 -0.2301 0.9456
vn 0.1608 -0.8012 0.5764
vn -0.5886 -0.5886 0.5541
vn -0.7059 -0.7059 0.0581
vn 0.1605 -0.8012 0.5765
vn -0.1606 -0.8012 0.5765
vn -0.1930 -0.9796 0.0565
vn -0.5888 -0.5888 0.5538
vn -0.7058 -0.7060 0.0584
vn -0.2303 -0.2305 0.9454
vn 0.8057 -0.0091 0.5923
vn 0.9774 -0.2036 0.0567
vn 0.5886 -0.5888 0.5540
vn 0.7059 -0.7059 0.0583
vn 0.2301 -0.2301 0.9456
vn 0.8055 0.0091 0.5925
vn -0.8058 0.0091 0.5921
vn -0.2990 0.0052 0.9542
vn -0.7998 0.1693 0.5759
vn -0.9774 0.2036 0.0567
vn -0.8014 -0.1632 0.5754
vn -0.2843 -0.0853 0.9549
vn -0.8049 -0.0030 0.5934
vn -0.9983 -0.0035 0.0582
vn -0.1703 -0.7629 0.6237
vn -0.1781 -0.7970 0.5771
vn -0.2142 -0.9751 0.0568
vn -0.5889 -0.5888 0.5536
vn 0.1782 -0.7969 0.5772
vn 0.1704 -0.7628 0.6237
vn 0.2145 -0.9749 0.0600
vn 0.5192 -0.5192 0.6788
vn 0.7056 -0.7056 0.0658
vn 0.1439 -0.1439 0.9791
vn -0.1521 -0.7645 0.6264
vn 0.1521 -0.7645 0.6264
vn 0.1935 -0.9792 0.0606
vn 0.5195 -0.5193 0.6786
vn 0.7057 -0.7054 0.0661
vn 0.1439 -0.1440 0.9791
vn -0.1520 -0.7646 0.6263
vn 0.0420 -0.2044 0.9780
vn 0.1522 -0.7645 0.6264
vn 0.1933 -0.9793 0.0605
vn 0.5195 -0.5193 0.6785
vn 0.7055 -0.7056 0.0661
vn -0.1522 -0.7645 0.6264
vn 0.5192 -0.5193 0.6788
vn -0.0087 0.8045 0.5939
vn -0.0027 0.2280 0.9737
vn -0.1607 0.7642 0.6246
vn -0.2037 0.9771 0.0608
vn -0.5193 0.5192 0.6788
vn -0.7056 0.7055 0.0661
vn 0.1607 0.7643 0.6245
vn 0.0446 0.2055 0.9776
vn 0.0087 0.8045 0.5939
vn 0.0107 0.9982 0.0584
vn -0.0000 0.8054 0.5928
vn -0.0000 0.9983 0.0582
vn -0.1692 0.7998 0.5759
vn -0.0091 0.8057 0.5922
vn -0.0105 0.9983 0.0579
vn -0.0000 0.8055 0.5927
vn 0.0092 0.8057 0.5922
vn 0.1692 0.7998 0.5759
vn 0.2034 0.9774 0.0568
vn -0.0000 0.8057 0.5923
vn -0.1692 0.7998 0.5760
vn -0.7970 -0.1782 0.5770
vn -0.2816 -0.0922 0.9551
vn -0.7627 -0.1703 0.6239
vn -0.9749 -0.2145 0.0603
vn -0.5191 -0.5193 0.6788
vn -0.7055 -0.7056 0.0661
vn 0.7628 -0.1704 0.6237
vn 0.2667 -0.0556 0.9622
vn 0.2816 -0.0922 0.9551
vn 0.7969 -0.1782 0.5772
vn 0.9751 -0.2142 0.0568
vn 0.5886 -0.5886 0.5541
vn 0.7058 -0.7060 0.0584
vn 0.2300 -0.2301 0.9456
vn -0.7970 -0.1782 0.5771
vn -0.2818 -0.0923 0.9550
vn -0.7627 -0.1704 0.6238
vn -0.9748 -0.2146 0.0602
vn -0.5192 -0.5193 0.6788
vn -0.7054 -0.7057 0.0660
vn 0.2663 -0.0553 0.9623
vn -0.7998 -0.1692 0.5760
vn -0.2840 -0.0889 0.9547
vn -0.8057 -0.0091 0.5922
vn -0.9983 -0.0105 0.0579
vn 0.9781 -0.2001 0.0567
vn 0.8006 -0.1661 0.5757
vn 0.5886 -0.5887 0.5540
vn 0.2826 -0.0864 0.9553
vn -0.7971 -0.1784 0.5769
vn -0.7626 -0.1703 0.6240
vn -0.9749 -0.2146 0.0600
vn -0.5194 -0.5193 0.6787
vn -0.7055 -0.7056 0.0659
vn 0.7627 -0.1703 0.6240
vn 0.2664 -0.0554 0.9623
vn 0.2817 -0.0922 0.9551
vn 0.9751 -0.2141 0.0569
vn 0.7060 -0.7058 0.0584
vn -0.8045 -0.0087 0.5939
vn -0.2988 -0.0032 0.9543
vn -0.7642 -0.1607 0.6246
vn -0.9771 -0.2037 0.0608
vn -0.5195 -0.5193 0.6785
vn -0.7628 0.1704 0.6238
vn -0.2666 0.0556 0.9622
vn -0.7968 0.1782 0.5773
vn -0.9751 0.2142 0.0569
vn -0.5889 0.5888 0.5537
vn -0.7059 0.7059 0.0586
vn 0.2664 0.0555 0.9623
vn 0.5194 0.5193 0.6787
vn 0.7056 0.7055 0.0663
vn -0.2666 0.0556 -0.9622
vn -0.7628 0.1704 -0.6238
vn -0.7968 0.1782 -0.5773
vn -0.2988 -0.0032 -0.9543
vn -0.8045 -0.0087 -0.5939
vn -0.7642 -0.1607 -0.6246
vn 0.7627 -0.1703 -0.6240
vn 0.7969 -0.1782 -0.5772
vn -0.7971 -0.1784 -0.5769
vn -0.7629 -0.1703 -0.6236
vn -0.2840 -0.0889 -0.9547
vn -0.7998 -0.1692 -0.5760
vn -0.8057 -0.0091 -0.5922
vn 0.7628 -0.1704 -0.6237
vn -0.2818 -0.0923 -0.9550
vn -0.7970 -0.1782 -0.5771
vn -0.7627 -0.1704 -0.6238
vn -0.2816 -0.0922 -0.9551
vn -0.7970 -0.1782 -0.5770
vn -0.7627 -0.1703 -0.6239
vn -0.0000 0.8057 -0.5923
vn 0.0091 0.8057 -0.5922
vn 0.1692 0.7998 -0.5759
vn 0.0890 0.2840 -0.9547
vn -0.1692 0.7998 -0.5760
vn -0.0092 0.8057 -0.5922
vn -0.0052 0.2991 -0.9542
vn -0.1692 0.7998 -0.5759
vn 0.0445 0.2050 -0.9777
vn 0.1607 0.7643 -0.6245
vn 0.0087 0.8045 -0.5939
vn 0.0027 0.2280 -0.9737
vn -0.0027 0.2280 -0.9737
vn -0.0087 0.8045 -0.5939
vn -0.1607 0.7642 -0.6246
vn -0.0446 0.2055 -0.9776
vn -0.0420 -0.2044 -0.9780
vn -0.1522 -0.7645 -0.6264
vn 0.1522 -0.7645 -0.6264
vn -0.1520 -0.7646 -0.6263
vn 0.0474 -0.2668 -0.9626
vn -0.0474 -0.2667 -0.9626
vn -0.1521 -0.7645 -0.6264
vn 0.1521 -0.7645 -0.6264
vn 0.0553 -0.2662 -0.9623
vn 0.0922 -0.2816 -0.9551
vn 0.1782 -0.7969 -0.5772
vn 0.1704 -0.7628 -0.6237
vn -0.0922 -0.2816 -0.9551
vn -0.0556 -0.2667 -0.9622
vn -0.1703 -0.7629 -0.6237
vn -0.1781 -0.7970 -0.5771
vn -0.2843 -0.0853 -0.9549
vn -0.8014 -0.1632 -0.5754
vn -0.8049 -0.0030 -0.5934
vn -0.8058 0.0091 -0.5921
vn -0.7998 0.1693 -0.5759
vn 0.8055 0.0091 -0.5925
vn 0.0835 -0.2824 -0.9557
vn 0.1605 -0.8012 -0.5765
vn -0.1606 -0.8012 -0.5765
vn -0.0836 -0.2821 -0.9557
vn 0.0836 -0.2824 -0.9556
vn 0.1604 -0.8012 -0.5765
vn -0.1604 -0.8012 -0.5766
vn -0.0835 -0.2824 -0.9557
vn 0.1604 -0.8012 -0.5766
vn -0.1604 -0.8012 -0.5765
vn -0.0836 -0.2824 -0.9556
vn 0.2301 -0.2301 -0.9456
vn 0.5886 -0.5888 -0.5540
vn 0.1932 -0.9795 -0.0565
vn -0.1932 -0.9795 -0.0565
vn 0.7059 -0.7059 -0.0583
vn -0.5886 -0.5887 -0.5540
vn -0.2300 -0.2301 -0.9456
vn -0.7059 -0.7059 -0.0583
vn -0.2301 -0.2301 -0.9456
vn -0.5886 -0.5888 -0.5540
vn -0.9788 -0.1966 -0.0567
vn 0.2300 -0.2301 -0.9456
vn 0.5889 -0.5888 -0.5537
vn 0.5889 -0.5888 -0.5536
vn -0.5886 -0.5886 -0.5541
vn -0.7059 -0.7059 -0.0580
vn 0.5886 -0.5886 -0.5541
vn 0.1930 -0.9796 -0.0565
vn -0.1930 -0.9796 -0.0565
vn 0.7058 -0.7060 -0.0584
vn -0.5888 -0.5888 -0.5538
vn -0.2303 -0.2305 -0.9454
vn -0.7058 -0.7060 -0.0584
vn 0.9774 -0.2036 -0.0567
vn -0.9982 0.0106 -0.0582
vn -0.9774 0.2036 -0.0567
vn -0.9983 -0.0035 -0.0582
vn -0.5195 -0.5193 -0.6786
vn -0.2146 -0.9749 -0.0600
vn -0.2142 -0.9751 -0.0568
vn -0.7055 -0.7056 -0.0661
vn 0.2142 -0.9751 -0.0568
vn 0.2145 -0.9749 -0.0600
vn 0.7060 -0.7058 -0.0584
vn 0.5192 -0.5192 -0.6788
vn 0.1439 -0.1439 -0.9791
vn 0.7056 -0.7056 -0.0658
vn -0.5192 -0.5193 -0.6788
vn -0.1933 -0.9793 -0.0605
vn 0.1935 -0.9792 -0.0606
vn -0.7054 -0.7057 -0.0660
vn 0.5195 -0.5193 -0.6786
vn 0.1439 -0.1440 -0.9791
vn 0.7057 -0.7054 -0.0661
vn -0.5196 -0.5193 -0.6784
vn -0.1933 -0.9793 -0.0604
vn 0.1933 -0.9793 -0.0605
vn -0.7055 -0.7056 -0.0659
vn 0.5195 -0.5193 -0.6785
vn 0.7055 -0.7056 -0.0661
vn 0.5192 -0.5193 -0.6788
vn -0.0000 0.2291 -0.9734
vn -0.0000 0.8054 -0.5928
vn -0.0107 0.9982 -0.0584
vn -0.2037 0.9771 -0.0608
vn -0.0107 0.9982 0.0584
vn -0.0000 0.9983 -0.0582
vn -0.5193 0.5192 -0.6788
vn -0.1389 0.1138 -0.9837
vn -0.7056 0.7055 -0.0661
vn 0.1389 0.1139 -0.9837
vn 0.5194 0.5193 -0.6787
vn 0.2039 0.9771 -0.0608
vn 0.0107 0.9982 -0.0584
vn 0.2039 0.9771 0.0608
vn 0.7056 0.7055 -0.0663
vn -0.2034 0.9774 -0.0568
vn -0.0105 0.9983 -0.0579
vn -0.2034 0.9774 0.0568
vn -0.0000 0.8055 -0.5927
vn 0.0105 0.9983 -0.0579
vn 0.2034 0.9774 -0.0568
vn 0.0105 0.9983 0.0579
vn -0.5888 0.5888 -0.5538
vn -0.2034 0.9775 -0.0568
vn -0.2034 0.9775 0.0568
vn -0.7059 0.7059 -0.0586
vn 0.5889 0.5888 -0.5536
vn -0.9751 -0.2143 -0.0566
vn -0.9749 -0.2145 -0.0603
vn -0.9751 -0.2143 0.0566
vn 0.9748 -0.2147 -0.0603
vn 0.9751 -0.2142 -0.0568
vn -0.9751 -0.2142 -0.0568
vn -0.9748 -0.2146 -0.0602
vn -0.9751 -0.2142 0.0568
vn -0.9774 -0.2034 -0.0568
vn -0.9983 -0.0105 -0.0579
vn -0.9774 -0.2034 0.0568
vn 0.8007 -0.1661 -0.5757
vn 0.9781 -0.2001 -0.0567
vn -0.9751 -0.2143 -0.0568
vn -0.9749 -0.2146 -0.0600
vn -0.9751 -0.2143 0.0568
vn 0.9748 -0.2145 -0.0605
vn 0.9751 -0.2141 -0.0569
vn -0.9982 -0.0107 -0.0584
vn -0.9771 -0.2037 -0.0608
vn -0.9982 -0.0107 0.0584
vn 0.7632 -0.1581 -0.6265
vn 0.9779 -0.2003 -0.0603
vn 0.9779 -0.2002 0.0604
vn 0.7631 -0.1581 0.6266
vn -0.9749 0.2145 -0.0601
vn -0.9751 0.2142 -0.0569
vn -0.9749 0.2145 0.0601
vn 0.9751 0.2143 -0.0565
vn -0.9982 0.0106 0.0582
vn 0.2664 -0.0501 0.9626
vn -0.9788 -0.1966 0.0567
vn 0.9748 -0.2145 0.0605
vn 0.0272 -0.0505 0.9984
vn 0.9749 -0.2145 0.0600
vn -0.1933 -0.9793 0.0605
vn 0.1932 -0.9795 0.0565
vn 0.2142 -0.9751 0.0568
vn -0.1933 -0.9793 0.0604
vn -0.2146 -0.9749 0.0600
vn 0.1930 -0.9796 0.0565
vn -0.0272 -0.0505 0.9984
vn -0.0834 0.0178 -0.9964
vn -0.0979 -0.0023 -0.9952
vn -0.0959 -0.0959 -0.9908
vn -0.0918 -0.0966 -0.9911
vn -0.0902 -0.0975 -0.9911
vn -0.0901 -0.0974 -0.9912
vn -0.0919 -0.0933 -0.9914
vn -0.0062 -0.0189 -0.9998
vn -0.0007 -0.0004 -1.0000
vn -0.0133 -0.0043 -0.9999
vn 0.0004 0.0212 -0.9998
vn -0.0066 0.0191 -0.9998
vn -0.0026 -0.0012 -1.0000
vn -0.0998 -0.0004 -0.9950
vn 0.0455 -0.0271 -0.9986
vn 0.0477 -0.0292 -0.9984
vn 0.0974 -0.0020 -0.9952
vn 0.0083 -0.0043 -1.0000
vn 0.0442 -0.0164 -0.9989
vt 0.287530 0.545065
vt 0.281838 0.545081
vt 0.281798 0.537545
vt 0.287491 0.537514
vt 0.271949 0.545110
vt 0.271995 0.537604
vt 0.271905 0.530090
vt 0.281788 0.530007
vt 0.287478 0.529960
vt 0.281716 0.522468
vt 0.287402 0.522404
vt 0.271921 0.522584
vt 0.271796 0.515073
vt 0.281675 0.514925
vt 0.287361 0.514846
vt 0.281579 0.507380
vt 0.287261 0.507283
vt 0.271790 0.507559
vt 0.271642 0.500047
vt 0.281512 0.499825
vt 0.287194 0.499710
vt 0.281383 0.492266
vt 0.287062 0.492127
vt 0.271596 0.492520
vt 0.271413 0.485002
vt 0.281274 0.484695
vt 0.286952 0.484535
vt 0.281112 0.477115
vt 0.286783 0.476929
vt 0.271333 0.477475
vt 0.271113 0.469939
vt 0.280962 0.469521
vt 0.286632 0.469304
vt 0.280755 0.461911
vt 0.286415 0.461661
vt 0.270981 0.462407
vt 0.270703 0.454868
vt 0.280553 0.454283
vt 0.286224 0.453995
vt 0.280298 0.446627
vt 0.285967 0.446306
vt 0.270502 0.447327
vt 0.270147 0.439785
vt 0.280018 0.438934
vt 0.285718 0.438586
vt 0.279649 0.431150
vt 0.285380 0.430854
vt 0.269798 0.432242
vt 0.269201 0.424726
vt 0.279160 0.423222
vt 0.285071 0.423081
vt 0.285364 0.667194
vt 0.279456 0.667067
vt 0.279930 0.659136
vt 0.285657 0.659418
vt 0.269504 0.665591
vt 0.270081 0.658074
vt 0.270411 0.650529
vt 0.280284 0.651350
vt 0.285985 0.651683
vt 0.280549 0.643655
vt 0.286220 0.643959
vt 0.270749 0.642984
vt 0.270932 0.635440
vt 0.280784 0.635993
vt 0.286456 0.636265
vt 0.280970 0.628361
vt 0.286630 0.628593
vt 0.271193 0.627897
vt 0.271308 0.620360
vt 0.281160 0.620745
vt 0.286831 0.620943
vt 0.281293 0.613143
vt 0.286965 0.613311
vt 0.271512 0.612818
vt 0.271576 0.605285
vt 0.281440 0.605555
vt 0.287118 0.605696
vt 0.281531 0.597975
vt 0.287212 0.598093
vt 0.271742 0.597758
vt 0.271771 0.590223
vt 0.281642 0.590405
vt 0.287326 0.590499
vt 0.281692 0.582839
vt 0.287374 0.582913
vt 0.271901 0.582703
vt 0.271888 0.575178
vt 0.281767 0.575281
vt 0.287454 0.575336
vt 0.267973 0.507632
vt 0.267882 0.500130
vt 0.268040 0.515132
vt 0.176331 0.516750
vt 0.176304 0.509587
vt 0.176281 0.502428
vt 0.281788 0.567724
vt 0.287474 0.567762
vt 0.271992 0.567657
vt 0.271954 0.560140
vt 0.281837 0.560170
vt 0.287528 0.560188
vt 0.281824 0.552616
vt 0.287517 0.552616
vt 0.272020 0.552616
vt 0.307703 0.468719
vt 0.307528 0.461019
vt 0.311715 0.460939
vt 0.311963 0.468637
vt 0.307312 0.453294
vt 0.311552 0.453224
vt 0.315816 0.453165
vt 0.315955 0.460869
vt 0.316171 0.468566
vt 0.304128 0.560239
vt 0.299684 0.560229
vt 0.299673 0.552616
vt 0.304104 0.552616
vt 0.294900 0.560207
vt 0.294935 0.552616
vt 0.294884 0.545045
vt 0.299656 0.545035
vt 0.304151 0.545026
vt 0.304073 0.575478
vt 0.299576 0.575444
vt 0.299618 0.567837
vt 0.304112 0.567857
vt 0.294803 0.575403
vt 0.294892 0.567805
vt 0.303906 0.590737
vt 0.299467 0.590678
vt 0.299510 0.583054
vt 0.304002 0.583104
vt 0.294688 0.590617
vt 0.294787 0.583007
vt 0.303695 0.606039
vt 0.299208 0.605960
vt 0.299343 0.598314
vt 0.303767 0.598386
vt 0.294449 0.605864
vt 0.294615 0.598230
vt 0.303364 0.621394
vt 0.298936 0.621299
vt 0.299078 0.613620
vt 0.303495 0.613703
vt 0.294171 0.621169
vt 0.294356 0.613514
vt 0.303000 0.636828
vt 0.298524 0.636718
vt 0.298714 0.628996
vt 0.303189 0.629097
vt 0.293775 0.636565
vt 0.294012 0.628854
vt 0.302622 0.652452
vt 0.298186 0.652297
vt 0.298328 0.644480
vt 0.302796 0.644602
vt 0.293423 0.652065
vt 0.293616 0.644307
vt 0.302442 0.668643
vt 0.297735 0.668002
vt 0.298054 0.660146
vt 0.302529 0.660455
vt 0.292871 0.667304
vt 0.293189 0.659778
vt 0.302365 0.437777
vt 0.297935 0.437946
vt 0.297757 0.430093
vt 0.302237 0.429773
vt 0.293137 0.438181
vt 0.292924 0.430484
vt 0.292576 0.422951
vt 0.297432 0.422240
vt 0.302137 0.421587
vt 0.302770 0.453389
vt 0.298294 0.453509
vt 0.298084 0.445752
vt 0.302552 0.445620
vt 0.293543 0.453674
vt 0.293372 0.445938
vt 0.303164 0.468809
vt 0.298736 0.468913
vt 0.298499 0.461225
vt 0.302974 0.461114
vt 0.293972 0.469057
vt 0.293797 0.461378
vt 0.303527 0.484143
vt 0.299041 0.484233
vt 0.298894 0.476584
vt 0.303311 0.476490
vt 0.294282 0.484343
vt 0.294173 0.476703
vt 0.303773 0.499417
vt 0.299334 0.499489
vt 0.299193 0.491867
vt 0.303616 0.491783
vt 0.294555 0.499565
vt 0.294465 0.491965
vt 0.303979 0.514641
vt 0.299482 0.514691
vt 0.299396 0.507097
vt 0.303888 0.507034
vt 0.294710 0.514748
vt 0.294673 0.507161
vt 0.304079 0.529838
vt 0.299635 0.529864
vt 0.299545 0.522277
vt 0.304039 0.522242
vt 0.294850 0.529905
vt 0.294820 0.522328
vt 0.299648 0.537451
vt 0.304079 0.537437
vt 0.294910 0.537471
vt 0.168877 0.151438
vt 0.161972 0.151477
vt 0.161555 0.025468
vt 0.168379 0.025426
vt 0.155069 0.151509
vt 0.154733 0.025478
vt 0.154678 0.011807
vt 0.161484 0.011766
vt 0.168285 0.011757
vt 0.265985 0.432680
vt 0.265515 0.425249
vt 0.266363 0.440136
vt 0.175891 0.445417
vt 0.175808 0.438315
vt 0.175709 0.431222
vt 0.268180 0.537624
vt 0.268142 0.530129
vt 0.268190 0.545120
vt 0.176395 0.545440
vt 0.176382 0.538266
vt 0.176366 0.531090
vt 0.267933 0.597665
vt 0.268009 0.590158
vt 0.267823 0.605175
vt 0.176312 0.602649
vt 0.176332 0.595513
vt 0.176349 0.588370
vt 0.267172 0.462612
vt 0.266942 0.455110
vt 0.267355 0.470114
vt 0.176132 0.473862
vt 0.176079 0.466739
vt 0.176028 0.459624
vt 0.267383 0.627705
vt 0.267549 0.620198
vt 0.267170 0.635211
vt 0.176151 0.631127
vt 0.176194 0.624016
vt 0.176239 0.616900
vt 0.268205 0.552616
vt 0.268190 0.560121
vt 0.176390 0.559771
vt 0.176394 0.552616
vt 0.267787 0.492629
vt 0.267661 0.485126
vt 0.176254 0.495273
vt 0.176224 0.488128
vt 0.266269 0.657649
vt 0.266627 0.650191
vt 0.265823 0.665082
vt 0.175860 0.659522
vt 0.175953 0.652429
vt 0.176029 0.645329
vt 0.268084 0.582647
vt 0.268130 0.575138
vt 0.176361 0.581224
vt 0.176377 0.574076
vt 0.268102 0.522632
vt 0.176347 0.523918
vt 0.266686 0.447620
vt 0.175960 0.452519
vt 0.267705 0.612688
vt 0.176278 0.609776
vt 0.267527 0.477619
vt 0.176180 0.480992
vt 0.266931 0.642704
vt 0.176092 0.638229
vt 0.268173 0.567629
vt 0.176381 0.566925
vt 0.235983 0.010607
vt 0.229268 0.010995
vt 0.228672 0.002273
vt 0.235133 0.001953
vt 0.222515 0.011212
vt 0.222135 0.002619
vt 0.058405 0.151196
vt 0.051501 0.151116
vt 0.052367 0.025174
vt 0.059202 0.025233
vt 0.044598 0.151031
vt 0.045528 0.025085
vt 0.045877 0.011455
vt 0.052648 0.011516
vt 0.059425 0.011587
vt 0.182685 0.151336
vt 0.175781 0.151390
vt 0.175206 0.025400
vt 0.182031 0.025343
vt 0.175087 0.011707
vt 0.181885 0.011686
vt 0.072213 0.151336
vt 0.065308 0.151269
vt 0.066036 0.025302
vt 0.072863 0.025343
vt 0.066215 0.011622
vt 0.073007 0.011682
vt 0.196493 0.151195
vt 0.189590 0.151268
vt 0.188858 0.025304
vt 0.195691 0.025234
vt 0.188676 0.011627
vt 0.195465 0.011590
vt 0.086021 0.151438
vt 0.079117 0.151390
vt 0.079689 0.025397
vt 0.086516 0.025423
vt 0.079806 0.011703
vt 0.086609 0.011754
vt 0.210300 0.151030
vt 0.203397 0.151115
vt 0.202526 0.025174
vt 0.209366 0.025082
vt 0.202240 0.011518
vt 0.209011 0.011454
vt 0.099829 0.151509
vt 0.092925 0.151477
vt 0.093339 0.025465
vt 0.100162 0.025477
vt 0.093411 0.011763
vt 0.100217 0.011806
vt 0.224106 0.150851
vt 0.217202 0.150943
vt 0.216211 0.024998
vt 0.223064 0.024883
vt 0.215770 0.011352
vt 0.113637 0.151560
vt 0.106732 0.151538
vt 0.106983 0.025510
vt 0.113805 0.025513
vt 0.107025 0.011805
vt 0.113831 0.011837
vt 0.237917 0.150662
vt 0.231010 0.150757
vt 0.229926 0.024777
vt 0.236795 0.024655
vt 0.141259 0.151560
vt 0.134354 0.151574
vt 0.134268 0.025533
vt 0.141091 0.025514
vt 0.127448 0.151581
vt 0.127448 0.025524
vt 0.127448 0.011848
vt 0.134256 0.011825
vt 0.141066 0.011837
vt 0.120542 0.151574
vt 0.120628 0.025533
vt 0.120640 0.011826
vt 0.030792 0.150853
vt 0.023888 0.150759
vt 0.024968 0.024786
vt 0.031830 0.024890
vt 0.016982 0.150664
vt 0.018098 0.024667
vt 0.018901 0.010628
vt 0.025617 0.011008
vt 0.032370 0.011220
vt 0.148165 0.151538
vt 0.147912 0.025511
vt 0.147871 0.011805
vt 0.037696 0.150944
vt 0.038682 0.025002
vt 0.039116 0.011355
vt 0.134249 0.003139
vt 0.141050 0.003201
vt 0.127448 0.003211
vt 0.120648 0.003139
vt 0.113848 0.003202
vt 0.026202 0.002286
vt 0.032740 0.002626
vt 0.019740 0.001975
vt 0.147851 0.003119
vt 0.154651 0.003172
vt 0.039372 0.002668
vt 0.046056 0.002841
vt 0.161448 0.003080
vt 0.168244 0.003123
vt 0.052780 0.002832
vt 0.059530 0.002961
vt 0.175034 0.003021
vt 0.181818 0.003055
vt 0.066297 0.002937
vt 0.073074 0.003050
vt 0.188592 0.002942
vt 0.195357 0.002965
vt 0.079860 0.003017
vt 0.086652 0.003119
vt 0.202103 0.002834
vt 0.208825 0.002841
vt 0.093449 0.003077
vt 0.100247 0.003171
vt 0.215506 0.002665
vt 0.107047 0.003119
vt 0.838816 0.232786
vt 0.837350 0.241365
vt 0.830550 0.240081
vt 0.831972 0.231198
vt 0.836298 0.250195
vt 0.829358 0.249117
vt 0.821086 0.247687
vt 0.822410 0.238381
vt 0.823827 0.229140
vt 0.307541 0.636914
vt 0.307743 0.629182
vt 0.311929 0.629253
vt 0.311780 0.636975
vt 0.307902 0.621474
vt 0.312162 0.621548
vt 0.316370 0.621611
vt 0.316170 0.629316
vt 0.316044 0.637026
vt 0.308680 0.560244
vt 0.308718 0.552616
vt 0.312918 0.552616
vt 0.312950 0.560256
vt 0.308686 0.545018
vt 0.312942 0.545011
vt 0.317207 0.545003
vt 0.317104 0.552616
vt 0.317163 0.560260
vt 0.308321 0.499346
vt 0.308224 0.491708
vt 0.312421 0.491640
vt 0.312588 0.499290
vt 0.308055 0.484060
vt 0.312305 0.483988
vt 0.316567 0.483921
vt 0.316604 0.491586
vt 0.316798 0.499233
vt 0.307329 0.668726
vt 0.307123 0.660493
vt 0.311341 0.660308
vt 0.311787 0.668203
vt 0.307151 0.652512
vt 0.311392 0.652482
vt 0.315594 0.652415
vt 0.315559 0.660028
vt 0.316108 0.667524
vt 0.308454 0.590797
vt 0.308570 0.583150
vt 0.312765 0.583188
vt 0.312721 0.590843
vt 0.308634 0.575511
vt 0.312889 0.575540
vt 0.317164 0.575567
vt 0.317011 0.583227
vt 0.316932 0.590891
vt 0.308630 0.529817
vt 0.308609 0.522208
vt 0.312806 0.522177
vt 0.312899 0.529792
vt 0.308539 0.514595
vt 0.312795 0.514555
vt 0.317069 0.514517
vt 0.317052 0.522150
vt 0.317112 0.529775
vt 0.307096 0.445534
vt 0.311277 0.445490
vt 0.306891 0.437703
vt 0.311131 0.437723
vt 0.315333 0.437780
vt 0.315510 0.445462
vt 0.308099 0.613784
vt 0.312293 0.613850
vt 0.308222 0.606111
vt 0.312473 0.606175
vt 0.316736 0.606234
vt 0.316475 0.613920
vt 0.307915 0.476399
vt 0.312109 0.476324
vt 0.316291 0.476247
vt 0.307339 0.644678
vt 0.311521 0.644714
vt 0.315753 0.644733
vt 0.308682 0.567876
vt 0.312878 0.567896
vt 0.317125 0.567911
vt 0.308456 0.506975
vt 0.312651 0.506927
vt 0.316896 0.506878
vt 0.306835 0.429724
vt 0.311055 0.429899
vt 0.307024 0.421492
vt 0.311482 0.422004
vt 0.315805 0.422672
vt 0.315275 0.430168
vt 0.308693 0.537420
vt 0.312893 0.537408
vt 0.317078 0.537388
vt 0.308376 0.598450
vt 0.312572 0.598508
vt 0.316756 0.598554
vt 0.815948 0.343271
vt 0.816071 0.352912
vt 0.808419 0.353003
vt 0.808301 0.343271
vt 0.816131 0.362549
vt 0.808527 0.362753
vt 0.801918 0.362914
vt 0.801762 0.353100
vt 0.801677 0.343271
vt 0.833115 0.399778
vt 0.833608 0.409073
vt 0.826726 0.409685
vt 0.826103 0.400290
vt 0.834464 0.418267
vt 0.827481 0.419015
vt 0.819145 0.420009
vt 0.818450 0.410499
vt 0.817715 0.400967
vt 0.835193 0.259155
vt 0.828339 0.258271
vt 0.834464 0.268275
vt 0.827481 0.267527
vt 0.819145 0.266533
vt 0.820111 0.257089
vt 0.835193 0.427388
vt 0.828339 0.428271
vt 0.836298 0.436348
vt 0.829358 0.437425
vt 0.821086 0.438855
vt 0.820111 0.429453
vt 0.833608 0.277469
vt 0.826726 0.276857
vt 0.833115 0.286765
vt 0.826103 0.286252
vt 0.817715 0.285576
vt 0.818450 0.276044
vt 0.837350 0.445178
vt 0.830550 0.446461
vt 0.838816 0.453757
vt 0.831972 0.455344
vt 0.823827 0.457402
vt 0.822410 0.448162
vt 0.832470 0.296102
vt 0.825574 0.295695
vt 0.832179 0.305498
vt 0.825155 0.305174
vt 0.816750 0.304750
vt 0.817276 0.295164
vt 0.840375 0.462109
vt 0.833697 0.464039
vt 0.842469 0.470076
vt 0.835859 0.472506
vt 0.827929 0.475497
vt 0.825700 0.466502
vt 0.831710 0.314913
vt 0.824804 0.314677
vt 0.831597 0.324359
vt 0.824562 0.324201
vt 0.816131 0.323994
vt 0.816489 0.314362
vt 0.845012 0.477631
vt 0.838635 0.480646
vt 0.848427 0.484580
vt 0.842326 0.488358
vt 0.834628 0.492801
vt 0.830869 0.484269
vt 0.831406 0.343271
vt 0.831318 0.352732
vt 0.824405 0.352809
vt 0.824372 0.343271
vt 0.831597 0.362183
vt 0.824562 0.362341
vt 0.831318 0.333811
vt 0.824405 0.333733
vt 0.816071 0.333630
vt 0.848427 0.201962
vt 0.845012 0.208911
vt 0.838635 0.205896
vt 0.842326 0.198185
vt 0.842469 0.216466
vt 0.835859 0.214037
vt 0.827929 0.211046
vt 0.830869 0.202274
vt 0.834628 0.193742
vt 0.831710 0.371629
vt 0.824804 0.371865
vt 0.832179 0.381044
vt 0.825155 0.381368
vt 0.816750 0.381792
vt 0.816489 0.372180
vt 0.840375 0.224433
vt 0.833697 0.222503
vt 0.825700 0.220041
vt 0.832470 0.390441
vt 0.825574 0.390847
vt 0.817276 0.391378
vt 0.794735 0.443485
vt 0.796079 0.453603
vt 0.792732 0.454235
vt 0.791397 0.444028
vt 0.797682 0.463727
vt 0.794326 0.464454
vt 0.790258 0.465301
vt 0.788673 0.454967
vt 0.787343 0.444675
vt 0.808419 0.333539
vt 0.808527 0.323789
vt 0.801762 0.333442
vt 0.801918 0.323628
vt 0.823575 0.199193
vt 0.827172 0.190179
vt 0.820652 0.208449
vt 0.814269 0.206289
vt 0.817092 0.196745
vt 0.820506 0.187432
vt 0.808801 0.372472
vt 0.809124 0.382197
vt 0.802535 0.382554
vt 0.802173 0.372737
vt 0.818348 0.217819
vt 0.816450 0.227263
vt 0.810064 0.225675
vt 0.811943 0.215952
vt 0.809616 0.391909
vt 0.810157 0.401597
vt 0.803597 0.402175
vt 0.803011 0.392367
vt 0.814939 0.236790
vt 0.813635 0.246343
vt 0.807180 0.245198
vt 0.808487 0.235425
vt 0.810870 0.411285
vt 0.811602 0.420951
vt 0.805086 0.421778
vt 0.804292 0.411971
vt 0.812583 0.255966
vt 0.811602 0.265591
vt 0.805086 0.264765
vt 0.806065 0.254974
vt 0.812583 0.430576
vt 0.813635 0.440199
vt 0.807180 0.441344
vt 0.806065 0.431569
vt 0.810870 0.275255
vt 0.810157 0.284946
vt 0.803597 0.284368
vt 0.804292 0.274571
vt 0.814939 0.449752
vt 0.816450 0.459280
vt 0.810064 0.460867
vt 0.808487 0.451117
vt 0.809616 0.294633
vt 0.809124 0.304345
vt 0.802535 0.303988
vt 0.803011 0.294176
vt 0.818348 0.468724
vt 0.820652 0.478094
vt 0.814269 0.480253
vt 0.811943 0.470590
vt 0.808801 0.314070
vt 0.802173 0.313806
vt 0.823575 0.487349
vt 0.827172 0.496363
vt 0.820506 0.499110
vt 0.817092 0.489798
vt 0.769059 0.217572
vt 0.767589 0.228315
vt 0.762595 0.227684
vt 0.763993 0.216883
vt 0.766255 0.238965
vt 0.761232 0.238386
vt 0.756744 0.237907
vt 0.758115 0.227166
vt 0.759552 0.216323
vt 0.790947 0.283281
vt 0.790318 0.293293
vt 0.786899 0.293060
vt 0.787556 0.282992
vt 0.789827 0.303296
vt 0.786398 0.303112
vt 0.782251 0.302891
vt 0.782755 0.292775
vt 0.783439 0.282652
vt 0.799518 0.473875
vt 0.796145 0.474696
vt 0.801733 0.483990
vt 0.798326 0.484915
vt 0.794159 0.485990
vt 0.792040 0.475638
vt 0.789424 0.313294
vt 0.785987 0.313155
vt 0.789153 0.323288
vt 0.785728 0.323200
vt 0.781569 0.323088
vt 0.781822 0.312990
vt 0.804344 0.494055
vt 0.800845 0.495044
vt 0.807358 0.504094
vt 0.803694 0.505079
vt 0.799288 0.506312
vt 0.796543 0.496262
vt 0.788925 0.343271
vt 0.788984 0.353260
vt 0.785560 0.353308
vt 0.785474 0.343271
vt 0.789153 0.363254
vt 0.785728 0.363342
vt 0.781569 0.363454
vt 0.781370 0.353366
vt 0.781313 0.343271
vt 0.788984 0.333282
vt 0.785560 0.333234
vt 0.781370 0.333176
vt 0.807358 0.182448
vt 0.804344 0.192487
vt 0.800845 0.191498
vt 0.803694 0.181464
vt 0.801733 0.202552
vt 0.798326 0.201627
vt 0.794159 0.200552
vt 0.796543 0.190280
vt 0.799288 0.180230
vt 0.789424 0.373248
vt 0.785987 0.373387
vt 0.789827 0.383246
vt 0.786398 0.383431
vt 0.782251 0.383652
vt 0.781822 0.373552
vt 0.799518 0.212668
vt 0.796145 0.211846
vt 0.797682 0.222815
vt 0.794326 0.222088
vt 0.790258 0.221241
vt 0.792040 0.210904
vt 0.790318 0.393249
vt 0.786899 0.393483
vt 0.790947 0.403261
vt 0.787556 0.403550
vt 0.783439 0.403890
vt 0.782755 0.393768
vt 0.796079 0.232939
vt 0.792732 0.232307
vt 0.794735 0.243057
vt 0.791397 0.242514
vt 0.787343 0.241867
vt 0.788673 0.231575
vt 0.791687 0.413289
vt 0.788313 0.413630
vt 0.792554 0.423331
vt 0.789166 0.423737
vt 0.785089 0.424219
vt 0.784184 0.414039
vt 0.793565 0.253149
vt 0.790221 0.252676
vt 0.792554 0.263211
vt 0.789166 0.262805
vt 0.785089 0.262324
vt 0.786126 0.252111
vt 0.793565 0.433393
vt 0.790221 0.433867
vt 0.786126 0.434431
vt 0.791687 0.273253
vt 0.788313 0.272912
vt 0.784184 0.272503
vt 0.745305 0.343271
vt 0.745349 0.353808
vt 0.741429 0.353856
vt 0.741355 0.343271
vt 0.745576 0.364351
vt 0.741664 0.364443
vt 0.737012 0.364554
vt 0.736739 0.353918
vt 0.736739 0.343271
vt 0.762060 0.405557
vt 0.762875 0.416000
vt 0.757831 0.416420
vt 0.756976 0.405922
vt 0.763904 0.426470
vt 0.758855 0.426945
vt 0.754346 0.427351
vt 0.753347 0.416782
vt 0.752438 0.406241
vt 0.764975 0.249546
vt 0.759965 0.249023
vt 0.763904 0.260073
vt 0.758855 0.259597
vt 0.754346 0.259191
vt 0.755510 0.248584
vt 0.764975 0.436996
vt 0.759965 0.437519
vt 0.766255 0.447577
vt 0.761232 0.448156
vt 0.756744 0.448635
vt 0.755510 0.437958
vt 0.762875 0.270542
vt 0.757831 0.270122
vt 0.762060 0.280985
vt 0.756976 0.280620
vt 0.752438 0.280301
vt 0.753347 0.269761
vt 0.767589 0.458227
vt 0.762595 0.458858
vt 0.769059 0.468970
vt 0.763993 0.469660
vt 0.759552 0.470219
vt 0.758115 0.459377
vt 0.761317 0.291389
vt 0.756249 0.291083
vt 0.760733 0.301787
vt 0.755609 0.301538
vt 0.751113 0.301324
vt 0.751706 0.290819
vt 0.770620 0.479788
vt 0.765537 0.480567
vt 0.772302 0.490687
vt 0.767067 0.491551
vt 0.762405 0.492229
vt 0.760981 0.481171
vt 0.760276 0.312173
vt 0.755184 0.311987
vt 0.759976 0.322540
vt 0.754844 0.322413
vt 0.750268 0.322303
vt 0.750621 0.311818
vt 0.774059 0.501568
vt 0.768657 0.502618
vt 0.776075 0.512312
vt 0.770505 0.513658
vt 0.765484 0.514835
vt 0.763873 0.503457
vt 0.759724 0.343271
vt 0.759745 0.353635
vt 0.754631 0.353697
vt 0.754585 0.343271
vt 0.759976 0.364002
vt 0.754844 0.364129
vt 0.750268 0.364239
vt 0.750088 0.353750
vt 0.750003 0.343271
vt 0.759745 0.332908
vt 0.754631 0.332845
vt 0.750088 0.332792
vt 0.776075 0.174231
vt 0.774059 0.184974
vt 0.768657 0.183924
vt 0.770505 0.172885
vt 0.772302 0.195855
vt 0.767067 0.194991
vt 0.762405 0.194313
vt 0.763873 0.183085
vt 0.765484 0.171707
vt 0.760276 0.374370
vt 0.755184 0.374555
vt 0.760733 0.384755
vt 0.755609 0.385005
vt 0.751113 0.385218
vt 0.750621 0.374724
vt 0.770620 0.206754
vt 0.765537 0.205975
vt 0.760981 0.205371
vt 0.761317 0.395154
vt 0.756249 0.395459
vt 0.751706 0.395724
vt 0.743727 0.449872
vt 0.745019 0.460652
vt 0.739603 0.461096
vt 0.738332 0.450319
vt 0.746417 0.471530
vt 0.741087 0.471936
vt 0.736023 0.472257
vt 0.734597 0.461473
vt 0.733297 0.450723
vt 0.745576 0.322191
vt 0.745349 0.332734
vt 0.741429 0.332686
vt 0.741664 0.322099
vt 0.736739 0.332625
vt 0.737012 0.321988
vt 0.760204 0.170935
vt 0.758900 0.182400
vt 0.754743 0.181989
vt 0.755755 0.170624
vt 0.757630 0.193700
vt 0.753642 0.193268
vt 0.748906 0.192829
vt 0.749771 0.181565
vt 0.750533 0.170266
vt 0.745914 0.374896
vt 0.741978 0.375034
vt 0.746406 0.385440
vt 0.742459 0.385624
vt 0.737843 0.385839
vt 0.737309 0.375187
vt 0.756283 0.204818
vt 0.752354 0.204407
vt 0.754895 0.215806
vt 0.750991 0.215409
vt 0.746417 0.215013
vt 0.747702 0.203997
vt 0.747017 0.395993
vt 0.743097 0.396219
vt 0.747785 0.406560
vt 0.743902 0.406823
vt 0.739285 0.407127
vt 0.738446 0.396495
vt 0.753488 0.226670
vt 0.749615 0.226292
vt 0.752140 0.237444
vt 0.748296 0.237080
vt 0.743727 0.236671
vt 0.745019 0.225891
vt 0.748663 0.417147
vt 0.744785 0.417444
vt 0.749719 0.427753
vt 0.745827 0.428079
vt 0.741272 0.428452
vt 0.740144 0.417785
vt 0.750852 0.248145
vt 0.746996 0.247794
vt 0.749719 0.258789
vt 0.745827 0.258463
vt 0.741272 0.258091
vt 0.742378 0.247389
vt 0.750852 0.438398
vt 0.746996 0.438748
vt 0.752140 0.449098
vt 0.748296 0.449462
vt 0.742378 0.439153
vt 0.748663 0.269395
vt 0.744785 0.269099
vt 0.747785 0.279982
vt 0.743902 0.279719
vt 0.739285 0.279415
vt 0.740144 0.268757
vt 0.753488 0.459873
vt 0.749615 0.460250
vt 0.754895 0.470737
vt 0.750991 0.471133
vt 0.747017 0.290550
vt 0.743097 0.290323
vt 0.746406 0.301102
vt 0.742459 0.300918
vt 0.737843 0.300704
vt 0.738446 0.290047
vt 0.756283 0.481725
vt 0.752354 0.482135
vt 0.757630 0.492843
vt 0.753642 0.493274
vt 0.748906 0.493713
vt 0.747702 0.482545
vt 0.745914 0.311646
vt 0.741978 0.311509
vt 0.737309 0.311355
vt 0.758900 0.504142
vt 0.754743 0.504553
vt 0.760204 0.515607
vt 0.755755 0.515918
vt 0.750533 0.516276
vt 0.749771 0.504978
vt 0.712975 0.213066
vt 0.711871 0.223440
vt 0.707225 0.222980
vt 0.708281 0.212667
vt 0.710311 0.233959
vt 0.705687 0.233463
vt 0.392467 0.129762
vt 0.386315 0.137011
vt 0.381743 0.133247
vt 0.388202 0.125688
vt 0.399222 0.123230
vt 0.395276 0.118824
vt 0.732968 0.289747
vt 0.733850 0.279056
vt 0.732447 0.300456
vt 0.727355 0.300221
vt 0.727903 0.289464
vt 0.728785 0.278726
vt 0.742234 0.482907
vt 0.743346 0.494043
vt 0.738192 0.494203
vt 0.737202 0.483156
vt 0.731814 0.311154
vt 0.731544 0.321861
vt 0.726453 0.321738
vt 0.726734 0.310974
vt 0.743988 0.505399
vt 0.744369 0.516931
vt 0.738560 0.517360
vt 0.738683 0.505594
vt 0.731260 0.353979
vt 0.731266 0.343271
vt 0.731544 0.364682
vt 0.726453 0.364804
vt 0.726160 0.354037
vt 0.726173 0.343271
vt 0.731260 0.332564
vt 0.726160 0.332505
vt 0.743988 0.181144
vt 0.744369 0.169612
vt 0.743346 0.192500
vt 0.738192 0.192340
vt 0.738683 0.180948
vt 0.738560 0.169182
vt 0.731814 0.375388
vt 0.732447 0.386086
vt 0.727355 0.386321
vt 0.726734 0.375568
vt 0.742234 0.203636
vt 0.741087 0.214606
vt 0.736023 0.214285
vt 0.737202 0.203387
vt 0.732968 0.396795
vt 0.733850 0.407486
vt 0.728785 0.407816
vt 0.727903 0.397078
vt 0.739603 0.225446
vt 0.738332 0.236224
vt 0.733297 0.235819
vt 0.734597 0.225069
vt 0.734718 0.418187
vt 0.735861 0.428881
vt 0.730815 0.429276
vt 0.729662 0.418557
vt 0.736979 0.246946
vt 0.735861 0.257661
vt 0.730815 0.257266
vt 0.731946 0.246541
vt 0.736979 0.439597
vt 0.731946 0.440002
vt 0.734718 0.268356
vt 0.729662 0.267985
vt 0.328195 0.202991
vt 0.327114 0.214521
vt 0.318654 0.213944
vt 0.319838 0.201834
vt 0.326597 0.226098
vt 0.318182 0.226098
vt 0.311950 0.226098
vt 0.312354 0.213509
vt 0.313670 0.200974
vt 0.705722 0.409379
vt 0.706934 0.420271
vt 0.702225 0.420678
vt 0.701087 0.409716
vt 0.707796 0.431145
vt 0.703100 0.431592
vt 0.370394 0.291208
vt 0.375259 0.299531
vt 0.370202 0.302624
vt 0.365161 0.293935
vt 0.366365 0.282432
vt 0.360933 0.284808
vt 0.709244 0.244643
vt 0.704543 0.244167
vt 0.707796 0.255397
vt 0.703100 0.254950
vt 0.380418 0.144548
vt 0.375259 0.152666
vt 0.370202 0.149572
vt 0.375611 0.141128
vt 0.709244 0.441899
vt 0.704543 0.442376
vt 0.710311 0.452583
vt 0.705687 0.453079
vt 0.380418 0.307648
vt 0.386315 0.315185
vt 0.381743 0.318949
vt 0.375611 0.311069
vt 0.706934 0.266271
vt 0.702225 0.265865
vt 0.705722 0.277164
vt 0.701087 0.276826
vt 0.370394 0.160989
vt 0.366365 0.169764
vt 0.360933 0.167388
vt 0.365161 0.158262
vt 0.711871 0.463102
vt 0.707225 0.463562
vt 0.712975 0.473476
vt 0.708281 0.473875
vt 0.392467 0.322434
vt 0.399222 0.328966
vt 0.395276 0.333373
vt 0.388202 0.326509
vt 0.705138 0.288144
vt 0.700489 0.287842
vt 0.704235 0.299121
vt 0.699528 0.298878
vt 0.362662 0.178685
vt 0.359862 0.187938
vt 0.354155 0.186327
vt 0.357104 0.176699
vt 0.714284 0.483614
vt 0.709599 0.483869
vt 0.714892 0.493506
vt 0.710189 0.493463
vt 0.406192 0.335054
vt 0.413566 0.340226
vt 0.410517 0.345284
vt 0.402645 0.339773
vt 0.703929 0.310144
vt 0.699273 0.309967
vt 0.703301 0.321176
vt 0.698657 0.321040
vt 0.357406 0.197288
vt 0.355896 0.206834
vt 0.350022 0.206021
vt 0.351628 0.196076
vt 0.715043 0.503038
vt 0.710307 0.502553
vt 0.713707 0.512083
vt 0.709087 0.511059
vt 0.421159 0.344555
vt 0.429069 0.347668
vt 0.427288 0.353306
vt 0.418694 0.349957
vt 0.703000 0.343271
vt 0.703323 0.354322
vt 0.698595 0.354382
vt 0.698281 0.343271
vt 0.703301 0.365367
vt 0.698657 0.365502
vt 0.354748 0.235764
vt 0.355896 0.245363
vt 0.350022 0.246175
vt 0.348859 0.236171
vt 0.354564 0.226098
vt 0.348633 0.226098
vt 0.703323 0.332221
vt 0.698595 0.332160
vt 0.354748 0.216432
vt 0.348859 0.216025
vt 0.713707 0.174459
vt 0.715043 0.183505
vt 0.710307 0.183989
vt 0.709087 0.175483
vt 0.714892 0.193036
vt 0.710189 0.193079
vt 0.421159 0.107642
vt 0.413566 0.111970
vt 0.410517 0.106912
vt 0.418694 0.102239
vt 0.429069 0.104528
vt 0.427288 0.098891
vt 0.703929 0.376399
vt 0.699273 0.376575
vt 0.704235 0.387421
vt 0.699528 0.387664
vt 0.357406 0.254908
vt 0.359862 0.264259
vt 0.354155 0.265870
vt 0.351628 0.256121
vt 0.714284 0.202928
vt 0.709599 0.202674
vt 0.406192 0.117143
vt 0.402645 0.112424
vt 0.705138 0.398398
vt 0.700489 0.398700
vt 0.362662 0.273511
vt 0.357104 0.275498
vt 0.319328 0.149073
vt 0.314394 0.161332
vt 0.308111 0.159067
vt 0.313201 0.146372
vt 0.310362 0.173916
vt 0.303927 0.172088
vt 0.297798 0.170346
vt 0.302132 0.156911
vt 0.307369 0.143800
vt 0.420870 0.077067
vt 0.409893 0.082029
vt 0.405937 0.074458
vt 0.417462 0.068736
vt 0.399565 0.087979
vt 0.395106 0.080876
vt 0.391704 0.075686
vt 0.402816 0.068889
vt 0.414384 0.062852
vt 0.328195 0.249206
vt 0.330285 0.260595
vt 0.321986 0.262342
vt 0.319838 0.250363
vt 0.332972 0.271865
vt 0.324878 0.274161
vt 0.318838 0.275874
vt 0.315829 0.263643
vt 0.313670 0.251222
vt 0.389999 0.094849
vt 0.384984 0.088133
vt 0.381008 0.102315
vt 0.375519 0.096062
vt 0.371386 0.091419
vt 0.381201 0.083191
vt 0.336590 0.282871
vt 0.328616 0.285739
vt 0.340779 0.293666
vt 0.333073 0.297068
vt 0.327383 0.299575
vt 0.322698 0.287865
vt 0.372732 0.110506
vt 0.366723 0.104634
vt 0.364972 0.119133
vt 0.358560 0.113745
vt 0.353825 0.109774
vt 0.362255 0.100291
vt 0.345895 0.304055
vt 0.338416 0.308006
vt 0.351515 0.314194
vt 0.344389 0.318612
vt 0.339116 0.321885
vt 0.332844 0.310942
vt 0.358007 0.128403
vt 0.351172 0.123462
vt 0.351515 0.138003
vt 0.344389 0.133584
vt 0.339116 0.130312
vt 0.346083 0.119784
vt 0.358007 0.323794
vt 0.351172 0.328734
vt 0.364972 0.333063
vt 0.358560 0.338451
vt 0.353825 0.342422
vt 0.346083 0.332413
vt 0.345895 0.148142
vt 0.338416 0.144190
vt 0.340779 0.158530
vt 0.333073 0.155129
vt 0.327383 0.152622
vt 0.332844 0.141254
vt 0.372732 0.341690
vt 0.366723 0.347563
vt 0.381008 0.349882
vt 0.375519 0.356134
vt 0.371386 0.360778
vt 0.362255 0.351905
vt 0.336590 0.169325
vt 0.328616 0.166457
vt 0.332972 0.180331
vt 0.324878 0.178036
vt 0.318838 0.176322
vt 0.322698 0.164331
vt 0.389999 0.357347
vt 0.384984 0.364063
vt 0.399565 0.364217
vt 0.395106 0.371320
vt 0.391704 0.376510
vt 0.381201 0.369005
vt 0.330285 0.191601
vt 0.321986 0.189855
vt 0.315829 0.188553
vt 0.409893 0.370167
vt 0.405937 0.377738
vt 0.420870 0.375129
vt 0.417462 0.383461
vt 0.414384 0.389345
vt 0.402816 0.383308
vt 0.327114 0.237676
vt 0.318654 0.238252
vt 0.312354 0.238688
vt 0.292955 0.314757
vt 0.299571 0.328452
vt 0.297038 0.329788
vt 0.290349 0.315905
vt 0.307175 0.341635
vt 0.304742 0.343137
vt 0.301926 0.344876
vt 0.294097 0.331335
vt 0.287330 0.317238
vt 0.365538 0.367256
vt 0.375801 0.375901
vt 0.371655 0.381088
vt 0.361055 0.372153
vt 0.386758 0.383803
vt 0.382913 0.389303
vt 0.379196 0.394503
vt 0.367669 0.386005
vt 0.356756 0.376809
vt 0.307181 0.186739
vt 0.300640 0.185362
vt 0.304937 0.199756
vt 0.298295 0.198831
vt 0.291971 0.197950
vt 0.294416 0.184051
vt 0.398229 0.391059
vt 0.394738 0.396882
vt 0.410110 0.397559
vt 0.407049 0.403847
vt 0.404020 0.409788
vt 0.391345 0.402340
vt 0.303113 0.226098
vt 0.303531 0.239303
vt 0.296868 0.239764
vt 0.296410 0.226098
vt 0.304937 0.252440
vt 0.298295 0.253365
vt 0.291971 0.254246
vt 0.290527 0.240204
vt 0.290031 0.226098
vt 0.303531 0.212894
vt 0.296868 0.212433
vt 0.290527 0.211992
vt 0.410110 0.054637
vt 0.398229 0.061137
vt 0.394738 0.055314
vt 0.407049 0.048350
vt 0.386758 0.068393
vt 0.382913 0.062893
vt 0.379196 0.057693
vt 0.391345 0.049857
vt 0.404020 0.042408
vt 0.307181 0.265458
vt 0.300640 0.266835
vt 0.310362 0.278281
vt 0.303927 0.280109
vt 0.297798 0.281851
vt 0.294416 0.268146
vt 0.375801 0.076295
vt 0.371655 0.071108
vt 0.365538 0.084940
vt 0.361055 0.080043
vt 0.356756 0.075388
vt 0.367669 0.066191
vt 0.314394 0.290864
vt 0.308111 0.293130
vt 0.319328 0.303123
vt 0.313201 0.305824
vt 0.307369 0.308396
vt 0.302132 0.295285
vt 0.355941 0.094225
vt 0.351141 0.089648
vt 0.347105 0.104166
vt 0.341978 0.099909
vt 0.337085 0.095862
vt 0.346557 0.085300
vt 0.325040 0.315049
vt 0.319147 0.318152
vt 0.331635 0.326519
vt 0.325958 0.330032
vt 0.320551 0.333376
vt 0.313536 0.321105
vt 0.338954 0.114636
vt 0.333561 0.110758
vt 0.331635 0.125677
vt 0.325958 0.122164
vt 0.320551 0.118821
vt 0.328421 0.107068
vt 0.338954 0.337560
vt 0.333561 0.341438
vt 0.347105 0.348031
vt 0.341978 0.352287
vt 0.337085 0.356335
vt 0.328421 0.345128
vt 0.325040 0.137147
vt 0.319147 0.134044
vt 0.313535 0.131092
vt 0.355941 0.357971
vt 0.351141 0.362548
vt 0.346557 0.366897
vt 0.381840 0.003309
vt 0.367094 0.012064
vt 0.366191 0.010742
vt 0.380994 0.001953
vt 0.352899 0.021476
vt 0.351671 0.020341
vt 0.084610 0.664681
vt 0.103730 0.664681
vt 0.106554 0.668835
vt 0.084948 0.666562
vt 0.065719 0.668701
vt 0.066275 0.670304
vt 0.324962 0.085873
vt 0.315614 0.097891
vt 0.313287 0.096227
vt 0.322770 0.084066
vt 0.307175 0.110561
vt 0.304742 0.109059
vt 0.301926 0.107320
vt 0.310588 0.094294
vt 0.320225 0.081972
vt 0.315614 0.354306
vt 0.313287 0.355969
vt 0.324962 0.366323
vt 0.322770 0.368131
vt 0.320225 0.370224
vt 0.310588 0.357902
vt 0.299571 0.123744
vt 0.297038 0.122409
vt 0.292955 0.137439
vt 0.290349 0.136292
vt 0.287330 0.134959
vt 0.294097 0.120861
vt 0.335117 0.377687
vt 0.333027 0.379648
vt 0.346016 0.388340
vt 0.344085 0.390404
vt 0.341826 0.392819
vt 0.330614 0.381916
vt 0.287285 0.151558
vt 0.284585 0.150580
vt 0.282585 0.166019
vt 0.279862 0.165244
vt 0.276678 0.164337
vt 0.281463 0.149451
vt 0.357639 0.398189
vt 0.355809 0.400407
vt 0.369835 0.407285
vt 0.368134 0.409601
vt 0.366176 0.412293
vt 0.353695 0.402972
vt 0.278966 0.180788
vt 0.276155 0.180198
vt 0.276347 0.195775
vt 0.273525 0.195379
vt 0.270253 0.194922
vt 0.272907 0.179513
vt 0.382405 0.415602
vt 0.380797 0.418043
vt 0.394968 0.423240
vt 0.393407 0.425600
vt 0.391931 0.428515
vt 0.378975 0.420893
vt 0.274264 0.226098
vt 0.274752 0.241300
vt 0.271890 0.241497
vt 0.271397 0.226098
vt 0.276347 0.256421
vt 0.273525 0.256817
vt 0.270253 0.257274
vt 0.268570 0.241728
vt 0.268079 0.226098
vt 0.274752 0.210896
vt 0.271890 0.210699
vt 0.268570 0.210468
vt 0.394968 0.028956
vt 0.382405 0.036594
vt 0.380797 0.034153
vt 0.393407 0.026596
vt 0.369835 0.044912
vt 0.368134 0.042595
vt 0.366176 0.039903
vt 0.378975 0.031303
vt 0.391931 0.023681
vt 0.278966 0.271408
vt 0.276155 0.271999
vt 0.282585 0.286177
vt 0.279862 0.286952
vt 0.276678 0.287859
vt 0.272907 0.272684
vt 0.357639 0.054008
vt 0.355809 0.051789
vt 0.346016 0.063856
vt 0.344085 0.061793
vt 0.341826 0.059378
vt 0.353695 0.049225
vt 0.287285 0.300639
vt 0.284585 0.301617
vt 0.281463 0.302745
vt 0.335117 0.074509
vt 0.333027 0.072549
vt 0.330614 0.070281
vt 0.247804 0.260415
vt 0.250839 0.277347
vt 0.249359 0.278184
vt 0.246230 0.260975
vt 0.254886 0.294069
vt 0.253369 0.294518
vt 0.069778 0.843864
vt 0.053147 0.838280
vt 0.053713 0.836802
vt 0.066093 0.839920
vt 0.088012 0.846610
vt 0.085187 0.842456
vt 0.339388 0.031782
vt 0.337968 0.030844
vt 0.326385 0.042807
vt 0.325300 0.041656
vt 0.121964 0.667427
vt 0.138594 0.673011
vt 0.138028 0.674489
vt 0.125648 0.671372
vt 0.260253 0.310420
vt 0.258557 0.310502
vt 0.266607 0.326401
vt 0.264874 0.326674
vt 0.038213 0.829387
vt 0.024944 0.817377
vt 0.030552 0.816661
vt 0.043238 0.829285
vt 0.314209 0.054826
vt 0.313375 0.053350
vt 0.302745 0.067575
vt 0.301728 0.066148
vt 0.153528 0.681904
vt 0.166797 0.693914
vt 0.161189 0.694631
vt 0.148503 0.682007
vt 0.274167 0.341841
vt 0.272508 0.342451
vt 0.282673 0.356773
vt 0.281162 0.357708
vt 0.014281 0.802869
vt 0.006735 0.786557
vt 0.012325 0.784619
vt 0.019952 0.801466
vt 0.292278 0.081181
vt 0.290991 0.079970
vt 0.282673 0.095424
vt 0.281162 0.094488
vt 0.177461 0.708422
vt 0.185006 0.724734
vt 0.179416 0.726672
vt 0.171789 0.709825
vt 0.292278 0.371015
vt 0.290991 0.372227
vt 0.302745 0.384622
vt 0.301728 0.386048
vt 0.002562 0.769077
vt 0.001953 0.751081
vt 0.006801 0.748172
vt 0.007884 0.766667
vt 0.274167 0.110355
vt 0.272508 0.109745
vt 0.266607 0.125795
vt 0.264874 0.125523
vt 0.189180 0.742214
vt 0.189788 0.760210
vt 0.184941 0.763119
vt 0.183858 0.744624
vt 0.314209 0.397370
vt 0.313375 0.398846
vt 0.326385 0.409389
vt 0.325300 0.410540
vt 0.004937 0.733435
vt 0.011159 0.717205
vt 0.012518 0.718015
vt 0.008947 0.730404
vt 0.260253 0.141776
vt 0.258557 0.141694
vt 0.254886 0.158127
vt 0.253369 0.157678
vt 0.186804 0.777856
vt 0.180582 0.794086
vt 0.179223 0.793276
vt 0.182795 0.780887
vt 0.339388 0.420414
vt 0.337968 0.421353
vt 0.352899 0.430721
vt 0.351671 0.431855
vt 0.020761 0.702524
vt 0.033380 0.689078
vt 0.033734 0.694089
vt 0.020310 0.707902
vt 0.250839 0.174849
vt 0.249359 0.174012
vt 0.247804 0.191781
vt 0.246230 0.191221
vt 0.170980 0.808767
vt 0.158361 0.822213
vt 0.158008 0.817202
vt 0.171431 0.803389
vt 0.367094 0.440132
vt 0.366191 0.441455
vt 0.381840 0.448887
vt 0.380994 0.450243
vt 0.048395 0.677240
vt 0.049294 0.678927
vt 0.245421 0.226098
vt 0.246072 0.243295
vt 0.244479 0.243453
vt 0.243825 0.226098
vt 0.107132 0.846610
vt 0.106794 0.844729
vt 0.126023 0.842590
vt 0.125467 0.840987
vt 0.246072 0.208902
vt 0.244479 0.208743
vt 0.143347 0.834051
vt 0.142447 0.832364
vt 0.359160 0.354886
vt 0.350520 0.345185
vt 0.368510 0.363978
vt 0.329005 0.139233
vt 0.335424 0.128025
vt 0.323418 0.150877
vt 0.342578 0.334946
vt 0.335424 0.324172
vt 0.342578 0.117250
vt 0.350520 0.107011
vt 0.329005 0.312963
vt 0.323418 0.301320
vt 0.359160 0.097310
vt 0.368510 0.088218
vt 0.318622 0.289339
vt 0.314657 0.277061
vt 0.378561 0.079801
vt 0.389288 0.072088
vt 0.311583 0.264533
vt 0.309372 0.251823
vt 0.400562 0.065074
vt 0.412228 0.058815
vt 0.308013 0.213206
vt 0.309372 0.200374
vt 0.307589 0.226098
vt 0.308013 0.238990
vt 0.400562 0.387123
vt 0.389288 0.380109
vt 0.412228 0.393382
vt 0.311583 0.187663
vt 0.314657 0.175136
vt 0.378561 0.372395
vt 0.318622 0.162858
vt 0.338323 0.236897
vt 0.337939 0.226098
vt 0.339431 0.247645
vt 0.414546 0.359791
vt 0.405259 0.354515
vt 0.424471 0.363813
vt 0.341289 0.193909
vt 0.343870 0.183420
vt 0.339431 0.204551
vt 0.396521 0.348321
vt 0.388337 0.341399
vt 0.347164 0.173130
vt 0.351148 0.163095
vt 0.380686 0.333868
vt 0.373586 0.325795
vt 0.355819 0.153360
vt 0.361121 0.143964
vt 0.367064 0.317228
vt 0.361121 0.308233
vt 0.367064 0.134969
vt 0.373586 0.126401
vt 0.355819 0.298836
vt 0.351148 0.289102
vt 0.380686 0.118329
vt 0.388337 0.110798
vt 0.347164 0.279066
vt 0.343870 0.268776
vt 0.396521 0.103875
vt 0.405259 0.097681
vt 0.341289 0.258287
vt 0.414546 0.092405
vt 0.424471 0.088383
vt 0.338323 0.215300
vt 0.769209 0.384331
vt 0.769780 0.394617
vt 0.765945 0.394861
vt 0.765334 0.384525
vt 0.770489 0.404928
vt 0.766641 0.405223
vt 0.780965 0.197534
vt 0.779099 0.208218
vt 0.775260 0.207531
vt 0.777020 0.196726
vt 0.777426 0.218884
vt 0.773603 0.218253
vt 0.768488 0.363787
vt 0.768781 0.374056
vt 0.764927 0.374202
vt 0.764602 0.363881
vt 0.785389 0.176016
vt 0.783032 0.186806
vt 0.778979 0.185973
vt 0.781132 0.175224
vt 0.768488 0.322755
vt 0.768291 0.333015
vt 0.764426 0.332966
vt 0.764602 0.322661
vt 0.768241 0.343271
vt 0.764346 0.343271
vt 0.768291 0.353527
vt 0.764426 0.353576
vt 0.780965 0.489008
vt 0.783032 0.499736
vt 0.778979 0.500569
vt 0.777020 0.489816
vt 0.785389 0.510527
vt 0.781132 0.511319
vt 0.769209 0.302211
vt 0.768781 0.312486
vt 0.764927 0.312340
vt 0.765334 0.302017
vt 0.777426 0.467658
vt 0.779099 0.478324
vt 0.775260 0.479011
vt 0.773603 0.468289
vt 0.770489 0.281615
vt 0.769780 0.291925
vt 0.765945 0.291681
vt 0.766641 0.281319
vt 0.774575 0.446514
vt 0.775921 0.457058
vt 0.772148 0.457607
vt 0.770776 0.447009
vt 0.772264 0.260914
vt 0.771298 0.271281
vt 0.767489 0.270939
vt 0.768441 0.260522
vt 0.772264 0.425629
vt 0.773338 0.436045
vt 0.769556 0.436485
vt 0.768441 0.426021
vt 0.774575 0.240029
vt 0.773338 0.250498
vt 0.769556 0.250057
vt 0.770776 0.239533
vt 0.771298 0.415261
vt 0.767489 0.415603
vt 0.775921 0.229484
vt 0.772148 0.228935
vt 0.784252 0.230809
vt 0.785804 0.220376
vt 0.782900 0.241196
vt 0.778977 0.240631
vt 0.780358 0.230171
vt 0.781866 0.219655
vt 0.779692 0.414479
vt 0.778928 0.404261
vt 0.780661 0.424722
vt 0.776708 0.425157
vt 0.775763 0.414852
vt 0.774949 0.404579
vt 0.781669 0.251526
vt 0.780661 0.261820
vt 0.776708 0.261385
vt 0.777769 0.251037
vt 0.781669 0.435016
vt 0.782900 0.445346
vt 0.778977 0.445911
vt 0.777769 0.435506
vt 0.779692 0.272063
vt 0.778928 0.282281
vt 0.774949 0.281963
vt 0.775763 0.271690
vt 0.784252 0.455733
vt 0.785804 0.466166
vt 0.781866 0.466888
vt 0.780358 0.456372
vt 0.778251 0.292474
vt 0.777715 0.302650
vt 0.773714 0.302442
vt 0.774291 0.292215
vt 0.787557 0.476632
vt 0.789575 0.487102
vt 0.785521 0.488027
vt 0.783605 0.477454
vt 0.777295 0.312813
vt 0.777012 0.322970
vt 0.772993 0.322868
vt 0.773314 0.312660
vt 0.791845 0.497548
vt 0.794539 0.507905
vt 0.790293 0.509292
vt 0.787723 0.498640
vt 0.776809 0.353422
vt 0.776799 0.343271
vt 0.777012 0.363572
vt 0.772993 0.363675
vt 0.772821 0.353469
vt 0.772769 0.343271
vt 0.776809 0.333121
vt 0.772821 0.333073
vt 0.791845 0.188994
vt 0.794539 0.178638
vt 0.789575 0.199440
vt 0.785521 0.198515
vt 0.787723 0.187903
vt 0.790293 0.177251
vt 0.777295 0.373729
vt 0.777715 0.383892
vt 0.773714 0.384101
vt 0.773314 0.373882
vt 0.787557 0.209910
vt 0.783605 0.209089
vt 0.778251 0.394068
vt 0.774291 0.394327
vt 0.799157 0.274028
vt 0.800014 0.264129
vt 0.798442 0.283922
vt 0.794896 0.283620
vt 0.795626 0.273657
vt 0.796475 0.263690
vt 0.800972 0.432325
vt 0.800014 0.422413
vt 0.802113 0.442236
vt 0.798622 0.442838
vt 0.797470 0.432832
vt 0.796475 0.422853
vt 0.800972 0.254217
vt 0.802113 0.244306
vt 0.797470 0.253710
vt 0.798622 0.243704
vt 0.799157 0.412514
vt 0.798442 0.402621
vt 0.795626 0.412885
vt 0.794896 0.402923
vt 0.803457 0.234389
vt 0.805033 0.224474
vt 0.799964 0.233694
vt 0.801543 0.223673
vt 0.797864 0.392726
vt 0.797360 0.382837
vt 0.794290 0.392976
vt 0.793779 0.383032
vt 0.806922 0.214567
vt 0.809194 0.204717
vt 0.803422 0.213651
vt 0.805672 0.203674
vt 0.797005 0.372944
vt 0.796717 0.363055
vt 0.793414 0.373087
vt 0.793138 0.363152
vt 0.811943 0.194930
vt 0.815256 0.185242
vt 0.808368 0.193720
vt 0.811557 0.183805
vt 0.796558 0.333377
vt 0.796717 0.323488
vt 0.796523 0.343271
vt 0.792919 0.343271
vt 0.792979 0.333335
vt 0.793138 0.323390
vt 0.796558 0.353165
vt 0.792979 0.353207
vt 0.811943 0.491613
vt 0.809194 0.481825
vt 0.815256 0.501301
vt 0.811557 0.502738
vt 0.808368 0.492822
vt 0.805672 0.482868
vt 0.797005 0.313598
vt 0.797360 0.303706
vt 0.793414 0.313456
vt 0.793779 0.303510
vt 0.806922 0.471975
vt 0.805033 0.462068
vt 0.803422 0.472891
vt 0.801543 0.462869
vt 0.797864 0.293817
vt 0.794290 0.293566
vt 0.803457 0.452153
vt 0.799964 0.452848
vt 0.720990 0.386617
vt 0.721477 0.397439
vt 0.713391 0.397906
vt 0.712713 0.387006
vt 0.722442 0.408235
vt 0.714190 0.408784
vt 0.731766 0.192315
vt 0.730786 0.203180
vt 0.722639 0.203057
vt 0.723429 0.192614
vt 0.729697 0.213927
vt 0.721447 0.213529
vt 0.720081 0.364954
vt 0.720293 0.375798
vt 0.712192 0.376088
vt 0.711796 0.365155
vt 0.731249 0.169792
vt 0.732031 0.181201
vt 0.723589 0.182227
vt 0.722292 0.171925
vt 0.720081 0.321588
vt 0.719703 0.332426
vt 0.711590 0.332326
vt 0.711796 0.321387
vt 0.719787 0.343271
vt 0.711495 0.343271
vt 0.719703 0.354116
vt 0.711590 0.354217
vt 0.731766 0.494228
vt 0.732031 0.505341
vt 0.723589 0.504315
vt 0.723429 0.493928
vt 0.731250 0.516750
vt 0.722292 0.514617
vt 0.720990 0.299926
vt 0.720293 0.310744
vt 0.712192 0.310454
vt 0.712713 0.299536
vt 0.729697 0.472616
vt 0.730786 0.483362
vt 0.722639 0.483485
vt 0.721447 0.473013
vt 0.722442 0.278307
vt 0.721477 0.289103
vt 0.713391 0.288636
vt 0.714190 0.277759
vt 0.726985 0.451218
vt 0.728214 0.461926
vt 0.720137 0.462472
vt 0.718762 0.451859
vt 0.724481 0.256769
vt 0.723247 0.267517
vt 0.715172 0.266919
vt 0.716246 0.256116
vt 0.724481 0.429773
vt 0.725547 0.440517
vt 0.717481 0.441174
vt 0.716246 0.430426
vt 0.726985 0.235324
vt 0.725547 0.246025
vt 0.717481 0.245368
vt 0.718762 0.234684
vt 0.723247 0.419025
vt 0.715172 0.419623
vt 0.728214 0.224617
vt 0.720137 0.224070
vt 0.731991 0.224879
vt 0.733474 0.214134
vt 0.730747 0.235621
vt 0.727038 0.418745
vt 0.726223 0.407989
vt 0.728251 0.429478
vt 0.729331 0.246328
vt 0.728251 0.257064
vt 0.729331 0.440215
vt 0.730747 0.450921
vt 0.727038 0.267797
vt 0.726223 0.278553
vt 0.731991 0.461663
vt 0.733474 0.472408
vt 0.725274 0.289320
vt 0.724786 0.300102
vt 0.734584 0.483251
vt 0.735594 0.494241
vt 0.724099 0.310878
vt 0.723878 0.321682
vt 0.735968 0.505567
vt 0.735572 0.517353
vt 0.723518 0.354072
vt 0.723588 0.343271
vt 0.723878 0.364860
vt 0.723518 0.332471
vt 0.735968 0.180975
vt 0.735572 0.169189
vt 0.735594 0.192301
vt 0.724099 0.375665
vt 0.724786 0.386440
vt 0.734584 0.203291
vt 0.725274 0.397222
vt 0.344092 0.082969
vt 0.354459 0.072912
vt 0.334477 0.093707
vt 0.332296 0.091908
vt 0.342037 0.081027
vt 0.352555 0.070865
vt 0.298926 0.296442
vt 0.294535 0.282778
vt 0.304262 0.309766
vt 0.301666 0.310910
vt 0.296254 0.297403
vt 0.291835 0.283546
vt 0.365517 0.063558
vt 0.377196 0.054936
vt 0.363716 0.061368
vt 0.375520 0.052637
vt 0.291079 0.268849
vt 0.288604 0.254716
vt 0.288301 0.269438
vt 0.285791 0.255109
vt 0.389478 0.046980
vt 0.402282 0.039307
vt 0.387887 0.044611
vt 0.400649 0.036849
vt 0.287126 0.211758
vt 0.288604 0.197480
vt 0.286634 0.226098
vt 0.283796 0.226098
vt 0.284308 0.211564
vt 0.285791 0.197088
vt 0.287126 0.240439
vt 0.284308 0.240632
vt 0.389478 0.405217
vt 0.377196 0.397260
vt 0.402282 0.412890
vt 0.400649 0.415347
vt 0.387887 0.407586
vt 0.375520 0.399559
vt 0.291079 0.183347
vt 0.294535 0.169418
vt 0.288301 0.182759
vt 0.291835 0.168650
vt 0.365517 0.388638
vt 0.354459 0.379284
vt 0.363716 0.390829
vt 0.352555 0.381331
vt 0.298926 0.155755
vt 0.304262 0.142431
vt 0.296254 0.154794
vt 0.301666 0.141287
vt 0.344092 0.369227
vt 0.334477 0.358489
vt 0.342037 0.371170
vt 0.332296 0.360289
vt 0.310527 0.129507
vt 0.317670 0.117041
vt 0.308034 0.128192
vt 0.315263 0.115555
vt 0.325662 0.347106
vt 0.317670 0.335155
vt 0.323374 0.348743
vt 0.315263 0.336642
vt 0.325662 0.105091
vt 0.323374 0.103453
vt 0.310527 0.322690
vt 0.308034 0.324004
vt 0.761263 0.503838
vt 0.759899 0.492565
vt 0.762726 0.515359
vt 0.748154 0.311726
vt 0.748643 0.301207
vt 0.747805 0.322245
vt 0.758519 0.481470
vt 0.757108 0.470495
vt 0.749249 0.290679
vt 0.749996 0.280132
vt 0.755692 0.459644
vt 0.754328 0.448881
vt 0.750889 0.269568
vt 0.751909 0.258978
vt 0.753066 0.438191
vt 0.751909 0.427564
vt 0.753066 0.248351
vt 0.754328 0.237662
vt 0.750889 0.416974
vt 0.749996 0.406410
vt 0.755692 0.226899
vt 0.757108 0.216047
vt 0.749249 0.395863
vt 0.748643 0.385335
vt 0.758519 0.205073
vt 0.759899 0.193977
vt 0.748154 0.374816
vt 0.747805 0.364297
vt 0.761263 0.182705
vt 0.762726 0.171183
vt 0.747600 0.332762
vt 0.747529 0.343271
vt 0.747600 0.353781
vt 0.778126 0.229820
vt 0.779632 0.219263
vt 0.776762 0.240321
vt 0.773517 0.415060
vt 0.772705 0.404752
vt 0.774472 0.425397
vt 0.775540 0.250764
vt 0.774472 0.261146
vt 0.775540 0.435778
vt 0.776762 0.446221
vt 0.773517 0.271482
vt 0.772705 0.281790
vt 0.778126 0.456722
vt 0.779633 0.467279
vt 0.772021 0.292069
vt 0.771447 0.302325
vt 0.781338 0.477897
vt 0.783229 0.488527
vt 0.771033 0.312572
vt 0.770726 0.322808
vt 0.785368 0.499216
vt 0.787846 0.509996
vt 0.770542 0.353497
vt 0.770490 0.343271
vt 0.770726 0.363734
vt 0.770542 0.333045
vt 0.785368 0.187326
vt 0.787846 0.176546
vt 0.783229 0.198015
vt 0.771033 0.373970
vt 0.771447 0.384217
vt 0.781338 0.208645
vt 0.772021 0.394474
vt 0.793662 0.273455
vt 0.794525 0.263451
vt 0.792933 0.283450
vt 0.795523 0.433113
vt 0.794525 0.423092
vt 0.796690 0.443161
vt 0.795523 0.253429
vt 0.796690 0.243382
vt 0.793662 0.413087
vt 0.792933 0.403092
vt 0.798030 0.233317
vt 0.799620 0.223240
vt 0.792313 0.393113
vt 0.791811 0.383138
vt 0.801481 0.213156
vt 0.803717 0.203111
vt 0.791428 0.373167
vt 0.791157 0.363202
vt 0.806369 0.193091
vt 0.809485 0.183073
vt 0.790989 0.333309
vt 0.791157 0.323340
vt 0.790932 0.343271
vt 0.790989 0.353234
vt 0.806369 0.493451
vt 0.803717 0.483431
vt 0.809485 0.503470
vt 0.791428 0.313376
vt 0.791811 0.303404
vt 0.801481 0.473386
vt 0.799620 0.463302
vt 0.792313 0.293429
vt 0.798030 0.453225
vt 0.319216 0.506845
vt 0.319368 0.514498
vt 0.319114 0.499201
vt 0.835769 0.390267
vt 0.836447 0.399562
vt 0.835514 0.380905
vt 0.318073 0.644756
vt 0.317912 0.652389
vt 0.318343 0.637057
vt 0.843594 0.225236
vt 0.842087 0.233436
vt 0.845638 0.217500
vt 0.319372 0.522145
vt 0.319428 0.529768
vt 0.835012 0.371525
vt 0.834937 0.362113
vt 0.317882 0.659894
vt 0.318422 0.667217
vt 0.848074 0.210241
vt 0.851317 0.203625
vt 0.319439 0.552616
vt 0.319479 0.560260
vt 0.319506 0.545000
vt 0.834622 0.333844
vt 0.834745 0.343271
vt 0.834937 0.324429
vt 0.319413 0.537377
vt 0.834622 0.352699
vt 0.317599 0.430296
vt 0.317651 0.437802
vt 0.318120 0.422973
vt 0.848074 0.476302
vt 0.851317 0.482917
vt 0.845638 0.469042
vt 0.319445 0.567910
vt 0.319462 0.575581
vt 0.835012 0.315017
vt 0.835514 0.305638
vt 0.317829 0.445434
vt 0.318114 0.453131
vt 0.843594 0.461306
vt 0.842087 0.453106
vt 0.319331 0.583255
vt 0.319248 0.590918
vt 0.835769 0.296275
vt 0.836447 0.286980
vt 0.318274 0.460841
vt 0.318486 0.468532
vt 0.840617 0.444651
vt 0.839607 0.435906
vt 0.319090 0.598578
vt 0.319034 0.606264
vt 0.836902 0.277728
vt 0.837788 0.268586
vt 0.318625 0.476206
vt 0.318865 0.483886
vt 0.838478 0.427023
vt 0.837788 0.417957
vt 0.318809 0.613957
vt 0.318686 0.621642
vt 0.838478 0.259519
vt 0.839607 0.250636
vt 0.318939 0.491558
vt 0.836902 0.408814
vt 0.318489 0.629341
vt 0.840617 0.241891
vt 0.306109 0.598417
vt 0.305977 0.606076
vt 0.306212 0.590774
vt 0.306424 0.537426
vt 0.306437 0.545022
vt 0.306386 0.529833
vt 0.304573 0.429718
vt 0.304660 0.437722
vt 0.304608 0.421382
vt 0.306202 0.507005
vt 0.306292 0.514618
vt 0.306079 0.499375
vt 0.306428 0.567868
vt 0.306386 0.575495
vt 0.306436 0.560236
vt 0.305096 0.644645
vt 0.304918 0.652499
vt 0.305303 0.636874
vt 0.305651 0.476440
vt 0.305809 0.484100
vt 0.305465 0.468767
vt 0.305835 0.613747
vt 0.305665 0.621430
vt 0.304853 0.445572
vt 0.305074 0.453338
vt 0.306355 0.522224
vt 0.306316 0.583127
vt 0.304863 0.660504
vt 0.304915 0.668841
vt 0.305958 0.491746
vt 0.306449 0.552616
vt 0.305495 0.629142
vt 0.305281 0.461063
vt 0.290929 0.560203
vt 0.290907 0.552616
vt 0.290929 0.545056
vt 0.290850 0.575367
vt 0.290860 0.567782
vt 0.290722 0.590549
vt 0.290757 0.582958
vt 0.290507 0.605776
vt 0.290594 0.598162
vt 0.290218 0.621057
vt 0.290342 0.613403
vt 0.289840 0.636411
vt 0.289999 0.628717
vt 0.289405 0.651858
vt 0.289601 0.644125
vt 0.288841 0.667126
vt 0.289099 0.659559
vt 0.289136 0.438403
vt 0.288826 0.430706
vt 0.288549 0.423142
vt 0.289608 0.453838
vt 0.289345 0.446132
vt 0.290019 0.469180
vt 0.289783 0.461527
vt 0.290341 0.484443
vt 0.290159 0.476826
vt 0.290590 0.499647
vt 0.290444 0.492046
vt 0.290757 0.514800
vt 0.290644 0.507225
vt 0.290879 0.529929
vt 0.290787 0.522369
vt 0.290881 0.537498
vt 0.055714 0.829697
vt 0.043377 0.814992
vt 0.056696 0.812856
vt 0.069203 0.829316
vt 0.032938 0.798239
vt 0.025131 0.780178
vt 0.038571 0.775517
vt 0.046516 0.794716
vt 0.020080 0.761161
vt 0.017905 0.741542
vt 0.029687 0.734973
vt 0.032923 0.755521
vt 0.018488 0.722356
vt 0.029317 0.714304
vt 0.162425 0.796988
vt 0.173253 0.788935
vt 0.162055 0.776318
vt 0.173836 0.769750
vt 0.158818 0.755770
vt 0.171662 0.750130
vt 0.153171 0.735774
vt 0.166611 0.731113
vt 0.145225 0.716575
vt 0.158803 0.713052
vt 0.135045 0.698435
vt 0.148364 0.696299
vt 0.122538 0.681975
vt 0.136027 0.681594
vt 0.156031 0.799156
vt 0.155400 0.779106
vt 0.151540 0.816617
vt 0.148911 0.814378
vt 0.153347 0.798316
vt 0.152753 0.779456
vt 0.085041 0.670283
vt 0.067448 0.673688
vt 0.101838 0.673298
vt 0.101159 0.676684
vt 0.085385 0.673873
vt 0.068634 0.677108
vt 0.140217 0.829384
vt 0.124293 0.837603
vt 0.123108 0.834184
vt 0.138264 0.826352
vt 0.075566 0.827060
vt 0.089904 0.837993
vt 0.063648 0.810925
vt 0.065943 0.809561
vt 0.077154 0.824740
vt 0.090582 0.834607
vt 0.151737 0.758610
vt 0.145827 0.738321
vt 0.149065 0.759468
vt 0.143120 0.739260
vt 0.040005 0.752681
vt 0.045914 0.772970
vt 0.036342 0.732185
vt 0.038988 0.731836
vt 0.042677 0.751823
vt 0.048622 0.772031
vt 0.137906 0.718729
vt 0.128093 0.700366
vt 0.135277 0.719710
vt 0.125798 0.701730
vt 0.035711 0.712136
vt 0.040201 0.694674
vt 0.042830 0.696913
vt 0.038394 0.712975
vt 0.106700 0.841008
vt 0.106356 0.837418
vt 0.051524 0.681907
vt 0.053477 0.684939
vt 0.053835 0.792562
vt 0.056464 0.791581
vt 0.116175 0.684231
vt 0.114588 0.686551
vt 0.262325 0.210035
vt 0.263991 0.194045
vt 0.261755 0.226098
vt 0.255516 0.226098
vt 0.256164 0.209607
vt 0.257815 0.193181
vt 0.262325 0.242162
vt 0.263991 0.258151
vt 0.257815 0.259015
vt 0.256164 0.242590
vt 0.375667 0.426289
vt 0.362453 0.417443
vt 0.389343 0.434235
vt 0.386768 0.439952
vt 0.372455 0.431588
vt 0.358806 0.422516
vt 0.266779 0.178217
vt 0.270602 0.162606
vt 0.260736 0.176941
vt 0.264603 0.160897
vt 0.349713 0.407810
vt 0.337513 0.397431
vt 0.345796 0.412585
vt 0.333259 0.401990
vt 0.275573 0.147324
vt 0.281549 0.132408
vt 0.269765 0.145223
vt 0.275847 0.129888
vt 0.326060 0.386200
vt 0.315352 0.374236
vt 0.321568 0.390428
vt 0.310543 0.378196
vt 0.288567 0.117948
vt 0.296554 0.104003
vt 0.283110 0.115072
vt 0.291253 0.100728
vt 0.305508 0.361537
vt 0.296554 0.348193
vt 0.300494 0.365126
vt 0.291253 0.351468
vt 0.305508 0.090659
vt 0.315352 0.077961
vt 0.300494 0.087070
vt 0.310543 0.074000
vt 0.288567 0.334248
vt 0.281549 0.319788
vt 0.283110 0.337125
vt 0.275847 0.322308
vt 0.326060 0.065997
vt 0.337513 0.054766
vt 0.321568 0.061768
vt 0.333259 0.050207
vt 0.275573 0.304872
vt 0.270602 0.289590
vt 0.269765 0.306973
vt 0.264603 0.291299
vt 0.349713 0.044386
vt 0.362453 0.034754
vt 0.345796 0.039612
vt 0.358806 0.029680
vt 0.266779 0.273980
vt 0.260736 0.275256
vt 0.375667 0.025908
vt 0.389343 0.017962
vt 0.372455 0.020608
vt 0.386768 0.012245
vt 0.122166 0.704175
vt 0.131248 0.721546
vt 0.129097 0.722578
vt 0.120190 0.705482
vt 0.138934 0.740712
vt 0.136665 0.741498
vt 0.134471 0.742259
vt 0.127074 0.723711
vt 0.118416 0.706977
vt 0.121572 0.829757
vt 0.106157 0.832722
vt 0.106184 0.830408
vt 0.120800 0.827530
vt 0.091933 0.830186
vt 0.092837 0.828102
vt 0.093643 0.826003
vt 0.106252 0.828170
vt 0.120062 0.825400
vt 0.043354 0.731507
vt 0.042698 0.713975
vt 0.045009 0.714302
vt 0.045715 0.731309
vt 0.046628 0.699548
vt 0.048628 0.700625
vt 0.050561 0.701775
vt 0.047236 0.714886
vt 0.048034 0.731386
vt 0.079915 0.821290
vt 0.081527 0.819602
vt 0.069575 0.807116
vt 0.071551 0.805810
vt 0.073326 0.804314
vt 0.082914 0.817765
vt 0.099809 0.681105
vt 0.111826 0.690001
vt 0.110214 0.691689
vt 0.098905 0.683190
vt 0.108827 0.693526
vt 0.098099 0.685289
vt 0.056228 0.688750
vt 0.057682 0.690551
vt 0.070169 0.681535
vt 0.070942 0.683762
vt 0.071679 0.685889
vt 0.059122 0.692266
vt 0.148387 0.779784
vt 0.149043 0.797317
vt 0.146732 0.796990
vt 0.146027 0.779982
vt 0.145113 0.811743
vt 0.143113 0.810666
vt 0.141181 0.809516
vt 0.144505 0.796405
vt 0.143707 0.779906
vt 0.060493 0.789746
vt 0.062645 0.788713
vt 0.052808 0.770580
vt 0.055076 0.769793
vt 0.057271 0.769032
vt 0.064667 0.787580
vt 0.085584 0.678569
vt 0.085558 0.680883
vt 0.085489 0.683122
vt 0.144764 0.760521
vt 0.142436 0.761042
vt 0.140146 0.761404
vt 0.046977 0.750771
vt 0.049305 0.750249
vt 0.051595 0.749887
vt 0.135514 0.822542
vt 0.134060 0.820741
vt 0.132620 0.819025
vt 0.067689 0.785839
vt 0.075923 0.802057
vt 0.060587 0.767882
vt 0.067664 0.765427
vt 0.074456 0.782986
vt 0.082081 0.798940
vt 0.085545 0.686293
vt 0.072731 0.688923
vt 0.097078 0.688283
vt 0.095703 0.692150
vt 0.087020 0.692250
vt 0.074874 0.695101
vt 0.136695 0.761908
vt 0.131154 0.743409
vt 0.140268 0.779742
vt 0.133505 0.781106
vt 0.129615 0.763857
vt 0.124077 0.745864
vt 0.055046 0.749384
vt 0.051471 0.731550
vt 0.058237 0.730185
vt 0.062127 0.747434
vt 0.130700 0.816500
vt 0.138525 0.807797
vt 0.119010 0.822368
vt 0.116867 0.816190
vt 0.128171 0.810909
vt 0.135052 0.805612
vt 0.124053 0.725452
vt 0.115816 0.709235
vt 0.117285 0.728305
vt 0.109661 0.712352
vt 0.106196 0.824998
vt 0.094664 0.823008
vt 0.096038 0.819142
vt 0.104721 0.819041
vt 0.050433 0.715756
vt 0.053217 0.703494
vt 0.056690 0.705679
vt 0.056373 0.715192
vt 0.084886 0.815102
vt 0.089903 0.811867
vt 0.106855 0.696189
vt 0.101839 0.699425
vt 0.061041 0.694791
vt 0.063571 0.700382
vt 0.141308 0.795535
vt 0.135366 0.796100
vt 0.048360 0.387616
vt 0.041243 0.387388
vt 0.163774 0.405079
vt 0.156495 0.405362
vt 0.156313 0.390772
vt 0.163523 0.390914
vt 0.030566 0.404023
vt 0.022289 0.403329
vt 0.026418 0.389327
vt 0.033581 0.389795
vt 0.134689 0.405127
vt 0.127448 0.405400
vt 0.127448 0.390825
vt 0.134656 0.391009
vt 0.163475 0.388284
vt 0.156274 0.388319
vt 0.027113 0.386810
vt 0.020117 0.386472
vt 0.149230 0.405115
vt 0.141955 0.405404
vt 0.141880 0.390838
vt 0.149105 0.390983
vt 0.046356 0.404718
vt 0.038521 0.404642
vt 0.040821 0.389957
vt 0.048016 0.390305
vt 0.034156 0.387130
vt 0.141863 0.388366
vt 0.134656 0.388391
vt 0.013854 0.401851
vt 0.005082 0.399282
vt 0.012350 0.387519
vt 0.019199 0.388812
vt 0.127448 0.388379
vt 0.241719 0.386153
vt 0.234780 0.386476
vt 0.120194 0.405129
vt 0.112945 0.405403
vt 0.113017 0.390837
vt 0.120239 0.391009
vt 0.031442 0.501128
vt 0.031466 0.493781
vt 0.149070 0.388361
vt 0.120241 0.388390
vt 0.013177 0.386149
vt 0.113034 0.388365
vt 0.105827 0.388361
vt 0.241043 0.401854
vt 0.232608 0.403333
vt 0.228478 0.389331
vt 0.235698 0.388816
vt 0.249815 0.399283
vt 0.242546 0.387523
vt 0.227784 0.386814
vt 0.220740 0.387134
vt 0.105668 0.405121
vt 0.098400 0.405363
vt 0.098584 0.390771
vt 0.105791 0.390983
vt 0.098623 0.388318
vt 0.091421 0.388282
vt 0.224330 0.404028
vt 0.216375 0.404647
vt 0.214075 0.389961
vt 0.221315 0.389799
vt 0.213654 0.387393
vt 0.206537 0.387620
vt 0.091118 0.405080
vt 0.083783 0.405309
vt 0.084147 0.390697
vt 0.091374 0.390912
vt 0.084222 0.388206
vt 0.077028 0.388144
vt 0.208540 0.404724
vt 0.200888 0.405072
vt 0.199640 0.390334
vt 0.206880 0.390309
vt 0.199392 0.387783
vt 0.192230 0.387938
vt 0.076439 0.405010
vt 0.069029 0.405223
vt 0.069703 0.390534
vt 0.076917 0.390787
vt 0.069842 0.388036
vt 0.062666 0.387934
vt 0.193326 0.404930
vt 0.185862 0.405225
vt 0.185195 0.390536
vt 0.192416 0.390606
vt 0.185054 0.388039
vt 0.177869 0.388146
vt 0.061567 0.404921
vt 0.054006 0.405064
vt 0.055256 0.390330
vt 0.062481 0.390601
vt 0.055504 0.387779
vt 0.178468 0.405014
vt 0.171107 0.405315
vt 0.170750 0.390701
vt 0.177981 0.390790
vt 0.170675 0.388208
vt 0.095871 0.755646
vt 0.089599 0.737561
vt 0.105016 0.732435
vt 0.111582 0.750197
vt 0.083721 0.720612
vt 0.098160 0.716075
vt 0.078645 0.705975
vt 0.091650 0.702276
vt 0.108020 0.790679
vt 0.102142 0.773730
vt 0.117423 0.768211
vt 0.122168 0.785303
vt 0.113096 0.805316
vt 0.125599 0.800169
vt 0.066142 0.711122
vt 0.069574 0.725989
vt 0.074319 0.743080
vt 0.080159 0.761094
vt 0.086726 0.778856
vt 0.093582 0.795216
vt 0.100091 0.809015
vt 0.136960 0.824400
vt 0.147172 0.812908
vt 0.122338 0.831964
vt 0.044621 0.751331
vt 0.050524 0.771371
vt 0.040970 0.731738
vt 0.147121 0.759960
vt 0.141217 0.739920
vt 0.150771 0.779553
vt 0.085570 0.676215
vt 0.069404 0.679328
vt 0.100704 0.678916
vt 0.058296 0.790764
vt 0.067560 0.808410
vt 0.151388 0.797656
vt 0.054782 0.686892
vt 0.044569 0.698384
vt 0.113457 0.688283
vt 0.124181 0.702881
vt 0.078284 0.823008
vt 0.091037 0.832375
vt 0.040354 0.713635
vt 0.106172 0.835077
vt 0.133445 0.720527
vt 0.253096 0.192521
vt 0.251408 0.209273
vt 0.248754 0.209088
vt 0.250469 0.192155
vt 0.250747 0.226098
vt 0.248100 0.226098
vt 0.251408 0.242923
vt 0.248754 0.243108
vt 0.253096 0.259676
vt 0.250469 0.260042
vt 0.356022 0.426387
vt 0.369949 0.435627
vt 0.368535 0.437869
vt 0.354473 0.428539
vt 0.384591 0.444264
vt 0.383229 0.446572
vt 0.260035 0.159595
vt 0.256064 0.175952
vt 0.253463 0.175403
vt 0.257476 0.158865
vt 0.330026 0.405465
vt 0.342767 0.416277
vt 0.341083 0.418336
vt 0.328216 0.407415
vt 0.271491 0.127960
vt 0.265274 0.143598
vt 0.262774 0.142691
vt 0.269067 0.126885
vt 0.306867 0.381224
vt 0.318094 0.393704
vt 0.316160 0.395529
vt 0.304820 0.382910
vt 0.287200 0.098223
vt 0.278895 0.112851
vt 0.276543 0.111611
vt 0.284950 0.096832
vt 0.287200 0.353973
vt 0.296624 0.367902
vt 0.294463 0.369450
vt 0.284950 0.355364
vt 0.306867 0.070972
vt 0.296624 0.084295
vt 0.294463 0.082746
vt 0.304820 0.069287
vt 0.271491 0.324236
vt 0.278895 0.339345
vt 0.276543 0.340586
vt 0.269067 0.325312
vt 0.330026 0.046731
vt 0.318094 0.058492
vt 0.316160 0.056667
vt 0.328216 0.044782
vt 0.260035 0.292601
vt 0.265274 0.308598
vt 0.262774 0.309505
vt 0.257476 0.293331
vt 0.356022 0.025810
vt 0.342767 0.035919
vt 0.341083 0.033860
vt 0.354473 0.023657
vt 0.256064 0.276244
vt 0.253463 0.276793
vt 0.384591 0.007933
vt 0.369949 0.016569
vt 0.368535 0.014327
vt 0.383229 0.005624
vt 0.370871 0.018041
vt 0.385444 0.009475
vt 0.357038 0.027219
vt 0.257770 0.275883
vt 0.254815 0.259433
vt 0.261706 0.292125
vt 0.343873 0.037267
vt 0.331208 0.048003
vt 0.266914 0.308005
vt 0.273079 0.323535
vt 0.319362 0.059689
vt 0.308205 0.072077
vt 0.280437 0.338533
vt 0.288679 0.353059
vt 0.298039 0.085311
vt 0.288679 0.099137
vt 0.298039 0.366886
vt 0.308205 0.380119
vt 0.280437 0.113663
vt 0.273079 0.128662
vt 0.319362 0.392507
vt 0.331208 0.404194
vt 0.266914 0.144191
vt 0.261706 0.160071
vt 0.343873 0.414929
vt 0.357038 0.424977
vt 0.257770 0.176314
vt 0.254815 0.192763
vt 0.370871 0.434155
vt 0.385444 0.442721
vt 0.253148 0.242801
vt 0.252487 0.226098
vt 0.253148 0.209396
vt 0.338580 0.077764
vt 0.349305 0.067377
vt 0.328688 0.088937
vt 0.291766 0.299018
vt 0.287232 0.284855
vt 0.297379 0.312803
vt 0.360681 0.057689
vt 0.372717 0.048835
vt 0.283631 0.270426
vt 0.281144 0.255755
vt 0.385160 0.040621
vt 0.397782 0.032865
vt 0.279554 0.211235
vt 0.281144 0.196441
vt 0.278999 0.226098
vt 0.279554 0.240962
vt 0.385160 0.411575
vt 0.372717 0.403362
vt 0.397782 0.419332
vt 0.283631 0.181770
vt 0.287232 0.167341
vt 0.360681 0.394508
vt 0.349305 0.384819
vt 0.291766 0.153178
vt 0.297379 0.139393
vt 0.338580 0.374433
vt 0.328688 0.363259
vt 0.303825 0.125977
vt 0.311193 0.113042
vt 0.319513 0.351508
vt 0.311193 0.339154
vt 0.319513 0.100688
vt 0.303825 0.326219
vt 0.028914 0.515797
vt 0.028744 0.523163
vt 0.014662 0.523065
vt 0.014403 0.515655
vt 0.028826 0.493696
vt 0.028963 0.501055
vt 0.014397 0.500768
vt 0.014665 0.493274
vt 0.029676 0.633678
vt 0.029880 0.641034
vt 0.015700 0.643868
vt 0.015066 0.635822
vt 0.029002 0.611611
vt 0.029290 0.618966
vt 0.014622 0.620115
vt 0.014754 0.612426
vt 0.031393 0.508477
vt 0.028974 0.478945
vt 0.029041 0.486323
vt 0.014436 0.485737
vt 0.014718 0.478148
vt 0.031993 0.626041
vt 0.031823 0.618752
vt 0.028841 0.596851
vt 0.029064 0.604229
vt 0.014470 0.604828
vt 0.014686 0.597285
vt 0.031552 0.486445
vt 0.029287 0.464218
vt 0.029256 0.471593
vt 0.014572 0.470453
vt 0.014949 0.462680
vt 0.031660 0.611436
vt 0.031572 0.604106
vt 0.028774 0.582107
vt 0.028970 0.589485
vt 0.014404 0.589785
vt 0.014660 0.582309
vt 0.031634 0.479119
vt 0.031792 0.471807
vt 0.029850 0.449533
vt 0.029643 0.456887
vt 0.015026 0.454744
vt 0.015664 0.446698
vt 0.031480 0.596766
vt 0.031449 0.589414
vt 0.028733 0.567358
vt 0.028905 0.574731
vt 0.014379 0.574875
vt 0.014632 0.567445
vt 0.031961 0.464521
vt 0.032214 0.457275
vt 0.030927 0.434991
vt 0.030363 0.442282
vt 0.016361 0.438335
vt 0.017827 0.429840
vt 0.031393 0.582060
vt 0.031382 0.574702
vt 0.028704 0.552616
vt 0.028891 0.559980
vt 0.014371 0.560029
vt 0.014629 0.552616
vt 0.032507 0.450064
vt 0.032890 0.442926
vt 0.030947 0.655579
vt 0.032311 0.662626
vt 0.020324 0.669608
vt 0.017845 0.660726
vt 0.028873 0.545254
vt 0.014372 0.545238
vt 0.028904 0.530532
vt 0.014389 0.530457
vt 0.031346 0.567342
vt 0.031353 0.559981
vt 0.031343 0.545258
vt 0.031329 0.537901
vt 0.033307 0.435857
vt 0.033716 0.428884
vt 0.030389 0.648287
vt 0.016387 0.652230
vt 0.031362 0.530540
vt 0.031388 0.515830
vt 0.033327 0.654713
vt 0.032915 0.647643
vt 0.032245 0.633290
vt 0.032536 0.640503
vt 0.163835 0.409597
vt 0.156525 0.409787
vt 0.156542 0.413409
vt 0.163867 0.413274
vt 0.163888 0.417643
vt 0.156552 0.417811
vt 0.002103 0.508189
vt 0.002000 0.500714
vt 0.006423 0.500713
vt 0.006518 0.508186
vt 0.001970 0.545225
vt 0.002108 0.537841
vt 0.006493 0.537845
vt 0.006390 0.545224
vt 0.031323 0.552616
vt 0.046009 0.409227
vt 0.038045 0.409072
vt 0.037731 0.412685
vt 0.045796 0.412906
vt 0.045617 0.417261
vt 0.037452 0.417093
vt 0.002434 0.628589
vt 0.002169 0.620573
vt 0.006599 0.620467
vt 0.006849 0.628417
vt 0.028776 0.508428
vt 0.014667 0.508231
vt 0.002121 0.493181
vt 0.001992 0.485566
vt 0.006416 0.485592
vt 0.006506 0.493188
vt 0.171203 0.413328
vt 0.171228 0.417732
vt 0.053629 0.413141
vt 0.053522 0.417552
vt 0.178580 0.413208
vt 0.186046 0.413272
vt 0.186081 0.417646
vt 0.178617 0.417574
vt 0.029320 0.626344
vt 0.014990 0.627883
vt 0.002221 0.612732
vt 0.002032 0.605032
vt 0.006455 0.604991
vt 0.006604 0.612667
vt 0.010051 0.500728
vt 0.010184 0.493228
vt 0.061308 0.413128
vt 0.068847 0.413252
vt 0.068807 0.417627
vt 0.061246 0.417522
vt 0.002172 0.477852
vt 0.002133 0.470010
vt 0.006566 0.470111
vt 0.006554 0.477908
vt 0.010224 0.620331
vt 0.010287 0.612582
vt 0.193587 0.413141
vt 0.201267 0.413150
vt 0.201375 0.417561
vt 0.193651 0.417536
vt 0.002146 0.597422
vt 0.002009 0.589886
vt 0.006432 0.589867
vt 0.006531 0.597395
vt 0.010047 0.485644
vt 0.010236 0.477985
vt 0.076300 0.413204
vt 0.083689 0.413340
vt 0.083659 0.417743
vt 0.076259 0.417570
vt 0.002382 0.461989
vt 0.002619 0.453721
vt 0.007003 0.453996
vt 0.006796 0.462160
vt 0.010084 0.604930
vt 0.010209 0.597343
vt 0.209100 0.412912
vt 0.217167 0.412690
vt 0.217447 0.417100
vt 0.209281 0.417268
vt 0.002096 0.582399
vt 0.002011 0.574929
vt 0.006371 0.574918
vt 0.006510 0.582381
vt 0.010197 0.470243
vt 0.010469 0.462372
vt 0.091026 0.413278
vt 0.098350 0.413410
vt 0.098336 0.417812
vt 0.091005 0.417646
vt 0.003288 0.445172
vt 0.004146 0.436289
vt 0.008528 0.436892
vt 0.007626 0.445588
vt 0.010059 0.589837
vt 0.010186 0.582366
vt 0.225491 0.412112
vt 0.234131 0.411205
vt 0.234759 0.415566
vt 0.225921 0.416429
vt 0.002081 0.567481
vt 0.001953 0.560044
vt 0.006373 0.560041
vt 0.006497 0.567477
vt 0.010641 0.454296
vt 0.011250 0.446034
vt 0.033730 0.661686
vt 0.105652 0.413319
vt 0.112916 0.413425
vt 0.112919 0.417827
vt 0.105642 0.417686
vt 0.005808 0.427178
vt 0.007703 0.417978
vt 0.012164 0.418645
vt 0.010096 0.427916
vt 0.009998 0.574902
vt 0.010176 0.567461
vt 0.031354 0.523184
vt 0.243047 0.409581
vt 0.252269 0.407436
vt 0.252946 0.411842
vt 0.243838 0.413855
vt 0.134716 0.409639
vt 0.127448 0.409799
vt 0.002107 0.552616
vt 0.006494 0.552616
vt 0.001993 0.530450
vt 0.006412 0.530457
vt 0.012086 0.437488
vt 0.013635 0.428663
vt 0.028714 0.537885
vt 0.014663 0.537849
vt 0.120192 0.413319
vt 0.127448 0.413424
vt 0.127448 0.417797
vt 0.120193 0.417713
vt 0.141978 0.413407
vt 0.149240 0.413306
vt 0.149243 0.417701
vt 0.141974 0.417780
vt 0.032296 0.427945
vt 0.020315 0.420960
vt 0.005822 0.663372
vt 0.004171 0.654262
vt 0.008554 0.653665
vt 0.010111 0.662641
vt 0.134715 0.413314
vt 0.134715 0.417680
vt 0.011851 0.409578
vt 0.020767 0.411201
vt 0.020140 0.415563
vt 0.011062 0.413853
vt 0.002141 0.523052
vt 0.006528 0.523052
vt 0.015888 0.671039
vt 0.013652 0.661899
vt 0.002663 0.636841
vt 0.007048 0.636570
vt 0.003323 0.645383
vt 0.007662 0.644973
vt 0.002629 0.407435
vt 0.001953 0.411841
vt 0.029407 0.412108
vt 0.028978 0.416425
vt 0.010022 0.515639
vt 0.010194 0.508187
vt 0.010685 0.636271
vt 0.010523 0.628204
vt 0.009993 0.560036
vt 0.015883 0.419524
vt 0.010015 0.545217
vt 0.010169 0.537842
vt 0.010034 0.530467
vt 0.010173 0.552616
vt 0.012113 0.653073
vt 0.007704 0.672573
vt 0.012167 0.671914
vt 0.010210 0.523054
vt 0.011286 0.644529
vt 0.002014 0.515637
vt 0.006401 0.515626
vt 0.356159 0.940301
vt 0.364531 0.940054
vt 0.364500 0.947819
vt 0.356157 0.947689
vt 0.506543 0.955373
vt 0.514915 0.955314
vt 0.514911 0.958743
vt 0.506556 0.958835
vt 0.356119 0.958744
vt 0.364472 0.958661
vt 0.364458 0.966460
vt 0.356077 0.966164
vt 0.029880 0.408471
vt 0.021390 0.407631
vt 0.347720 0.939929
vt 0.347814 0.947699
vt 0.356149 0.951139
vt 0.347841 0.951111
vt 0.347775 0.958678
vt 0.347623 0.966487
vt 0.489831 0.940500
vt 0.498182 0.940178
vt 0.498186 0.947938
vt 0.489837 0.947858
vt 0.573400 0.955294
vt 0.581703 0.955270
vt 0.581756 0.958678
vt 0.573412 0.958741
vt 0.489838 0.958843
vt 0.498194 0.958755
vt 0.498196 0.966553
vt 0.489838 0.966232
vt 0.149234 0.409630
vt 0.141965 0.409779
vt 0.481475 0.940187
vt 0.481476 0.947944
vt 0.489835 0.951287
vt 0.481480 0.951305
vt 0.481478 0.958759
vt 0.481478 0.966557
vt 0.012657 0.406072
vt 0.339045 0.940116
vt 0.339545 0.947628
vt 0.339617 0.951065
vt 0.339502 0.958682
vt 0.338934 0.966226
vt 0.003494 0.403717
vt 0.329928 0.940744
vt 0.331473 0.948063
vt 0.589918 0.955261
vt 0.590029 0.958685
vt 0.331410 0.958176
vt 0.329803 0.965524
vt 0.456417 0.940500
vt 0.464772 0.940189
vt 0.464770 0.947946
vt 0.456410 0.947857
vt 0.464762 0.955402
vt 0.473121 0.955443
vt 0.473121 0.958837
vt 0.464763 0.958760
vt 0.456410 0.958831
vt 0.464762 0.966556
vt 0.456406 0.966226
vt 0.120201 0.409644
vt 0.112923 0.409799
vt 0.448062 0.940178
vt 0.448059 0.947935
vt 0.431337 0.955360
vt 0.439702 0.955407
vt 0.439695 0.958832
vt 0.431342 0.958745
vt 0.448055 0.958749
vt 0.448052 0.966547
vt 0.473125 0.940508
vt 0.473127 0.947863
vt 0.473121 0.951272
vt 0.473120 0.966232
vt 0.481489 0.955403
vt 0.251404 0.403718
vt 0.242241 0.406074
vt 0.590494 0.940119
vt 0.599610 0.940750
vt 0.598063 0.948070
vt 0.589991 0.947631
vt 0.331597 0.951188
vt 0.598122 0.958182
vt 0.599726 0.965531
vt 0.590595 0.966229
vt 0.233508 0.407635
vt 0.581818 0.939929
vt 0.581722 0.947699
vt 0.589918 0.951068
vt 0.581694 0.951111
vt 0.581906 0.966487
vt 0.105659 0.409640
vt 0.439703 0.940491
vt 0.439698 0.947847
vt 0.456414 0.951268
vt 0.448051 0.951295
vt 0.439694 0.966224
vt 0.098368 0.409789
vt 0.431350 0.940171
vt 0.431345 0.947927
vt 0.439702 0.951276
vt 0.431338 0.951317
vt 0.431339 0.966542
vt 0.225018 0.408476
vt 0.573378 0.940299
vt 0.573380 0.947687
vt 0.573390 0.951137
vt 0.573453 0.966161
vt 0.216852 0.409077
vt 0.565004 0.940054
vt 0.565033 0.947814
vt 0.548332 0.955256
vt 0.556699 0.955289
vt 0.556699 0.958753
vt 0.548345 0.958686
vt 0.565063 0.958657
vt 0.565074 0.966460
vt 0.091059 0.409600
vt 0.422993 0.940485
vt 0.422985 0.947840
vt 0.422988 0.951309
vt 0.422980 0.958826
vt 0.422981 0.966219
vt 0.083733 0.409711
vt 0.414643 0.940160
vt 0.414634 0.947917
vt 0.414629 0.951355
vt 0.414624 0.958737
vt 0.414623 0.966535
vt 0.208887 0.409233
vt 0.556655 0.940404
vt 0.556672 0.947761
vt 0.565035 0.951211
vt 0.556717 0.966147
vt 0.201117 0.409515
vt 0.548302 0.940109
vt 0.548319 0.947866
vt 0.556687 0.951232
vt 0.548323 0.951304
vt 0.548363 0.966485
vt 0.076338 0.409527
vt 0.406287 0.940468
vt 0.406274 0.947824
vt 0.406274 0.951342
vt 0.406264 0.958816
vt 0.406261 0.966212
vt 0.068912 0.409621
vt 0.397935 0.940135
vt 0.397923 0.947891
vt 0.397918 0.951370
vt 0.397908 0.958729
vt 0.397898 0.966523
vt 0.193485 0.409456
vt 0.539948 0.940441
vt 0.539958 0.947799
vt 0.539971 0.951317
vt 0.539984 0.958791
vt 0.540002 0.966186
vt 0.185988 0.409643
vt 0.531594 0.940136
vt 0.531609 0.947892
vt 0.531615 0.951371
vt 0.531627 0.958730
vt 0.531641 0.966526
vt 0.061410 0.409445
vt 0.389582 0.940443
vt 0.389574 0.947801
vt 0.389562 0.951319
vt 0.389552 0.958793
vt 0.389536 0.966188
vt 0.053778 0.409506
vt 0.381229 0.940113
vt 0.381212 0.947870
vt 0.381207 0.951308
vt 0.381191 0.958690
vt 0.381174 0.966489
vt 0.178536 0.409532
vt 0.523242 0.940472
vt 0.523258 0.947828
vt 0.523259 0.951346
vt 0.523271 0.958820
vt 0.523277 0.966215
vt 0.171167 0.409696
vt 0.514887 0.940166
vt 0.514898 0.947924
vt 0.498200 0.955373
vt 0.514915 0.966542
vt 0.372879 0.940409
vt 0.372862 0.947766
vt 0.372847 0.951236
vt 0.372835 0.958759
vt 0.372817 0.966153
vt 0.364495 0.951217
vt 0.506538 0.940494
vt 0.506547 0.947849
vt 0.514904 0.951362
vt 0.506556 0.966229
vt 0.506545 0.951317
vt 0.498192 0.951328
vt 0.523258 0.955308
vt 0.364490 0.955272
vt 0.372833 0.955294
vt 0.381206 0.955260
vt 0.531622 0.955259
vt 0.389550 0.955281
vt 0.397913 0.955258
vt 0.539985 0.955279
vt 0.406276 0.955304
vt 0.414619 0.955307
vt 0.565047 0.955265
vt 0.422992 0.955364
vt 0.464772 0.951288
vt 0.448048 0.955393
vt 0.456411 0.955436
vt 0.331533 0.955051
vt 0.339615 0.955258
vt 0.489829 0.955418
vt 0.597938 0.951194
vt 0.347830 0.955270
vt 0.356129 0.955298
vt 0.870824 0.010170
vt 0.877030 0.006139
vt 0.883542 0.018520
vt 0.879550 0.020950
vt 0.865588 0.015400
vt 0.876342 0.024348
vt 0.912192 0.072976
vt 0.905353 0.075813
vt 0.901421 0.062523
vt 0.905681 0.060594
vt 0.927834 0.057616
vt 0.923634 0.063714
vt 0.912881 0.054766
vt 0.915655 0.051001
vt 0.932214 0.036118
vt 0.932213 0.043527
vt 0.918430 0.042078
vt 0.918281 0.037390
vt 0.857009 0.035588
vt 0.858555 0.028344
vt 0.871915 0.032494
vt 0.870793 0.037037
vt 0.898068 0.077158
vt 0.890661 0.077161
vt 0.892115 0.063378
vt 0.896792 0.063227
vt 0.930667 0.050771
vt 0.917308 0.046621
vt 0.857009 0.042997
vt 0.870942 0.041725
vt 0.858349 0.050287
vt 0.871632 0.046362
vt 0.905809 0.003497
vt 0.912660 0.006326
vt 0.906054 0.018498
vt 0.901662 0.016858
vt 0.930874 0.028828
vt 0.917592 0.032753
vt 0.861184 0.057135
vt 0.873567 0.050628
vt 0.883415 0.075618
vt 0.876563 0.072789
vt 0.883169 0.060617
vt 0.887561 0.062256
vt 0.924007 0.015764
vt 0.928039 0.021980
vt 0.915656 0.028487
vt 0.913237 0.024481
vt 0.861390 0.021500
vt 0.873570 0.028114
vt 0.870456 0.068590
vt 0.879400 0.057834
vt 0.918767 0.010525
vt 0.909823 0.021280
vt 0.865216 0.063351
vt 0.875986 0.054633
vt 0.918399 0.068945
vt 0.909674 0.058165
vt 0.883871 0.003303
vt 0.891155 0.001956
vt 0.892431 0.015887
vt 0.887803 0.016593
vt 0.898562 0.001953
vt 0.897108 0.015736
vt 0.874894 0.042237
vt 0.876916 0.038685
vt 0.879321 0.035171
vt 0.882419 0.031850
vt 0.885840 0.028720
vt 0.889613 0.026027
vt 0.893507 0.023689
vt 0.897445 0.022068
vt 0.901340 0.020831
vt 0.877533 0.046760
vt 0.880895 0.043508
vt 0.883064 0.040592
vt 0.887122 0.037526
vt 0.890582 0.034579
vt 0.894185 0.031809
vt 0.898029 0.028479
vt 0.901333 0.026965
vt 0.905214 0.024354
vt 0.880409 0.051053
vt 0.884124 0.048046
vt 0.886944 0.045763
vt 0.891022 0.042463
vt 0.894611 0.039557
vt 0.898201 0.036652
vt 0.902279 0.033351
vt 0.905099 0.031068
vt 0.908814 0.028062
vt 0.884009 0.054761
vt 0.887890 0.052150
vt 0.891194 0.050636
vt 0.895038 0.047306
vt 0.898641 0.044535
vt 0.902101 0.041589
vt 0.906159 0.038523
vt 0.908328 0.035607
vt 0.911690 0.032355
vt 0.887882 0.058285
vt 0.891778 0.057046
vt 0.895716 0.055426
vt 0.899610 0.053088
vt 0.903383 0.050394
vt 0.906804 0.047264
vt 0.909902 0.043943
vt 0.912307 0.040430
vt 0.914329 0.036877
vt 0.552539 0.139189
vt 0.552539 0.114921
vt 0.564614 0.115299
vt 0.565908 0.139554
vt 0.552539 0.088140
vt 0.563339 0.088499
vt 0.573563 0.089538
vt 0.575924 0.116404
vt 0.578365 0.140613
vt 0.585889 0.117939
vt 0.589136 0.142119
vt 0.582805 0.090986
vt 0.591088 0.092400
vt 0.594474 0.119381
vt 0.598022 0.143587
vt 0.602427 0.120229
vt 0.605996 0.144488
vt 0.598915 0.093367
vt 0.606790 0.093738
vt 0.610545 0.120316
vt 0.614245 0.144618
vt 0.619057 0.119743
vt 0.623067 0.144038
vt 0.614902 0.093548
vt 0.623543 0.092764
vt 0.628136 0.118509
vt 0.632463 0.142833
vt 0.637981 0.116608
vt 0.642928 0.140859
vt 0.632721 0.091398
vt 0.642352 0.089472
vt 0.648572 0.114075
vt 0.654559 0.138182
vt 0.659675 0.110951
vt 0.667064 0.134854
vt 0.652248 0.087010
vt 0.662162 0.083972
vt 0.670944 0.107197
vt 0.679951 0.130777
vt 0.425127 0.130777
vt 0.434134 0.107197
vt 0.445402 0.110951
vt 0.438013 0.134854
vt 0.442915 0.083972
vt 0.452830 0.087010
vt 0.462725 0.089472
vt 0.456505 0.114075
vt 0.450519 0.138182
vt 0.467096 0.116608
vt 0.462150 0.140859
vt 0.472357 0.091398
vt 0.481535 0.092764
vt 0.476941 0.118509
vt 0.472615 0.142833
vt 0.486020 0.119743
vt 0.482010 0.144038
vt 0.490176 0.093548
vt 0.498288 0.093738
vt 0.494533 0.120316
vt 0.490833 0.144618
vt 0.502650 0.120229
vt 0.499081 0.144488
vt 0.506162 0.093367
vt 0.513989 0.092400
vt 0.510603 0.119381
vt 0.507055 0.143587
vt 0.519189 0.117939
vt 0.515942 0.142119
vt 0.522273 0.090986
vt 0.531515 0.089538
vt 0.529154 0.116404
vt 0.526713 0.140613
vt 0.540464 0.115299
vt 0.539169 0.139554
vt 0.541739 0.088499
vt 0.552539 0.059556
vt 0.562152 0.059912
vt 0.552539 0.030694
vt 0.561381 0.031071
vt 0.570001 0.032089
vt 0.571395 0.060901
vt 0.580018 0.062315
vt 0.578265 0.033596
vt 0.586169 0.035387
vt 0.588035 0.063839
vt 0.595727 0.065171
vt 0.593850 0.037244
vt 0.601507 0.039000
vt 0.603414 0.066154
vt 0.611331 0.066725
vt 0.609303 0.040524
vt 0.617325 0.041694
vt 0.619566 0.066836
vt 0.628178 0.066439
vt 0.625548 0.042407
vt 0.633868 0.042575
vt 0.637067 0.065520
vt 0.646045 0.064054
vt 0.642179 0.042152
vt 0.650398 0.041179
vt 0.654941 0.062020
vt 0.450137 0.062020
vt 0.459032 0.064054
vt 0.454679 0.041179
vt 0.462898 0.042152
vt 0.471209 0.042574
vt 0.468011 0.065520
vt 0.476900 0.066439
vt 0.479529 0.042407
vt 0.487753 0.041694
vt 0.485512 0.066835
vt 0.493747 0.066725
vt 0.495775 0.040524
vt 0.503571 0.039000
vt 0.501664 0.066154
vt 0.509351 0.065171
vt 0.511228 0.037244
vt 0.518909 0.035387
vt 0.517042 0.063839
vt 0.525060 0.062315
vt 0.526813 0.033596
vt 0.535076 0.032089
vt 0.533682 0.060901
vt 0.542925 0.059912
vt 0.543697 0.031071
vt 0.351763 0.540355
vt 0.379560 0.540932
vt 0.379556 0.547863
vt 0.351731 0.547863
vt 0.408909 0.541274
vt 0.408940 0.547863
vt 0.409167 0.554452
vt 0.379780 0.554732
vt 0.351973 0.555228
vt 0.380215 0.561603
vt 0.352533 0.562557
vt 0.409594 0.561068
vt 0.410227 0.567718
vt 0.380870 0.568492
vt 0.353384 0.569843
vt 0.381762 0.575379
vt 0.354500 0.577138
vt 0.411068 0.574414
vt 0.412095 0.581145
vt 0.382866 0.582306
vt 0.355885 0.584437
vt 0.384159 0.589275
vt 0.357506 0.591751
vt 0.413278 0.587892
vt 0.414555 0.594619
vt 0.385589 0.596253
vt 0.359306 0.599073
vt 0.387071 0.603206
vt 0.361191 0.606367
vt 0.415840 0.601290
vt 0.417037 0.607879
vt 0.388503 0.610097
vt 0.363057 0.613586
vt 0.389790 0.616913
vt 0.364817 0.620702
vt 0.418043 0.614392
vt 0.418798 0.620867
vt 0.390852 0.623692
vt 0.366436 0.627719
vt 0.369274 0.453351
vt 0.393209 0.458253
vt 0.391922 0.464993
vt 0.367379 0.460293
vt 0.420590 0.461824
vt 0.419677 0.468280
vt 0.418518 0.474768
vt 0.390426 0.471766
vt 0.365371 0.467337
vt 0.388795 0.478617
vt 0.363279 0.474485
vt 0.417170 0.481330
vt 0.415734 0.487975
vt 0.387122 0.485535
vt 0.361183 0.481712
vt 0.385504 0.492487
vt 0.359179 0.488973
vt 0.414306 0.494680
vt 0.412973 0.501409
vt 0.384025 0.499441
vt 0.357357 0.496237
vt 0.382733 0.506368
vt 0.355768 0.503499
vt 0.411794 0.508127
vt 0.410804 0.514818
vt 0.381651 0.513268
vt 0.354439 0.510775
vt 0.380802 0.520182
vt 0.353361 0.518066
vt 0.410021 0.521468
vt 0.409448 0.528089
vt 0.380171 0.527092
vt 0.352549 0.525429
vt 0.379754 0.534011
vt 0.352014 0.532868
vt 0.409079 0.534687
vt 0.440142 0.541532
vt 0.440194 0.547863
vt 0.473465 0.541736
vt 0.473543 0.547863
vt 0.473820 0.554048
vt 0.440444 0.554236
vt 0.440898 0.560657
vt 0.474303 0.560290
vt 0.474993 0.566592
vt 0.441558 0.567134
vt 0.442418 0.573660
vt 0.475875 0.572940
vt 0.476919 0.579296
vt 0.443453 0.580216
vt 0.444624 0.586768
vt 0.478076 0.585631
vt 0.479275 0.591912
vt 0.445862 0.593275
vt 0.447076 0.599704
vt 0.480433 0.598107
vt 0.481458 0.604215
vt 0.448173 0.606037
vt 0.449060 0.612291
vt 0.482268 0.610250
vt 0.482811 0.616251
vt 0.449679 0.618508
vt 0.450889 0.464755
vt 0.450170 0.470962
vt 0.483438 0.467440
vt 0.482832 0.473434
vt 0.481968 0.479459
vt 0.449183 0.477200
vt 0.447987 0.483513
vt 0.480893 0.485553
vt 0.479687 0.491731
vt 0.446674 0.489920
vt 0.445334 0.496404
vt 0.478440 0.497991
vt 0.477234 0.504303
vt 0.444060 0.502934
vt 0.442921 0.509469
vt 0.476140 0.510635
vt 0.475206 0.516958
vt 0.441958 0.515976
vt 0.441195 0.522436
vt 0.474462 0.523234
vt 0.473926 0.529450
vt 0.440639 0.528842
vt 0.440291 0.535201
vt 0.473595 0.535609
vt 0.509328 0.541905
vt 0.509420 0.547863
vt 0.545085 0.542064
vt 0.545188 0.547863
vt 0.545431 0.553701
vt 0.509695 0.553892
vt 0.510156 0.559970
vt 0.545806 0.559585
vt 0.546296 0.565513
vt 0.510793 0.566100
vt 0.511594 0.572252
vt 0.546879 0.571456
vt 0.547525 0.577387
vt 0.512524 0.578397
vt 0.513535 0.584503
vt 0.548194 0.583282
vt 0.548842 0.589122
vt 0.514562 0.590544
vt 0.515539 0.596505
vt 0.549439 0.594896
vt 0.549954 0.600611
vt 0.516397 0.602392
vt 0.517073 0.608220
vt 0.550367 0.606281
vt 0.550682 0.611931
vt 0.517539 0.614027
vt 0.517512 0.469973
vt 0.517018 0.475777
vt 0.549842 0.472191
vt 0.549549 0.477842
vt 0.549179 0.483514
vt 0.516330 0.481600
vt 0.515472 0.487480
vt 0.548726 0.489231
vt 0.548202 0.495009
vt 0.514503 0.493431
vt 0.513488 0.499457
vt 0.547636 0.500851
vt 0.547054 0.506750
vt 0.512490 0.505546
vt 0.511573 0.511671
vt 0.546495 0.512683
vt 0.545997 0.518626
vt 0.510782 0.517799
vt 0.510152 0.523901
vt 0.545588 0.524552
vt 0.545290 0.530433
vt 0.509694 0.529950
vt 0.509419 0.535945
vt 0.545119 0.536265
vt 0.580322 0.542002
vt 0.580400 0.547863
vt 0.612743 0.541572
vt 0.612751 0.547863
vt 0.612529 0.554026
vt 0.580469 0.553697
vt 0.580516 0.559522
vt 0.612072 0.560090
vt 0.611398 0.566043
vt 0.580523 0.565304
vt 0.580484 0.571045
vt 0.610476 0.571849
vt 0.609326 0.577521
vt 0.580384 0.576739
vt 0.580217 0.582397
vt 0.607969 0.583096
vt 0.606461 0.588628
vt 0.579989 0.588036
vt 0.579719 0.593674
vt 0.604882 0.594172
vt 0.603353 0.599781
vt 0.579453 0.599327
vt 0.579247 0.605004
vt 0.602024 0.605492
vt 0.601056 0.611329
vt 0.579157 0.610703
vt 0.577349 0.473191
vt 0.577540 0.478893
vt 0.598213 0.472060
vt 0.599402 0.477851
vt 0.600946 0.483495
vt 0.577866 0.484568
vt 0.578267 0.490217
vt 0.602684 0.489033
vt 0.604469 0.494511
vt 0.578684 0.495854
vt 0.579066 0.501496
vt 0.606187 0.499991
vt 0.607763 0.505530
vt 0.579394 0.507162
vt 0.579658 0.512871
vt 0.609144 0.511182
vt 0.610310 0.516988
vt 0.579864 0.518631
vt 0.580026 0.524436
vt 0.611243 0.522960
vt 0.611970 0.529064
vt 0.580145 0.530283
vt 0.580240 0.536142
vt 0.612471 0.535285
vt 0.642009 0.533611
vt 0.664076 0.531764
vt 0.664767 0.539782
vt 0.642498 0.540727
vt 0.638987 0.567989
vt 0.640682 0.561523
vt 0.641850 0.554789
vt 0.663822 0.555644
vt 0.662047 0.563223
vt 0.634187 0.580075
vt 0.636802 0.574165
vt 0.642459 0.547863
vt 0.664746 0.547863
vt 0.659482 0.570498
vt 0.656208 0.577416
vt 0.627982 0.591410
vt 0.631215 0.585793
vt 0.652320 0.583994
vt 0.647921 0.590302
vt 0.621245 0.602606
vt 0.624610 0.597000
vt 0.643139 0.596431
vt 0.638118 0.602455
vt 0.615226 0.614121
vt 0.618049 0.608267
vt 0.633000 0.608361
vt 0.627849 0.614021
vt 0.618067 0.479761
vt 0.614599 0.474311
vt 0.611426 0.468666
vt 0.617935 0.463163
vt 0.623610 0.467880
vt 0.625263 0.490570
vt 0.621668 0.485165
vt 0.622513 0.619161
vt 0.629047 0.473193
vt 0.634415 0.478776
vt 0.631946 0.501592
vt 0.628726 0.496018
vt 0.639673 0.484484
vt 0.644700 0.490307
vt 0.637343 0.513478
vt 0.634841 0.507385
vt 0.649371 0.496325
vt 0.653576 0.502638
vt 0.640967 0.526636
vt 0.639398 0.519901
vt 0.657227 0.509333
vt 0.660244 0.516445
vt 0.623918 0.736665
vt 0.624404 0.743703
vt 0.594595 0.744558
vt 0.594329 0.738357
vt 0.662548 0.523947
vt 0.935704 0.693259
vt 0.935730 0.709438
vt 0.929731 0.709326
vt 0.929732 0.693166
vt 0.666702 0.741298
vt 0.647021 0.742716
vt 0.646328 0.734734
vt 0.665685 0.731946
vt 0.644801 0.726954
vt 0.663593 0.722854
vt 0.709256 0.579390
vt 0.704514 0.595722
vt 0.700898 0.595025
vt 0.705835 0.578024
vt 0.716908 0.564330
vt 0.713807 0.562342
vt 0.642501 0.719488
vt 0.660498 0.714181
vt 0.639491 0.712413
vt 0.656490 0.706047
vt 0.727216 0.551114
vt 0.724546 0.548575
vt 0.739757 0.540178
vt 0.737633 0.537197
vt 0.635847 0.705757
vt 0.651689 0.698503
vt 0.631644 0.699485
vt 0.646205 0.691529
vt 0.754121 0.531925
vt 0.752598 0.528572
vt 0.769808 0.526626
vt 0.768954 0.523044
vt 0.626977 0.693519
vt 0.640159 0.685021
vt 0.621948 0.687757
vt 0.633659 0.678830
vt 0.786284 0.524466
vt 0.786133 0.520788
vt 0.802986 0.525508
vt 0.803536 0.521871
vt 0.616683 0.682123
vt 0.626795 0.672809
vt 0.611300 0.676624
vt 0.619585 0.666920
vt 0.819333 0.529743
vt 0.820562 0.526279
vt 0.834725 0.537059
vt 0.836571 0.533880
vt 0.605835 0.671408
vt 0.611893 0.661404
vt 0.600107 0.666820
vt 0.603408 0.657007
vt 0.848690 0.547186
vt 0.850938 0.544250
vt 0.834725 0.688373
vt 0.848690 0.678245
vt 0.850938 0.681182
vt 0.836571 0.691551
vt 0.608884 0.830918
vt 0.604710 0.821448
vt 0.610099 0.816422
vt 0.617051 0.825919
vt 0.615276 0.810849
vt 0.624427 0.819896
vt 0.819333 0.695688
vt 0.820562 0.699153
vt 0.802986 0.699924
vt 0.803536 0.703561
vt 0.620407 0.805019
vt 0.631360 0.813537
vt 0.625434 0.799063
vt 0.637976 0.807050
vt 0.786284 0.700966
vt 0.786133 0.704643
vt 0.769808 0.698805
vt 0.768954 0.702387
vt 0.630218 0.792988
vt 0.644227 0.800381
vt 0.634612 0.786726
vt 0.649996 0.793382
vt 0.754121 0.693506
vt 0.752598 0.696859
vt 0.739757 0.685254
vt 0.737633 0.688235
vt 0.638496 0.780185
vt 0.655147 0.785907
vt 0.641761 0.773301
vt 0.659530 0.777865
vt 0.727216 0.674317
vt 0.724546 0.676856
vt 0.716908 0.661101
vt 0.713807 0.663090
vt 0.644317 0.766060
vt 0.663007 0.769253
vt 0.646085 0.758511
vt 0.665422 0.760158
vt 0.709256 0.646041
vt 0.705835 0.647407
vt 0.704514 0.629709
vt 0.700898 0.630406
vt 0.647003 0.750762
vt 0.666655 0.750762
vt 0.926078 0.660632
vt 0.926075 0.676931
vt 0.920123 0.676969
vt 0.920231 0.660630
vt 0.622892 0.729770
vt 0.593846 0.732221
vt 0.616854 0.710727
vt 0.613998 0.704996
vt 0.621347 0.723110
vt 0.610818 0.699478
vt 0.607399 0.694091
vt 0.619321 0.716758
vt 0.603848 0.688757
vt 0.600291 0.683436
vt 0.596860 0.678092
vt 0.593692 0.672582
vt 0.600292 0.810425
vt 0.603452 0.804868
vt 0.606775 0.799345
vt 0.610103 0.793825
vt 0.597473 0.816149
vt 0.613294 0.788271
vt 0.616226 0.782609
vt 0.618805 0.776764
vt 0.620955 0.770652
vt 0.622624 0.764260
vt 0.623771 0.757605
vt 0.624366 0.750762
vt 0.562276 0.744948
vt 0.562202 0.739136
vt 0.527125 0.744977
vt 0.527163 0.739192
vt 0.527335 0.733372
vt 0.562115 0.733321
vt 0.562013 0.727516
vt 0.593148 0.726197
vt 0.527639 0.727503
vt 0.528051 0.721591
vt 0.561864 0.721755
vt 0.592251 0.720297
vt 0.561681 0.716033
vt 0.591132 0.714556
vt 0.528558 0.715664
vt 0.529128 0.709745
vt 0.561446 0.710360
vt 0.589802 0.708957
vt 0.561154 0.704731
vt 0.588286 0.703473
vt 0.529724 0.703863
vt 0.530313 0.698037
vt 0.560813 0.699126
vt 0.586630 0.698048
vt 0.560450 0.693525
vt 0.584917 0.692628
vt 0.530859 0.692271
vt 0.531344 0.686565
vt 0.560109 0.687916
vt 0.583255 0.687166
vt 0.559854 0.682284
vt 0.581789 0.681616
vt 0.531749 0.680901
vt 0.532079 0.675253
vt 0.559745 0.676630
vt 0.580679 0.675939
vt 0.583472 0.813379
vt 0.561490 0.813157
vt 0.561508 0.807506
vt 0.584368 0.807657
vt 0.532868 0.814717
vt 0.532522 0.809070
vt 0.532079 0.803407
vt 0.561650 0.801874
vt 0.585625 0.802044
vt 0.561862 0.796263
vt 0.587082 0.796513
vt 0.531538 0.797703
vt 0.530922 0.791939
vt 0.562083 0.790662
vt 0.588590 0.791031
vt 0.562275 0.785060
vt 0.590038 0.785557
vt 0.530255 0.786115
vt 0.529576 0.780234
vt 0.562410 0.779439
vt 0.591338 0.780040
vt 0.562483 0.773780
vt 0.592440 0.774427
vt 0.528922 0.774314
vt 0.528334 0.768384
vt 0.562503 0.768076
vt 0.593318 0.768691
vt 0.562486 0.762337
vt 0.593960 0.762813
vt 0.527845 0.762468
vt 0.527468 0.756592
vt 0.562427 0.756553
vt 0.594393 0.756835
vt 0.562357 0.750762
vt 0.594603 0.750762
vt 0.527228 0.750762
vt 0.491253 0.744809
vt 0.491347 0.738856
vt 0.455436 0.744642
vt 0.455566 0.738522
vt 0.455897 0.732370
vt 0.491625 0.732866
vt 0.492084 0.726823
vt 0.456431 0.726160
vt 0.457170 0.719887
vt 0.492721 0.720728
vt 0.493517 0.714606
vt 0.458101 0.713574
vt 0.459193 0.707244
vt 0.494442 0.708488
vt 0.495448 0.702404
vt 0.460395 0.700936
vt 0.461637 0.694682
vt 0.496474 0.696383
vt 0.497453 0.690433
vt 0.462839 0.688507
vt 0.463911 0.682416
vt 0.498321 0.684556
vt 0.499021 0.678735
vt 0.464778 0.676394
vt 0.465380 0.670398
vt 0.499525 0.672932
vt 0.499527 0.816892
vt 0.499050 0.811085
vt 0.464744 0.819124
vt 0.464202 0.813120
vt 0.463389 0.807087
vt 0.498363 0.805259
vt 0.497496 0.799375
vt 0.462366 0.800981
vt 0.461214 0.794787
vt 0.496510 0.793414
vt 0.495475 0.787377
vt 0.460021 0.788511
vt 0.458869 0.782179
vt 0.494458 0.781275
vt 0.493524 0.775134
vt 0.457830 0.775823
vt 0.456952 0.769482
vt 0.492720 0.768987
vt 0.492078 0.762862
vt 0.456268 0.763181
vt 0.455789 0.756942
vt 0.491618 0.756787
vt 0.491343 0.750762
vt 0.455513 0.750762
vt 0.422147 0.744452
vt 0.422296 0.738142
vt 0.391249 0.744187
vt 0.391416 0.737613
vt 0.391776 0.731030
vt 0.422641 0.731804
vt 0.423187 0.725417
vt 0.392337 0.724424
vt 0.393100 0.717788
vt 0.423939 0.718976
vt 0.424890 0.712484
vt 0.394067 0.711115
vt 0.395219 0.704412
vt 0.426017 0.705962
vt 0.427276 0.699440
vt 0.396524 0.697703
vt 0.397918 0.691024
vt 0.428598 0.692960
vt 0.429901 0.686554
vt 0.399326 0.684407
vt 0.400656 0.678000
vt 0.431085 0.680239
vt 0.432062 0.673984
vt 0.400927 0.671533
vt 0.403022 0.665065
vt 0.431965 0.667751
vt 0.430728 0.821336
vt 0.430941 0.815107
vt 0.401229 0.823474
vt 0.399276 0.816958
vt 0.399174 0.810487
vt 0.430067 0.808833
vt 0.428984 0.802498
vt 0.397994 0.804052
vt 0.396739 0.797408
vt 0.427783 0.796070
vt 0.426564 0.789567
vt 0.395497 0.790705
vt 0.394345 0.783977
vt 0.425409 0.783023
vt 0.424387 0.776480
vt 0.393344 0.777260
vt 0.392528 0.770580
vt 0.423542 0.769970
vt 0.422893 0.763512
vt 0.391913 0.763942
vt 0.391497 0.757338
vt 0.422448 0.757112
vt 0.422200 0.750762
vt 0.391278 0.750762
vt 0.333969 0.743272
vt 0.306183 0.742075
vt 0.306682 0.733355
vt 0.334221 0.735802
vt 0.552539 0.447830
vt 0.552539 0.419539
vt 0.561380 0.419163
vt 0.561460 0.447492
vt 0.570002 0.418144
vt 0.570239 0.446377
vt 0.307607 0.724761
vt 0.334762 0.728383
vt 0.308935 0.716408
vt 0.335582 0.721037
vt 0.578264 0.416635
vt 0.578756 0.444610
vt 0.586168 0.414845
vt 0.586971 0.442361
vt 0.310625 0.708352
vt 0.336654 0.713743
vt 0.312645 0.700581
vt 0.337993 0.706499
vt 0.593851 0.412990
vt 0.594935 0.439828
vt 0.601504 0.411233
vt 0.602747 0.437212
vt 0.314956 0.693037
vt 0.339589 0.699272
vt 0.317498 0.685651
vt 0.341412 0.692047
vt 0.609304 0.409709
vt 0.610499 0.434715
vt 0.617326 0.408540
vt 0.618236 0.432542
vt 0.320182 0.678367
vt 0.343410 0.684828
vt 0.322894 0.671153
vt 0.345494 0.677643
vt 0.625548 0.407824
vt 0.625950 0.430885
vt 0.633869 0.407659
vt 0.633604 0.429888
vt 0.325516 0.663987
vt 0.347544 0.670655
vt 0.327985 0.656825
vt 0.349216 0.663542
vt 0.642180 0.408080
vt 0.641186 0.429606
vt 0.650399 0.409055
vt 0.648711 0.429839
vt 0.456366 0.429839
vt 0.454679 0.409055
vt 0.462898 0.408080
vt 0.463891 0.429606
vt 0.471208 0.407659
vt 0.471474 0.429888
vt 0.346638 0.823275
vt 0.325059 0.829084
vt 0.322868 0.821833
vt 0.345228 0.816102
vt 0.320491 0.814570
vt 0.343406 0.809044
vt 0.479529 0.407824
vt 0.479128 0.430885
vt 0.487752 0.408540
vt 0.486842 0.432542
vt 0.318002 0.807242
vt 0.341541 0.801792
vt 0.315528 0.799827
vt 0.339752 0.794514
vt 0.495773 0.409709
vt 0.494579 0.434715
vt 0.503573 0.411233
vt 0.502331 0.437212
vt 0.313194 0.792289
vt 0.338133 0.787239
vt 0.311098 0.784572
vt 0.336743 0.779977
vt 0.511226 0.412990
vt 0.510143 0.439828
vt 0.518910 0.414845
vt 0.518107 0.442361
vt 0.309310 0.776602
vt 0.335617 0.772714
vt 0.307879 0.768315
vt 0.334772 0.765424
vt 0.526813 0.416635
vt 0.526322 0.444610
vt 0.535076 0.418144
vt 0.534839 0.446377
vt 0.306849 0.759688
vt 0.334201 0.758110
vt 0.306274 0.750762
vt 0.333945 0.750762
vt 0.543697 0.419163
vt 0.543618 0.447492
vt 0.552539 0.390677
vt 0.562152 0.390323
vt 0.552539 0.362093
vt 0.563339 0.361734
vt 0.573563 0.360696
vt 0.571396 0.389332
vt 0.580017 0.387916
vt 0.582805 0.359245
vt 0.591088 0.357834
vt 0.588035 0.386396
vt 0.595727 0.385060
vt 0.598916 0.356864
vt 0.606790 0.356493
vt 0.603414 0.384077
vt 0.611331 0.383510
vt 0.614905 0.356685
vt 0.623542 0.357470
vt 0.619566 0.383396
vt 0.628178 0.383793
vt 0.632720 0.358836
vt 0.642353 0.360759
vt 0.637067 0.384712
vt 0.646045 0.386179
vt 0.652247 0.363224
vt 0.662162 0.366262
vt 0.654940 0.388216
vt 0.450138 0.388216
vt 0.459033 0.386179
vt 0.442916 0.366262
vt 0.452830 0.363224
vt 0.462725 0.360759
vt 0.468010 0.384712
vt 0.476899 0.383793
vt 0.472358 0.358836
vt 0.481536 0.357470
vt 0.485512 0.383396
vt 0.493747 0.383510
vt 0.490173 0.356685
vt 0.498287 0.356493
vt 0.501664 0.384077
vt 0.509351 0.385060
vt 0.506162 0.356864
vt 0.513990 0.357834
vt 0.517042 0.386396
vt 0.525060 0.387916
vt 0.522272 0.359245
vt 0.531515 0.360696
vt 0.533682 0.389332
vt 0.542925 0.390323
vt 0.541739 0.361734
vt 0.552539 0.335312
vt 0.564614 0.334933
vt 0.552539 0.311045
vt 0.565908 0.310680
vt 0.578365 0.309620
vt 0.575924 0.333828
vt 0.585889 0.332292
vt 0.589136 0.308114
vt 0.598023 0.306644
vt 0.594474 0.330853
vt 0.602429 0.330006
vt 0.605996 0.305743
vt 0.614244 0.305616
vt 0.610545 0.329915
vt 0.619060 0.330489
vt 0.623067 0.306195
vt 0.632462 0.307401
vt 0.628135 0.331725
vt 0.637982 0.333623
vt 0.642928 0.309372
vt 0.654561 0.312050
vt 0.648573 0.336156
vt 0.659676 0.339281
vt 0.667065 0.315377
vt 0.679951 0.319458
vt 0.670944 0.343038
vt 0.434134 0.343038
vt 0.445401 0.339281
vt 0.425127 0.319457
vt 0.438012 0.315377
vt 0.450517 0.312050
vt 0.456505 0.336156
vt 0.467096 0.333623
vt 0.462149 0.309372
vt 0.472616 0.307401
vt 0.476942 0.331725
vt 0.486018 0.330489
vt 0.482011 0.306195
vt 0.490834 0.305616
vt 0.494532 0.329915
vt 0.502649 0.330006
vt 0.499081 0.305743
vt 0.507055 0.306644
vt 0.510604 0.330853
vt 0.519189 0.332292
vt 0.515942 0.308114
vt 0.526713 0.309620
vt 0.529154 0.333828
vt 0.540464 0.334933
vt 0.539169 0.310680
vt 0.552539 0.182785
vt 0.552539 0.161481
vt 0.567228 0.161781
vt 0.568483 0.183001
vt 0.580894 0.162657
vt 0.583294 0.183617
vt 0.592564 0.163940
vt 0.595812 0.184554
vt 0.601777 0.165296
vt 0.605318 0.185631
vt 0.609674 0.166234
vt 0.613019 0.186461
vt 0.617869 0.166497
vt 0.620926 0.186794
vt 0.626587 0.166174
vt 0.629324 0.186707
vt 0.636029 0.165223
vt 0.638508 0.186074
vt 0.646900 0.163474
vt 0.649510 0.184734
vt 0.659466 0.161013
vt 0.662822 0.182794
vt 0.673396 0.157917
vt 0.678085 0.180342
vt 0.688054 0.153994
vt 0.417024 0.153994
vt 0.431682 0.157917
vt 0.445611 0.161013
vt 0.426992 0.180342
vt 0.442256 0.182794
vt 0.458178 0.163474
vt 0.455568 0.184734
vt 0.469048 0.165223
vt 0.466570 0.186074
vt 0.478491 0.166174
vt 0.475754 0.186707
vt 0.487208 0.166496
vt 0.484151 0.186794
vt 0.495404 0.166234
vt 0.492059 0.186460
vt 0.503301 0.165296
vt 0.499760 0.185631
vt 0.512514 0.163940
vt 0.509266 0.184554
vt 0.524184 0.162657
vt 0.521783 0.183617
vt 0.537850 0.161781
vt 0.536595 0.183001
vt 0.534839 0.003856
vt 0.543618 0.002741
vt 0.325581 0.521690
vt 0.324646 0.530342
vt 0.324134 0.539120
vt 0.552539 0.002403
vt 0.518106 0.007870
vt 0.526321 0.005621
vt 0.328615 0.505182
vt 0.326918 0.513283
vt 0.502330 0.013023
vt 0.510140 0.010405
vt 0.332933 0.489791
vt 0.330633 0.497368
vt 0.486843 0.017691
vt 0.494580 0.015519
vt 0.338141 0.475079
vt 0.335466 0.482381
vt 0.471473 0.020346
vt 0.479129 0.019349
vt 0.343473 0.460684
vt 0.340847 0.467855
vt 0.456345 0.020257
vt 0.463891 0.020628
vt 0.348345 0.446342
vt 0.345957 0.453533
vt 0.633605 0.020346
vt 0.641186 0.020628
vt 0.340837 0.619334
vt 0.343055 0.626574
vt 0.345139 0.633856
vt 0.648732 0.020257
vt 0.618235 0.017691
vt 0.625949 0.019349
vt 0.335953 0.604720
vt 0.338445 0.612063
vt 0.602748 0.013023
vt 0.610498 0.015519
vt 0.331151 0.589710
vt 0.333481 0.597280
vt 0.586972 0.007870
vt 0.594938 0.010405
vt 0.327274 0.573924
vt 0.329062 0.581949
vt 0.570239 0.003856
vt 0.578757 0.005621
vt 0.324802 0.556872
vt 0.325837 0.565575
vt 0.561460 0.002741
vt 0.324225 0.547863
vt 0.362108 0.757621
vt 0.361888 0.750762
vt 0.361889 0.743843
vt 0.363202 0.771332
vt 0.362538 0.764485
vt 0.365172 0.785111
vt 0.364081 0.778204
vt 0.367850 0.799007
vt 0.366444 0.792054
vt 0.370583 0.812876
vt 0.369307 0.805836
vt 0.371906 0.819383
vt 0.372515 0.674824
vt 0.374043 0.668359
vt 0.369379 0.688620
vt 0.371028 0.681825
vt 0.366321 0.702472
vt 0.367781 0.695545
vt 0.363973 0.716258
vt 0.365041 0.709376
vt 0.362492 0.730028
vt 0.363117 0.723129
vt 0.362083 0.736934
vt 0.521783 0.266615
vt 0.520003 0.245893
vt 0.535653 0.246218
vt 0.536595 0.267233
vt 0.519357 0.225116
vt 0.535311 0.225116
vt 0.552539 0.225116
vt 0.552539 0.246342
vt 0.552539 0.267449
vt 0.499760 0.264603
vt 0.497248 0.244763
vt 0.506909 0.245384
vt 0.509266 0.265680
vt 0.496359 0.225116
vt 0.506064 0.225116
vt 0.484151 0.263440
vt 0.482235 0.244017
vt 0.489781 0.244257
vt 0.492059 0.263773
vt 0.481673 0.225116
vt 0.489007 0.225116
vt 0.466570 0.264160
vt 0.465391 0.244315
vt 0.474234 0.243989
vt 0.475754 0.263524
vt 0.465215 0.225116
vt 0.473945 0.225116
vt 0.442256 0.267440
vt 0.440527 0.246159
vt 0.454383 0.245067
vt 0.455568 0.265500
vt 0.440055 0.225116
vt 0.454170 0.225116
vt 0.424183 0.247531
vt 0.423225 0.225115
vt 0.426992 0.269889
vt 0.662821 0.267440
vt 0.664550 0.246159
vt 0.680894 0.247531
vt 0.678086 0.269889
vt 0.665022 0.225116
vt 0.681852 0.225115
vt 0.638507 0.264160
vt 0.639686 0.244316
vt 0.650693 0.245067
vt 0.649510 0.265500
vt 0.639863 0.225116
vt 0.650907 0.225116
vt 0.620926 0.263440
vt 0.622843 0.244017
vt 0.630844 0.243989
vt 0.629324 0.263524
vt 0.623405 0.225116
vt 0.631132 0.225116
vt 0.605318 0.264603
vt 0.607830 0.244763
vt 0.615297 0.244257
vt 0.613018 0.263773
vt 0.608719 0.225116
vt 0.616071 0.225116
vt 0.583294 0.266615
vt 0.585074 0.245893
vt 0.598169 0.245384
vt 0.595812 0.265680
vt 0.585720 0.225116
vt 0.599014 0.225116
vt 0.569425 0.246218
vt 0.568483 0.267233
vt 0.569767 0.225116
vt 0.520003 0.204341
vt 0.535653 0.204016
vt 0.552539 0.203889
vt 0.497248 0.205471
vt 0.506908 0.204850
vt 0.482234 0.206217
vt 0.489781 0.205977
vt 0.465392 0.205916
vt 0.474234 0.206242
vt 0.440527 0.204075
vt 0.454385 0.205168
vt 0.424183 0.202703
vt 0.664551 0.204075
vt 0.680894 0.202703
vt 0.639686 0.205916
vt 0.650693 0.205168
vt 0.622843 0.206217
vt 0.630843 0.206242
vt 0.607830 0.205471
vt 0.615297 0.205977
vt 0.585074 0.204341
vt 0.598169 0.204850
vt 0.569425 0.204016
vt 0.552539 0.288753
vt 0.567228 0.288453
vt 0.580894 0.287577
vt 0.592564 0.286294
vt 0.601777 0.284935
vt 0.609674 0.283997
vt 0.617869 0.283738
vt 0.626586 0.284060
vt 0.636029 0.285012
vt 0.646899 0.286761
vt 0.659466 0.289222
vt 0.673397 0.292314
vt 0.688053 0.296241
vt 0.417024 0.296241
vt 0.431681 0.292314
vt 0.445612 0.289222
vt 0.458178 0.286761
vt 0.469049 0.285012
vt 0.478491 0.284060
vt 0.487209 0.283738
vt 0.495404 0.283997
vt 0.503301 0.284935
vt 0.512514 0.286294
vt 0.524184 0.287577
vt 0.537850 0.288453
vt 0.929734 0.676932
vt 0.935681 0.676976
vt 0.929758 0.628101
vt 0.929763 0.611940
vt 0.935763 0.611829
vt 0.935731 0.628011
vt 0.198890 0.933847
vt 0.199179 0.926473
vt 0.211519 0.926684
vt 0.211519 0.934028
vt 0.929765 0.595869
vt 0.929766 0.579884
vt 0.935831 0.579833
vt 0.935794 0.595773
vt 0.935695 0.644296
vt 0.929748 0.644336
vt 0.929753 0.563970
vt 0.929753 0.548069
vt 0.935818 0.548113
vt 0.935925 0.563966
vt 0.929741 0.532114
vt 0.929734 0.516083
vt 0.935735 0.516201
vt 0.935770 0.532208
vt 0.929734 0.499968
vt 0.929745 0.483859
vt 0.935738 0.483760
vt 0.935717 0.500058
vt 0.929795 0.853198
vt 0.929890 0.837397
vt 0.935883 0.837492
vt 0.935512 0.854013
vt 0.929846 0.821293
vt 0.929815 0.805180
vt 0.935815 0.805050
vt 0.935829 0.821192
vt 0.935349 0.467255
vt 0.929632 0.468086
vt 0.929793 0.789149
vt 0.929778 0.773196
vt 0.935842 0.773141
vt 0.935821 0.789044
vt 0.929753 0.757294
vt 0.929747 0.741379
vt 0.935811 0.741425
vt 0.935925 0.757289
vt 0.929734 0.725397
vt 0.935763 0.725490
vt 0.726583 0.625451
vt 0.718939 0.626918
vt 0.717587 0.612716
vt 0.725350 0.612716
vt 0.730132 0.637688
vt 0.722889 0.640563
vt 0.735907 0.648957
vt 0.729284 0.653139
vt 0.743548 0.658902
vt 0.737860 0.664204
vt 0.752903 0.667085
vt 0.748319 0.673341
vt 0.763611 0.673225
vt 0.760293 0.680221
vt 0.775297 0.677138
vt 0.773363 0.684620
vt 0.787574 0.678690
vt 0.787090 0.686393
vt 0.800004 0.677847
vt 0.801015 0.685502
vt 0.812153 0.674662
vt 0.814631 0.681962
vt 0.823528 0.669269
vt 0.827427 0.675895
vt 0.833553 0.661839
vt 0.838836 0.667467
vt 0.823528 0.556162
vt 0.827427 0.549537
vt 0.838836 0.557965
vt 0.833553 0.563593
vt 0.812153 0.550769
vt 0.814631 0.543469
vt 0.800004 0.547584
vt 0.801013 0.539931
vt 0.787575 0.546741
vt 0.787091 0.539039
vt 0.775297 0.548294
vt 0.773363 0.540812
vt 0.763611 0.552206
vt 0.760293 0.545210
vt 0.752903 0.558347
vt 0.748319 0.552090
vt 0.743548 0.566529
vt 0.737860 0.561227
vt 0.735907 0.576474
vt 0.729284 0.572292
vt 0.730132 0.587744
vt 0.722889 0.584868
vt 0.726583 0.599980
vt 0.718939 0.598514
vt 0.895605 0.601043
vt 0.903317 0.600726
vt 0.903454 0.613636
vt 0.895787 0.613636
vt 0.895086 0.588532
vt 0.902792 0.587896
vt 0.894210 0.576156
vt 0.901896 0.575226
vt 0.892956 0.563969
vt 0.900604 0.562768
vt 0.891289 0.551983
vt 0.898893 0.550541
vt 0.889170 0.540183
vt 0.896715 0.538518
vt 0.886558 0.528529
vt 0.894069 0.526628
vt 0.883441 0.516939
vt 0.890812 0.514822
vt 0.879792 0.505363
vt 0.887044 0.502990
vt 0.875621 0.493795
vt 0.882737 0.491123
vt 0.870940 0.482312
vt 0.877875 0.479243
vt 0.865730 0.471049
vt 0.872318 0.467455
vt 0.870940 0.744961
vt 0.877875 0.748030
vt 0.872318 0.759818
vt 0.865730 0.756224
vt 0.875621 0.733478
vt 0.882737 0.736150
vt 0.879792 0.721910
vt 0.887044 0.724282
vt 0.883441 0.710334
vt 0.890812 0.712451
vt 0.886558 0.698744
vt 0.894069 0.700645
vt 0.889170 0.687089
vt 0.896715 0.688755
vt 0.891289 0.675290
vt 0.898893 0.676732
vt 0.892956 0.663304
vt 0.900604 0.664505
vt 0.894210 0.651117
vt 0.901896 0.652047
vt 0.895086 0.638741
vt 0.902792 0.639377
vt 0.895605 0.626230
vt 0.903317 0.626547
vt 0.211519 0.947025
vt 0.211519 0.941670
vt 0.224459 0.941541
vt 0.224701 0.946899
vt 0.237315 0.941033
vt 0.237807 0.946382
vt 0.250016 0.940158
vt 0.250737 0.945491
vt 0.262505 0.938897
vt 0.263429 0.944201
vt 0.274763 0.937221
vt 0.275869 0.942489
vt 0.286821 0.935088
vt 0.288088 0.940315
vt 0.298748 0.932489
vt 0.300179 0.937660
vt 0.310595 0.929281
vt 0.312183 0.934403
vt 0.322473 0.925575
vt 0.324203 0.930638
vt 0.334391 0.921336
vt 0.336297 0.926333
vt 0.346330 0.916551
vt 0.348464 0.921454
vt 0.358192 0.911080
vt 0.360618 0.915821
vt 0.062421 0.915821
vt 0.064847 0.911080
vt 0.076708 0.916551
vt 0.074575 0.921454
vt 0.088648 0.921335
vt 0.086742 0.926333
vt 0.100566 0.925575
vt 0.098836 0.930638
vt 0.112444 0.929281
vt 0.110856 0.934403
vt 0.124291 0.932488
vt 0.122861 0.937660
vt 0.136218 0.935087
vt 0.134951 0.940314
vt 0.148276 0.937221
vt 0.147170 0.942488
vt 0.160534 0.938896
vt 0.159610 0.944201
vt 0.173023 0.940157
vt 0.172302 0.945491
vt 0.185724 0.941032
vt 0.185232 0.946382
vt 0.198580 0.941541
vt 0.198337 0.946899
vt 0.211519 0.921887
vt 0.223688 0.921739
vt 0.223860 0.926473
vt 0.235793 0.921265
vt 0.236133 0.925979
vt 0.247765 0.920461
vt 0.248278 0.925153
vt 0.259561 0.919303
vt 0.260266 0.923970
vt 0.271185 0.917755
vt 0.272073 0.922395
vt 0.282632 0.915775
vt 0.283708 0.920380
vt 0.293965 0.913286
vt 0.295203 0.917864
vt 0.305255 0.910373
vt 0.306645 0.914925
vt 0.316477 0.906941
vt 0.318036 0.911448
vt 0.327657 0.902998
vt 0.329369 0.907463
vt 0.338766 0.898553
vt 0.340569 0.902999
vt 0.350000 0.893768
vt 0.351545 0.898238
vt 0.071494 0.898238
vt 0.073039 0.893768
vt 0.084273 0.898553
vt 0.082469 0.902999
vt 0.095382 0.902998
vt 0.093670 0.907463
vt 0.106562 0.906941
vt 0.105003 0.911448
vt 0.117784 0.910373
vt 0.116394 0.914925
vt 0.129073 0.913286
vt 0.127836 0.917864
vt 0.140407 0.915774
vt 0.139334 0.920380
vt 0.151855 0.917754
vt 0.150966 0.922394
vt 0.163478 0.919302
vt 0.162773 0.923969
vt 0.175274 0.920461
vt 0.174761 0.925152
vt 0.187246 0.921265
vt 0.186906 0.925978
vt 0.199351 0.921738
vt 0.770094 0.020496
vt 0.770094 0.028299
vt 0.757428 0.029530
vt 0.755951 0.021846
vt 0.745262 0.033066
vt 0.742364 0.025787
vt 0.734059 0.038819
vt 0.729845 0.032169
vt 0.724181 0.046434
vt 0.718839 0.040730
vt 0.716065 0.055756
vt 0.709762 0.051164
vt 0.709988 0.066424
vt 0.702942 0.063108
vt 0.706137 0.078056
vt 0.698601 0.076137
vt 0.704641 0.090271
vt 0.696886 0.089817
vt 0.705531 0.102628
vt 0.697831 0.103679
vt 0.708755 0.114691
vt 0.701415 0.117221
vt 0.714172 0.125979
vt 0.707521 0.129938
vt 0.721611 0.135912
vt 0.715968 0.141253
vt 0.824223 0.141253
vt 0.818580 0.135913
vt 0.826019 0.125980
vt 0.832670 0.129938
vt 0.831435 0.114691
vt 0.838775 0.117221
vt 0.834659 0.102628
vt 0.842358 0.103679
vt 0.835548 0.090271
vt 0.843303 0.089817
vt 0.834051 0.078056
vt 0.841587 0.076137
vt 0.830200 0.066424
vt 0.837247 0.063108
vt 0.824123 0.055756
vt 0.830426 0.051164
vt 0.816008 0.046434
vt 0.821349 0.040730
vt 0.806129 0.038819
vt 0.810343 0.032169
vt 0.794926 0.033066
vt 0.797824 0.025787
vt 0.782760 0.029530
vt 0.784237 0.021846
vt 0.929744 0.660634
vt 0.935586 0.660637
vt 0.926067 0.693166
vt 0.926065 0.709327
vt 0.920060 0.709439
vt 0.920090 0.693257
vt 0.708566 0.029959
vt 0.697661 0.042515
vt 0.694689 0.040407
vt 0.706032 0.027308
vt 0.926068 0.725398
vt 0.926073 0.741383
vt 0.920006 0.741437
vt 0.920036 0.725495
vt 0.689449 0.056890
vt 0.684202 0.072582
vt 0.680634 0.071744
vt 0.686107 0.055383
vt 0.926094 0.757298
vt 0.926103 0.773199
vt 0.920033 0.773157
vt 0.919916 0.757304
vt 0.682101 0.089054
vt 0.683209 0.105739
vt 0.679591 0.106302
vt 0.678439 0.088916
vt 0.926127 0.789154
vt 0.926147 0.805185
vt 0.920138 0.805072
vt 0.920092 0.789063
vt 0.687514 0.122057
vt 0.694896 0.137401
vt 0.691741 0.139254
vt 0.684070 0.123295
vt 0.926163 0.821300
vt 0.926169 0.837409
vt 0.920171 0.837515
vt 0.920173 0.821217
vt 0.835100 0.151305
vt 0.845295 0.137401
vt 0.848450 0.139253
vt 0.838012 0.153561
vt 0.926139 0.468066
vt 0.926024 0.483867
vt 0.920026 0.483766
vt 0.920421 0.467243
vt 0.852676 0.122056
vt 0.856980 0.105738
vt 0.860599 0.106302
vt 0.856120 0.123294
vt 0.926050 0.499971
vt 0.926067 0.516085
vt 0.920058 0.516209
vt 0.920060 0.500066
vt 0.858088 0.089053
vt 0.855986 0.072581
vt 0.859555 0.071744
vt 0.861750 0.088915
vt 0.926075 0.532116
vt 0.926079 0.548069
vt 0.920009 0.548122
vt 0.920040 0.532217
vt 0.850739 0.056890
vt 0.842527 0.042515
vt 0.845499 0.040407
vt 0.854080 0.055383
vt 0.926094 0.563971
vt 0.926092 0.579886
vt 0.920025 0.579837
vt 0.919916 0.563972
vt 0.831622 0.029959
vt 0.818434 0.019640
vt 0.820416 0.016555
vt 0.834156 0.027308
vt 0.926099 0.595869
vt 0.926098 0.611939
vt 0.920093 0.611826
vt 0.920066 0.595775
vt 0.803392 0.011977
vt 0.787076 0.007230
vt 0.787773 0.003628
vt 0.804756 0.008571
vt 0.926093 0.628100
vt 0.926089 0.644334
vt 0.920137 0.644291
vt 0.920116 0.628005
vt 0.736796 0.011977
vt 0.721754 0.019640
vt 0.719772 0.016555
vt 0.735432 0.008571
vt 0.770094 0.005644
vt 0.770094 0.001953
vt 0.679747 0.750762
vt 0.679830 0.740167
vt 0.678402 0.761907
vt 0.675621 0.772539
vt 0.671628 0.782475
vt 0.666627 0.791634
vt 0.660796 0.800021
vt 0.654301 0.807756
vt 0.647272 0.815027
vt 0.639781 0.822087
vt 0.631738 0.829056
vt 0.622842 0.835747
vt 0.612638 0.841381
vt 0.616965 0.651196
vt 0.606421 0.646255
vt 0.626212 0.657286
vt 0.634562 0.663704
vt 0.642318 0.670215
vt 0.649604 0.676912
vt 0.656386 0.684037
vt 0.662567 0.691775
vt 0.668013 0.700243
vt 0.672586 0.709442
vt 0.676141 0.719287
vt 0.678575 0.729604
vt 0.683398 0.529021
vt 0.684410 0.538386
vt 0.681307 0.519918
vt 0.678208 0.511236
vt 0.674197 0.503088
vt 0.669392 0.495525
vt 0.663909 0.488524
vt 0.657869 0.481981
vt 0.651389 0.475739
vt 0.644556 0.469652
vt 0.637393 0.463683
vt 0.629771 0.458070
vt 0.621364 0.453561
vt 0.634874 0.623325
vt 0.626783 0.628416
vt 0.642183 0.617224
vt 0.649073 0.610798
vt 0.655661 0.604255
vt 0.661897 0.597544
vt 0.667663 0.590518
vt 0.672817 0.583023
vt 0.677209 0.574970
vt 0.680693 0.566352
vt 0.683120 0.557258
vt 0.684360 0.547863
vt 0.908911 0.613636
vt 0.908778 0.626799
vt 0.688706 0.739487
vt 0.687274 0.728028
vt 0.908243 0.639886
vt 0.684595 0.716835
vt 0.907323 0.652795
vt 0.680702 0.706166
vt 0.906002 0.665466
vt 0.675712 0.696228
vt 0.904249 0.677883
vt 0.669801 0.687133
vt 0.902029 0.690074
vt 0.663134 0.678899
vt 0.899324 0.702134
vt 0.655877 0.671413
vt 0.896013 0.714105
vt 0.648144 0.664460
vt 0.892183 0.726084
vt 0.639931 0.657735
vt 0.887804 0.738129
vt 0.631005 0.651008
vt 0.882842 0.750238
vt 0.620869 0.644435
vt 0.877129 0.762326
vt 0.609030 0.638894
vt 0.877129 0.464947
vt 0.882842 0.477035
vt 0.615699 0.848551
vt 0.627160 0.842253
vt 0.887804 0.489144
vt 0.636911 0.835030
vt 0.892183 0.501189
vt 0.645517 0.827714
vt 0.896013 0.513168
vt 0.653466 0.820396
vt 0.899324 0.525138
vt 0.660949 0.812811
vt 0.902029 0.537198
vt 0.667921 0.804641
vt 0.904249 0.549390
vt 0.674231 0.795665
vt 0.906002 0.561806
vt 0.679677 0.785764
vt 0.907323 0.574478
vt 0.684054 0.774934
vt 0.908243 0.587387
vt 0.687125 0.763242
vt 0.908778 0.600474
vt 0.688555 0.750762
vt 0.696479 0.526650
vt 0.697733 0.537240
vt 0.705259 0.525057
vt 0.706693 0.536555
vt 0.694044 0.516302
vt 0.702575 0.513827
vt 0.690483 0.506431
vt 0.698673 0.503123
vt 0.685902 0.497207
vt 0.693677 0.493155
vt 0.680453 0.488712
vt 0.687762 0.484033
vt 0.674274 0.480942
vt 0.681099 0.475770
vt 0.667502 0.473781
vt 0.673859 0.468249
vt 0.660238 0.467032
vt 0.666152 0.461255
vt 0.652514 0.460455
vt 0.657983 0.454467
vt 0.644216 0.453948
vt 0.649112 0.447654
vt 0.635024 0.447752
vt 0.639033 0.440966
vt 0.624524 0.442691
vt 0.627226 0.435286
vt 0.640838 0.633261
vt 0.630673 0.638992
vt 0.645248 0.639794
vt 0.633814 0.646206
vt 0.649683 0.626482
vt 0.654948 0.632475
vt 0.657681 0.619437
vt 0.663509 0.625088
vt 0.665145 0.612323
vt 0.671423 0.617717
vt 0.672158 0.605008
vt 0.678887 0.610098
vt 0.678649 0.597243
vt 0.685850 0.601898
vt 0.684484 0.588830
vt 0.692163 0.592898
vt 0.689494 0.579648
vt 0.697619 0.582972
vt 0.693501 0.569690
vt 0.702010 0.572115
vt 0.696294 0.559035
vt 0.705097 0.560388
vt 0.697646 0.547863
vt 0.706536 0.547863
vt 0.186345 0.933346
vt 0.173933 0.932489
vt 0.161707 0.931263
vt 0.149686 0.929627
vt 0.137850 0.927543
vt 0.126150 0.924973
vt 0.114514 0.921906
vt 0.102885 0.918312
vt 0.091264 0.914207
vt 0.079714 0.909601
vt 0.068382 0.904476
vt 0.343325 0.909601
vt 0.354657 0.904476
vt 0.331775 0.914208
vt 0.320154 0.918313
vt 0.308525 0.921907
vt 0.296889 0.924973
vt 0.285189 0.927544
vt 0.273353 0.929628
vt 0.261330 0.931264
vt 0.249106 0.932490
vt 0.236694 0.933346
vt 0.224149 0.933847
vt 0.888473 0.613636
vt 0.888258 0.625941
vt 0.887752 0.638173
vt 0.886909 0.650279
vt 0.885703 0.662227
vt 0.884099 0.673994
vt 0.882054 0.685586
vt 0.879501 0.697037
vt 0.876515 0.708430
vt 0.872984 0.719767
vt 0.868938 0.731036
vt 0.864406 0.742171
vt 0.859558 0.753071
vt 0.859558 0.474202
vt 0.864406 0.485102
vt 0.868938 0.496237
vt 0.872984 0.507505
vt 0.876515 0.518842
vt 0.879501 0.530236
vt 0.882054 0.541687
vt 0.884099 0.553279
vt 0.885703 0.565046
vt 0.886909 0.576994
vt 0.887752 0.589100
vt 0.888258 0.601332
vt 0.709325 0.612716
vt 0.710789 0.596956
vt 0.814867 0.025083
vt 0.800927 0.018006
vt 0.722260 0.657606
vt 0.715180 0.643626
vt 0.837214 0.046246
vt 0.827096 0.034630
vt 0.743433 0.680044
vt 0.731808 0.669879
vt 0.849707 0.074094
vt 0.844833 0.059558
vt 0.771310 0.692647
vt 0.756757 0.687717
vt 0.850624 0.104828
vt 0.851656 0.089362
vt 0.802115 0.693679
vt 0.786607 0.694652
vt 0.839798 0.134178
vt 0.846630 0.119948
vt 0.831585 0.682958
vt 0.817289 0.689740
vt 0.700393 0.134178
vt 0.709884 0.146998
vt 0.831585 0.542473
vt 0.844490 0.551923
vt 0.926301 0.853182
vt 0.689566 0.104829
vt 0.693560 0.119949
vt 0.802115 0.531752
vt 0.817289 0.535691
vt 0.690482 0.074094
vt 0.688533 0.089362
vt 0.771310 0.532785
vt 0.786607 0.530779
vt 0.702974 0.046246
vt 0.695355 0.059558
vt 0.743433 0.545387
vt 0.756757 0.537715
vt 0.725321 0.025083
vt 0.713093 0.034630
vt 0.722260 0.567826
vt 0.731808 0.555553
vt 0.754373 0.013615
vt 0.739261 0.018006
vt 0.715180 0.581806
vt 0.770094 0.012154
vt 0.785815 0.013615
vt 0.753112 0.007230
vt 0.752415 0.003628
vt 0.844490 0.673509
vt 0.705091 0.151305
vt 0.702180 0.153561
vt 0.830307 0.146999
vt 0.920584 0.854022
vt 0.710789 0.628475
vt 0.702931 0.612716
vt 0.699225 0.612716
vt 0.883550 0.601509
vt 0.883701 0.613636
vt 0.883065 0.589446
vt 0.882241 0.577515
vt 0.881058 0.565759
vt 0.879482 0.554178
vt 0.877469 0.542771
vt 0.874945 0.531486
vt 0.871985 0.520248
vt 0.868500 0.509083
vt 0.864500 0.497970
vt 0.859986 0.486935
vt 0.855120 0.475798
vt 0.859986 0.740338
vt 0.855120 0.751474
vt 0.864500 0.729303
vt 0.868499 0.718190
vt 0.871985 0.707025
vt 0.874945 0.695787
vt 0.877469 0.684502
vt 0.879482 0.673095
vt 0.881058 0.661514
vt 0.882241 0.649758
vt 0.883065 0.637827
vt 0.883550 0.625764
vt 0.940631 0.660639
vt 0.940795 0.676989
vt 0.914991 0.676978
vt 0.915168 0.660628
vt 0.914943 0.693316
vt 0.940832 0.693321
vt 0.940877 0.709510
vt 0.914895 0.709513
vt 0.914850 0.725557
vt 0.940929 0.725546
vt 0.940997 0.741440
vt 0.914801 0.741460
vt 0.914643 0.757314
vt 0.941182 0.757289
vt 0.941030 0.773123
vt 0.914828 0.773151
vt 0.914906 0.789012
vt 0.940992 0.788979
vt 0.940967 0.804965
vt 0.914972 0.805000
vt 0.915024 0.821158
vt 0.940963 0.821118
vt 0.941004 0.837553
vt 0.915033 0.837592
vt 0.915528 0.854680
vt 0.940551 0.854655
vt 0.940386 0.466605
vt 0.940859 0.483691
vt 0.914888 0.483696
vt 0.915363 0.466592
vt 0.914912 0.500135
vt 0.940850 0.500121
vt 0.940887 0.516276
vt 0.914892 0.516292
vt 0.914854 0.532277
vt 0.940941 0.532264
vt 0.941006 0.548123
vt 0.914805 0.548136
vt 0.914643 0.563970
vt 0.941180 0.563959
vt 0.941016 0.579814
vt 0.914820 0.579819
vt 0.914881 0.595715
vt 0.940959 0.595715
vt 0.940910 0.611758
vt 0.914928 0.611751
vt 0.914970 0.627943
vt 0.940859 0.627953
vt 0.940809 0.644287
vt 0.915005 0.644278
vt 0.410545 0.273061
vt 0.694533 0.273062
vt 0.406227 0.249370
vt 0.698851 0.249370
vt 0.404444 0.225115
vt 0.700634 0.225115
vt 0.406227 0.200860
vt 0.698850 0.200860
vt 0.410544 0.177173
vt 0.694533 0.177173
vt 0.598000 0.955057
vt 0.372072 0.826330
vt 0.348595 0.830272
vt 0.326943 0.836355
vt 0.374460 0.661429
vt 0.351458 0.656630
vt 0.330186 0.649643
vt 0.371828 0.877042
vt 0.372026 0.883630
vt 0.367251 0.883756
vt 0.367055 0.877197
vt 0.387631 0.837161
vt 0.389508 0.876413
vt 0.384558 0.876637
vt 0.383023 0.837253
vt 0.909901 0.913407
vt 0.936372 0.913309
vt 0.936381 0.915674
vt 0.909910 0.915772
vt 0.372935 0.929514
vt 0.373070 0.934113
vt 0.369273 0.933310
vt 0.368336 0.929539
vt 0.392218 0.916263
vt 0.392406 0.929227
vt 0.385813 0.929337
vt 0.385615 0.916373
vt 0.585335 0.850211
vt 0.584935 0.856830
vt 0.578223 0.856641
vt 0.580386 0.849977
vt 0.602841 0.850721
vt 0.598067 0.850595
vt 0.598442 0.837698
vt 0.603036 0.837905
vt 0.478269 0.849394
vt 0.478060 0.856016
vt 0.471346 0.855989
vt 0.473322 0.849290
vt 0.495575 0.836570
vt 0.495993 0.849337
vt 0.491048 0.849415
vt 0.490982 0.836512
vt 0.425074 0.849690
vt 0.425158 0.856291
vt 0.420382 0.856331
vt 0.420300 0.849728
vt 0.442103 0.836595
vt 0.442754 0.849386
vt 0.437807 0.849532
vt 0.437507 0.836617
vt 0.584437 0.876705
vt 0.584312 0.883322
vt 0.577691 0.883202
vt 0.577820 0.876582
vt 0.602165 0.877081
vt 0.597392 0.876977
vt 0.597688 0.863783
vt 0.602462 0.863903
vt 0.584717 0.863457
vt 0.578091 0.863367
vt 0.558172 0.876245
vt 0.557839 0.882865
vt 0.551113 0.882762
vt 0.553219 0.876074
vt 0.571198 0.876471
vt 0.571463 0.863449
vt 0.504521 0.875946
vt 0.504527 0.882561
vt 0.497900 0.882541
vt 0.497896 0.875924
vt 0.522030 0.863119
vt 0.522499 0.875879
vt 0.517545 0.875960
vt 0.517433 0.863066
vt 0.504531 0.862941
vt 0.497908 0.862725
vt 0.478016 0.875885
vt 0.478024 0.882502
vt 0.471401 0.882509
vt 0.471389 0.875894
vt 0.491272 0.875903
vt 0.491277 0.862657
vt 0.478002 0.862642
vt 0.471364 0.862700
vt 0.451502 0.875968
vt 0.451525 0.882582
vt 0.444899 0.882621
vt 0.444874 0.876001
vt 0.464760 0.875915
vt 0.464725 0.862915
vt 0.451458 0.862963
vt 0.444823 0.862795
vt 0.425227 0.876123
vt 0.425046 0.882745
vt 0.418323 0.882792
vt 0.420271 0.876085
vt 0.438247 0.876041
vt 0.438189 0.862786
vt 0.583612 0.929337
vt 0.583557 0.934111
vt 0.576949 0.934008
vt 0.577012 0.929234
vt 0.601100 0.929504
vt 0.596500 0.929488
vt 0.596751 0.916598
vt 0.601524 0.916694
vt 0.583798 0.916381
vt 0.577189 0.916275
vt 0.557218 0.928943
vt 0.557160 0.933716
vt 0.550572 0.933633
vt 0.550623 0.928860
vt 0.570410 0.929129
vt 0.570578 0.916170
vt 0.557363 0.915978
vt 0.550753 0.915900
vt 0.530846 0.928695
vt 0.530815 0.933469
vt 0.524228 0.933434
vt 0.524255 0.928657
vt 0.544032 0.928792
vt 0.544146 0.915832
vt 0.530927 0.915731
vt 0.524319 0.915696
vt 0.504797 0.928560
vt 0.504851 0.933162
vt 0.501074 0.932296
vt 0.500203 0.928510
vt 0.517665 0.928634
vt 0.517711 0.915668
vt 0.372667 0.916627
vt 0.367896 0.916735
vt 0.425368 0.928809
vt 0.425424 0.933582
vt 0.418834 0.933647
vt 0.418780 0.928872
vt 0.443185 0.915816
vt 0.442828 0.928591
vt 0.438234 0.928668
vt 0.438243 0.915765
vt 0.425252 0.915845
vt 0.418646 0.915905
vt 0.399002 0.929125
vt 0.399068 0.933900
vt 0.392473 0.934003
vt 0.412187 0.928943
vt 0.412037 0.915981
vt 0.951124 0.443971
vt 0.950660 0.456410
vt 0.946068 0.456308
vt 0.946528 0.443721
vt 0.907143 0.442193
vt 0.906740 0.454922
vt 0.900152 0.454725
vt 0.900512 0.441791
vt 0.906586 0.459694
vt 0.900027 0.459500
vt 0.398733 0.909535
vt 0.392118 0.909636
vt 0.391677 0.883111
vt 0.398420 0.884989
vt 0.854448 0.440938
vt 0.854270 0.453815
vt 0.849671 0.453680
vt 0.849675 0.440877
vt 0.867412 0.441137
vt 0.867157 0.454083
vt 0.854245 0.458414
vt 0.850474 0.457477
vt 0.873760 0.454195
vt 0.874032 0.441245
vt 0.933187 0.228671
vt 0.933573 0.241404
vt 0.926955 0.241805
vt 0.926593 0.228873
vt 0.946084 0.228295
vt 0.946482 0.240861
vt 0.933809 0.246353
vt 0.927145 0.248516
vt 0.950679 0.228217
vt 0.951083 0.240624
vt 0.934379 0.335710
vt 0.934397 0.348487
vt 0.927775 0.348694
vt 0.927758 0.335523
vt 0.947298 0.335795
vt 0.947309 0.348357
vt 0.934493 0.353435
vt 0.927797 0.355408
vt 0.951901 0.335869
vt 0.951908 0.348269
vt 0.934258 0.388946
vt 0.934098 0.401679
vt 0.927497 0.401594
vt 0.927634 0.388669
vt 0.947174 0.389250
vt 0.947002 0.401819
vt 0.934058 0.406453
vt 0.927457 0.406368
vt 0.951772 0.389399
vt 0.951604 0.401810
vt 0.906804 0.229355
vt 0.907079 0.242307
vt 0.900462 0.242436
vt 0.900206 0.229478
vt 0.919999 0.229054
vt 0.920328 0.242025
vt 0.907205 0.248924
vt 0.900585 0.249057
vt 0.907319 0.255548
vt 0.907548 0.268574
vt 0.900929 0.268910
vt 0.900701 0.255685
vt 0.920340 0.255279
vt 0.920458 0.268186
vt 0.907722 0.273527
vt 0.901035 0.275636
vt 0.925056 0.268043
vt 0.925294 0.255259
vt 0.907833 0.309207
vt 0.907848 0.322232
vt 0.901233 0.322225
vt 0.901219 0.309000
vt 0.920728 0.309319
vt 0.920854 0.322222
vt 0.907871 0.328856
vt 0.901253 0.328853
vt 0.925799 0.322127
vt 0.925324 0.309367
vt 0.907892 0.335480
vt 0.907904 0.348736
vt 0.901288 0.348728
vt 0.901274 0.335478
vt 0.921135 0.335477
vt 0.921149 0.348751
vt 0.907894 0.355363
vt 0.901279 0.355351
vt 0.907875 0.361992
vt 0.907821 0.375251
vt 0.901208 0.375228
vt 0.901263 0.361975
vt 0.920874 0.362028
vt 0.920825 0.375295
vt 0.907789 0.381879
vt 0.901168 0.381854
vt 0.925771 0.375253
vt 0.925815 0.362103
vt 0.907748 0.388506
vt 0.907667 0.401526
vt 0.901044 0.401707
vt 0.901124 0.388484
vt 0.921003 0.388563
vt 0.920892 0.401529
vt 0.907705 0.406481
vt 0.901000 0.408430
vt 0.874150 0.434633
vt 0.900668 0.435074
vt 0.873789 0.229900
vt 0.873703 0.225127
vt 0.900115 0.224705
vt 0.874238 0.256089
vt 0.874129 0.249472
vt 0.899118 0.282366
vt 0.874579 0.282549
vt 0.874514 0.275934
vt 0.874748 0.309021
vt 0.874722 0.302402
vt 0.901212 0.302275
vt 0.876760 0.335570
vt 0.874764 0.328911
vt 0.877002 0.361894
vt 0.877021 0.355304
vt 0.874644 0.388368
vt 0.874677 0.381677
vt 0.854294 0.230259
vt 0.854449 0.243147
vt 0.849675 0.243202
vt 0.849694 0.230388
vt 0.867183 0.230004
vt 0.867405 0.242959
vt 0.854551 0.249746
vt 0.849777 0.249810
vt 0.874017 0.242858
vt 0.854654 0.256347
vt 0.854848 0.269540
vt 0.850075 0.269599
vt 0.849880 0.256413
vt 0.867617 0.256177
vt 0.867809 0.269392
vt 0.854928 0.276135
vt 0.850155 0.276186
vt 0.874433 0.269316
vt 0.854995 0.282726
vt 0.855103 0.295908
vt 0.850329 0.295944
vt 0.850222 0.282769
vt 0.867960 0.282609
vt 0.868063 0.295827
vt 0.855141 0.302501
vt 0.850364 0.302529
vt 0.874686 0.295780
vt 0.855164 0.309090
vt 0.855237 0.321958
vt 0.850635 0.321905
vt 0.850390 0.309120
vt 0.868129 0.309043
vt 0.868141 0.322039
vt 0.855288 0.326552
vt 0.851502 0.325681
vt 0.874762 0.322215
vt 0.855119 0.388516
vt 0.854977 0.401382
vt 0.850203 0.401325
vt 0.850517 0.388544
vt 0.868021 0.388508
vt 0.867940 0.401499
vt 0.854913 0.407971
vt 0.850138 0.407916
vt 0.874561 0.401556
vt 0.854840 0.414565
vt 0.854662 0.427749
vt 0.849887 0.427684
vt 0.850066 0.414506
vt 0.867801 0.414714
vt 0.867630 0.427926
vt 0.854559 0.434345
vt 0.849783 0.434278
vt 0.874254 0.428018
vt 0.874424 0.414790
vt 0.952688 0.228017
vt 0.953098 0.240690
vt 0.841075 0.916089
vt 0.836025 0.916130
vt 0.836015 0.913831
vt 0.841052 0.913751
vt 0.951349 0.245362
vt 0.950352 0.244441
vt 0.953138 0.443911
vt 0.952668 0.456619
vt 0.522279 0.995567
vt 0.527331 0.995570
vt 0.527328 0.997874
vt 0.522282 0.997911
vt 0.950568 0.461172
vt 0.949644 0.460176
vt 0.953788 0.389298
vt 0.953613 0.401974
vt 0.378080 0.995618
vt 0.383132 0.995607
vt 0.383130 0.997909
vt 0.378088 0.997962
vt 0.951634 0.406561
vt 0.950685 0.405590
vt 0.953912 0.335732
vt 0.953923 0.348401
vt 0.658523 0.915792
vt 0.653467 0.915791
vt 0.653476 0.913494
vt 0.658519 0.913455
vt 0.952029 0.353013
vt 0.951061 0.352056
vt 0.933004 0.221785
vt 0.945961 0.221685
vt 0.945878 0.223702
vt 0.933061 0.223898
vt 0.863855 0.915971
vt 0.858801 0.916005
vt 0.858788 0.913704
vt 0.863827 0.913630
vt 0.950625 0.223467
vt 0.949694 0.224456
vt 0.906653 0.222469
vt 0.919824 0.222166
vt 0.919878 0.224279
vt 0.906700 0.224582
vt 0.890055 0.915848
vt 0.883437 0.915872
vt 0.883428 0.913505
vt 0.890047 0.913482
vt 0.926404 0.221984
vt 0.926464 0.224097
vt 0.873666 0.223014
vt 0.900077 0.222593
vt 0.854095 0.223649
vt 0.867040 0.223118
vt 0.867087 0.225232
vt 0.854277 0.225659
vt 0.943000 0.915651
vt 0.942999 0.913286
vt 0.866998 0.460967
vt 0.854060 0.460424
vt 0.867048 0.458854
vt 0.959619 0.048051
vt 0.959646 0.053108
vt 0.957346 0.053115
vt 0.957278 0.048074
vt 0.849497 0.458419
vt 0.945865 0.462928
vt 0.906515 0.461806
vt 0.945815 0.460909
vt 0.571818 0.995672
vt 0.578435 0.995682
vt 0.578430 0.998047
vt 0.571811 0.998038
vt 0.899975 0.461613
vt 0.927462 0.255456
vt 0.927068 0.268156
vt 0.795475 0.916228
vt 0.790428 0.916234
vt 0.790430 0.913938
vt 0.795445 0.913889
vt 0.925242 0.272777
vt 0.924260 0.271838
vt 0.927333 0.309210
vt 0.927962 0.321888
vt 0.704150 0.915855
vt 0.699064 0.915841
vt 0.699064 0.913416
vt 0.704175 0.913485
vt 0.929904 0.326674
vt 0.927775 0.328812
vt 0.927982 0.362327
vt 0.927936 0.375042
vt 0.612843 0.915716
vt 0.607772 0.915732
vt 0.607612 0.913339
vt 0.612825 0.913345
vt 0.929863 0.379847
vt 0.927712 0.381959
vt 0.901283 0.282572
vt 0.901366 0.295345
vt 0.899200 0.295575
vt 0.749860 0.916024
vt 0.744778 0.915980
vt 0.744788 0.913554
vt 0.749877 0.913654
vt 0.903340 0.300140
vt 0.901120 0.415367
vt 0.900953 0.428143
vt 0.898785 0.428332
vt 0.898955 0.415123
vt 0.450221 0.995540
vt 0.455300 0.995541
vt 0.455303 0.997966
vt 0.450225 0.997902
vt 0.902848 0.432992
vt 0.874910 0.348724
vt 0.874599 0.335804
vt 0.877022 0.348714
vt 0.959840 0.195828
vt 0.959803 0.200910
vt 0.957378 0.200898
vt 0.957470 0.195805
vt 0.872640 0.331050
vt 0.874538 0.374790
vt 0.874890 0.361878
vt 0.876697 0.375031
vt 0.959944 0.169650
vt 0.959928 0.176262
vt 0.957566 0.176256
vt 0.957581 0.169656
vt 0.874908 0.355301
vt 0.847656 0.453790
vt 0.847561 0.440852
vt 0.959687 0.071128
vt 0.959717 0.077745
vt 0.957353 0.077754
vt 0.957322 0.071128
vt 0.847670 0.434246
vt 0.847561 0.243224
vt 0.847680 0.230275
vt 0.959500 0.320890
vt 0.959468 0.325956
vt 0.957167 0.325820
vt 0.957159 0.320882
vt 0.849529 0.225647
vt 0.850504 0.226591
vt 0.847962 0.269627
vt 0.847768 0.256444
vt 0.959563 0.294702
vt 0.959544 0.301320
vt 0.957179 0.301315
vt 0.957198 0.294695
vt 0.847664 0.249840
vt 0.848216 0.295958
vt 0.848109 0.282788
vt 0.959633 0.268234
vt 0.959615 0.274850
vt 0.957250 0.274844
vt 0.957268 0.268228
vt 0.848042 0.276209
vt 0.848622 0.322050
vt 0.848276 0.309135
vt 0.959697 0.241768
vt 0.959681 0.248383
vt 0.957316 0.248377
vt 0.957332 0.241753
vt 0.848251 0.302539
vt 0.848089 0.401298
vt 0.848505 0.388387
vt 0.959925 0.123769
vt 0.959952 0.128821
vt 0.957655 0.128826
vt 0.957584 0.123797
vt 0.850447 0.383809
vt 0.851404 0.384772
vt 0.847775 0.427654
vt 0.847953 0.414480
vt 0.959807 0.097595
vt 0.959834 0.104213
vt 0.957468 0.104224
vt 0.957442 0.097606
vt 0.848025 0.407894
vt 0.946819 0.247461
vt 0.934112 0.248505
vt 0.946591 0.245456
vt 0.818297 0.916162
vt 0.813218 0.916163
vt 0.813214 0.913738
vt 0.818311 0.913792
vt 0.929331 0.250598
vt 0.934696 0.328601
vt 0.947399 0.329192
vt 0.947245 0.331202
vt 0.934464 0.330764
vt 0.681299 0.915868
vt 0.676247 0.915863
vt 0.676251 0.913564
vt 0.681274 0.913529
vt 0.952000 0.331123
vt 0.951037 0.332082
vt 0.947438 0.354960
vt 0.934732 0.355597
vt 0.947275 0.352951
vt 0.635701 0.915717
vt 0.630613 0.915704
vt 0.630618 0.913279
vt 0.635726 0.913347
vt 0.929929 0.357540
vt 0.934668 0.381839
vt 0.947386 0.382645
vt 0.947197 0.384654
vt 0.934405 0.383999
vt 0.355301 0.995613
vt 0.360353 0.995602
vt 0.360356 0.997902
vt 0.355330 0.997953
vt 0.951954 0.384659
vt 0.950974 0.385599
vt 0.947001 0.408428
vt 0.934041 0.408567
vt 0.946881 0.406416
vt 0.401151 0.995629
vt 0.407770 0.995619
vt 0.407772 0.997985
vt 0.401143 0.997993
vt 0.927435 0.408480
vt 0.499513 0.995505
vt 0.504561 0.995508
vt 0.504552 0.997811
vt 0.499504 0.997847
vt 0.946823 0.437105
vt 0.951385 0.439215
vt 0.950389 0.440137
vt 0.946619 0.439114
vt 0.920697 0.274793
vt 0.908000 0.275685
vt 0.920498 0.272785
vt 0.772702 0.916139
vt 0.767626 0.916107
vt 0.767641 0.913682
vt 0.772736 0.913770
vt 0.903200 0.277733
vt 0.908149 0.302092
vt 0.920830 0.302712
vt 0.920674 0.304721
vt 0.907913 0.304253
vt 0.726982 0.915937
vt 0.721921 0.915932
vt 0.721927 0.913635
vt 0.726960 0.913599
vt 0.925414 0.304627
vt 0.924452 0.305587
vt 0.920856 0.408415
vt 0.907919 0.408644
vt 0.920864 0.406301
vt 0.427365 0.995601
vt 0.432448 0.995598
vt 0.432452 0.998023
vt 0.427356 0.997971
vt 0.903115 0.410575
vt 0.867832 0.329145
vt 0.855133 0.328564
vt 0.868064 0.326982
vt 0.959772 0.218696
vt 0.959768 0.223754
vt 0.957469 0.223751
vt 0.957434 0.218716
vt 0.850539 0.326639
vt 0.855051 0.381910
vt 0.867751 0.381402
vt 0.867971 0.383566
vt 0.855195 0.383922
vt 0.959939 0.146545
vt 0.959929 0.151623
vt 0.957504 0.151621
vt 0.957570 0.146526
vt 0.872564 0.379530
vt 0.445349 0.916036
vt 0.444840 0.928736
vt 0.499771 0.915733
vt 0.498192 0.928666
vt 0.497608 0.915965
vt 0.420451 0.862924
vt 0.418109 0.875871
vt 0.418337 0.862932
vt 0.524040 0.862963
vt 0.524660 0.875642
vt 0.553956 0.863297
vt 0.551061 0.875796
vt 0.551948 0.863099
vt 0.420342 0.836904
vt 0.418187 0.849744
vt 0.418330 0.836783
vt 0.444112 0.836407
vt 0.444914 0.849123
vt 0.473828 0.836495
vt 0.471160 0.849048
vt 0.471820 0.836328
vt 0.497585 0.836419
vt 0.498157 0.849107
vt 0.581281 0.837193
vt 0.578233 0.849674
vt 0.579276 0.836966
vt 0.412245 0.933717
vt 0.412272 0.935830
vt 0.399098 0.936012
vt 0.438206 0.933270
vt 0.438362 0.935282
vt 0.425451 0.935696
vt 0.517636 0.933407
vt 0.517621 0.935521
vt 0.504706 0.935175
vt 0.543990 0.933566
vt 0.543972 0.935679
vt 0.530801 0.935582
vt 0.570346 0.933903
vt 0.570316 0.936016
vt 0.557132 0.935829
vt 0.596372 0.934088
vt 0.596486 0.936103
vt 0.583536 0.936224
vt 0.385874 0.934110
vt 0.385899 0.936224
vt 0.372960 0.936128
vt 0.451720 0.907090
vt 0.464857 0.906784
vt 0.464873 0.908898
vt 0.451962 0.909250
vt 0.478037 0.906771
vt 0.491181 0.907036
vt 0.490948 0.909196
vt 0.478027 0.908884
vt 0.398610 0.882823
vt 0.411389 0.882675
vt 0.411632 0.884840
vt 0.531178 0.884587
vt 0.531410 0.882421
vt 0.544179 0.882518
vt 0.544384 0.884683
vt 0.451499 0.858017
vt 0.451710 0.855853
vt 0.464426 0.855807
vt 0.464651 0.857973
vt 0.504625 0.857997
vt 0.504865 0.855834
vt 0.517541 0.856460
vt 0.517384 0.858469
vt 0.558698 0.858737
vt 0.558583 0.856725
vt 0.571283 0.856327
vt 0.571481 0.858495
vt 0.365835 0.837968
vt 0.364943 0.877268
vt 0.363817 0.837918
vt 0.366326 0.929724
vt 0.365783 0.916785
vt 0.603637 0.916739
vt 0.603110 0.929685
vt 0.604574 0.863956
vt 0.604277 0.877127
vt 0.605052 0.837821
vt 0.604954 0.850777
vt 0.490922 0.831908
vt 0.478522 0.831867
vt 0.478397 0.829852
vt 0.491065 0.829898
vt 0.437360 0.832019
vt 0.424950 0.832182
vt 0.424786 0.830173
vt 0.437462 0.830002
vt 0.382773 0.832657
vt 0.370334 0.833122
vt 0.370125 0.831114
vt 0.382833 0.830642
vt 0.598521 0.833103
vt 0.586113 0.832701
vt 0.586046 0.830686
vt 0.598720 0.831094
vt 0.602281 0.834088
vt 0.603270 0.833158
vt 0.853881 0.941238
vt 0.841184 0.941296
vt 0.841182 0.938959
vt 0.853860 0.938895
vt 0.858923 0.941157
vt 0.858912 0.938856
vt 0.582296 0.833432
vt 0.581375 0.832435
vt 0.836138 0.941268
vt 0.836124 0.938969
vt 0.366568 0.834138
vt 0.365573 0.833215
vt 0.527394 0.970408
vt 0.532452 0.970376
vt 0.532435 0.972718
vt 0.527385 0.972711
vt 0.386607 0.833391
vt 0.387529 0.832394
vt 0.509647 0.970309
vt 0.522346 0.970348
vt 0.522330 0.972686
vt 0.509651 0.972653
vt 0.504594 0.970351
vt 0.504593 0.972655
vt 0.441160 0.832818
vt 0.442100 0.831838
vt 0.365392 0.970400
vt 0.378088 0.970406
vt 0.378077 0.972743
vt 0.365401 0.972743
vt 0.360349 0.970456
vt 0.360347 0.972757
vt 0.421169 0.833100
vt 0.420198 0.832151
vt 0.383133 0.970456
vt 0.383132 0.972757
vt 0.494704 0.832779
vt 0.495665 0.831819
vt 0.671138 0.941046
vt 0.658440 0.940998
vt 0.658461 0.938661
vt 0.671134 0.938702
vt 0.676184 0.941002
vt 0.676193 0.938702
vt 0.474731 0.832707
vt 0.473777 0.831737
vt 0.653399 0.940925
vt 0.653404 0.938629
vt 0.602643 0.857317
vt 0.604755 0.857377
vt 0.876922 0.941154
vt 0.863961 0.941180
vt 0.863966 0.938839
vt 0.876920 0.938789
vt 0.883543 0.941124
vt 0.883534 0.938759
vt 0.602042 0.883666
vt 0.604155 0.883703
vt 0.903391 0.941042
vt 0.890158 0.941094
vt 0.890148 0.938729
vt 0.903381 0.938676
vt 0.910005 0.941016
vt 0.909997 0.938651
vt 0.601628 0.910078
vt 0.603741 0.910114
vt 0.936471 0.940920
vt 0.936462 0.938555
vt 0.600169 0.933277
vt 0.601114 0.934252
vt 0.956038 0.940822
vt 0.943093 0.940897
vt 0.943079 0.938532
vt 0.956033 0.938482
vt 0.960974 0.940786
vt 0.961096 0.938484
vt 0.367785 0.910128
vt 0.365673 0.910174
vt 0.984829 0.035040
vt 0.984822 0.047996
vt 0.982481 0.047984
vt 0.982464 0.035036
vt 0.984814 0.028417
vt 0.982449 0.028421
vt 0.368331 0.934287
vt 0.984785 0.053028
vt 0.982486 0.053035
vt 0.365139 0.883808
vt 0.984767 0.001953
vt 0.982402 0.001957
vt 0.959525 0.001995
vt 0.959565 0.028465
vt 0.957199 0.028469
vt 0.957159 0.001998
vt 0.571856 0.970422
vt 0.571855 0.972787
vt 0.578473 0.970430
vt 0.578471 0.972796
vt 0.576141 0.854455
vt 0.808151 0.941470
vt 0.795426 0.941406
vt 0.795456 0.939068
vt 0.808176 0.939101
vt 0.813271 0.941529
vt 0.813265 0.939104
vt 0.554903 0.859535
vt 0.553963 0.858553
vt 0.790389 0.941347
vt 0.790393 0.939049
vt 0.521164 0.859341
vt 0.522124 0.858379
vt 0.716830 0.941087
vt 0.704146 0.941138
vt 0.704124 0.938769
vt 0.716803 0.938749
vt 0.721848 0.941045
vt 0.721853 0.938749
vt 0.497942 0.856023
vt 0.500080 0.853895
vt 0.699044 0.941206
vt 0.699043 0.938781
vt 0.469214 0.853856
vt 0.625500 0.940981
vt 0.612796 0.940963
vt 0.612817 0.938592
vt 0.625507 0.938612
vt 0.630591 0.941054
vt 0.630590 0.938629
vt 0.444793 0.856077
vt 0.446905 0.853927
vt 0.607578 0.940957
vt 0.607741 0.938564
vt 0.549015 0.880598
vt 0.762421 0.941346
vt 0.749736 0.941280
vt 0.749747 0.938911
vt 0.762440 0.938983
vt 0.767517 0.941450
vt 0.767527 0.939025
vt 0.524478 0.882578
vt 0.526613 0.880450
vt 0.744646 0.941322
vt 0.744664 0.938897
vt 0.416178 0.880677
vt 0.437484 0.970331
vt 0.450171 0.970295
vt 0.450180 0.972664
vt 0.437488 0.972693
vt 0.432400 0.970267
vt 0.432407 0.972692
vt 0.393759 0.880929
vt 0.455259 0.970214
vt 0.455267 0.972639
vt 0.471446 0.906773
vt 0.471449 0.908884
vt 0.985129 0.182936
vt 0.985110 0.195910
vt 0.982740 0.195913
vt 0.982767 0.182938
vt 0.959908 0.182875
vt 0.957546 0.182856
vt 0.985149 0.176323
vt 0.982784 0.176317
vt 0.497841 0.909032
vt 0.495702 0.911156
vt 0.985157 0.201010
vt 0.982732 0.201000
vt 0.445074 0.909111
vt 0.447221 0.911224
vt 0.985211 0.156732
vt 0.985162 0.169710
vt 0.982801 0.169695
vt 0.982842 0.156713
vt 0.959941 0.156698
vt 0.957571 0.156711
vt 0.985284 0.151625
vt 0.982859 0.151624
vt 0.984854 0.058062
vt 0.984941 0.071018
vt 0.982577 0.071037
vt 0.982513 0.058088
vt 0.959652 0.058164
vt 0.957311 0.058155
vt 0.392505 0.936116
vt 0.984969 0.077639
vt 0.982603 0.077650
vt 0.576918 0.936121
vt 0.984773 0.308010
vt 0.984703 0.320962
vt 0.982362 0.320957
vt 0.982408 0.307997
vt 0.959527 0.307936
vt 0.957162 0.307936
vt 0.984791 0.301388
vt 0.982426 0.301381
vt 0.984666 0.325898
vt 0.982364 0.326020
vt 0.550549 0.935746
vt 0.984840 0.281536
vt 0.984807 0.294768
vt 0.982442 0.294762
vt 0.982476 0.281530
vt 0.959598 0.281469
vt 0.957233 0.281463
vt 0.984858 0.274917
vt 0.982493 0.274911
vt 0.524218 0.935547
vt 0.984912 0.255067
vt 0.984875 0.268301
vt 0.982511 0.268295
vt 0.982547 0.255063
vt 0.959666 0.255002
vt 0.957301 0.254994
vt 0.984932 0.248449
vt 0.982566 0.248444
vt 0.500117 0.933259
vt 0.984940 0.228857
vt 0.984949 0.241824
vt 0.982585 0.241829
vt 0.982599 0.228870
vt 0.959743 0.228814
vt 0.957402 0.228790
vt 0.984895 0.223824
vt 0.982597 0.223816
vt 0.418856 0.935759
vt 0.985114 0.110740
vt 0.985120 0.123717
vt 0.982779 0.123708
vt 0.982749 0.110739
vt 0.959860 0.110825
vt 0.957495 0.110845
vt 0.985084 0.104112
vt 0.982719 0.104121
vt 0.441978 0.932383
vt 0.442941 0.933340
vt 0.985079 0.128758
vt 0.982780 0.128764
vt 0.984995 0.084258
vt 0.985054 0.097491
vt 0.982689 0.097501
vt 0.982630 0.084269
vt 0.959749 0.084364
vt 0.957384 0.084375
vt 0.831104 0.941338
vt 0.818384 0.941449
vt 0.818353 0.939079
vt 0.831066 0.939000
vt 0.830973 0.916147
vt 0.830991 0.913808
vt 0.693934 0.941138
vt 0.681220 0.941061
vt 0.681251 0.938722
vt 0.693958 0.938768
vt 0.648375 0.940959
vt 0.635689 0.940993
vt 0.635671 0.938624
vt 0.648352 0.938620
vt 0.648409 0.915768
vt 0.648442 0.913430
vt 0.342585 0.970362
vt 0.355313 0.970410
vt 0.355290 0.972749
vt 0.342586 0.972739
vt 0.337362 0.970367
vt 0.337516 0.972764
vt 0.388170 0.970410
vt 0.401132 0.970377
vt 0.401140 0.972741
vt 0.388187 0.972751
vt 0.388186 0.995618
vt 0.388169 0.997959
vt 0.418269 0.856352
vt 0.407750 0.970380
vt 0.407752 0.972744
vt 0.389639 0.836957
vt 0.499527 0.970300
vt 0.499536 0.972642
vt 0.785353 0.941388
vt 0.772629 0.941410
vt 0.772614 0.939041
vt 0.785330 0.939050
vt 0.785375 0.916213
vt 0.785413 0.913875
vt 0.739549 0.941231
vt 0.726867 0.941114
vt 0.726908 0.938775
vt 0.739586 0.938861
vt 0.414355 0.970381
vt 0.427308 0.970341
vt 0.427325 0.972711
vt 0.414366 0.972743
vt 0.414390 0.995609
vt 0.414385 0.997971
vt 0.391662 0.876132
vt 0.460338 0.970263
vt 0.460354 0.972634
vt 0.460382 0.995527
vt 0.460368 0.997899
vt 0.985067 0.206113
vt 0.984958 0.218801
vt 0.982619 0.218764
vt 0.982698 0.206082
vt 0.959790 0.205990
vt 0.957420 0.206003
vt 0.982803 0.133825
vt 0.959956 0.133871
vt 0.985141 0.133794
vt 0.985219 0.146515
vt 0.982849 0.146539
vt 0.957617 0.133846
vt 0.959574 0.035086
vt 0.957209 0.035100
vt 0.955962 0.915620
vt 0.955953 0.913279
vt 0.907366 0.437242
vt 0.907647 0.435088
vt 0.532384 0.995590
vt 0.532391 0.997932
vt 0.739693 0.915960
vt 0.739679 0.913590
vt 0.920994 0.381930
vt 0.903293 0.915797
vt 0.903284 0.913432
vt 0.342618 0.995654
vt 0.337546 0.995649
vt 0.342624 0.998031
vt 0.337403 0.998047
vt 0.693982 0.915853
vt 0.693961 0.913483
vt 0.876820 0.915897
vt 0.876800 0.913533
vt 0.437533 0.995572
vt 0.437542 0.997941
vt 0.365407 0.995616
vt 0.365397 0.997954
vt 0.716860 0.915907
vt 0.716893 0.913568
vt 0.762548 0.916095
vt 0.762557 0.913732
vt 0.808145 0.916186
vt 0.808116 0.913817
vt 0.853746 0.916020
vt 0.853743 0.913676
vt 0.509609 0.995534
vt 0.509593 0.997871
vt 0.625530 0.915716
vt 0.625525 0.913346
vt 0.671194 0.915833
vt 0.671214 0.913490
vt 0.867512 0.249567
vt 0.867890 0.276001
vt 0.873610 0.461082
vt 0.873655 0.458969
vt 0.961029 0.915589
vt 0.867877 0.408105
vt 0.960892 0.913287
vt 0.868100 0.302435
vt 0.874500 0.408172
vt 0.920420 0.248651
vt 0.867525 0.434533
vt 0.398825 0.916158
vt 0.504715 0.915656
vt 0.921089 0.355389
vt 0.921070 0.328845
vt 0.425222 0.862896
vt 0.558556 0.863335
vt 0.424938 0.836785
vt 0.478422 0.836465
vt 0.585876 0.837302
vt 0.370437 0.837714
vt 0.411959 0.909357
vt 0.418579 0.909284
vt 0.438383 0.909143
vt 0.425196 0.909224
vt 0.517732 0.909047
vt 0.504538 0.909034
vt 0.524351 0.909074
vt 0.544204 0.909210
vt 0.530971 0.909113
vt 0.550820 0.909276
vt 0.570665 0.909551
vt 0.557438 0.909355
vt 0.577282 0.909658
vt 0.596855 0.909993
vt 0.583896 0.909768
vt 0.438269 0.882664
vt 0.464777 0.882528
vt 0.491274 0.882520
vt 0.517753 0.882574
vt 0.571064 0.883089
vt 0.372558 0.910024
vt 0.597268 0.883576
vt 0.438084 0.856156
vt 0.491232 0.856036
vt 0.597867 0.857189
vt 0.385506 0.909754
vt 0.384960 0.883268
vt 0.677949 0.862795
vt 0.673177 0.862641
vt 0.673372 0.856082
vt 0.678148 0.856208
vt 0.693750 0.902678
vt 0.689143 0.902586
vt 0.690679 0.863201
vt 0.695629 0.863425
vt 0.946007 0.769006
vt 0.948372 0.769006
vt 0.948378 0.795473
vt 0.946013 0.795474
vt 0.679061 0.810327
vt 0.674462 0.810301
vt 0.675400 0.806530
vt 0.679198 0.805728
vt 0.698342 0.823584
vt 0.691738 0.823470
vt 0.691938 0.810507
vt 0.698531 0.810619
vt 0.891481 0.889629
vt 0.886532 0.889866
vt 0.884366 0.883202
vt 0.891078 0.883011
vt 0.908986 0.889110
vt 0.909187 0.901927
vt 0.904594 0.902135
vt 0.904213 0.889238
vt 0.784383 0.890460
vt 0.779436 0.890555
vt 0.777464 0.883860
vt 0.784177 0.883838
vt 0.801666 0.903312
vt 0.797073 0.903364
vt 0.797161 0.890444
vt 0.802106 0.890530
vt 0.731192 0.890158
vt 0.726419 0.890119
vt 0.726504 0.883517
vt 0.731278 0.883557
vt 0.748217 0.903258
vt 0.743621 0.903235
vt 0.743926 0.890319
vt 0.748872 0.890467
vt 0.890570 0.863135
vt 0.883952 0.863262
vt 0.883818 0.856642
vt 0.890438 0.856519
vt 0.908298 0.862751
vt 0.908601 0.875928
vt 0.903827 0.876051
vt 0.903523 0.862856
vt 0.890855 0.876384
vt 0.884229 0.876477
vt 0.864302 0.863608
vt 0.859350 0.863781
vt 0.857240 0.857093
vt 0.863966 0.856988
vt 0.877601 0.876398
vt 0.877329 0.863377
vt 0.810642 0.863914
vt 0.804018 0.863936
vt 0.804022 0.857318
vt 0.810649 0.857299
vt 0.828151 0.876742
vt 0.823553 0.876795
vt 0.823667 0.863900
vt 0.828622 0.863981
vt 0.810651 0.876921
vt 0.804027 0.877136
vt 0.784137 0.863967
vt 0.777510 0.863958
vt 0.777522 0.857342
vt 0.784146 0.857352
vt 0.797396 0.877200
vt 0.797393 0.863957
vt 0.784121 0.877213
vt 0.777483 0.877152
vt 0.757622 0.863883
vt 0.750994 0.863850
vt 0.751019 0.857229
vt 0.757645 0.857270
vt 0.770845 0.876936
vt 0.770881 0.863937
vt 0.757578 0.876887
vt 0.750943 0.877056
vt 0.731347 0.863727
vt 0.726392 0.863765
vt 0.724443 0.857060
vt 0.731166 0.857105
vt 0.744309 0.877064
vt 0.744367 0.863809
vt 0.889724 0.810506
vt 0.883126 0.810611
vt 0.883061 0.805835
vt 0.889669 0.805733
vt 0.907212 0.810334
vt 0.907639 0.823143
vt 0.902867 0.823240
vt 0.902612 0.810350
vt 0.889913 0.823462
vt 0.883306 0.823570
vt 0.863332 0.810908
vt 0.856737 0.810991
vt 0.856686 0.806216
vt 0.863273 0.806135
vt 0.876696 0.823675
vt 0.876524 0.810716
vt 0.863481 0.823873
vt 0.856872 0.823954
vt 0.836963 0.811167
vt 0.830372 0.811201
vt 0.830345 0.806427
vt 0.836930 0.806392
vt 0.850265 0.824025
vt 0.850147 0.811058
vt 0.837046 0.824123
vt 0.830438 0.824163
vt 0.810916 0.811300
vt 0.806322 0.811351
vt 0.807193 0.807564
vt 0.810969 0.806698
vt 0.823830 0.824192
vt 0.823783 0.811226
vt 0.678792 0.823214
vt 0.674022 0.823105
vt 0.731494 0.811037
vt 0.724905 0.810972
vt 0.724960 0.806197
vt 0.731551 0.806263
vt 0.749310 0.824032
vt 0.744367 0.824082
vt 0.744360 0.811180
vt 0.748954 0.811256
vt 0.731376 0.824001
vt 0.724771 0.823937
vt 0.705127 0.810724
vt 0.698599 0.805844
vt 0.705192 0.805950
vt 0.718162 0.823863
vt 0.718312 0.810897
vt 0.196564 0.892055
vt 0.201160 0.891805
vt 0.201620 0.904392
vt 0.197029 0.904494
vt 0.240544 0.890271
vt 0.247175 0.889869
vt 0.247537 0.902803
vt 0.240949 0.903001
vt 0.247663 0.907577
vt 0.241104 0.907774
vt 0.704857 0.830312
vt 0.704542 0.854844
vt 0.697799 0.856726
vt 0.698242 0.830208
vt 0.293244 0.889013
vt 0.298017 0.888951
vt 0.298021 0.901755
vt 0.293422 0.901891
vt 0.280281 0.889212
vt 0.280535 0.902159
vt 0.297218 0.905552
vt 0.293447 0.906490
vt 0.273931 0.902269
vt 0.273660 0.889321
vt 0.214503 0.676754
vt 0.221097 0.676955
vt 0.220737 0.689887
vt 0.214118 0.689487
vt 0.201606 0.676379
vt 0.201209 0.688945
vt 0.220547 0.696599
vt 0.213883 0.694436
vt 0.197011 0.676300
vt 0.196608 0.688708
vt 0.213312 0.783784
vt 0.219933 0.783599
vt 0.219914 0.796771
vt 0.213292 0.796563
vt 0.200410 0.783851
vt 0.200364 0.796411
vt 0.219888 0.803486
vt 0.213189 0.801510
vt 0.195806 0.783911
vt 0.195765 0.796311
vt 0.213434 0.837025
vt 0.220058 0.836748
vt 0.220194 0.849674
vt 0.213592 0.849758
vt 0.200518 0.837326
vt 0.200688 0.849895
vt 0.220234 0.854449
vt 0.213631 0.854532
vt 0.195921 0.837473
vt 0.196085 0.849883
vt 0.240886 0.677433
vt 0.247485 0.677558
vt 0.247229 0.690515
vt 0.240612 0.690388
vt 0.227691 0.677135
vt 0.227363 0.690107
vt 0.247108 0.697135
vt 0.240488 0.697005
vt 0.240376 0.703627
vt 0.246993 0.703763
vt 0.246767 0.716988
vt 0.240148 0.716653
vt 0.227354 0.703361
vt 0.227238 0.716267
vt 0.246663 0.723713
vt 0.239975 0.721606
vt 0.222640 0.716125
vt 0.222400 0.703342
vt 0.239857 0.757284
vt 0.246471 0.757076
vt 0.246458 0.770302
vt 0.239843 0.770309
vt 0.226963 0.757397
vt 0.226838 0.770300
vt 0.246438 0.776929
vt 0.239821 0.776933
vt 0.221894 0.770205
vt 0.222366 0.757446
vt 0.239801 0.783558
vt 0.246417 0.783555
vt 0.246401 0.796805
vt 0.239784 0.796813
vt 0.226555 0.783554
vt 0.226541 0.796829
vt 0.246408 0.803428
vt 0.239793 0.803441
vt 0.239814 0.810070
vt 0.246427 0.810052
vt 0.246482 0.823305
vt 0.239869 0.823328
vt 0.226815 0.810106
vt 0.226864 0.823373
vt 0.246522 0.829931
vt 0.239902 0.829956
vt 0.221918 0.823332
vt 0.221873 0.810181
vt 0.239943 0.836583
vt 0.246566 0.836560
vt 0.246648 0.849783
vt 0.240026 0.849603
vt 0.226688 0.836642
vt 0.226799 0.849609
vt 0.246695 0.856506
vt 0.239989 0.854559
vt 0.247017 0.883152
vt 0.273542 0.882709
vt 0.247575 0.672785
vt 0.273988 0.673202
vt 0.273902 0.677976
vt 0.273564 0.697548
vt 0.273455 0.704165
vt 0.248583 0.730443
vt 0.273176 0.724010
vt 0.273110 0.730626
vt 0.246476 0.750350
vt 0.272971 0.750479
vt 0.272946 0.757098
vt 0.272928 0.776987
vt 0.270932 0.783647
vt 0.270671 0.803381
vt 0.270684 0.809971
vt 0.273012 0.829753
vt 0.273045 0.836444
vt 0.293398 0.678335
vt 0.297997 0.678464
vt 0.298017 0.691278
vt 0.293243 0.691222
vt 0.280508 0.678080
vt 0.280287 0.691034
vt 0.297913 0.697886
vt 0.293138 0.697822
vt 0.273675 0.690934
vt 0.293035 0.704424
vt 0.297808 0.704489
vt 0.297620 0.717674
vt 0.292847 0.717615
vt 0.280075 0.704253
vt 0.279881 0.717468
vt 0.297538 0.724262
vt 0.292765 0.724210
vt 0.273257 0.717392
vt 0.292696 0.730802
vt 0.297469 0.730845
vt 0.297366 0.744019
vt 0.292591 0.743984
vt 0.279731 0.730685
vt 0.279632 0.743904
vt 0.297331 0.750606
vt 0.292556 0.750578
vt 0.273012 0.743859
vt 0.292528 0.757168
vt 0.297302 0.757198
vt 0.297057 0.769982
vt 0.292455 0.770036
vt 0.279565 0.757119
vt 0.279552 0.770115
vt 0.296191 0.773759
vt 0.292404 0.774629
vt 0.272931 0.770292
vt 0.292569 0.836591
vt 0.297171 0.836618
vt 0.297485 0.849400
vt 0.292711 0.849457
vt 0.279667 0.836584
vt 0.279747 0.849575
vt 0.297550 0.855991
vt 0.292776 0.856045
vt 0.273127 0.849631
vt 0.292847 0.862639
vt 0.297622 0.862579
vt 0.297805 0.875757
vt 0.293031 0.875823
vt 0.279886 0.862790
vt 0.280064 0.876001
vt 0.297909 0.882352
vt 0.293133 0.882419
vt 0.273441 0.876094
vt 0.273261 0.862868
vt 0.195002 0.676101
vt 0.194593 0.688774
vt 0.948302 0.700193
vt 0.945964 0.700188
vt 0.946008 0.695145
vt 0.948307 0.695139
vt 0.197339 0.692524
vt 0.196342 0.693446
vt 0.194549 0.891995
vt 0.195021 0.904704
vt 0.659945 0.970509
vt 0.659925 0.972852
vt 0.654879 0.972779
vt 0.654893 0.970475
vt 0.198045 0.908260
vt 0.197122 0.909256
vt 0.193904 0.837371
vt 0.194076 0.850047
vt 0.804272 0.970518
vt 0.804275 0.972861
vt 0.799230 0.972833
vt 0.799218 0.970532
vt 0.197003 0.853664
vt 0.196054 0.854635
vt 0.193795 0.783768
vt 0.193750 0.796436
vt 0.948285 0.517551
vt 0.945941 0.517543
vt 0.945994 0.512499
vt 0.948291 0.512494
vt 0.196606 0.800102
vt 0.195636 0.801056
vt 0.214685 0.669868
vt 0.214629 0.671981
vt 0.201813 0.671785
vt 0.201730 0.669769
vt 0.948347 0.722975
vt 0.946006 0.722962
vt 0.946046 0.717926
vt 0.948346 0.717923
vt 0.197996 0.672540
vt 0.197066 0.671551
vt 0.241037 0.670549
vt 0.240990 0.672661
vt 0.227812 0.672360
vt 0.227866 0.670248
vt 0.948364 0.749156
vt 0.945999 0.749158
vt 0.945992 0.742543
vt 0.948358 0.742542
vt 0.221226 0.672179
vt 0.221286 0.670067
vt 0.274025 0.671090
vt 0.247613 0.670672
vt 0.293595 0.671725
vt 0.293414 0.673735
vt 0.280604 0.673308
vt 0.280650 0.671195
vt 0.948380 0.802092
vt 0.946014 0.802100
vt 0.280693 0.909043
vt 0.280643 0.906930
vt 0.293632 0.908499
vt 0.279947 0.975912
vt 0.279932 0.978253
vt 0.274897 0.978209
vt 0.274893 0.975910
vt 0.298195 0.906495
vt 0.201825 0.911012
vt 0.201875 0.908993
vt 0.241175 0.909886
vt 0.610421 0.970321
vt 0.610415 0.972686
vt 0.603799 0.972666
vt 0.603805 0.970300
vt 0.247715 0.909689
vt 0.220232 0.703539
vt 0.220628 0.716239
vt 0.948297 0.654519
vt 0.945958 0.654490
vt 0.946007 0.649466
vt 0.948304 0.649465
vt 0.223437 0.719920
vt 0.222454 0.720860
vt 0.220357 0.757289
vt 0.219731 0.769966
vt 0.948295 0.563180
vt 0.945925 0.563203
vt 0.945861 0.558095
vt 0.948286 0.558096
vt 0.219920 0.776889
vt 0.217792 0.774751
vt 0.219706 0.810405
vt 0.219754 0.823122
vt 0.948292 0.471868
vt 0.945921 0.471846
vt 0.945925 0.466633
vt 0.948318 0.466797
vt 0.219979 0.830039
vt 0.217828 0.827927
vt 0.246417 0.730648
vt 0.248485 0.743650
vt 0.246319 0.743418
vt 0.948300 0.608838
vt 0.945931 0.608836
vt 0.945868 0.603748
vt 0.948293 0.603755
vt 0.244347 0.748216
vt 0.246579 0.863440
vt 0.248744 0.863198
vt 0.248895 0.876409
vt 0.246728 0.876219
vt 0.732093 0.970707
vt 0.732095 0.973069
vt 0.727005 0.973143
vt 0.727003 0.970718
vt 0.244835 0.881070
vt 0.272782 0.796801
vt 0.270669 0.796791
vt 0.273093 0.783881
vt 0.132070 0.975984
vt 0.132081 0.978354
vt 0.126984 0.978418
vt 0.126985 0.975993
vt 0.275052 0.779127
vt 0.273150 0.822866
vt 0.270991 0.823107
vt 0.272797 0.809955
vt 0.158273 0.975974
vt 0.158261 0.978335
vt 0.151656 0.978336
vt 0.151656 0.975972
vt 0.272783 0.803379
vt 0.300033 0.901865
vt 0.300131 0.888926
vt 0.256876 0.975959
vt 0.256887 0.978324
vt 0.250261 0.978326
vt 0.250259 0.975961
vt 0.300023 0.882320
vt 0.300131 0.691300
vt 0.300009 0.678350
vt 0.007031 0.976014
vt 0.007034 0.978355
vt 0.002097 0.978336
vt 0.001965 0.976035
vt 0.297187 0.674667
vt 0.298162 0.673722
vt 0.299733 0.717702
vt 0.299921 0.704519
vt 0.033220 0.976011
vt 0.033221 0.978376
vt 0.026602 0.978379
vt 0.026601 0.976014
vt 0.300026 0.697917
vt 0.299479 0.744034
vt 0.299582 0.730864
vt 0.059688 0.976002
vt 0.059688 0.978367
vt 0.053072 0.978369
vt 0.053071 0.976004
vt 0.299651 0.724286
vt 0.299067 0.770127
vt 0.299415 0.757213
vt 0.086155 0.975996
vt 0.086167 0.978361
vt 0.079541 0.978363
vt 0.079540 0.975998
vt 0.299444 0.750617
vt 0.299599 0.849373
vt 0.299180 0.836462
vt 0.204220 0.975976
vt 0.204204 0.978317
vt 0.199170 0.978268
vt 0.199166 0.975969
vt 0.296284 0.832847
vt 0.297240 0.831884
vt 0.299918 0.875726
vt 0.299735 0.862553
vt 0.230407 0.975969
vt 0.230408 0.978334
vt 0.223788 0.978340
vt 0.223788 0.975974
vt 0.299663 0.855968
vt 0.200873 0.695545
vt 0.201100 0.693540
vt 0.213580 0.696588
vt 0.948255 0.677373
vt 0.945885 0.677395
vt 0.945822 0.672285
vt 0.948247 0.672286
vt 0.218361 0.698681
vt 0.213004 0.776674
vt 0.213235 0.778838
vt 0.200467 0.779257
vt 0.200316 0.777247
vt 0.948329 0.540333
vt 0.945990 0.540306
vt 0.946030 0.535282
vt 0.948329 0.535281
vt 0.196677 0.780129
vt 0.195716 0.779168
vt 0.200227 0.803013
vt 0.200394 0.801004
vt 0.212947 0.803672
vt 0.948250 0.494727
vt 0.945880 0.494748
vt 0.945822 0.489639
vt 0.948247 0.489638
vt 0.217756 0.805618
vt 0.213024 0.829918
vt 0.213287 0.832078
vt 0.200497 0.832730
vt 0.200308 0.830721
vt 0.827055 0.970392
vt 0.827039 0.972732
vt 0.822011 0.972708
vt 0.822002 0.970409
vt 0.196719 0.833673
vt 0.195740 0.832733
vt 0.200686 0.856503
vt 0.200807 0.854491
vt 0.213647 0.856646
vt 0.781190 0.970631
vt 0.781208 0.972995
vt 0.774577 0.973012
vt 0.774570 0.970648
vt 0.220255 0.856563
vt 0.682733 0.970596
vt 0.682736 0.972938
vt 0.677672 0.972875
vt 0.677679 0.970571
vt 0.200864 0.885189
vt 0.201067 0.887198
vt 0.197298 0.888221
vt 0.196301 0.887299
vt 0.227000 0.722875
vt 0.227199 0.720867
vt 0.239697 0.723764
vt 0.948258 0.631696
vt 0.945889 0.631720
vt 0.945832 0.626611
vt 0.948257 0.626611
vt 0.244499 0.725811
vt 0.239539 0.750169
vt 0.239776 0.752330
vt 0.227015 0.752800
vt 0.226859 0.750790
vt 0.948341 0.585995
vt 0.946003 0.585964
vt 0.946051 0.580942
vt 0.948348 0.580940
vt 0.223237 0.753666
vt 0.222275 0.752706
vt 0.226836 0.856494
vt 0.226828 0.854380
vt 0.239775 0.856721
vt 0.754969 0.970700
vt 0.754984 0.973070
vt 0.749883 0.973139
vt 0.749879 0.970714
vt 0.244581 0.858651
vt 0.279860 0.777222
vt 0.279628 0.775059
vt 0.292559 0.776641
vt 0.109226 0.975949
vt 0.109198 0.978287
vt 0.104173 0.978244
vt 0.104173 0.975946
vt 0.297153 0.774716
vt 0.292636 0.829985
vt 0.292492 0.831997
vt 0.279717 0.831641
vt 0.279937 0.829477
vt 0.181401 0.976017
vt 0.181422 0.978386
vt 0.176315 0.978448
vt 0.176317 0.976022
vt 0.275124 0.827606
vt 0.750966 0.811112
vt 0.751474 0.823813
vt 0.805891 0.824127
vt 0.803728 0.823896
vt 0.804310 0.811195
vt 0.726571 0.876924
vt 0.724457 0.876917
vt 0.724229 0.863980
vt 0.830782 0.864218
vt 0.830160 0.876898
vt 0.860094 0.876558
vt 0.858086 0.876758
vt 0.857191 0.864060
vt 0.726455 0.902941
vt 0.724443 0.903061
vt 0.724305 0.890101
vt 0.751032 0.890730
vt 0.750225 0.903448
vt 0.779916 0.903336
vt 0.777908 0.903498
vt 0.777273 0.890794
vt 0.804270 0.890763
vt 0.803675 0.903467
vt 0.887433 0.902649
vt 0.885428 0.902876
vt 0.884380 0.890170
vt 0.705222 0.803837
vt 0.718396 0.804010
vt 0.718370 0.806122
vt 0.731578 0.804149
vt 0.744489 0.804568
vt 0.744332 0.806578
vt 0.810824 0.804687
vt 0.823739 0.804338
vt 0.823754 0.806452
vt 0.836916 0.804279
vt 0.850084 0.804173
vt 0.850103 0.806286
vt 0.863244 0.804022
vt 0.876427 0.803829
vt 0.876458 0.805941
vt 0.889647 0.803620
vt 0.902597 0.803739
vt 0.902483 0.805751
vt 0.679088 0.803716
vt 0.692026 0.803620
vt 0.692001 0.805734
vt 0.757843 0.832759
vt 0.758085 0.830600
vt 0.770997 0.830953
vt 0.770981 0.833066
vt 0.784160 0.833086
vt 0.784151 0.830973
vt 0.797070 0.830663
vt 0.797304 0.832824
vt 0.717750 0.855015
vt 0.717506 0.857180
vt 0.704730 0.857012
vt 0.837301 0.855272
vt 0.850510 0.855173
vt 0.850305 0.857339
vt 0.837533 0.857438
vt 0.757619 0.881834
vt 0.770769 0.881878
vt 0.770545 0.884044
vt 0.757830 0.883998
vt 0.810745 0.881865
vt 0.823505 0.881392
vt 0.823662 0.883401
vt 0.810984 0.884028
vt 0.864838 0.881116
vt 0.877622 0.881352
vt 0.877425 0.883520
vt 0.864724 0.883128
vt 0.671955 0.901869
vt 0.669936 0.901919
vt 0.671066 0.862569
vt 0.671909 0.823054
vt 0.672453 0.810116
vt 0.909222 0.810152
vt 0.909752 0.823097
vt 0.910411 0.862704
vt 0.910713 0.875874
vt 0.911100 0.889054
vt 0.911204 0.902009
vt 0.796997 0.907967
vt 0.797133 0.909981
vt 0.784464 0.909982
vt 0.784596 0.907971
vt 0.743471 0.907833
vt 0.743572 0.909849
vt 0.730896 0.909673
vt 0.731061 0.907665
vt 0.688892 0.907181
vt 0.688952 0.909196
vt 0.676244 0.908723
vt 0.676453 0.906715
vt 0.904674 0.906730
vt 0.904874 0.908739
vt 0.892201 0.909153
vt 0.892267 0.907139
vt 0.908434 0.905744
vt 0.909423 0.906674
vt 0.973542 0.712836
vt 0.971199 0.712833
vt 0.971171 0.700159
vt 0.973509 0.700143
vt 0.973498 0.717880
vt 0.971197 0.717886
vt 0.887529 0.907406
vt 0.888450 0.906409
vt 0.971147 0.695105
vt 0.973445 0.695104
vt 0.672687 0.905699
vt 0.671692 0.906622
vt 0.654991 0.945312
vt 0.654984 0.947616
vt 0.649933 0.947589
vt 0.649930 0.945246
vt 0.692727 0.906447
vt 0.693648 0.907444
vt 0.672731 0.945340
vt 0.672710 0.947684
vt 0.660039 0.947626
vt 0.660040 0.945289
vt 0.677774 0.945414
vt 0.677760 0.947717
vt 0.747271 0.907036
vt 0.748211 0.908015
vt 0.816832 0.945234
vt 0.816835 0.947578
vt 0.804163 0.947643
vt 0.804140 0.945306
vt 0.821874 0.945264
vt 0.821888 0.947564
vt 0.726309 0.907694
vt 0.727280 0.906745
vt 0.799109 0.947683
vt 0.799098 0.945382
vt 0.800784 0.907104
vt 0.801743 0.908068
vt 0.973512 0.530206
vt 0.971174 0.530198
vt 0.971153 0.517527
vt 0.973496 0.517510
vt 0.973468 0.535248
vt 0.971168 0.535254
vt 0.779854 0.908090
vt 0.780810 0.907122
vt 0.971130 0.512471
vt 0.973427 0.512469
vt 0.908786 0.882514
vt 0.910898 0.882453
vt 0.973608 0.735897
vt 0.971243 0.735908
vt 0.971215 0.722942
vt 0.973556 0.722921
vt 0.973611 0.742524
vt 0.971245 0.742526
vt 0.908173 0.856167
vt 0.910286 0.856128
vt 0.973615 0.762380
vt 0.971249 0.762380
vt 0.971246 0.749143
vt 0.973611 0.749143
vt 0.973617 0.768997
vt 0.971251 0.768998
vt 0.907743 0.829758
vt 0.909855 0.829720
vt 0.973625 0.795466
vt 0.971259 0.795466
vt 0.906280 0.806561
vt 0.907225 0.805586
vt 0.973598 0.815037
vt 0.971258 0.815040
vt 0.971261 0.802084
vt 0.973626 0.802090
vt 0.973579 0.819975
vt 0.971277 0.820106
vt 0.673907 0.829712
vt 0.671794 0.829666
vt 0.292866 0.950655
vt 0.292877 0.953020
vt 0.279916 0.953050
vt 0.279895 0.950709
vt 0.299495 0.950652
vt 0.299496 0.953017
vt 0.674458 0.805553
vt 0.274860 0.953069
vt 0.274856 0.950769
vt 0.671259 0.856030
vt 0.325965 0.950639
vt 0.325966 0.953005
vt 0.325979 0.975882
vt 0.325981 0.978248
vt 0.299516 0.978267
vt 0.299515 0.975902
vt 0.610499 0.947436
vt 0.610511 0.945071
vt 0.603883 0.947415
vt 0.603891 0.945049
vt 0.882285 0.885389
vt 0.973546 0.667184
vt 0.971177 0.667210
vt 0.971139 0.654507
vt 0.973478 0.654476
vt 0.973611 0.672294
vt 0.971186 0.672292
vt 0.860103 0.881303
vt 0.861042 0.880321
vt 0.971121 0.649451
vt 0.973418 0.649449
vt 0.827285 0.880520
vt 0.828245 0.881482
vt 0.973512 0.575903
vt 0.971173 0.575873
vt 0.971207 0.563188
vt 0.973577 0.563212
vt 0.973463 0.580927
vt 0.971166 0.580928
vt 0.806197 0.885970
vt 0.804060 0.883841
vt 0.971225 0.558105
vt 0.973650 0.558107
vt 0.775331 0.885992
vt 0.973534 0.484572
vt 0.971164 0.484575
vt 0.971168 0.471885
vt 0.973540 0.471868
vt 0.973597 0.489664
vt 0.971172 0.489657
vt 0.753025 0.885925
vt 0.750913 0.883774
vt 0.971150 0.466810
vt 0.973544 0.466651
vt 0.855142 0.859258
vt 0.973530 0.621553
vt 0.971167 0.621553
vt 0.971188 0.608863
vt 0.973558 0.608871
vt 0.973599 0.626642
vt 0.971174 0.626636
vt 0.832736 0.859410
vt 0.830601 0.857281
vt 0.971211 0.603781
vt 0.973637 0.603780
vt 0.722298 0.859175
vt 0.744775 0.945462
vt 0.744779 0.947824
vt 0.732098 0.947828
vt 0.732101 0.945459
vt 0.749857 0.945383
vt 0.749858 0.947808
vt 0.699880 0.858907
vt 0.727021 0.947814
vt 0.727025 0.945388
vt 0.777570 0.833085
vt 0.777574 0.830972
vt 0.145056 0.950751
vt 0.145044 0.953113
vt 0.132085 0.953085
vt 0.132100 0.950715
vt 0.145039 0.975973
vt 0.145048 0.978335
vt 0.151661 0.950751
vt 0.151661 0.953114
vt 0.801823 0.828704
vt 0.803963 0.830828
vt 0.127001 0.953065
vt 0.127004 0.950639
vt 0.751198 0.830738
vt 0.753345 0.828626
vt 0.171236 0.950732
vt 0.171250 0.953102
vt 0.158278 0.953114
vt 0.158269 0.950752
vt 0.171235 0.976002
vt 0.171217 0.978372
vt 0.176336 0.950668
vt 0.176332 0.953094
vt 0.269822 0.950726
vt 0.269807 0.953067
vt 0.256857 0.953069
vt 0.256864 0.950704
vt 0.269838 0.975929
vt 0.269859 0.978270
vt 0.698632 0.803731
vt 0.250243 0.953075
vt 0.250242 0.950709
vt 0.883030 0.803722
vt 0.019968 0.950770
vt 0.019977 0.953135
vt 0.007016 0.953152
vt 0.007017 0.950811
vt 0.019986 0.976017
vt 0.019980 0.978381
vt 0.026591 0.950768
vt 0.026593 0.953133
vt 0.001953 0.953139
vt 0.002080 0.950837
vt 0.856662 0.804103
vt 0.046443 0.950763
vt 0.046444 0.953128
vt 0.033212 0.953131
vt 0.033211 0.950767
vt 0.046452 0.976006
vt 0.046453 0.978371
vt 0.053062 0.950761
vt 0.053063 0.953126
vt 0.830335 0.804314
vt 0.072912 0.950752
vt 0.072910 0.953117
vt 0.059679 0.953124
vt 0.059678 0.950759
vt 0.072920 0.975999
vt 0.072924 0.978364
vt 0.079528 0.950747
vt 0.079529 0.953112
vt 0.806235 0.806601
vt 0.099111 0.950770
vt 0.099095 0.953111
vt 0.086144 0.953107
vt 0.086151 0.950743
vt 0.099116 0.975967
vt 0.099138 0.978308
vt 0.104146 0.950819
vt 0.104152 0.953117
vt 0.724983 0.804083
vt 0.217147 0.950725
vt 0.217159 0.953090
vt 0.204199 0.953120
vt 0.204177 0.950779
vt 0.217172 0.975979
vt 0.217165 0.978343
vt 0.223772 0.950723
vt 0.223774 0.953088
vt 0.749067 0.806508
vt 0.748104 0.807465
vt 0.199144 0.953141
vt 0.199143 0.950842
vt 0.243623 0.950716
vt 0.243625 0.953081
vt 0.230393 0.953087
vt 0.230392 0.950722
vt 0.243640 0.975963
vt 0.243640 0.978328
vt 0.973484 0.690080
vt 0.971146 0.690053
vt 0.971171 0.677372
vt 0.973541 0.677395
vt 0.948292 0.690081
vt 0.945953 0.690110
vt 0.973587 0.552997
vt 0.971217 0.553019
vt 0.971183 0.540311
vt 0.973521 0.540282
vt 0.973469 0.507446
vt 0.971130 0.507419
vt 0.971157 0.494739
vt 0.973526 0.494761
vt 0.948278 0.507436
vt 0.945940 0.507464
vt 0.839635 0.945073
vt 0.839647 0.947449
vt 0.826945 0.947529
vt 0.826909 0.945190
vt 0.844858 0.945049
vt 0.844717 0.947446
vt 0.794065 0.945358
vt 0.794059 0.947700
vt 0.781111 0.947744
vt 0.781109 0.945379
vt 0.794160 0.970565
vt 0.794188 0.972907
vt 0.724392 0.883496
vt 0.774500 0.947772
vt 0.774492 0.945406
vt 0.695759 0.902882
vt 0.682826 0.945391
vt 0.682810 0.947733
vt 0.973466 0.644426
vt 0.971128 0.644396
vt 0.971160 0.631714
vt 0.973529 0.631740
vt 0.948287 0.644404
vt 0.945949 0.644435
vt 0.973580 0.598672
vt 0.971210 0.598694
vt 0.971182 0.585989
vt 0.973520 0.585957
vt 0.767891 0.945435
vt 0.767888 0.947797
vt 0.754938 0.947810
vt 0.754945 0.945441
vt 0.767948 0.970662
vt 0.767961 0.973024
vt 0.697784 0.863706
vt 0.721963 0.945444
vt 0.721943 0.947815
vt 0.721911 0.970708
vt 0.721923 0.973080
vt 0.121895 0.950700
vt 0.121917 0.953070
vt 0.109209 0.953102
vt 0.109180 0.950764
vt 0.121907 0.975978
vt 0.121884 0.978347
vt 0.194092 0.953138
vt 0.194108 0.975985
vt 0.194119 0.950800
vt 0.181411 0.953109
vt 0.181433 0.950740
vt 0.194137 0.978323
vt 0.292897 0.975909
vt 0.292891 0.978274
vt 0.948395 0.815053
vt 0.946054 0.815051
vt 0.240038 0.883167
vt 0.240320 0.885321
vt 0.649841 0.970460
vt 0.649820 0.972802
vt 0.948308 0.598674
vt 0.945939 0.598650
vt 0.226697 0.830009
vt 0.948370 0.762390
vt 0.946005 0.762391
vt 0.844811 0.970331
vt 0.839739 0.970364
vt 0.839746 0.972740
vt 0.844967 0.972728
vt 0.948302 0.553015
vt 0.945932 0.552993
vt 0.948351 0.735928
vt 0.945987 0.735922
vt 0.744793 0.970703
vt 0.744791 0.973073
vt 0.816948 0.970450
vt 0.816970 0.972787
vt 0.948331 0.575884
vt 0.945992 0.575914
vt 0.948280 0.621529
vt 0.945917 0.621519
vt 0.948264 0.667205
vt 0.945894 0.667179
vt 0.948325 0.712869
vt 0.945981 0.712883
vt 0.672622 0.970563
vt 0.672622 0.972901
vt 0.948268 0.484556
vt 0.945898 0.484546
vt 0.948306 0.530224
vt 0.945968 0.530241
vt 0.280181 0.697643
vt 0.279801 0.724078
vt 0.274081 0.909154
vt 0.274036 0.907042
vt 0.948381 0.820116
vt 0.279809 0.856181
vt 0.946079 0.819988
vt 0.279594 0.750512
vt 0.273187 0.856249
vt 0.227273 0.696732
vt 0.280168 0.882608
vt 0.704950 0.823687
vt 0.810835 0.824204
vt 0.226599 0.803467
vt 0.226623 0.776922
vt 0.731344 0.876953
vt 0.864694 0.876518
vt 0.731051 0.903062
vt 0.784510 0.903372
vt 0.892028 0.902538
vt 0.676556 0.902124
vt 0.718086 0.830484
vt 0.724703 0.830561
vt 0.744507 0.830705
vt 0.731320 0.830622
vt 0.823853 0.830812
vt 0.810659 0.830825
vt 0.830472 0.830785
vt 0.850325 0.830646
vt 0.837091 0.830744
vt 0.856940 0.830578
vt 0.876785 0.830296
vt 0.863558 0.830495
vt 0.883402 0.830187
vt 0.902969 0.829845
vt 0.890016 0.830074
vt 0.744390 0.857186
vt 0.770899 0.857326
vt 0.797396 0.857338
vt 0.823875 0.857286
vt 0.877190 0.856759
vt 0.678680 0.829817
vt 0.903400 0.856259
vt 0.744204 0.883695
vt 0.797349 0.883823
vt 0.904009 0.882645
vt 0.691630 0.830090
vt 0.691082 0.856570
s 1
usemtl Material.001
f 1/1/1 2/2/2 3/3/3 4/4/4
f 2/2/2 5/5/5 6/6/6 3/3/3
f 3/3/3 6/6/6 7/7/7 8/8/8
f 4/4/4 3/3/3 8/8/8 9/9/9
f 9/9/9 8/8/8 10/10/10 11/11/11
f 8/8/8 7/7/7 12/12/12 10/10/10
f 10/10/10 12/12/12 13/13/13 14/14/14
f 11/11/11 10/10/10 14/14/14 15/15/15
f 15/15/15 14/14/14 16/16/16 17/17/17
f 14/14/14 13/13/13 18/18/18 16/16/16
f 16/16/16 18/18/18 19/19/19 20/20/20
f 17/17/17 16/16/16 20/20/20 21/21/21
f 21/21/21 20/20/20 22/22/22 23/23/23
f 20/20/20 19/19/19 24/24/24 22/22/22
f 22/22/22 24/24/24 25/25/25 26/26/26
f 23/23/23 22/22/22 26/26/26 27/27/27
f 27/27/27 26/26/26 28/28/28 29/29/29
f 26/26/26 25/25/25 30/30/30 28/28/28
f 28/28/28 30/30/30 31/31/31 32/32/32
f 29/29/29 28/28/28 32/32/32 33/33/33
f 33/33/33 32/32/32 34/34/34 35/35/35
f 32/32/32 31/31/31 36/36/36 34/34/34
f 34/34/34 36/36/36 37/37/37 38/38/38
f 35/35/35 34/34/34 38/38/38 39/39/39
f 39/39/39 38/38/38 40/40/40 41/41/41
f 38/38/38 37/37/37 42/42/42 40/40/40
f 40/40/40 42/42/42 43/43/43 44/44/44
f 41/41/41 40/40/40 44/44/44 45/45/45
f 45/45/45 44/44/44 46/46/46 47/47/47
f 44/44/44 43/43/43 48/48/48 46/46/46
f 46/46/46 48/48/48 49/49/49 50/50/50
f 47/47/47 46/46/46 50/50/50 51/51/51
f 51/52/51 50/53/50 52/54/52 53/55/53
f 50/53/50 49/56/49 54/57/54 52/54/52
f 52/54/52 54/57/54 55/58/55 56/59/56
f 53/55/53 52/54/52 56/59/56 57/60/57
f 57/60/57 56/59/56 58/61/58 59/62/59
f 56/59/56 55/58/55 60/63/60 58/61/58
f 58/61/58 60/63/60 61/64/61 62/65/62
f 59/62/59 58/61/58 62/65/62 63/66/63
f 63/66/63 62/65/62 64/67/64 65/68/65
f 62/65/62 61/64/61 66/69/66 64/67/64
f 64/67/64 66/69/66 67/70/67 68/71/68
f 65/68/65 64/67/64 68/71/68 69/72/69
f 69/72/69 68/71/68 70/73/70 71/74/71
f 68/71/68 67/70/67 72/75/72 70/73/70
f 70/73/70 72/75/72 73/76/73 74/77/74
f 71/74/71 70/73/70 74/77/74 75/78/75
f 75/78/75 74/77/74 76/79/76 77/80/77
f 74/77/74 73/76/73 78/81/78 76/79/76
f 76/79/76 78/81/78 79/82/79 80/83/80
f 77/80/77 76/79/76 80/83/80 81/84/81
f 81/84/81 80/83/80 82/85/82 83/86/83
f 80/83/80 79/82/79 84/87/84 82/85/82
f 82/85/82 84/87/84 85/88/85 86/89/86
f 83/86/83 82/85/82 86/89/86 87/90/87
f 19/19/19 18/18/18 88/91/88 89/92/89
f 18/18/18 13/13/13 90/93/90 88/91/88
f 88/91/88 90/93/90 91/94/91 92/95/92
f 89/92/89 88/91/88 92/95/92 93/96/93
f 87/90/87 86/89/86 94/97/94 95/98/95
f 86/89/86 85/88/85 96/99/96 94/97/94
f 94/97/94 96/99/96 97/100/97 98/101/98
f 95/98/95 94/97/94 98/101/98 99/102/99
f 99/102/99 98/101/98 100/103/100 101/104/101
f 98/101/98 97/100/97 102/105/102 100/103/100
f 100/103/100 102/105/102 5/5/5 2/2/2
f 101/104/101 100/103/100 2/2/2 1/1/1
f 103/106/103 104/107/104 105/108/105 106/109/106
f 104/107/104 107/110/107 108/111/108 105/108/105
f 105/108/105 108/111/108 109/112/109 110/113/110
f 106/109/106 105/108/105 110/113/110 111/114/111
f 112/115/112 113/116/113 114/117/114 115/118/115
f 113/116/113 116/119/116 117/120/117 114/117/114
f 114/117/114 117/120/117 118/121/118 119/122/119
f 115/118/115 114/117/114 119/122/119 120/123/120
f 121/124/121 122/125/122 123/126/123 124/127/124
f 122/125/122 125/128/125 126/129/126 123/126/123
f 123/126/123 126/129/126 116/119/116 113/116/113
f 124/127/124 123/126/123 113/116/113 112/115/112
f 127/130/127 128/131/128 129/132/129 130/133/130
f 128/131/128 131/134/131 132/135/132 129/132/129
f 129/132/129 132/135/132 125/128/125 122/125/122
f 130/133/130 129/132/129 122/125/122 121/124/121
f 133/136/133 134/137/134 135/138/135 136/139/136
f 134/137/134 137/140/137 138/141/138 135/138/135
f 135/138/135 138/141/138 131/134/131 128/131/128
f 136/139/136 135/138/135 128/131/128 127/130/127
f 139/142/139 140/143/140 141/144/141 142/145/142
f 140/143/140 143/146/143 144/147/144 141/144/141
f 141/144/141 144/147/144 137/140/137 134/137/134
f 142/145/142 141/144/141 134/137/134 133/136/133
f 145/148/145 146/149/146 147/150/147 148/151/148
f 146/149/146 149/152/149 150/153/150 147/150/147
f 147/150/147 150/153/150 143/146/143 140/143/140
f 148/151/148 147/150/147 140/143/140 139/142/139
f 151/154/151 152/155/152 153/156/153 154/157/154
f 152/155/152 155/158/155 156/159/156 153/156/153
f 153/156/153 156/159/156 149/152/149 146/149/146
f 154/157/154 153/156/153 146/149/146 145/148/145
f 157/160/157 158/161/158 159/162/159 160/163/160
f 158/161/158 161/164/161 162/165/162 159/162/159
f 159/162/159 162/165/162 155/158/155 152/155/152
f 160/163/160 159/162/159 152/155/152 151/154/151
f 163/166/163 164/167/164 165/168/165 166/169/166
f 164/167/164 167/170/167 168/171/168 165/168/165
f 165/168/165 168/171/168 161/172/161 158/173/158
f 166/169/166 165/168/165 158/173/158 157/174/157
f 169/175/169 170/176/170 171/177/171 172/178/172
f 170/176/170 173/179/173 174/180/174 171/177/171
f 171/177/171 174/180/174 167/170/167 164/167/164
f 172/178/172 171/177/171 164/167/164 163/166/163
f 175/181/175 176/182/176 177/183/177 178/184/178
f 176/182/176 179/185/179 180/186/180 177/183/177
f 177/183/177 180/186/180 173/179/173 170/176/170
f 178/184/178 177/183/177 170/176/170 169/175/169
f 181/187/181 182/188/182 183/189/183 184/190/184
f 182/188/182 185/191/185 186/192/186 183/189/183
f 183/189/183 186/192/186 179/185/179 176/182/176
f 184/190/184 183/189/183 176/182/176 175/181/175
f 187/193/187 188/194/188 189/195/189 190/196/190
f 188/194/188 191/197/191 192/198/192 189/195/189
f 189/195/189 192/198/192 185/191/185 182/188/182
f 190/196/190 189/195/189 182/188/182 181/187/181
f 193/199/193 194/200/194 195/201/195 196/202/196
f 194/200/194 197/203/197 198/204/198 195/201/195
f 195/201/195 198/204/198 191/197/191 188/194/188
f 196/202/196 195/201/195 188/194/188 187/193/187
f 199/205/199 200/206/200 201/207/201 202/208/202
f 200/206/200 203/209/203 204/210/204 201/207/201
f 201/207/201 204/210/204 197/203/197 194/200/194
f 202/208/202 201/207/201 194/200/194 193/199/193
f 120/123/120 119/122/119 205/211/205 206/212/206
f 119/122/119 118/121/118 207/213/207 205/211/205
f 205/211/205 207/213/207 203/209/203 200/206/200
f 206/212/206 205/211/205 200/206/200 199/205/199
f 208/214/208 209/215/209 210/216/210 211/217/211
f 209/215/209 212/218/212 213/219/213 210/216/210
f 210/216/210 213/219/213 214/220/214 215/221/215
f 211/217/211 210/216/210 215/221/215 216/222/216
f 49/49/49 48/48/48 217/223/217 218/224/218
f 48/48/48 43/43/43 219/225/219 217/223/217
f 217/223/217 219/225/219 220/226/220 221/227/221
f 218/224/218 217/223/217 221/227/221 222/228/222
f 7/7/7 6/6/6 223/229/223 224/230/224
f 6/6/6 5/5/5 225/231/225 223/229/223
f 223/229/223 225/231/225 226/232/226 227/233/227
f 224/230/224 223/229/223 227/233/227 228/234/228
f 79/82/79 78/81/78 229/235/229 230/236/230
f 78/81/78 73/76/73 231/237/231 229/235/229
f 229/235/229 231/237/231 232/238/232 233/239/233
f 230/236/230 229/235/229 233/239/233 234/240/234
f 37/37/37 36/36/36 235/241/235 236/242/236
f 36/36/36 31/31/31 237/243/237 235/241/235
f 235/241/235 237/243/237 238/244/238 239/245/239
f 236/242/236 235/241/235 239/245/239 240/246/240
f 67/70/67 66/69/66 241/247/241 242/248/242
f 66/69/66 61/64/61 243/249/243 241/247/241
f 241/247/241 243/249/243 244/250/244 245/251/245
f 242/248/242 241/247/241 245/251/245 246/252/246
f 5/5/5 102/105/102 247/253/247 225/231/225
f 102/105/102 97/100/97 248/254/248 247/253/247
f 247/253/247 248/254/248 249/255/249 250/256/250
f 225/231/225 247/253/247 250/256/250 226/232/226
f 25/25/25 24/24/24 251/257/251 252/258/252
f 24/24/24 19/19/19 89/92/89 251/257/251
f 251/257/251 89/92/89 93/96/93 253/259/253
f 252/258/252 251/257/251 253/259/253 254/260/254
f 55/58/55 54/57/54 255/261/255 256/262/256
f 54/57/54 49/56/49 218/263/218 255/261/255
f 255/261/255 218/263/218 222/264/222 257/265/257
f 256/262/256 255/261/255 257/265/257 258/266/258
f 85/88/85 84/87/84 259/267/259 260/268/260
f 84/87/84 79/82/79 230/236/230 259/267/259
f 259/267/259 230/236/230 234/240/234 261/269/261
f 260/268/260 259/267/259 261/269/261 262/270/262
f 13/13/13 12/12/12 263/271/263 90/93/90
f 12/12/12 7/7/7 224/230/224 263/271/263
f 263/271/263 224/230/224 228/234/228 264/272/264
f 90/93/90 263/271/263 264/272/264 91/94/91
f 43/43/43 42/42/42 265/273/265 219/225/219
f 42/42/42 37/37/37 236/242/236 265/273/265
f 265/273/265 236/242/236 240/246/240 266/274/266
f 219/225/219 265/273/265 266/274/266 220/226/220
f 73/76/73 72/75/72 267/275/267 231/237/231
f 72/75/72 67/70/67 242/248/242 267/275/267
f 267/275/267 242/248/242 246/252/246 268/276/268
f 231/237/231 267/275/267 268/276/268 232/238/232
f 31/31/31 30/30/30 269/277/269 237/243/237
f 30/30/30 25/25/25 252/258/252 269/277/269
f 269/277/269 252/258/252 254/260/254 270/278/270
f 237/243/237 269/277/269 270/278/270 238/244/238
f 61/64/61 60/63/60 271/279/271 243/249/243
f 60/63/60 55/58/55 256/262/256 271/279/271
f 271/279/271 256/262/256 258/266/258 272/280/272
f 243/249/243 271/279/271 272/280/272 244/250/244
f 97/100/97 96/99/96 273/281/273 248/254/248
f 96/99/96 85/88/85 260/268/260 273/281/273
f 273/281/273 260/268/260 262/270/262 274/282/274
f 248/254/248 273/281/273 274/282/274 249/255/249
f 275/283/275 276/284/276 277/285/277 278/286/278
f 276/284/276 279/287/279 280/288/280 277/285/277
f 281/289/281 282/290/282 283/291/283 284/292/284
f 282/290/282 285/293/285 286/294/286 283/291/283
f 283/291/283 286/294/286 287/295/287 288/296/288
f 284/292/284 283/291/283 288/296/288 289/297/289
f 290/298/290 291/299/291 292/300/292 293/301/293
f 291/299/291 208/214/208 211/217/211 292/300/292
f 292/300/292 211/217/211 216/222/216 294/302/294
f 293/301/293 292/300/292 294/302/294 295/303/295
f 296/304/296 297/305/297 298/306/298 299/307/299
f 297/305/297 281/289/281 284/292/284 298/306/298
f 298/306/298 284/292/284 289/297/289 300/308/300
f 299/307/299 298/306/298 300/308/300 301/309/301
f 302/310/302 303/311/303 304/312/304 305/313/305
f 303/311/303 290/298/290 293/301/293 304/312/304
f 304/312/304 293/301/293 295/303/295 306/314/306
f 305/313/305 304/312/304 306/314/306 307/315/307
f 308/316/308 309/317/309 310/318/310 311/319/311
f 309/317/309 296/304/296 299/307/299 310/318/310
f 310/318/310 299/307/299 301/309/301 312/320/312
f 311/319/311 310/318/310 312/320/312 313/321/313
f 314/322/314 315/323/315 316/324/316 317/325/317
f 315/323/315 302/310/302 305/313/305 316/324/316
f 316/324/316 305/313/305 307/315/307 318/326/318
f 317/325/317 316/324/316 318/326/318 319/327/319
f 320/328/320 321/329/321 322/330/322 323/331/323
f 321/329/321 308/316/308 311/319/311 322/330/322
f 322/330/322 311/319/311 313/321/313 324/332/324
f 323/331/323 322/330/322 324/332/324 325/333/325
f 326/334/326 327/335/327 328/336/328 329/337/329
f 327/335/327 314/322/314 317/325/317 328/336/328
f 328/336/328 317/325/317 319/327/319 330/338/330
f 329/337/329 328/336/328 330/338/330 279/287/279
f 331/339/331 332/340/332 333/341/333 334/342/334
f 332/340/332 320/328/320 323/331/323 333/341/333
f 333/341/333 323/331/323 325/333/325 335/343/335
f 334/342/334 333/341/333 335/343/335 336/344/336
f 337/345/337 338/346/338 339/347/339 340/348/340
f 338/346/338 326/334/326 329/337/329 339/347/339
f 339/347/339 329/337/329 279/287/279 276/284/276
f 340/348/340 339/347/339 276/284/276 275/283/275
f 341/349/341 342/350/342 343/351/343 344/352/344
f 342/350/342 345/353/345 346/354/346 343/351/343
f 343/351/343 346/354/346 347/355/347 348/356/348
f 344/352/344 343/351/343 348/356/348 349/357/349
f 345/353/345 350/358/350 351/359/351 346/354/346
f 350/358/350 331/339/331 334/342/334 351/359/351
f 351/359/351 334/342/334 336/344/336 352/360/352
f 346/354/346 351/359/351 352/360/352 347/355/347
f 353/361/353 354/362/354 355/363/355 356/364/356
f 354/362/354 337/365/337 340/366/340 355/363/355
f 355/363/355 340/366/340 275/367/275 357/368/357
f 356/364/356 355/363/355 357/368/357 358/369/358
f 212/218/212 359/370/359 360/371/360 213/219/213
f 359/370/359 341/349/341 344/352/344 360/371/360
f 360/371/360 344/352/344 349/357/349 361/372/361
f 213/219/213 360/371/360 361/372/361 214/220/214
f 285/293/285 362/373/362 363/374/363 286/294/286
f 362/373/362 353/361/353 356/364/356 363/374/363
f 363/374/363 356/364/356 358/369/358 364/375/364
f 286/294/286 363/374/363 364/375/364 287/295/287
f 349/357/349 348/356/348 365/376/365 366/377/366
f 348/356/348 347/355/347 367/378/367 365/376/365
f 347/355/347 352/360/352 368/379/368 367/378/367
f 352/360/352 336/344/336 369/380/369 368/379/368
f 358/369/358 357/368/357 370/381/370 371/382/371
f 357/368/357 275/367/275 278/383/278 370/381/370
f 214/220/214 361/372/361 372/384/372 373/385/373
f 361/372/361 349/357/349 366/377/366 372/384/372
f 287/295/287 364/375/364 374/386/374 375/387/375
f 364/375/364 358/369/358 371/382/371 374/386/374
f 216/222/216 215/221/215 376/388/376 377/389/377
f 215/221/215 214/220/214 373/385/373 376/388/376
f 289/297/289 288/296/288 378/390/378 379/391/379
f 288/296/288 287/295/287 375/387/375 378/390/378
f 295/303/295 294/302/294 380/392/380 381/393/381
f 294/302/294 216/222/216 377/389/377 380/392/380
f 301/309/301 300/308/300 382/394/382 383/395/383
f 300/308/300 289/297/289 379/391/379 382/394/382
f 307/315/307 306/314/306 384/396/384 385/397/385
f 306/314/306 295/303/295 381/393/381 384/396/384
f 313/321/313 312/320/312 386/398/386 387/399/387
f 312/320/312 301/309/301 383/395/383 386/398/386
f 319/327/319 318/326/318 388/400/388 389/401/389
f 318/326/318 307/315/307 385/397/385 388/400/388
f 325/333/325 324/332/324 390/402/390 391/403/391
f 324/332/324 313/321/313 387/399/387 390/402/390
f 279/287/279 330/338/330 392/404/392 280/288/280
f 330/338/330 319/327/319 389/401/389 392/404/392
f 336/344/336 335/343/335 393/405/393 369/380/369
f 335/343/335 325/333/325 391/403/391 393/405/393
f 394/406/394 395/407/395 396/408/396 397/409/397
f 395/407/395 398/410/398 399/411/399 396/408/396
f 396/408/396 399/411/399 400/412/400 401/413/401
f 397/409/397 396/408/396 401/413/401 402/414/402
f 403/415/403 404/416/404 405/417/405 406/418/406
f 404/416/404 407/419/407 408/420/408 405/417/405
f 405/417/405 408/420/408 409/421/409 410/422/410
f 406/418/406 405/417/405 410/422/410 411/423/411
f 412/424/412 413/425/413 414/426/414 415/427/415
f 413/425/413 416/428/416 417/429/417 414/426/414
f 414/426/414 417/429/417 418/430/418 419/431/419
f 415/427/415 414/426/414 419/431/419 420/432/420
f 421/433/421 422/434/422 423/435/423 424/436/424
f 422/434/422 425/437/425 426/438/426 423/435/423
f 423/435/423 426/438/426 427/439/427 428/440/428
f 424/436/424 423/435/423 428/440/428 429/441/429
f 430/442/430 431/443/431 432/444/432 433/445/433
f 431/443/431 434/446/434 435/447/435 432/444/432
f 432/444/432 435/447/435 436/448/436 437/449/437
f 433/445/433 432/444/432 437/449/437 438/450/438
f 439/451/439 440/452/440 441/453/441 442/454/442
f 440/452/440 443/455/443 444/456/444 441/453/441
f 441/453/441 444/456/444 445/457/445 446/458/446
f 442/454/442 441/453/441 446/458/446 447/459/447
f 448/460/448 449/461/449 450/462/450 451/463/451
f 449/461/449 452/464/452 453/465/453 450/462/450
f 450/462/450 453/465/453 454/466/454 455/467/455
f 451/463/451 450/462/450 455/467/455 456/468/456
f 107/110/107 457/469/457 458/470/458 108/111/108
f 457/469/457 459/471/459 460/472/460 458/470/458
f 458/470/458 460/472/460 461/473/461 462/474/462
f 108/111/108 458/470/458 462/474/462 109/112/109
f 407/419/407 463/475/463 464/476/464 408/420/408
f 463/475/463 465/477/465 466/478/466 464/476/464
f 464/476/464 466/478/466 467/479/467 468/480/468
f 408/420/408 464/476/464 468/480/468 409/421/409
f 425/437/425 469/481/469 470/482/470 426/438/426
f 469/481/469 103/106/103 106/109/106 470/482/470
f 470/482/470 106/109/106 111/114/111 471/483/471
f 426/438/426 470/482/470 471/483/471 427/439/427
f 434/446/434 472/484/472 473/485/473 435/447/435
f 472/484/472 403/415/403 406/418/406 473/485/473
f 473/485/473 406/418/406 411/423/411 474/486/474
f 435/447/435 473/485/473 474/486/474 436/448/436
f 443/455/443 475/487/475 476/488/476 444/456/444
f 475/487/475 412/424/412 415/427/415 476/488/476
f 476/488/476 415/427/415 420/432/420 477/489/477
f 444/456/444 476/488/476 477/489/477 445/457/445
f 452/464/452 478/490/478 479/491/479 453/465/453
f 478/490/478 421/433/421 424/436/424 479/491/479
f 479/491/479 424/436/424 429/441/429 480/492/480
f 453/465/453 479/491/479 480/492/480 454/466/454
f 459/471/459 481/493/481 482/494/482 460/472/460
f 481/493/481 430/495/430 433/496/433 482/494/482
f 482/494/482 433/496/433 438/497/438 483/498/483
f 460/472/460 482/494/482 483/498/483 461/473/461
f 416/428/416 484/499/484 485/500/485 417/429/417
f 484/499/484 448/460/448 451/463/451 485/500/485
f 485/500/485 451/463/451 456/468/456 486/501/486
f 417/429/417 485/500/485 486/501/486 418/430/418
f 465/477/465 487/502/487 488/503/488 466/478/466
f 487/502/487 439/451/439 442/454/442 488/503/488
f 488/503/488 442/454/442 447/459/447 489/504/489
f 466/478/466 488/503/488 489/504/489 467/479/467
f 490/505/490 491/506/491 492/507/492 493/508/493
f 491/506/491 494/509/494 495/510/495 492/507/492
f 492/507/492 495/510/495 496/511/496 497/512/497
f 493/508/493 492/507/492 497/512/497 498/513/498
f 499/514/499 500/515/500 501/516/501 502/517/502
f 500/515/500 503/518/503 504/519/504 501/516/501
f 501/516/501 504/519/504 505/520/505 506/521/506
f 502/517/502 501/516/501 506/521/506 507/522/507
f 398/410/398 508/523/508 509/524/509 399/411/399
f 508/523/508 510/525/510 511/526/511 509/524/509
f 509/524/509 511/526/511 512/527/512 513/528/513
f 399/411/399 509/524/509 513/528/513 400/412/400
f 503/518/503 514/529/514 515/530/515 504/519/504
f 514/529/514 516/531/516 517/532/517 515/530/515
f 515/530/515 517/532/517 518/533/518 519/534/519
f 504/519/504 515/530/515 519/534/519 505/520/505
f 510/525/510 520/535/520 521/536/521 511/526/511
f 520/535/520 522/537/522 523/538/523 521/536/521
f 521/536/521 523/538/523 524/539/524 525/540/525
f 511/526/511 521/536/521 525/540/525 512/527/512
f 516/531/516 526/541/526 527/542/527 517/532/517
f 526/541/526 528/543/528 529/544/529 527/542/527
f 527/542/527 529/544/529 530/545/530 531/546/531
f 517/532/517 527/542/527 531/546/531 518/533/518
f 522/537/522 532/547/532 533/548/533 523/538/523
f 532/547/532 534/549/534 535/550/535 533/548/533
f 533/548/533 535/550/535 536/551/536 537/552/537
f 523/538/523 533/548/533 537/552/537 524/539/524
f 528/543/528 538/553/538 539/554/539 529/544/529
f 538/553/538 540/555/540 541/556/541 539/554/539
f 539/554/539 541/556/541 542/557/542 543/558/543
f 529/544/529 539/554/539 543/558/543 530/545/530
f 534/549/534 544/559/544 545/560/545 535/550/535
f 544/559/544 546/561/546 547/562/547 545/560/545
f 545/560/545 547/562/547 548/563/548 549/564/549
f 535/550/535 545/560/545 549/564/549 536/551/536
f 540/555/540 550/565/550 551/566/551 541/556/541
f 550/565/550 552/567/552 553/568/553 551/566/551
f 551/566/551 553/568/553 554/569/554 555/570/555
f 541/556/541 551/566/551 555/570/555 542/557/542
f 556/571/556 557/572/557 558/573/558 559/574/559
f 557/572/557 560/575/560 561/576/561 558/573/558
f 558/573/558 561/576/561 494/509/494 491/506/491
f 559/574/559 558/573/558 491/506/491 490/505/490
f 546/561/546 562/577/562 563/578/563 547/562/547
f 562/577/562 556/571/556 559/574/559 563/578/563
f 563/578/563 559/574/559 490/505/490 564/579/564
f 547/562/547 563/578/563 564/579/564 548/563/548
f 552/580/552 565/581/565 566/582/566 553/583/553
f 565/581/565 567/584/567 568/585/568 566/582/566
f 566/582/566 568/585/568 569/586/569 570/587/570
f 553/583/553 566/582/566 570/587/570 554/588/554
f 560/575/560 571/589/571 572/590/572 561/576/561
f 571/589/571 573/591/573 574/592/574 572/590/572
f 572/590/572 574/592/574 575/593/575 576/594/576
f 561/576/561 572/590/572 576/594/576 494/509/494
f 567/584/567 577/595/577 578/596/578 568/585/568
f 577/595/577 394/406/394 397/409/397 578/596/578
f 578/596/578 397/409/397 402/414/402 579/597/579
f 568/585/568 578/596/578 579/597/579 569/586/569
f 573/591/573 580/598/580 581/599/581 574/592/574
f 580/598/580 499/514/499 502/517/502 581/599/581
f 581/599/581 502/517/502 507/522/507 582/600/582
f 574/592/574 581/599/581 582/600/582 575/593/575
f 583/601/583 584/602/584 585/603/585 586/604/586
f 584/602/584 587/605/587 588/606/588 585/603/585
f 585/603/585 588/606/588 589/607/589 590/608/590
f 586/604/586 585/603/585 590/608/590 591/609/591
f 548/563/548 564/579/564 592/610/592 593/611/593
f 564/579/564 490/505/490 493/508/493 592/610/592
f 592/610/592 493/508/493 498/513/498 594/612/594
f 593/611/593 592/610/592 594/612/594 595/613/595
f 554/588/554 570/587/570 596/614/596 597/615/597
f 570/587/570 569/586/569 598/616/598 596/614/596
f 596/614/596 598/616/598 599/617/599 600/618/600
f 597/615/597 596/614/596 600/618/600 601/619/601
f 494/509/494 576/594/576 602/620/602 495/510/495
f 576/594/576 575/593/575 603/621/603 602/620/602
f 602/620/602 603/621/603 604/622/604 605/623/605
f 495/510/495 602/620/602 605/623/605 496/511/496
f 569/586/569 579/597/579 606/624/606 598/616/598
f 579/597/579 402/414/402 607/625/607 606/624/606
f 606/624/606 607/625/607 608/626/608 609/627/609
f 598/616/598 606/624/606 609/627/609 599/617/599
f 575/593/575 582/600/582 610/628/610 603/621/603
f 582/600/582 507/522/507 611/629/611 610/628/610
f 610/628/610 611/629/611 612/630/612 613/631/613
f 603/621/603 610/628/610 613/631/613 604/622/604
f 402/414/402 401/413/401 614/632/614 607/625/607
f 401/413/401 400/412/400 615/633/615 614/632/614
f 614/632/614 615/633/615 616/634/616 617/635/617
f 607/625/607 614/632/614 617/635/617 608/626/608
f 507/522/507 506/521/506 618/636/618 611/629/611
f 506/521/506 505/520/505 619/637/619 618/636/618
f 618/636/618 619/637/619 620/638/620 621/639/621
f 611/629/611 618/636/618 621/639/621 612/630/612
f 400/412/400 513/528/513 622/640/622 615/633/615
f 513/528/513 512/527/512 623/641/623 622/640/622
f 622/640/622 623/641/623 624/642/624 625/643/625
f 615/633/615 622/640/622 625/643/625 616/634/616
f 505/520/505 519/534/519 626/644/626 619/637/619
f 519/534/519 518/533/518 627/645/627 626/644/626
f 626/644/626 627/645/627 628/646/628 629/647/629
f 619/637/619 626/644/626 629/647/629 620/638/620
f 512/527/512 525/540/525 630/648/630 623/641/623
f 525/540/525 524/539/524 631/649/631 630/648/630
f 630/648/630 631/649/631 632/650/632 633/651/633
f 623/641/623 630/648/630 633/651/633 624/642/624
f 518/533/518 531/546/531 634/652/634 627/645/627
f 531/546/531 530/545/530 635/653/635 634/652/634
f 634/652/634 635/653/635 636/654/636 637/655/637
f 627/645/627 634/652/634 637/655/637 628/646/628
f 524/539/524 537/552/537 638/656/638 631/649/631
f 537/552/537 536/551/536 639/657/639 638/656/638
f 638/656/638 639/657/639 640/658/640 641/659/641
f 631/649/631 638/656/638 641/659/641 632/650/632
f 530/545/530 543/558/543 642/660/642 635/653/635
f 543/558/543 542/557/542 643/661/643 642/660/642
f 642/660/642 643/661/643 644/662/644 645/663/645
f 635/653/635 642/660/642 645/663/645 636/654/636
f 536/551/536 549/564/549 646/664/646 639/657/639
f 549/564/549 548/563/548 593/611/593 646/664/646
f 646/664/646 593/611/593 595/613/595 647/665/647
f 639/657/639 646/664/646 647/665/647 640/658/640
f 542/557/542 555/570/555 648/666/648 643/661/643
f 555/570/555 554/569/554 597/667/597 648/666/648
f 648/666/648 597/667/597 601/668/601 649/669/649
f 643/661/643 648/666/648 649/669/649 644/662/644
f 650/670/650 651/671/651 652/672/652 653/673/653
f 651/671/651 654/674/654 655/675/655 652/672/652
f 652/672/652 655/675/655 656/676/656 657/677/657
f 653/673/653 652/672/652 657/677/657 658/678/658
f 659/679/659 660/680/660 661/681/661 662/682/662
f 660/680/660 663/683/663 664/684/664 661/681/661
f 661/681/661 664/684/664 665/685/665 666/686/666
f 662/682/662 661/681/661 666/686/666 667/687/667
f 587/605/587 668/688/668 669/689/669 588/606/588
f 668/688/668 670/690/670 671/691/671 669/689/669
f 669/689/669 671/691/671 672/692/672 673/693/673
f 588/606/588 669/689/669 673/693/673 589/607/589
f 663/683/663 674/694/674 675/695/675 664/684/664
f 674/694/674 676/696/676 677/697/677 675/695/675
f 675/695/675 677/697/677 678/698/678 679/699/679
f 664/684/664 675/695/675 679/699/679 665/685/665
f 670/690/670 680/700/680 681/701/681 671/691/671
f 680/700/680 682/702/682 683/703/683 681/701/681
f 681/701/681 683/703/683 684/704/684 685/705/685
f 671/691/671 681/701/681 685/705/685 672/692/672
f 686/706/686 687/707/687 688/708/688 689/709/689
f 687/707/687 690/710/690 691/711/691 688/708/688
f 688/708/688 691/711/691 692/712/692 693/713/693
f 689/709/689 688/708/688 693/713/693 694/714/694
f 676/696/676 695/715/695 696/716/696 677/697/677
f 695/715/695 686/706/686 689/709/689 696/716/696
f 696/716/696 689/709/689 694/714/694 697/717/697
f 677/697/677 696/716/696 697/717/697 678/698/678
f 682/718/682 698/719/698 699/720/699 683/721/683
f 698/719/698 700/722/700 701/723/701 699/720/699
f 699/720/699 701/723/701 702/724/702 703/725/703
f 683/721/683 699/720/699 703/725/703 684/726/684
f 690/710/690 704/727/704 705/728/705 691/711/691
f 704/727/704 706/729/706 707/730/707 705/728/705
f 705/728/705 707/730/707 708/731/708 709/732/709
f 691/711/691 705/728/705 709/732/709 692/712/692
f 700/722/700 710/733/710 711/734/711 701/723/701
f 710/733/710 712/735/712 713/736/713 711/734/711
f 711/734/711 713/736/713 714/737/714 715/738/715
f 701/723/701 711/734/711 715/738/715 702/724/702
f 706/729/706 716/739/716 717/740/717 707/730/707
f 716/739/716 718/741/718 719/742/719 717/740/717
f 717/740/717 719/742/719 720/743/720 721/744/721
f 707/730/707 717/740/717 721/744/721 708/731/708
f 712/735/712 722/745/722 723/746/723 713/736/713
f 722/745/722 724/747/724 725/748/725 723/746/723
f 723/746/723 725/748/725 726/749/726 727/750/727
f 713/736/713 723/746/723 727/750/727 714/737/714
f 718/741/718 728/751/728 729/752/729 719/742/719
f 728/751/728 730/753/730 731/754/731 729/752/729
f 729/752/729 731/754/731 732/755/732 733/756/733
f 719/742/719 729/752/729 733/756/733 720/743/720
f 724/747/724 734/757/734 735/758/735 725/748/725
f 734/757/734 736/759/736 737/760/737 735/758/735
f 735/758/735 737/760/737 738/761/738 739/762/739
f 725/748/725 735/758/735 739/762/739 726/749/726
f 730/753/730 740/763/740 741/764/741 731/754/731
f 740/763/740 583/601/583 586/604/586 741/764/741
f 741/764/741 586/604/586 591/609/591 742/765/742
f 731/754/731 741/764/741 742/765/742 732/755/732
f 736/759/736 743/766/743 744/767/744 737/760/737
f 743/766/743 659/679/659 662/682/662 744/767/744
f 744/767/744 662/682/662 667/687/667 745/768/745
f 737/760/737 744/767/744 745/768/745 738/761/738
f 746/769/746 747/770/747 748/771/748 749/772/749
f 747/770/747 750/773/750 751/774/751 748/771/748
f 748/771/748 751/774/751 752/775/752 753/776/753
f 749/772/749 748/771/748 753/776/753 754/777/754
f 755/778/755 756/779/756 757/780/757 758/781/758
f 756/779/756 759/782/759 760/783/760 757/780/757
f 757/780/757 760/783/760 761/784/761 762/785/762
f 758/781/758 757/780/757 762/785/762 763/786/763
f 654/674/654 764/787/764 765/788/765 655/675/655
f 764/787/764 766/789/766 767/790/767 765/788/765
f 765/788/765 767/790/767 768/791/768 769/792/769
f 655/675/655 765/788/765 769/792/769 656/676/656
f 759/782/759 770/793/770 771/794/771 760/783/760
f 770/793/770 772/795/772 773/796/773 771/794/771
f 771/794/771 773/796/773 774/797/774 775/798/775
f 760/783/760 771/794/771 775/798/775 761/784/761
f 766/789/766 776/799/776 777/800/777 767/790/767
f 776/799/776 778/801/778 779/802/779 777/800/777
f 777/800/777 779/802/779 780/803/780 781/804/781
f 767/790/767 777/800/777 781/804/781 768/791/768
f 772/795/772 782/805/782 783/806/783 773/796/773
f 782/805/782 784/807/784 785/808/785 783/806/783
f 783/806/783 785/808/785 786/809/786 787/810/787
f 773/796/773 783/806/783 787/810/787 774/797/774
f 778/801/778 788/811/788 789/812/789 779/802/779
f 788/811/788 790/813/790 791/814/791 789/812/789
f 789/812/789 791/814/791 792/815/792 793/816/793
f 779/802/779 789/812/789 793/816/793 780/803/780
f 784/807/784 794/817/794 795/818/795 785/808/785
f 794/817/794 796/819/796 797/820/797 795/818/795
f 795/818/795 797/820/797 798/821/798 799/822/799
f 785/808/785 795/818/795 799/822/799 786/809/786
f 790/813/790 800/823/800 801/824/801 791/814/791
f 800/823/800 802/825/802 803/826/803 801/824/801
f 801/824/801 803/826/803 804/827/804 805/828/805
f 791/814/791 801/824/801 805/828/805 792/815/792
f 796/819/796 806/829/806 807/830/807 797/820/797
f 806/829/806 808/831/808 809/832/809 807/830/807
f 807/830/807 809/832/809 810/833/810 811/834/811
f 797/820/797 807/830/807 811/834/811 798/821/798
f 812/835/812 813/836/813 814/837/814 815/838/815
f 813/836/813 816/839/816 817/840/817 814/837/814
f 814/837/814 817/840/817 818/841/818 819/842/819
f 815/838/815 814/837/814 819/842/819 820/843/820
f 802/825/802 821/844/821 822/845/822 803/826/803
f 821/844/821 812/835/812 815/838/815 822/845/822
f 822/845/822 815/838/815 820/843/820 823/846/823
f 803/826/803 822/845/822 823/846/823 804/827/804
f 808/847/808 824/848/824 825/849/825 809/850/809
f 824/848/824 826/851/826 827/852/827 825/849/825
f 825/849/825 827/852/827 828/853/828 829/854/829
f 809/850/809 825/849/825 829/854/829 810/855/810
f 816/839/816 830/856/830 831/857/831 817/840/817
f 830/856/830 832/858/832 833/859/833 831/857/831
f 831/857/831 833/859/833 834/860/834 835/861/835
f 817/840/817 831/857/831 835/861/835 818/841/818
f 826/851/826 836/862/836 837/863/837 827/852/827
f 836/862/836 650/670/650 653/673/653 837/863/837
f 837/863/837 653/673/653 658/678/658 838/864/838
f 827/852/827 837/863/837 838/864/838 828/853/828
f 832/858/832 839/865/839 840/866/840 833/859/833
f 839/865/839 755/778/755 758/781/758 840/866/840
f 840/866/840 758/781/758 763/786/763 841/867/841
f 833/859/833 840/866/840 841/867/841 834/860/834
f 842/868/842 843/869/843 844/870/844 845/871/845
f 843/869/843 846/872/846 847/873/847 844/870/844
f 844/870/844 847/873/847 848/874/848 849/875/849
f 845/871/845 844/870/844 849/875/849 850/876/850
f 851/877/851 852/878/852 853/879/853 854/880/854
f 852/878/852 746/769/746 749/772/749 853/879/853
f 853/879/853 749/772/749 754/777/754 855/881/855
f 854/880/854 853/879/853 855/881/855 856/882/856
f 857/883/857 858/884/858 859/885/859 860/886/860
f 858/884/858 861/887/861 862/888/862 859/885/859
f 859/885/859 862/888/862 863/889/863 864/890/864
f 860/886/860 859/885/859 864/890/864 865/891/865
f 750/773/750 866/892/866 867/893/867 751/774/751
f 866/892/866 868/894/868 869/895/869 867/893/867
f 867/893/867 869/895/869 870/896/870 871/897/871
f 751/774/751 867/893/867 871/897/871 752/775/752
f 861/887/861 872/898/872 873/899/873 862/888/862
f 872/898/872 874/900/874 875/901/875 873/899/873
f 873/899/873 875/901/875 876/902/876 877/903/877
f 862/888/862 873/899/873 877/903/877 863/889/863
f 868/894/868 878/904/878 879/905/879 869/895/869
f 878/904/878 880/906/880 881/907/881 879/905/879
f 879/905/879 881/907/881 882/908/882 883/909/883
f 869/895/869 879/905/879 883/909/883 870/896/870
f 874/900/874 884/910/884 885/911/885 875/901/875
f 884/910/884 886/912/886 887/913/887 885/911/885
f 885/911/885 887/913/887 888/914/888 889/915/889
f 875/901/875 885/911/885 889/915/889 876/902/876
f 880/906/880 890/916/890 891/917/891 881/907/881
f 890/916/890 892/918/892 893/919/893 891/917/891
f 891/917/891 893/919/893 894/920/894 895/921/895
f 881/907/881 891/917/891 895/921/895 882/908/882
f 886/912/886 896/922/896 897/923/897 887/913/887
f 896/922/896 898/924/898 899/925/899 897/923/897
f 897/923/897 899/925/899 900/926/900 901/927/901
f 887/913/887 897/923/897 901/927/901 888/914/888
f 892/918/892 902/928/902 903/929/903 893/919/893
f 902/928/902 904/930/904 905/931/905 903/929/903
f 903/929/903 905/931/905 842/868/842 906/932/906
f 893/919/893 903/929/903 906/932/906 894/920/894
f 898/924/898 907/933/907 908/934/908 899/925/899
f 907/933/907 909/935/909 910/936/910 908/934/908
f 908/934/908 910/936/910 911/937/911 912/938/912
f 899/925/899 908/934/908 912/938/912 900/926/900
f 904/930/904 913/939/913 914/940/914 905/931/905
f 913/939/913 915/941/915 916/942/916 914/940/914
f 914/940/914 916/942/916 846/872/846 843/869/843
f 905/931/905 914/940/914 843/869/843 842/868/842
f 909/935/909 917/943/917 918/944/918 910/936/910
f 917/943/917 919/945/919 920/946/920 918/944/918
f 918/944/918 920/946/920 921/947/921 922/948/922
f 910/936/910 918/944/918 922/948/922 911/937/911
f 915/941/915 923/949/923 924/950/924 916/942/916
f 923/949/923 925/951/925 926/952/926 924/950/924
f 924/950/924 926/952/926 927/953/927 928/954/928
f 916/942/916 924/950/924 928/954/928 846/872/846
f 919/945/919 929/955/929 930/956/930 920/946/920
f 929/955/929 851/877/851 854/880/854 930/956/930
f 930/956/930 854/880/854 856/882/856 931/957/931
f 920/946/920 930/956/930 931/957/931 921/947/921
f 925/951/925 932/958/932 933/959/933 926/952/926
f 932/958/932 857/960/857 860/961/860 933/959/933
f 933/959/933 860/961/860 865/962/865 934/963/934
f 926/952/926 933/959/933 934/963/934 927/953/927
f 935/964/935 936/965/936 937/966/937 938/967/938
f 936/965/936 939/968/939 940/969/940 937/966/937
f 937/970/937 940/971/940 941/972/941 942/973/942
f 938/974/938 937/970/937 942/973/942 943/975/943
f 911/937/911 922/948/922 944/976/944 945/977/945
f 922/948/922 921/947/921 946/978/946 944/976/944
f 944/976/944 946/978/946 947/979/947 948/980/948
f 945/977/945 944/976/944 948/980/948 949/981/949
f 846/872/846 928/954/928 950/982/950 847/873/847
f 928/954/928 927/953/927 951/983/951 950/982/950
f 950/982/950 951/983/951 952/984/952 953/985/953
f 847/873/847 950/982/950 953/985/953 848/874/848
f 921/947/921 931/957/931 954/986/954 946/978/946
f 931/957/931 856/882/856 955/987/955 954/986/954
f 954/986/954 955/987/955 956/988/956 957/989/957
f 946/978/946 954/986/954 957/989/957 947/979/947
f 927/953/927 934/963/934 958/990/958 951/983/951
f 934/963/934 865/962/865 959/991/959 958/990/958
f 958/990/958 959/991/959 960/992/960 961/993/961
f 951/983/951 958/990/958 961/993/961 952/984/952
f 754/777/754 753/776/753 962/994/962 963/995/963
f 753/776/753 752/775/752 964/996/964 962/994/962
f 962/994/962 964/996/964 965/997/965 966/998/966
f 963/995/963 962/994/962 966/998/966 967/999/967
f 856/882/856 855/881/855 968/1000/968 955/987/955
f 855/881/855 754/777/754 963/995/963 968/1000/968
f 968/1000/968 963/995/963 967/999/967 969/1001/969
f 955/987/955 968/1000/968 969/1001/969 956/988/956
f 865/891/865 864/890/864 970/1002/970 959/1003/959
f 864/890/864 863/889/863 971/1004/971 970/1002/970
f 970/1002/970 971/1004/971 972/1005/972 973/1006/973
f 959/1003/959 970/1002/970 973/1006/973 960/1007/960
f 752/775/752 871/897/871 974/1008/974 964/996/964
f 871/897/871 870/896/870 975/1009/975 974/1008/974
f 974/1008/974 975/1009/975 976/1010/976 977/1011/977
f 964/996/964 974/1008/974 977/1011/977 965/997/965
f 863/889/863 877/903/877 978/1012/978 971/1004/971
f 877/903/877 876/902/876 979/1013/979 978/1012/978
f 978/1012/978 979/1013/979 980/1014/980 981/1015/981
f 971/1004/971 978/1012/978 981/1015/981 972/1005/972
f 870/896/870 883/909/883 982/1016/982 975/1009/975
f 883/909/883 882/908/882 983/1017/983 982/1016/982
f 982/1016/982 983/1017/983 984/1018/984 985/1019/985
f 975/1009/975 982/1016/982 985/1019/985 976/1010/976
f 876/902/876 889/915/889 986/1020/986 979/1013/979
f 889/915/889 888/914/888 987/1021/987 986/1020/986
f 986/1020/986 987/1021/987 988/1022/988 989/1023/989
f 979/1013/979 986/1020/986 989/1023/989 980/1014/980
f 882/908/882 895/921/895 990/1024/990 983/1017/983
f 895/921/895 894/920/894 991/1025/991 990/1024/990
f 990/1024/990 991/1025/991 992/1026/992 993/1027/993
f 983/1017/983 990/1024/990 993/1027/993 984/1018/984
f 888/914/888 901/927/901 994/1028/994 987/1021/987
f 901/927/901 900/926/900 995/1029/995 994/1028/994
f 994/1028/994 995/1029/995 996/1030/996 997/1031/997
f 987/1021/987 994/1028/994 997/1031/997 988/1022/988
f 894/920/894 906/932/906 998/1032/998 991/1025/991
f 906/932/906 842/868/842 845/871/845 998/1032/998
f 998/1032/998 845/871/845 850/876/850 999/1033/999
f 991/1025/991 998/1032/998 999/1033/999 992/1026/992
f 900/926/900 912/938/912 1000/1034/1000 995/1029/995
f 912/938/912 911/937/911 945/977/945 1000/1034/1000
f 1000/1034/1000 945/977/945 949/981/949 1001/1035/1001
f 995/1029/995 1000/1034/1000 1001/1035/1001 996/1030/996
f 1002/1036/1002 1003/1037/1003 1004/1038/1004 1005/1039/1005
f 1003/1037/1003 1006/1040/1006 1007/1041/1007 1004/1038/1004
f 1004/1038/1004 1007/1041/1007 1008/1042/1008 1009/1043/1009
f 1005/1039/1005 1004/1038/1004 1009/1043/1009 1010/1044/1010
f 1011/1045/1011 1012/1046/1012 1013/1047/1013 1014/1048/1014
f 1012/1046/1012 1015/1049/1015 1016/1050/1016 1013/1047/1013
f 1013/1051/1013 1016/1052/1016 1017/1053/1017 1018/1054/1018
f 1014/1055/1014 1013/1051/1013 1018/1054/1018 1019/1056/1019
f 939/968/939 1020/1057/1020 1021/1058/1021 940/969/940
f 1020/1057/1020 1022/1059/1022 1023/1060/1023 1021/1058/1021
f 1021/1061/1021 1023/1062/1023 1024/1063/1024 1025/1064/1025
f 940/971/940 1021/1061/1021 1025/1064/1025 941/972/941
f 1015/1049/1015 1026/1065/1026 1027/1066/1027 1016/1050/1016
f 1026/1065/1026 1028/1067/1028 1029/1068/1029 1027/1066/1027
f 1027/1069/1027 1029/1070/1029 1030/1071/1030 1031/1072/1031
f 1016/1052/1016 1027/1069/1027 1031/1072/1031 1017/1053/1017
f 1022/1059/1022 1032/1073/1032 1033/1074/1033 1023/1060/1023
f 1032/1073/1032 1034/1075/1034 1035/1076/1035 1033/1074/1033
f 1033/1077/1033 1035/1078/1035 1036/1079/1036 1037/1080/1037
f 1023/1062/1023 1033/1077/1033 1037/1080/1037 1024/1063/1024
f 1028/1067/1028 1038/1081/1038 1039/1082/1039 1029/1068/1029
f 1038/1081/1038 1040/1083/1040 1041/1084/1041 1039/1082/1039
f 1039/1085/1039 1041/1086/1041 1042/1087/1042 1043/1088/1043
f 1029/1070/1029 1039/1085/1039 1043/1088/1043 1030/1071/1030
f 1034/1075/1034 1044/1089/1044 1045/1090/1045 1035/1076/1035
f 1044/1089/1044 1046/1091/1046 1047/1092/1047 1045/1090/1045
f 1045/1093/1045 1047/1094/1047 1048/1095/1048 1049/1096/1049
f 1035/1078/1035 1045/1093/1045 1049/1096/1049 1036/1079/1036
f 1040/1083/1040 1050/1097/1050 1051/1098/1051 1041/1084/1041
f 1050/1097/1050 1052/1099/1052 1053/1100/1053 1051/1098/1051
f 1051/1101/1051 1053/1102/1053 1054/1103/1054 1055/1104/1055
f 1041/1086/1041 1051/1101/1051 1055/1104/1055 1042/1087/1042
f 1046/1091/1046 1056/1105/1056 1057/1106/1057 1047/1092/1047
f 1056/1105/1056 1058/1107/1058 1059/1108/1059 1057/1106/1057
f 1057/1109/1057 1059/1110/1059 1060/1111/1060 1061/1112/1061
f 1047/1094/1047 1057/1109/1057 1061/1112/1061 1048/1095/1048
f 1052/1099/1052 1062/1113/1062 1063/1114/1063 1053/1100/1053
f 1062/1113/1062 1064/1115/1064 1065/1116/1065 1063/1114/1063
f 1063/1117/1063 1065/1118/1065 1066/1119/1066 1067/1120/1067
f 1053/1102/1053 1063/1117/1063 1067/1120/1067 1054/1103/1054
f 1068/1121/1068 1069/1122/1069 1070/1123/1070 1071/1124/1071
f 1069/1122/1069 1072/1125/1072 1073/1126/1073 1070/1123/1070
f 1070/1127/1070 1073/1128/1073 1074/1129/1074 1075/1130/1075
f 1071/1131/1071 1070/1127/1070 1075/1130/1075 1076/1132/1076
f 1058/1107/1058 1077/1133/1077 1078/1134/1078 1059/1108/1059
f 1077/1133/1077 1068/1121/1068 1071/1124/1071 1078/1134/1078
f 1078/1135/1078 1071/1131/1071 1076/1132/1076 1079/1136/1079
f 1059/1110/1059 1078/1135/1078 1079/1136/1079 1060/1111/1060
f 1064/1137/1064 1080/1138/1080 1081/1139/1081 1065/1140/1065
f 1080/1138/1080 1082/1141/1082 1083/1142/1083 1081/1139/1081
f 1081/1143/1081 1083/1144/1083 1084/1145/1084 1085/1146/1085
f 1065/1147/1065 1081/1143/1081 1085/1146/1085 1066/1148/1066
f 1072/1125/1072 1086/1149/1086 1087/1150/1087 1073/1126/1073
f 1086/1149/1086 1088/1151/1088 1089/1152/1089 1087/1150/1087
f 1087/1153/1087 1089/1154/1089 1090/1155/1090 1091/1156/1091
f 1073/1128/1073 1087/1153/1087 1091/1156/1091 1074/1129/1074
f 1082/1141/1082 1092/1157/1092 1093/1158/1093 1083/1142/1083
f 1092/1157/1092 935/964/935 938/967/938 1093/1158/1093
f 1093/1159/1093 938/974/938 943/975/943 1094/1160/1094
f 1083/1144/1083 1093/1159/1093 1094/1160/1094 1084/1145/1084
f 1088/1151/1088 1095/1161/1095 1096/1162/1096 1089/1152/1089
f 1095/1161/1095 1011/1045/1011 1014/1048/1014 1096/1162/1096
f 1096/1163/1096 1014/1055/1014 1019/1056/1019 1097/1164/1097
f 1089/1154/1089 1096/1163/1096 1097/1164/1097 1090/1155/1090
f 1098/1165/1098 1099/1166/1099 1100/1167/1100 1101/1168/1101
f 1099/1166/1099 1102/1169/1102 1103/1170/1103 1100/1167/1100
f 1100/1167/1100 1103/1170/1103 1104/1171/1104 1105/1172/1105
f 1101/1168/1101 1100/1167/1100 1105/1172/1105 1106/1173/1106
f 1107/1174/1107 1108/1175/1108 1109/1176/1109 1110/1177/1110
f 1108/1175/1108 1111/1178/1111 1112/1179/1112 1109/1176/1109
f 1109/1176/1109 1112/1179/1112 1113/1180/1113 1114/1181/1114
f 1110/1177/1110 1109/1176/1109 1114/1181/1114 1115/1182/1115
f 1116/1183/1116 1117/1184/1117 1118/1185/1118 1119/1186/1119
f 1117/1184/1117 1120/1187/1120 1121/1188/1121 1118/1185/1118
f 1118/1185/1118 1121/1188/1121 1122/1189/1122 1123/1190/1123
f 1119/1186/1119 1118/1185/1118 1123/1190/1123 1124/1191/1124
f 1111/1178/1111 1125/1192/1125 1126/1193/1126 1112/1179/1112
f 1125/1192/1125 1127/1194/1127 1128/1195/1128 1126/1193/1126
f 1126/1193/1126 1128/1195/1128 1129/1196/1129 1130/1197/1130
f 1112/1179/1112 1126/1193/1126 1130/1197/1130 1113/1180/1113
f 1120/1187/1120 1131/1198/1131 1132/1199/1132 1121/1188/1121
f 1131/1198/1131 1133/1200/1133 1134/1201/1134 1132/1199/1132
f 1132/1199/1132 1134/1201/1134 1135/1202/1135 1136/1203/1136
f 1121/1188/1121 1132/1199/1132 1136/1203/1136 1122/1189/1122
f 1127/1194/1127 1137/1204/1137 1138/1205/1138 1128/1195/1128
f 1137/1204/1137 1139/1206/1139 1140/1207/1140 1138/1205/1138
f 1138/1205/1138 1140/1207/1140 1141/1208/1141 1142/1209/1142
f 1128/1195/1128 1138/1205/1138 1142/1209/1142 1129/1196/1129
f 1133/1200/1133 1143/1210/1143 1144/1211/1144 1134/1201/1134
f 1143/1210/1143 1145/1212/1145 1146/1213/1146 1144/1211/1144
f 1144/1211/1144 1146/1213/1146 1147/1214/1147 1148/1215/1148
f 1134/1201/1134 1144/1211/1144 1148/1215/1148 1135/1202/1135
f 1139/1206/1139 1149/1216/1149 1150/1217/1150 1140/1207/1140
f 1149/1216/1149 1151/1218/1151 1152/1219/1152 1150/1217/1150
f 1150/1217/1150 1152/1219/1152 1153/1220/1153 1154/1221/1154
f 1140/1207/1140 1150/1217/1150 1154/1221/1154 1141/1208/1141
f 1145/1212/1145 1155/1222/1155 1156/1223/1156 1146/1213/1146
f 1155/1222/1155 1157/1224/1157 1158/1225/1158 1156/1223/1156
f 1156/1223/1156 1158/1225/1158 1159/1226/1159 1160/1227/1160
f 1146/1213/1146 1156/1223/1156 1160/1227/1160 1147/1214/1147
f 1151/1218/1151 1161/1228/1161 1162/1229/1162 1152/1219/1152
f 1161/1228/1161 1163/1230/1163 1164/1231/1164 1162/1229/1162
f 1162/1229/1162 1164/1231/1164 1165/1232/1165 1166/1233/1166
f 1152/1219/1152 1162/1229/1162 1166/1233/1166 1153/1220/1153
f 1157/1224/1157 1167/1234/1167 1168/1235/1168 1158/1225/1158
f 1167/1234/1167 1169/1236/1169 1170/1237/1170 1168/1235/1168
f 1168/1235/1168 1170/1237/1170 1171/1238/1171 1172/1239/1172
f 1158/1225/1158 1168/1235/1168 1172/1239/1172 1159/1226/1159
f 1163/1230/1163 1173/1240/1173 1174/1241/1174 1164/1231/1164
f 1173/1240/1173 1175/1242/1175 1176/1243/1176 1174/1241/1174
f 1174/1241/1174 1176/1243/1176 1177/1244/1177 1178/1245/1178
f 1164/1231/1164 1174/1241/1174 1178/1245/1178 1165/1232/1165
f 1169/1236/1169 1179/1246/1179 1180/1247/1180 1170/1237/1170
f 1179/1246/1179 1181/1248/1181 1182/1249/1182 1180/1247/1180
f 1180/1247/1180 1182/1249/1182 1183/1250/1183 1184/1251/1184
f 1170/1237/1170 1180/1247/1180 1184/1251/1184 1171/1238/1171
f 1175/1242/1175 1185/1252/1185 1186/1253/1186 1176/1243/1176
f 1185/1252/1185 1002/1036/1002 1005/1039/1005 1186/1253/1186
f 1186/1253/1186 1005/1039/1005 1010/1044/1010 1187/1254/1187
f 1176/1243/1176 1186/1253/1186 1187/1254/1187 1177/1244/1177
f 1181/1248/1181 1188/1255/1188 1189/1256/1189 1182/1249/1182
f 1188/1255/1188 1107/1257/1107 1110/1258/1110 1189/1256/1189
f 1189/1256/1189 1110/1258/1110 1115/1259/1115 1190/1260/1190
f 1182/1249/1182 1189/1256/1189 1190/1260/1190 1183/1250/1183
f 1006/1040/1006 1191/1261/1191 1192/1262/1192 1007/1041/1007
f 1191/1261/1191 1116/1183/1116 1119/1186/1119 1192/1262/1192
f 1192/1262/1192 1119/1186/1119 1124/1191/1124 1193/1263/1193
f 1007/1041/1007 1192/1262/1192 1193/1263/1193 1008/1042/1008
f 1194/1264/1194 1195/1265/1195 1196/1266/1196 1197/1267/1197
f 1195/1265/1195 1198/1268/1198 1199/1269/1199 1196/1266/1196
f 1196/1266/1196 1199/1269/1199 1200/1270/1200 1201/1271/1201
f 1197/1267/1197 1196/1266/1196 1201/1271/1201 1202/1272/1202
f 1203/1273/1203 1204/1274/1204 1205/1275/1205 1206/1276/1206
f 1204/1274/1204 1207/1277/1207 1208/1278/1208 1205/1275/1205
f 1205/1275/1205 1208/1278/1208 1209/1279/1209 1210/1280/1210
f 1206/1276/1206 1205/1275/1205 1210/1280/1210 1211/1281/1211
f 1102/1169/1102 1212/1282/1212 1213/1283/1213 1103/1170/1103
f 1212/1282/1212 1214/1284/1214 1215/1285/1215 1213/1283/1213
f 1213/1283/1213 1215/1285/1215 1216/1286/1216 1217/1287/1217
f 1103/1170/1103 1213/1283/1213 1217/1287/1217 1104/1171/1104
f 1207/1277/1207 1218/1288/1218 1219/1289/1219 1208/1278/1208
f 1218/1288/1218 1220/1290/1220 1221/1291/1221 1219/1289/1219
f 1219/1289/1219 1221/1291/1221 1222/1292/1222 1223/1293/1223
f 1208/1278/1208 1219/1289/1219 1223/1293/1223 1209/1279/1209
f 1224/1294/1224 1225/1295/1225 1226/1296/1226 1227/1297/1227
f 1225/1295/1225 1228/1298/1228 1229/1299/1229 1226/1296/1226
f 1226/1296/1226 1229/1299/1229 1230/1300/1230 1231/1301/1231
f 1227/1297/1227 1226/1296/1226 1231/1301/1231 1232/1302/1232
f 1214/1284/1214 1233/1303/1233 1234/1304/1234 1215/1285/1215
f 1233/1303/1233 1224/1294/1224 1227/1297/1227 1234/1304/1234
f 1234/1304/1234 1227/1297/1227 1232/1302/1232 1235/1305/1235
f 1215/1285/1215 1234/1304/1234 1235/1305/1235 1216/1286/1216
f 1220/1306/1220 1236/1307/1236 1237/1308/1237 1221/1309/1221
f 1236/1307/1236 1238/1310/1238 1239/1311/1239 1237/1308/1237
f 1237/1308/1237 1239/1311/1239 1240/1312/1240 1241/1313/1241
f 1221/1309/1221 1237/1308/1237 1241/1313/1241 1222/1314/1222
f 1228/1298/1228 1242/1315/1242 1243/1316/1243 1229/1299/1229
f 1242/1315/1242 1244/1317/1244 1245/1318/1245 1243/1316/1243
f 1243/1316/1243 1245/1318/1245 1246/1319/1246 1247/1320/1247
f 1229/1299/1229 1243/1316/1243 1247/1320/1247 1230/1300/1230
f 1238/1310/1238 1248/1321/1248 1249/1322/1249 1239/1311/1239
f 1248/1321/1248 1250/1323/1250 1251/1324/1251 1249/1322/1249
f 1249/1322/1249 1251/1324/1251 1252/1325/1252 1253/1326/1253
f 1239/1311/1239 1249/1322/1249 1253/1326/1253 1240/1312/1240
f 1244/1317/1244 1254/1327/1254 1255/1328/1255 1245/1318/1245
f 1254/1327/1254 1256/1329/1256 1257/1330/1257 1255/1328/1255
f 1255/1328/1255 1257/1330/1257 1258/1331/1258 1259/1332/1259
f 1245/1318/1245 1255/1328/1255 1259/1332/1259 1246/1319/1246
f 1250/1323/1250 1260/1333/1260 1261/1334/1261 1251/1324/1251
f 1260/1333/1260 1262/1335/1262 1263/1336/1263 1261/1334/1261
f 1261/1334/1261 1263/1336/1263 1264/1337/1264 1265/1338/1265
f 1251/1324/1251 1261/1334/1261 1265/1338/1265 1252/1325/1252
f 1256/1329/1256 1266/1339/1266 1267/1340/1267 1257/1330/1257
f 1266/1339/1266 1268/1341/1268 1269/1342/1269 1267/1340/1267
f 1267/1340/1267 1269/1342/1269 1270/1343/1270 1271/1344/1271
f 1257/1330/1257 1267/1340/1267 1271/1344/1271 1258/1331/1258
f 1262/1335/1262 1272/1345/1272 1273/1346/1273 1263/1336/1263
f 1272/1345/1272 1274/1347/1274 1275/1348/1275 1273/1346/1273
f 1273/1346/1273 1275/1348/1275 1276/1349/1276 1277/1350/1277
f 1263/1336/1263 1273/1346/1273 1277/1350/1277 1264/1337/1264
f 1268/1341/1268 1278/1351/1278 1279/1352/1279 1269/1342/1269
f 1278/1351/1278 1280/1353/1280 1281/1354/1281 1279/1352/1279
f 1279/1352/1279 1281/1354/1281 1282/1355/1282 1283/1356/1283
f 1269/1342/1269 1279/1352/1279 1283/1356/1283 1270/1343/1270
f 1274/1347/1274 1284/1357/1284 1285/1358/1285 1275/1348/1275
f 1284/1357/1284 1098/1165/1098 1101/1168/1101 1285/1358/1285
f 1285/1358/1285 1101/1168/1101 1106/1173/1106 1286/1359/1286
f 1275/1348/1275 1285/1358/1285 1286/1359/1286 1276/1349/1276
f 1280/1353/1280 1287/1360/1287 1288/1361/1288 1281/1354/1281
f 1287/1360/1287 1203/1273/1203 1206/1276/1206 1288/1361/1288
f 1288/1361/1288 1206/1276/1206 1211/1281/1211 1289/1362/1289
f 1281/1354/1281 1288/1361/1288 1289/1362/1289 1282/1355/1282
f 1290/1363/1290 1291/1364/1291 1292/1365/1292 1293/1366/1293
f 1291/1364/1291 1294/1367/1294 1295/1368/1295 1292/1365/1292
f 1292/1369/1292 1295/1370/1295 1296/1371/1296 1297/1372/1297
f 1293/1373/1293 1292/1369/1292 1297/1372/1297 1298/1374/1298
f 1299/1375/1299 1300/1376/1300 1301/1377/1301 1302/1378/1302
f 1300/1376/1300 1303/1379/1303 1304/1380/1304 1301/1377/1301
f 1301/1377/1301 1304/1380/1304 1305/1381/1305 1306/1382/1306
f 1302/1378/1302 1301/1377/1301 1306/1382/1306 1307/1383/1307
f 1198/1268/1198 1308/1384/1308 1309/1385/1309 1199/1269/1199
f 1308/1384/1308 1310/1386/1310 1311/1387/1311 1309/1385/1309
f 1309/1385/1309 1311/1387/1311 1312/1388/1312 1313/1389/1313
f 1199/1269/1199 1309/1385/1309 1313/1389/1313 1200/1270/1200
f 1303/1379/1303 1314/1390/1314 1315/1391/1315 1304/1380/1304
f 1314/1390/1314 1316/1392/1316 1317/1393/1317 1315/1391/1315
f 1315/1391/1315 1317/1393/1317 1318/1394/1318 1319/1395/1319
f 1304/1380/1304 1315/1391/1315 1319/1395/1319 1305/1381/1305
f 1310/1386/1310 1320/1396/1320 1321/1397/1321 1311/1387/1311
f 1320/1396/1320 1322/1398/1322 1323/1399/1323 1321/1397/1321
f 1321/1397/1321 1323/1399/1323 1324/1400/1324 1325/1401/1325
f 1311/1387/1311 1321/1397/1321 1325/1401/1325 1312/1388/1312
f 1316/1392/1316 1326/1402/1326 1327/1403/1327 1317/1393/1317
f 1326/1402/1326 1328/1404/1328 1329/1405/1329 1327/1403/1327
f 1327/1403/1327 1329/1405/1329 1330/1406/1330 1331/1407/1331
f 1317/1393/1317 1327/1403/1327 1331/1407/1331 1318/1394/1318
f 1322/1398/1322 1332/1408/1332 1333/1409/1333 1323/1399/1323
f 1332/1408/1332 1334/1410/1334 1335/1411/1335 1333/1409/1333
f 1333/1409/1333 1335/1411/1335 1336/1412/1336 1337/1413/1337
f 1323/1399/1323 1333/1409/1333 1337/1413/1337 1324/1400/1324
f 1328/1404/1328 1338/1414/1338 1339/1415/1339 1329/1405/1329
f 1338/1414/1338 1340/1416/1340 1341/1417/1341 1339/1415/1339
f 1339/1415/1339 1341/1417/1341 1342/1418/1342 1343/1419/1343
f 1329/1405/1329 1339/1415/1339 1343/1419/1343 1330/1406/1330
f 1334/1410/1334 1344/1420/1344 1345/1421/1345 1335/1411/1335
f 1344/1420/1344 1346/1422/1346 1347/1423/1347 1345/1421/1345
f 1345/1421/1345 1347/1423/1347 1348/1424/1348 1349/1425/1349
f 1335/1411/1335 1345/1421/1345 1349/1425/1349 1336/1412/1336
f 1350/1426/1350 1351/1427/1351 1352/1428/1352 1353/1429/1353
f 1351/1427/1351 1354/1430/1354 1355/1431/1355 1352/1428/1352
f 1352/1428/1352 1355/1431/1355 1356/1432/1356 1357/1433/1357
f 1353/1429/1353 1352/1428/1352 1357/1433/1357 1358/1434/1358
f 1340/1416/1340 1359/1435/1359 1360/1436/1360 1341/1417/1341
f 1359/1435/1359 1350/1426/1350 1353/1429/1353 1360/1436/1360
f 1360/1436/1360 1353/1429/1353 1358/1434/1358 1361/1437/1361
f 1341/1417/1341 1360/1436/1360 1361/1437/1361 1342/1418/1342
f 1346/1438/1346 1362/1439/1362 1363/1440/1363 1347/1441/1347
f 1362/1439/1362 1364/1442/1364 1365/1443/1365 1363/1440/1363
f 1363/1440/1363 1365/1443/1365 1366/1444/1366 1367/1445/1367
f 1347/1441/1347 1363/1440/1363 1367/1445/1367 1348/1446/1348
f 1354/1430/1354 1368/1447/1368 1369/1448/1369 1355/1431/1355
f 1368/1447/1368 1370/1449/1370 1371/1450/1371 1369/1448/1369
f 1369/1448/1369 1371/1450/1371 1372/1451/1372 1373/1452/1373
f 1355/1431/1355 1369/1448/1369 1373/1452/1373 1356/1432/1356
f 1364/1442/1364 1374/1453/1374 1375/1454/1375 1365/1443/1365
f 1374/1453/1374 1376/1455/1376 1377/1456/1377 1375/1454/1375
f 1375/1454/1375 1377/1456/1377 1378/1457/1378 1379/1458/1379
f 1365/1443/1365 1375/1454/1375 1379/1458/1379 1366/1444/1366
f 1370/1449/1370 1380/1459/1380 1381/1460/1381 1371/1450/1371
f 1380/1459/1380 1194/1264/1194 1197/1267/1197 1381/1460/1381
f 1381/1460/1381 1197/1267/1197 1202/1272/1202 1382/1461/1382
f 1371/1450/1371 1381/1460/1381 1382/1461/1382 1372/1451/1372
f 1376/1455/1376 1383/1462/1383 1384/1463/1384 1377/1456/1377
f 1383/1462/1383 1299/1375/1299 1302/1378/1302 1384/1463/1384
f 1384/1463/1384 1302/1378/1302 1307/1383/1307 1385/1464/1385
f 1377/1456/1377 1384/1463/1384 1385/1464/1385 1378/1457/1378
f 1386/1465/1386 1387/1466/1387 1388/1467/1388 1389/1468/1389
f 1387/1466/1387 1390/1469/1390 1391/1470/1391 1388/1467/1388
f 1388/1471/1388 1391/1472/1391 1392/1473/1392 1393/1474/1393
f 1389/1475/1389 1388/1471/1388 1393/1474/1393 1394/1476/1394
f 1294/1367/1294 1395/1477/1395 1396/1478/1396 1295/1368/1295
f 1395/1477/1395 1397/1479/1397 1398/1480/1398 1396/1478/1396
f 1396/1481/1396 1398/1482/1398 1399/1483/1399 1400/1484/1400
f 1295/1370/1295 1396/1481/1396 1400/1484/1400 1296/1371/1296
f 1390/1469/1390 1401/1485/1401 1402/1486/1402 1391/1470/1391
f 1401/1485/1401 1403/1487/1403 1404/1488/1404 1402/1486/1402
f 1402/1489/1402 1404/1490/1404 1405/1491/1405 1406/1492/1406
f 1391/1472/1391 1402/1489/1402 1406/1492/1406 1392/1473/1392
f 1397/1479/1397 1407/1493/1407 1408/1494/1408 1398/1480/1398
f 1407/1493/1407 1409/1495/1409 1410/1496/1410 1408/1494/1408
f 1408/1497/1408 1410/1498/1410 1411/1499/1411 1412/1500/1412
f 1398/1482/1398 1408/1497/1408 1412/1500/1412 1399/1483/1399
f 1403/1487/1403 1413/1501/1413 1414/1502/1414 1404/1488/1404
f 1413/1501/1413 1415/1503/1415 1416/1504/1416 1414/1502/1414
f 1414/1505/1414 1416/1506/1416 1417/1507/1417 1418/1508/1418
f 1404/1490/1404 1414/1505/1414 1418/1508/1418 1405/1491/1405
f 1409/1495/1409 1419/1509/1419 1420/1510/1420 1410/1496/1410
f 1419/1509/1419 1421/1511/1421 1422/1512/1422 1420/1510/1420
f 1420/1513/1420 1422/1514/1422 1423/1515/1423 1424/1516/1424
f 1410/1498/1410 1420/1513/1420 1424/1516/1424 1411/1499/1411
f 1415/1503/1415 1425/1517/1425 1426/1518/1426 1416/1504/1416
f 1425/1517/1425 1427/1519/1427 1428/1520/1428 1426/1518/1426
f 1426/1521/1426 1428/1522/1428 1429/1523/1429 1430/1524/1430
f 1416/1506/1416 1426/1521/1426 1430/1524/1430 1417/1507/1417
f 1421/1511/1421 1431/1525/1431 1432/1526/1432 1422/1512/1422
f 1431/1525/1431 1433/1527/1433 1434/1528/1434 1432/1526/1432
f 1432/1529/1432 1434/1530/1434 1435/1531/1435 1436/1532/1436
f 1422/1514/1422 1432/1529/1432 1436/1532/1436 1423/1515/1423
f 1427/1519/1427 1437/1533/1437 1438/1534/1438 1428/1520/1428
f 1437/1533/1437 1439/1535/1439 1440/1536/1440 1438/1534/1438
f 1438/1537/1438 1440/1538/1440 1441/1539/1441 1442/1540/1442
f 1428/1522/1428 1438/1537/1438 1442/1540/1442 1429/1523/1429
f 1433/1527/1433 1443/1541/1443 1444/1542/1444 1434/1528/1434
f 1443/1541/1443 1445/1543/1445 1446/1544/1446 1444/1542/1444
f 1444/1545/1444 1446/1546/1446 1447/1547/1447 1448/1548/1448
f 1434/1530/1434 1444/1545/1444 1448/1548/1448 1435/1531/1435
f 1439/1535/1439 1449/1549/1449 1450/1550/1450 1440/1536/1440
f 1449/1549/1449 1451/1551/1451 1452/1552/1452 1450/1550/1450
f 1450/1553/1450 1452/1554/1452 1453/1555/1453 1454/1556/1454
f 1440/1538/1440 1450/1553/1450 1454/1556/1454 1441/1539/1441
f 1445/1543/1445 1455/1557/1455 1456/1558/1456 1446/1544/1446
f 1455/1557/1455 1457/1559/1457 1458/1560/1458 1456/1558/1456
f 1456/1561/1456 1458/1562/1458 1459/1563/1459 1460/1564/1460
f 1446/1546/1446 1456/1561/1456 1460/1564/1460 1447/1547/1447
f 1451/1551/1451 1461/1565/1461 1462/1566/1462 1452/1552/1452
f 1461/1565/1461 1290/1567/1290 1293/1568/1293 1462/1566/1462
f 1462/1569/1462 1293/1373/1293 1298/1374/1298 1463/1570/1463
f 1452/1554/1452 1462/1569/1462 1463/1570/1463 1453/1555/1453
f 1464/1571/1464 1465/1572/1465 1466/1573/1466 1467/1574/1467
f 1465/1572/1465 1386/1465/1386 1389/1468/1389 1466/1573/1466
f 1466/1575/1466 1389/1475/1389 1394/1476/1394 1468/1576/1468
f 1467/1577/1467 1466/1575/1466 1468/1576/1468 1469/1578/1469
f 1457/1559/1457 1470/1579/1470 1471/1580/1471 1458/1560/1458
f 1470/1579/1470 1464/1571/1464 1467/1574/1467 1471/1580/1471
f 1471/1581/1471 1467/1577/1467 1469/1578/1469 1472/1582/1472
f 1458/1562/1458 1471/1581/1471 1472/1582/1472 1459/1563/1459
f 1159/1226/1159 1172/1239/1172 1473/1583/1473 1474/1584/1474
f 1172/1239/1172 1171/1238/1171 1475/1585/1475 1473/1583/1473
f 1473/1583/1473 1475/1585/1475 1203/1273/1203 1287/1360/1287
f 1474/1584/1474 1473/1583/1473 1287/1360/1287 1280/1353/1280
f 1153/1220/1153 1166/1233/1166 1476/1586/1476 1477/1587/1477
f 1166/1233/1166 1165/1232/1165 1478/1588/1478 1476/1586/1476
f 1476/1586/1476 1478/1588/1478 1098/1165/1098 1284/1357/1284
f 1477/1587/1477 1476/1586/1476 1284/1357/1284 1274/1347/1274
f 1147/1214/1147 1160/1227/1160 1479/1589/1479 1480/1590/1480
f 1160/1227/1160 1159/1226/1159 1474/1584/1474 1479/1589/1479
f 1479/1589/1479 1474/1584/1474 1280/1353/1280 1278/1351/1278
f 1480/1590/1480 1479/1589/1479 1278/1351/1278 1268/1341/1268
f 1141/1208/1141 1154/1221/1154 1481/1591/1481 1482/1592/1482
f 1154/1221/1154 1153/1220/1153 1477/1587/1477 1481/1591/1481
f 1481/1591/1481 1477/1587/1477 1274/1347/1274 1272/1345/1272
f 1482/1592/1482 1481/1591/1481 1272/1345/1272 1262/1335/1262
f 1135/1202/1135 1148/1215/1148 1483/1593/1483 1484/1594/1484
f 1148/1215/1148 1147/1214/1147 1480/1590/1480 1483/1593/1483
f 1483/1593/1483 1480/1590/1480 1268/1341/1268 1266/1339/1266
f 1484/1594/1484 1483/1593/1483 1266/1339/1266 1256/1329/1256
f 1129/1196/1129 1142/1209/1142 1485/1595/1485 1486/1596/1486
f 1142/1209/1142 1141/1208/1141 1482/1592/1482 1485/1595/1485
f 1485/1595/1485 1482/1592/1482 1262/1335/1262 1260/1333/1260
f 1486/1596/1486 1485/1595/1485 1260/1333/1260 1250/1323/1250
f 1122/1189/1122 1136/1203/1136 1487/1597/1487 1488/1598/1488
f 1136/1203/1136 1135/1202/1135 1484/1594/1484 1487/1597/1487
f 1487/1597/1487 1484/1594/1484 1256/1329/1256 1254/1327/1254
f 1488/1598/1488 1487/1597/1487 1254/1327/1254 1244/1317/1244
f 1113/1180/1113 1130/1197/1130 1489/1599/1489 1490/1600/1490
f 1130/1197/1130 1129/1196/1129 1486/1596/1486 1489/1599/1489
f 1489/1599/1489 1486/1596/1486 1250/1323/1250 1248/1321/1248
f 1490/1600/1490 1489/1599/1489 1248/1321/1248 1238/1310/1238
f 1124/1191/1124 1123/1190/1123 1491/1601/1491 1492/1602/1492
f 1123/1190/1123 1122/1189/1122 1488/1598/1488 1491/1601/1491
f 1491/1601/1491 1488/1598/1488 1244/1317/1244 1242/1315/1242
f 1492/1602/1492 1491/1601/1491 1242/1315/1242 1228/1298/1228
f 1115/1182/1115 1114/1181/1114 1493/1603/1493 1494/1604/1494
f 1114/1181/1114 1113/1180/1113 1490/1600/1490 1493/1603/1493
f 1493/1603/1493 1490/1600/1490 1238/1310/1238 1236/1307/1236
f 1494/1604/1494 1493/1603/1493 1236/1307/1236 1220/1306/1220
f 1010/1044/1010 1009/1043/1009 1495/1605/1495 1496/1606/1496
f 1009/1043/1009 1008/1042/1008 1497/1607/1497 1495/1605/1495
f 1495/1605/1495 1497/1607/1497 1224/1294/1224 1233/1303/1233
f 1496/1606/1496 1495/1605/1495 1233/1303/1233 1214/1284/1214
f 1008/1042/1008 1193/1263/1193 1498/1608/1498 1497/1607/1497
f 1193/1263/1193 1124/1191/1124 1492/1602/1492 1498/1608/1498
f 1498/1608/1498 1492/1602/1492 1228/1298/1228 1225/1295/1225
f 1497/1607/1497 1498/1608/1498 1225/1295/1225 1224/1294/1224
f 1183/1250/1183 1190/1260/1190 1499/1609/1499 1500/1610/1500
f 1190/1260/1190 1115/1259/1115 1494/1611/1494 1499/1609/1499
f 1499/1609/1499 1494/1611/1494 1220/1290/1220 1218/1288/1218
f 1500/1610/1500 1499/1609/1499 1218/1288/1218 1207/1277/1207
f 1177/1244/1177 1187/1254/1187 1501/1612/1501 1502/1613/1502
f 1187/1254/1187 1010/1044/1010 1496/1606/1496 1501/1612/1501
f 1501/1612/1501 1496/1606/1496 1214/1284/1214 1212/1282/1212
f 1502/1613/1502 1501/1612/1501 1212/1282/1212 1102/1169/1102
f 1171/1238/1171 1184/1251/1184 1503/1614/1503 1475/1585/1475
f 1184/1251/1184 1183/1250/1183 1500/1610/1500 1503/1614/1503
f 1503/1614/1503 1500/1610/1500 1207/1277/1207 1204/1274/1204
f 1475/1585/1475 1503/1614/1503 1204/1274/1204 1203/1273/1203
f 1165/1232/1165 1178/1245/1178 1504/1615/1504 1478/1588/1478
f 1178/1245/1178 1177/1244/1177 1502/1613/1502 1504/1615/1504
f 1504/1615/1504 1502/1613/1502 1102/1169/1102 1099/1166/1099
f 1478/1588/1478 1504/1615/1504 1099/1166/1099 1098/1165/1098
f 1076/1132/1076 1075/1130/1075 1505/1616/1505 1506/1617/1506
f 1075/1130/1075 1074/1129/1074 1507/1618/1507 1505/1616/1505
f 1505/1616/1505 1507/1618/1507 1116/1183/1116 1191/1261/1191
f 1506/1617/1506 1505/1616/1505 1191/1261/1191 1006/1040/1006
f 1054/1103/1054 1067/1120/1067 1508/1619/1508 1509/1620/1509
f 1067/1120/1067 1066/1119/1066 1510/1621/1510 1508/1619/1508
f 1508/1619/1508 1510/1621/1510 1107/1257/1107 1188/1255/1188
f 1509/1620/1509 1508/1619/1508 1188/1255/1188 1181/1248/1181
f 1048/1095/1048 1061/1112/1061 1511/1622/1511 1512/1623/1512
f 1061/1112/1061 1060/1111/1060 1513/1624/1513 1511/1622/1511
f 1511/1622/1511 1513/1624/1513 1002/1036/1002 1185/1252/1185
f 1512/1623/1512 1511/1622/1511 1185/1252/1185 1175/1242/1175
f 1042/1087/1042 1055/1104/1055 1514/1625/1514 1515/1626/1515
f 1055/1104/1055 1054/1103/1054 1509/1620/1509 1514/1625/1514
f 1514/1625/1514 1509/1620/1509 1181/1248/1181 1179/1246/1179
f 1515/1626/1515 1514/1625/1514 1179/1246/1179 1169/1236/1169
f 1036/1079/1036 1049/1096/1049 1516/1627/1516 1517/1628/1517
f 1049/1096/1049 1048/1095/1048 1512/1623/1512 1516/1627/1516
f 1516/1627/1516 1512/1623/1512 1175/1242/1175 1173/1240/1173
f 1517/1628/1517 1516/1627/1516 1173/1240/1173 1163/1230/1163
f 1030/1071/1030 1043/1088/1043 1518/1629/1518 1519/1630/1519
f 1043/1088/1043 1042/1087/1042 1515/1626/1515 1518/1629/1518
f 1518/1629/1518 1515/1626/1515 1169/1236/1169 1167/1234/1167
f 1519/1630/1519 1518/1629/1518 1167/1234/1167 1157/1224/1157
f 1024/1063/1024 1037/1080/1037 1520/1631/1520 1521/1632/1521
f 1037/1080/1037 1036/1079/1036 1517/1628/1517 1520/1631/1520
f 1520/1631/1520 1517/1628/1517 1163/1230/1163 1161/1228/1161
f 1521/1632/1521 1520/1631/1520 1161/1228/1161 1151/1218/1151
f 1017/1053/1017 1031/1072/1031 1522/1633/1522 1523/1634/1523
f 1031/1072/1031 1030/1071/1030 1519/1630/1519 1522/1633/1522
f 1522/1633/1522 1519/1630/1519 1157/1224/1157 1155/1222/1155
f 1523/1634/1523 1522/1633/1522 1155/1222/1155 1145/1212/1145
f 941/972/941 1025/1064/1025 1524/1635/1524 1525/1636/1525
f 1025/1064/1025 1024/1063/1024 1521/1632/1521 1524/1635/1524
f 1524/1635/1524 1521/1632/1521 1151/1218/1151 1149/1216/1149
f 1525/1636/1525 1524/1635/1524 1149/1216/1149 1139/1206/1139
f 1019/1056/1019 1018/1054/1018 1526/1637/1526 1527/1638/1527
f 1018/1054/1018 1017/1053/1017 1523/1634/1523 1526/1637/1526
f 1526/1637/1526 1523/1634/1523 1145/1212/1145 1143/1210/1143
f 1527/1638/1527 1526/1637/1526 1143/1210/1143 1133/1200/1133
f 943/975/943 942/973/942 1528/1639/1528 1529/1640/1529
f 942/973/942 941/972/941 1525/1636/1525 1528/1639/1528
f 1528/1639/1528 1525/1636/1525 1139/1206/1139 1137/1204/1137
f 1529/1640/1529 1528/1639/1528 1137/1204/1137 1127/1194/1127
f 1090/1155/1090 1097/1164/1097 1530/1641/1530 1531/1642/1531
f 1097/1164/1097 1019/1056/1019 1527/1638/1527 1530/1641/1530
f 1530/1641/1530 1527/1638/1527 1133/1200/1133 1131/1198/1131
f 1531/1642/1531 1530/1641/1530 1131/1198/1131 1120/1187/1120
f 1084/1145/1084 1094/1160/1094 1532/1643/1532 1533/1644/1533
f 1094/1160/1094 943/975/943 1529/1640/1529 1532/1643/1532
f 1532/1643/1532 1529/1640/1529 1127/1194/1127 1125/1192/1125
f 1533/1644/1533 1532/1643/1532 1125/1192/1125 1111/1178/1111
f 1074/1129/1074 1091/1156/1091 1534/1645/1534 1507/1618/1507
f 1091/1156/1091 1090/1155/1090 1531/1642/1531 1534/1645/1534
f 1534/1645/1534 1531/1642/1531 1120/1187/1120 1117/1184/1117
f 1507/1618/1507 1534/1645/1534 1117/1184/1117 1116/1183/1116
f 1066/1148/1066 1085/1146/1085 1535/1646/1535 1510/1647/1510
f 1085/1146/1085 1084/1145/1084 1533/1644/1533 1535/1646/1535
f 1535/1646/1535 1533/1644/1533 1111/1178/1111 1108/1175/1108
f 1510/1647/1510 1535/1646/1535 1108/1175/1108 1107/1174/1107
f 1060/1111/1060 1079/1136/1079 1536/1648/1536 1513/1624/1513
f 1079/1136/1079 1076/1132/1076 1506/1617/1506 1536/1648/1536
f 1536/1648/1536 1506/1617/1506 1006/1040/1006 1003/1037/1003
f 1513/1624/1513 1536/1648/1536 1003/1037/1003 1002/1036/1002
f 1537/1649/1537 1538/1650/1538 1539/1651/1539 1540/1652/1540
f 1538/1650/1538 1541/1653/1541 1542/1654/1542 1539/1651/1539
f 1539/1651/1539 1542/1654/1542 755/778/755 839/865/839
f 1540/1652/1540 1539/1651/1539 839/865/839 832/858/832
f 1543/1655/1543 1544/1656/1544 1545/1657/1545 1546/1658/1546
f 1544/1656/1544 1547/1659/1547 1548/1660/1548 1545/1657/1545
f 1545/1657/1545 1548/1660/1548 650/670/650 836/862/836
f 1546/1658/1546 1545/1657/1545 836/862/836 826/851/826
f 1549/1661/1549 1550/1662/1550 1551/1663/1551 1552/1664/1552
f 1550/1662/1550 1537/1649/1537 1540/1652/1540 1551/1663/1551
f 1551/1663/1551 1540/1652/1540 832/858/832 830/856/830
f 1552/1664/1552 1551/1663/1551 830/856/830 816/839/816
f 1553/1665/1553 1554/1666/1554 1555/1667/1555 1556/1668/1556
f 1554/1666/1554 1543/1655/1543 1546/1658/1546 1555/1667/1555
f 1555/1667/1555 1546/1658/1546 826/851/826 824/848/824
f 1556/1668/1556 1555/1667/1555 824/848/824 808/847/808
f 1557/1669/1557 1558/1670/1558 1559/1671/1559 1560/1672/1560
f 1558/1670/1558 1561/1673/1561 1562/1674/1562 1559/1671/1559
f 1559/1671/1559 1562/1674/1562 812/835/812 821/844/821
f 1560/1672/1560 1559/1671/1559 821/844/821 802/825/802
f 1561/1673/1561 1563/1675/1563 1564/1676/1564 1562/1674/1562
f 1563/1675/1563 1549/1661/1549 1552/1664/1552 1564/1676/1564
f 1564/1676/1564 1552/1664/1552 816/839/816 813/836/813
f 1562/1674/1562 1564/1676/1564 813/836/813 812/835/812
f 1565/1677/1565 1566/1678/1566 1567/1679/1567 1568/1680/1568
f 1566/1678/1566 1553/1681/1553 1556/1682/1556 1567/1679/1567
f 1567/1679/1567 1556/1682/1556 808/831/808 806/829/806
f 1568/1680/1568 1567/1679/1567 806/829/806 796/819/796
f 1569/1683/1569 1570/1684/1570 1571/1685/1571 1572/1686/1572
f 1570/1684/1570 1557/1669/1557 1560/1672/1560 1571/1685/1571
f 1571/1685/1571 1560/1672/1560 802/825/802 800/823/800
f 1572/1686/1572 1571/1685/1571 800/823/800 790/813/790
f 1573/1687/1573 1574/1688/1574 1575/1689/1575 1576/1690/1576
f 1574/1688/1574 1565/1677/1565 1568/1680/1568 1575/1689/1575
f 1575/1689/1575 1568/1680/1568 796/819/796 794/817/794
f 1576/1690/1576 1575/1689/1575 794/817/794 784/807/784
f 1577/1691/1577 1578/1692/1578 1579/1693/1579 1580/1694/1580
f 1578/1692/1578 1569/1683/1569 1572/1686/1572 1579/1693/1579
f 1579/1693/1579 1572/1686/1572 790/813/790 788/811/788
f 1580/1694/1580 1579/1693/1579 788/811/788 778/801/778
f 1581/1695/1581 1582/1696/1582 1583/1697/1583 1584/1698/1584
f 1582/1696/1582 1573/1687/1573 1576/1690/1576 1583/1697/1583
f 1583/1697/1583 1576/1690/1576 784/807/784 782/805/782
f 1584/1698/1584 1583/1697/1583 782/805/782 772/795/772
f 1585/1699/1585 1586/1700/1586 1587/1701/1587 1588/1702/1588
f 1586/1700/1586 1577/1691/1577 1580/1694/1580 1587/1701/1587
f 1587/1701/1587 1580/1694/1580 778/801/778 776/799/776
f 1588/1702/1588 1587/1701/1587 776/799/776 766/789/766
f 1589/1703/1589 1590/1704/1590 1591/1705/1591 1592/1706/1592
f 1590/1704/1590 1581/1695/1581 1584/1698/1584 1591/1705/1591
f 1591/1705/1591 1584/1698/1584 772/795/772 770/793/770
f 1592/1706/1592 1591/1705/1591 770/793/770 759/782/759
f 1593/1707/1593 1594/1708/1594 1595/1709/1595 1596/1710/1596
f 1594/1708/1594 1585/1699/1585 1588/1702/1588 1595/1709/1595
f 1595/1709/1595 1588/1702/1588 766/789/766 764/787/764
f 1596/1710/1596 1595/1709/1595 764/787/764 654/674/654
f 1541/1653/1541 1597/1711/1597 1598/1712/1598 1542/1654/1542
f 1597/1711/1597 1589/1703/1589 1592/1706/1592 1598/1712/1598
f 1598/1712/1598 1592/1706/1592 759/782/759 756/779/756
f 1542/1654/1542 1598/1712/1598 756/779/756 755/778/755
f 1547/1659/1547 1599/1713/1599 1600/1714/1600 1548/1660/1548
f 1599/1713/1599 1593/1707/1593 1596/1710/1596 1600/1714/1600
f 1600/1714/1600 1596/1710/1596 654/674/654 651/671/651
f 1548/1660/1548 1600/1714/1600 651/671/651 650/670/650
f 714/737/714 727/750/727 1601/1715/1601 1602/1716/1602
f 727/750/727 726/749/726 1603/1717/1603 1601/1715/1601
f 1601/1715/1601 1603/1717/1603 1604/1718/1604 1605/1719/1605
f 1602/1716/1602 1601/1715/1601 1605/1719/1605 1606/1720/1606
f 720/743/720 733/756/733 1607/1721/1607 1608/1722/1608
f 733/756/733 732/755/732 1609/1723/1609 1607/1721/1607
f 1607/1721/1607 1609/1723/1609 1610/1724/1610 1611/1725/1611
f 1608/1722/1608 1607/1721/1607 1611/1725/1611 1612/1726/1612
f 726/749/726 739/762/739 1613/1727/1613 1603/1717/1603
f 739/762/739 738/761/738 1614/1728/1614 1613/1727/1613
f 1613/1727/1613 1614/1728/1614 1615/1729/1615 1616/1730/1616
f 1603/1717/1603 1613/1727/1613 1616/1730/1616 1604/1718/1604
f 732/755/732 742/765/742 1617/1731/1617 1609/1723/1609
f 742/765/742 591/609/591 1618/1732/1618 1617/1731/1617
f 1617/1731/1617 1618/1732/1618 1619/1733/1619 1620/1734/1620
f 1609/1723/1609 1617/1731/1617 1620/1734/1620 1610/1724/1610
f 738/761/738 745/768/745 1621/1735/1621 1614/1728/1614
f 745/768/745 667/687/667 1622/1736/1622 1621/1735/1621
f 1621/1735/1621 1622/1736/1622 1623/1737/1623 1624/1738/1624
f 1614/1728/1614 1621/1735/1621 1624/1738/1624 1615/1729/1615
f 591/609/591 590/608/590 1625/1739/1625 1618/1732/1618
f 590/608/590 589/607/589 1626/1740/1626 1625/1739/1625
f 1625/1739/1625 1626/1740/1626 1627/1741/1627 1628/1742/1628
f 1618/1732/1618 1625/1739/1625 1628/1742/1628 1619/1733/1619
f 667/687/667 666/686/666 1629/1743/1629 1622/1736/1622
f 666/686/666 665/685/665 1630/1744/1630 1629/1743/1629
f 1629/1743/1629 1630/1744/1630 1631/1745/1631 1632/1746/1632
f 1622/1736/1622 1629/1743/1629 1632/1746/1632 1623/1737/1623
f 589/607/589 673/693/673 1633/1747/1633 1626/1740/1626
f 673/693/673 672/692/672 1634/1748/1634 1633/1747/1633
f 1633/1747/1633 1634/1748/1634 1635/1749/1635 1636/1750/1636
f 1626/1740/1626 1633/1747/1633 1636/1750/1636 1627/1741/1627
f 665/685/665 679/699/679 1637/1751/1637 1630/1744/1630
f 679/699/679 678/698/678 1638/1752/1638 1637/1751/1637
f 1637/1751/1637 1638/1752/1638 1639/1753/1639 1640/1754/1640
f 1630/1744/1630 1637/1751/1637 1640/1754/1640 1631/1745/1631
f 672/692/672 685/705/685 1641/1755/1641 1634/1748/1634
f 685/705/685 684/704/684 1642/1756/1642 1641/1755/1641
f 1641/1755/1641 1642/1756/1642 1643/1757/1643 1644/1758/1644
f 1634/1748/1634 1641/1755/1641 1644/1758/1644 1635/1749/1635
f 694/714/694 693/713/693 1645/1759/1645 1646/1760/1646
f 693/713/693 692/712/692 1647/1761/1647 1645/1759/1645
f 1645/1759/1645 1647/1761/1647 1648/1762/1648 1649/1763/1649
f 1646/1760/1646 1645/1759/1645 1649/1763/1649 1650/1764/1650
f 678/698/678 697/717/697 1651/1765/1651 1638/1752/1638
f 697/717/697 694/714/694 1646/1760/1646 1651/1765/1651
f 1651/1765/1651 1646/1760/1646 1650/1764/1650 1652/1766/1652
f 1638/1752/1638 1651/1765/1651 1652/1766/1652 1639/1753/1639
f 684/726/684 703/725/703 1653/1767/1653 1642/1768/1642
f 703/725/703 702/724/702 1654/1769/1654 1653/1767/1653
f 1653/1767/1653 1654/1769/1654 1655/1770/1655 1656/1771/1656
f 1642/1768/1642 1653/1767/1653 1656/1771/1656 1643/1772/1643
f 692/712/692 709/732/709 1657/1773/1657 1647/1761/1647
f 709/732/709 708/731/708 1658/1774/1658 1657/1773/1657
f 1657/1773/1657 1658/1774/1658 1659/1775/1659 1660/1776/1660
f 1647/1761/1647 1657/1773/1657 1660/1776/1660 1648/1762/1648
f 702/724/702 715/738/715 1661/1777/1661 1654/1769/1654
f 715/738/715 714/737/714 1602/1716/1602 1661/1777/1661
f 1661/1777/1661 1602/1716/1602 1606/1720/1606 1662/1778/1662
f 1654/1769/1654 1661/1777/1661 1662/1778/1662 1655/1770/1655
f 708/731/708 721/744/721 1663/1779/1663 1658/1774/1658
f 721/744/721 720/743/720 1608/1722/1608 1663/1779/1663
f 1663/1779/1663 1608/1722/1608 1612/1726/1612 1664/1780/1664
f 1658/1774/1658 1663/1779/1663 1664/1780/1664 1659/1775/1659
f 624/642/624 633/651/633 1665/1781/1665 1666/1782/1666
f 633/651/633 632/650/632 1667/1783/1667 1665/1781/1665
f 1665/1781/1665 1667/1783/1667 1668/1784/1668 1669/1785/1669
f 1666/1782/1666 1665/1781/1665 1669/1785/1669 1670/1786/1670
f 620/638/620 629/647/629 1671/1787/1671 1672/1788/1672
f 629/647/629 628/646/628 1673/1789/1673 1671/1787/1671
f 1671/1787/1671 1673/1789/1673 1674/1790/1674 1675/1791/1675
f 1672/1788/1672 1671/1787/1671 1675/1791/1675 1676/1792/1676
f 616/634/616 625/643/625 1677/1793/1677 1678/1794/1678
f 625/643/625 624/642/624 1666/1782/1666 1677/1793/1677
f 1677/1793/1677 1666/1782/1666 1670/1786/1670 1679/1795/1679
f 1678/1794/1678 1677/1793/1677 1679/1795/1679 1680/1796/1680
f 612/630/612 621/639/621 1681/1797/1681 1682/1798/1682
f 621/639/621 620/638/620 1672/1788/1672 1681/1797/1681
f 1681/1797/1681 1672/1788/1672 1676/1792/1676 1683/1799/1683
f 1682/1798/1682 1681/1797/1681 1683/1799/1683 1684/1800/1684
f 608/626/608 617/635/617 1685/1801/1685 1686/1802/1686
f 617/635/617 616/634/616 1678/1794/1678 1685/1801/1685
f 1685/1801/1685 1678/1794/1678 1680/1796/1680 1687/1803/1687
f 1686/1802/1686 1685/1801/1685 1687/1803/1687 1688/1804/1688
f 604/622/604 613/631/613 1689/1805/1689 1690/1806/1690
f 613/631/613 612/630/612 1682/1798/1682 1689/1805/1689
f 1689/1805/1689 1682/1798/1682 1684/1800/1684 1691/1807/1691
f 1690/1806/1690 1689/1805/1689 1691/1807/1691 1692/1808/1692
f 599/617/599 609/627/609 1693/1809/1693 1694/1810/1694
f 609/627/609 608/626/608 1686/1802/1686 1693/1809/1693
f 1693/1809/1693 1686/1802/1686 1688/1804/1688 1695/1811/1695
f 1694/1810/1694 1693/1809/1693 1695/1811/1695 1696/1812/1696
f 496/511/496 605/623/605 1697/1813/1697 1698/1814/1698
f 605/623/605 604/622/604 1690/1806/1690 1697/1813/1697
f 1697/1813/1697 1690/1806/1690 1692/1808/1692 1699/1815/1699
f 1698/1814/1698 1697/1813/1697 1699/1815/1699 1700/1816/1700
f 601/619/601 600/618/600 1701/1817/1701 1702/1818/1702
f 600/618/600 599/617/599 1694/1810/1694 1701/1817/1701
f 1701/1817/1701 1694/1810/1694 1696/1812/1696 1703/1819/1703
f 1702/1818/1702 1701/1817/1701 1703/1819/1703 1704/1820/1704
f 595/613/595 594/612/594 1705/1821/1705 1706/1822/1706
f 594/612/594 498/513/498 1707/1823/1707 1705/1821/1705
f 1705/1821/1705 1707/1823/1707 1708/1824/1708 1709/1825/1709
f 1706/1822/1706 1705/1821/1705 1709/1825/1709 1710/1826/1710
f 498/513/498 497/512/497 1711/1827/1711 1707/1823/1707
f 497/512/497 496/511/496 1698/1814/1698 1711/1827/1711
f 1711/1827/1711 1698/1814/1698 1700/1816/1700 1712/1828/1712
f 1707/1823/1707 1711/1827/1711 1712/1828/1712 1708/1824/1708
f 644/662/644 649/669/649 1713/1829/1713 1714/1830/1714
f 649/669/649 601/668/601 1702/1831/1702 1713/1829/1713
f 1713/1829/1713 1702/1831/1702 1704/1832/1704 1715/1833/1715
f 1714/1830/1714 1713/1829/1713 1715/1833/1715 1716/1834/1716
f 640/658/640 647/665/647 1717/1835/1717 1718/1836/1718
f 647/665/647 595/613/595 1706/1822/1706 1717/1835/1717
f 1717/1835/1717 1706/1822/1706 1710/1826/1710 1719/1837/1719
f 1718/1836/1718 1717/1835/1717 1719/1837/1719 1720/1838/1720
f 636/654/636 645/663/645 1721/1839/1721 1722/1840/1722
f 645/663/645 644/662/644 1714/1830/1714 1721/1839/1721
f 1721/1839/1721 1714/1830/1714 1716/1834/1716 1723/1841/1723
f 1722/1840/1722 1721/1839/1721 1723/1841/1723 1724/1842/1724
f 632/650/632 641/659/641 1725/1843/1725 1667/1783/1667
f 641/659/641 640/658/640 1718/1836/1718 1725/1843/1725
f 1725/1843/1725 1718/1836/1718 1720/1838/1720 1726/1844/1726
f 1667/1783/1667 1725/1843/1725 1726/1844/1726 1668/1784/1668
f 628/646/628 637/655/637 1727/1845/1727 1673/1789/1673
f 637/655/637 636/654/636 1722/1840/1722 1727/1845/1727
f 1727/1845/1727 1722/1840/1722 1724/1842/1724 1728/1846/1728
f 1673/1789/1673 1727/1845/1727 1728/1846/1728 1674/1790/1674
f 1729/1847/1729 1730/1848/1730 1731/1849/1731 1732/1850/1732
f 1730/1848/1730 1733/1851/1733 1734/1852/1734 1731/1849/1731
f 1731/1849/1731 1734/1852/1734 1011/1045/1011 1095/1161/1095
f 1732/1850/1732 1731/1849/1731 1095/1161/1095 1088/1151/1088
f 1735/1853/1735 1736/1854/1736 1737/1855/1737 1738/1856/1738
f 1736/1854/1736 1739/1857/1739 1740/1858/1740 1737/1855/1737
f 1737/1855/1737 1740/1858/1740 935/964/935 1092/1157/1092
f 1738/1856/1738 1737/1855/1737 1092/1157/1092 1082/1141/1082
f 1741/1859/1741 1742/1860/1742 1743/1861/1743 1744/1862/1744
f 1742/1860/1742 1729/1847/1729 1732/1850/1732 1743/1861/1743
f 1743/1861/1743 1732/1850/1732 1088/1151/1088 1086/1149/1086
f 1744/1862/1744 1743/1861/1743 1086/1149/1086 1072/1125/1072
f 1745/1863/1745 1746/1864/1746 1747/1865/1747 1748/1866/1748
f 1746/1864/1746 1735/1853/1735 1738/1856/1738 1747/1865/1747
f 1747/1865/1747 1738/1856/1738 1082/1141/1082 1080/1138/1080
f 1748/1866/1748 1747/1865/1747 1080/1138/1080 1064/1137/1064
f 1749/1867/1749 1750/1868/1750 1751/1869/1751 1752/1870/1752
f 1750/1868/1750 1753/1871/1753 1754/1872/1754 1751/1869/1751
f 1751/1869/1751 1754/1872/1754 1068/1121/1068 1077/1133/1077
f 1752/1870/1752 1751/1869/1751 1077/1133/1077 1058/1107/1058
f 1753/1871/1753 1755/1873/1755 1756/1874/1756 1754/1872/1754
f 1755/1873/1755 1741/1859/1741 1744/1862/1744 1756/1874/1756
f 1756/1874/1756 1744/1862/1744 1072/1125/1072 1069/1122/1069
f 1754/1872/1754 1756/1874/1756 1069/1122/1069 1068/1121/1068
f 1757/1875/1757 1758/1876/1758 1759/1877/1759 1760/1878/1760
f 1758/1876/1758 1745/1879/1745 1748/1880/1748 1759/1877/1759
f 1759/1877/1759 1748/1880/1748 1064/1115/1064 1062/1113/1062
f 1760/1878/1760 1759/1877/1759 1062/1113/1062 1052/1099/1052
f 1761/1881/1761 1762/1882/1762 1763/1883/1763 1764/1884/1764
f 1762/1882/1762 1749/1867/1749 1752/1870/1752 1763/1883/1763
f 1763/1883/1763 1752/1870/1752 1058/1107/1058 1056/1105/1056
f 1764/1884/1764 1763/1883/1763 1056/1105/1056 1046/1091/1046
f 1765/1885/1765 1766/1886/1766 1767/1887/1767 1768/1888/1768
f 1766/1886/1766 1757/1875/1757 1760/1878/1760 1767/1887/1767
f 1767/1887/1767 1760/1878/1760 1052/1099/1052 1050/1097/1050
f 1768/1888/1768 1767/1887/1767 1050/1097/1050 1040/1083/1040
f 1769/1889/1769 1770/1890/1770 1771/1891/1771 1772/1892/1772
f 1770/1890/1770 1761/1881/1761 1764/1884/1764 1771/1891/1771
f 1771/1891/1771 1764/1884/1764 1046/1091/1046 1044/1089/1044
f 1772/1892/1772 1771/1891/1771 1044/1089/1044 1034/1075/1034
f 1773/1893/1773 1774/1894/1774 1775/1895/1775 1776/1896/1776
f 1774/1894/1774 1765/1885/1765 1768/1888/1768 1775/1895/1775
f 1775/1895/1775 1768/1888/1768 1040/1083/1040 1038/1081/1038
f 1776/1896/1776 1775/1895/1775 1038/1081/1038 1028/1067/1028
f 1777/1897/1777 1778/1898/1778 1779/1899/1779 1780/1900/1780
f 1778/1898/1778 1769/1889/1769 1772/1892/1772 1779/1899/1779
f 1779/1899/1779 1772/1892/1772 1034/1075/1034 1032/1073/1032
f 1780/1900/1780 1779/1899/1779 1032/1073/1032 1022/1059/1022
f 1781/1901/1781 1782/1902/1782 1783/1903/1783 1784/1904/1784
f 1782/1902/1782 1773/1893/1773 1776/1896/1776 1783/1903/1783
f 1783/1903/1783 1776/1896/1776 1028/1067/1028 1026/1065/1026
f 1784/1904/1784 1783/1903/1783 1026/1065/1026 1015/1049/1015
f 1785/1905/1785 1786/1906/1786 1787/1907/1787 1788/1908/1788
f 1786/1906/1786 1777/1897/1777 1780/1900/1780 1787/1907/1787
f 1787/1907/1787 1780/1900/1780 1022/1059/1022 1020/1057/1020
f 1788/1908/1788 1787/1907/1787 1020/1057/1020 939/968/939
f 1733/1851/1733 1789/1909/1789 1790/1910/1790 1734/1852/1734
f 1789/1909/1789 1781/1901/1781 1784/1904/1784 1790/1910/1790
f 1790/1910/1790 1784/1904/1784 1015/1049/1015 1012/1046/1012
f 1734/1852/1734 1790/1910/1790 1012/1046/1012 1011/1045/1011
f 1739/1857/1739 1791/1911/1791 1792/1912/1792 1740/1858/1740
f 1791/1911/1791 1785/1905/1785 1788/1908/1788 1792/1912/1792
f 1792/1912/1792 1788/1908/1788 939/968/939 936/965/936
f 1740/1858/1740 1792/1912/1792 936/965/936 935/964/935
f 980/1014/980 989/1023/989 1793/1913/1793 1794/1914/1794
f 989/1023/989 988/1022/988 1795/1915/1795 1793/1913/1793
f 1793/1913/1793 1795/1915/1795 1785/1905/1785 1791/1911/1791
f 1794/1914/1794 1793/1913/1793 1791/1911/1791 1739/1857/1739
f 984/1018/984 993/1027/993 1796/1916/1796 1797/1917/1797
f 993/1027/993 992/1026/992 1798/1918/1798 1796/1916/1796
f 1796/1916/1796 1798/1918/1798 1781/1901/1781 1789/1909/1789
f 1797/1917/1797 1796/1916/1796 1789/1909/1789 1733/1851/1733
f 988/1022/988 997/1031/997 1799/1919/1799 1795/1915/1795
f 997/1031/997 996/1030/996 1800/1920/1800 1799/1919/1799
f 1799/1919/1799 1800/1920/1800 1777/1897/1777 1786/1906/1786
f 1795/1915/1795 1799/1919/1799 1786/1906/1786 1785/1905/1785
f 992/1026/992 999/1033/999 1801/1921/1801 1798/1918/1798
f 999/1033/999 850/876/850 1802/1922/1802 1801/1921/1801
f 1801/1921/1801 1802/1922/1802 1773/1893/1773 1782/1902/1782
f 1798/1918/1798 1801/1921/1801 1782/1902/1782 1781/1901/1781
f 996/1030/996 1001/1035/1001 1803/1923/1803 1800/1920/1800
f 1001/1035/1001 949/981/949 1804/1924/1804 1803/1923/1803
f 1803/1923/1803 1804/1924/1804 1769/1889/1769 1778/1898/1778
f 1800/1920/1800 1803/1923/1803 1778/1898/1778 1777/1897/1777
f 850/876/850 849/875/849 1805/1925/1805 1802/1922/1802
f 849/875/849 848/874/848 1806/1926/1806 1805/1925/1805
f 1805/1925/1805 1806/1926/1806 1765/1885/1765 1774/1894/1774
f 1802/1922/1802 1805/1925/1805 1774/1894/1774 1773/1893/1773
f 949/981/949 948/980/948 1807/1927/1807 1804/1924/1804
f 948/980/948 947/979/947 1808/1928/1808 1807/1927/1807
f 1807/1927/1807 1808/1928/1808 1761/1881/1761 1770/1890/1770
f 1804/1924/1804 1807/1927/1807 1770/1890/1770 1769/1889/1769
f 848/874/848 953/985/953 1809/1929/1809 1806/1926/1806
f 953/985/953 952/984/952 1810/1930/1810 1809/1929/1809
f 1809/1929/1809 1810/1930/1810 1757/1875/1757 1766/1886/1766
f 1806/1926/1806 1809/1929/1809 1766/1886/1766 1765/1885/1765
f 947/979/947 957/989/957 1811/1931/1811 1808/1928/1808
f 957/989/957 956/988/956 1812/1932/1812 1811/1931/1811
f 1811/1931/1811 1812/1932/1812 1749/1867/1749 1762/1882/1762
f 1808/1928/1808 1811/1931/1811 1762/1882/1762 1761/1881/1761
f 952/984/952 961/993/961 1813/1933/1813 1810/1930/1810
f 961/993/961 960/992/960 1814/1934/1814 1813/1933/1813
f 1813/1933/1813 1814/1934/1814 1745/1879/1745 1758/1876/1758
f 1810/1930/1810 1813/1933/1813 1758/1876/1758 1757/1875/1757
f 967/999/967 966/998/966 1815/1935/1815 1816/1936/1816
f 966/998/966 965/997/965 1817/1937/1817 1815/1935/1815
f 1815/1935/1815 1817/1937/1817 1741/1859/1741 1755/1873/1755
f 1816/1936/1816 1815/1935/1815 1755/1873/1755 1753/1871/1753
f 956/988/956 969/1001/969 1818/1938/1818 1812/1932/1812
f 969/1001/969 967/999/967 1816/1936/1816 1818/1938/1818
f 1818/1938/1818 1816/1936/1816 1753/1871/1753 1750/1868/1750
f 1812/1932/1812 1818/1938/1818 1750/1868/1750 1749/1867/1749
f 960/1007/960 973/1006/973 1819/1939/1819 1814/1940/1814
f 973/1006/973 972/1005/972 1820/1941/1820 1819/1939/1819
f 1819/1939/1819 1820/1941/1820 1735/1853/1735 1746/1864/1746
f 1814/1940/1814 1819/1939/1819 1746/1864/1746 1745/1863/1745
f 965/997/965 977/1011/977 1821/1942/1821 1817/1937/1817
f 977/1011/977 976/1010/976 1822/1943/1822 1821/1942/1821
f 1821/1942/1821 1822/1943/1822 1729/1847/1729 1742/1860/1742
f 1817/1937/1817 1821/1942/1821 1742/1860/1742 1741/1859/1741
f 972/1005/972 981/1015/981 1823/1944/1823 1820/1941/1820
f 981/1015/981 980/1014/980 1794/1914/1794 1823/1944/1823
f 1823/1944/1823 1794/1914/1794 1739/1857/1739 1736/1854/1736
f 1820/1941/1820 1823/1944/1823 1736/1854/1736 1735/1853/1735
f 976/1010/976 985/1019/985 1824/1945/1824 1822/1943/1822
f 985/1019/985 984/1018/984 1797/1917/1797 1824/1945/1824
f 1824/1945/1824 1797/1917/1797 1733/1851/1733 1730/1848/1730
f 1822/1943/1822 1824/1945/1824 1730/1848/1730 1729/1847/1729
f 1252/1325/1252 1265/1338/1265 1825/1946/1825 1826/1947/1826
f 1265/1338/1265 1264/1337/1264 1827/1948/1827 1825/1946/1825
f 1825/1946/1825 1827/1948/1827 1828/1949/1828 1829/1950/1829
f 1826/1947/1826 1825/1946/1825 1829/1950/1829 1830/1951/1830
f 1246/1319/1246 1259/1332/1259 1831/1952/1831 1832/1953/1832
f 1259/1332/1259 1258/1331/1258 1833/1954/1833 1831/1952/1831
f 1831/1952/1831 1833/1954/1833 1834/1955/1834 1835/1956/1835
f 1832/1953/1832 1831/1952/1831 1835/1956/1835 1836/1957/1836
f 1240/1312/1240 1253/1326/1253 1837/1958/1837 1838/1959/1838
f 1253/1326/1253 1252/1325/1252 1826/1947/1826 1837/1958/1837
f 1837/1958/1837 1826/1947/1826 1830/1951/1830 1839/1960/1839
f 1838/1959/1838 1837/1958/1837 1839/1960/1839 1840/1961/1840
f 1230/1300/1230 1247/1320/1247 1841/1962/1841 1842/1963/1842
f 1247/1320/1247 1246/1319/1246 1832/1953/1832 1841/1962/1841
f 1841/1962/1841 1832/1953/1832 1836/1957/1836 1843/1964/1843
f 1842/1963/1842 1841/1962/1841 1843/1964/1843 1844/1965/1844
f 1222/1314/1222 1241/1313/1241 1845/1966/1845 1846/1967/1846
f 1241/1313/1241 1240/1312/1240 1838/1959/1838 1845/1966/1845
f 1845/1966/1845 1838/1959/1838 1840/1961/1840 1847/1968/1847
f 1846/1967/1846 1845/1966/1845 1847/1968/1847 1848/1969/1848
f 1216/1286/1216 1235/1305/1235 1849/1970/1849 1850/1971/1850
f 1235/1305/1235 1232/1302/1232 1851/1972/1851 1849/1970/1849
f 1849/1970/1849 1851/1972/1851 1852/1973/1852 1853/1974/1853
f 1850/1971/1850 1849/1970/1849 1853/1974/1853 1854/1975/1854
f 1232/1302/1232 1231/1301/1231 1855/1976/1855 1851/1972/1851
f 1231/1301/1231 1230/1300/1230 1842/1963/1842 1855/1976/1855
f 1855/1976/1855 1842/1963/1842 1844/1965/1844 1856/1977/1856
f 1851/1972/1851 1855/1976/1855 1856/1977/1856 1852/1973/1852
f 1209/1279/1209 1223/1293/1223 1857/1978/1857 1858/1979/1858
f 1223/1293/1223 1222/1292/1222 1846/1980/1846 1857/1978/1857
f 1857/1978/1857 1846/1980/1846 1848/1981/1848 1859/1982/1859
f 1858/1979/1858 1857/1978/1857 1859/1982/1859 1860/1983/1860
f 1104/1171/1104 1217/1287/1217 1861/1984/1861 1862/1985/1862
f 1217/1287/1217 1216/1286/1216 1850/1971/1850 1861/1984/1861
f 1861/1984/1861 1850/1971/1850 1854/1975/1854 1863/1986/1863
f 1862/1985/1862 1861/1984/1861 1863/1986/1863 1864/1987/1864
f 1211/1281/1211 1210/1280/1210 1865/1988/1865 1866/1989/1866
f 1210/1280/1210 1209/1279/1209 1858/1979/1858 1865/1988/1865
f 1865/1988/1865 1858/1979/1858 1860/1983/1860 1867/1990/1867
f 1866/1989/1866 1865/1988/1865 1867/1990/1867 1868/1991/1868
f 1106/1173/1106 1105/1172/1105 1869/1992/1869 1870/1993/1870
f 1105/1172/1105 1104/1171/1104 1862/1985/1862 1869/1992/1869
f 1869/1992/1869 1862/1985/1862 1864/1987/1864 1871/1994/1871
f 1870/1993/1870 1869/1992/1869 1871/1994/1871 1872/1995/1872
f 1282/1355/1282 1289/1362/1289 1873/1996/1873 1874/1997/1874
f 1289/1362/1289 1211/1281/1211 1866/1989/1866 1873/1996/1873
f 1873/1996/1873 1866/1989/1866 1868/1991/1868 1875/1998/1875
f 1874/1997/1874 1873/1996/1873 1875/1998/1875 1876/1999/1876
f 1276/1349/1276 1286/1359/1286 1877/2000/1877 1878/2001/1878
f 1286/1359/1286 1106/1173/1106 1870/1993/1870 1877/2000/1877
f 1877/2000/1877 1870/1993/1870 1872/1995/1872 1879/2002/1879
f 1878/2001/1878 1877/2000/1877 1879/2002/1879 1880/2003/1880
f 1270/1343/1270 1283/1356/1283 1881/2004/1881 1882/2005/1882
f 1283/1356/1283 1282/1355/1282 1874/1997/1874 1881/2004/1881
f 1881/2004/1881 1874/1997/1874 1876/1999/1876 1883/2006/1883
f 1882/2005/1882 1881/2004/1881 1883/2006/1883 1884/2007/1884
f 1264/1337/1264 1277/1350/1277 1885/2008/1885 1827/1948/1827
f 1277/1350/1277 1276/1349/1276 1878/2001/1878 1885/2008/1885
f 1885/2008/1885 1878/2001/1878 1880/2003/1880 1886/2009/1886
f 1827/1948/1827 1885/2008/1885 1886/2009/1886 1828/1949/1828
f 1258/1331/1258 1271/1344/1271 1887/2010/1887 1833/1954/1833
f 1271/1344/1271 1270/1343/1270 1882/2005/1882 1887/2010/1887
f 1887/2010/1887 1882/2005/1882 1884/2007/1884 1888/2011/1888
f 1833/1954/1833 1887/2010/1887 1888/2011/1888 1834/1955/1834
f 798/821/798 811/834/811 1889/2012/1889 1890/2013/1890
f 811/834/811 810/833/810 1891/2014/1891 1889/2012/1889
f 1889/2012/1889 1891/2014/1891 857/960/857 932/958/932
f 1890/2013/1890 1889/2012/1889 932/958/932 925/951/925
f 792/815/792 805/828/805 1892/2015/1892 1893/2016/1893
f 805/828/805 804/827/804 1894/2017/1894 1892/2015/1892
f 1892/2015/1892 1894/2017/1894 851/877/851 929/955/929
f 1893/2016/1893 1892/2015/1892 929/955/929 919/945/919
f 786/809/786 799/822/799 1895/2018/1895 1896/2019/1896
f 799/822/799 798/821/798 1890/2013/1890 1895/2018/1895
f 1895/2018/1895 1890/2013/1890 925/951/925 923/949/923
f 1896/2019/1896 1895/2018/1895 923/949/923 915/941/915
f 780/803/780 793/816/793 1897/2020/1897 1898/2021/1898
f 793/816/793 792/815/792 1893/2016/1893 1897/2020/1897
f 1897/2020/1897 1893/2016/1893 919/945/919 917/943/917
f 1898/2021/1898 1897/2020/1897 917/943/917 909/935/909
f 774/797/774 787/810/787 1899/2022/1899 1900/2023/1900
f 787/810/787 786/809/786 1896/2019/1896 1899/2022/1899
f 1899/2022/1899 1896/2019/1896 915/941/915 913/939/913
f 1900/2023/1900 1899/2022/1899 913/939/913 904/930/904
f 768/791/768 781/804/781 1901/2024/1901 1902/2025/1902
f 781/804/781 780/803/780 1898/2021/1898 1901/2024/1901
f 1901/2024/1901 1898/2021/1898 909/935/909 907/933/907
f 1902/2025/1902 1901/2024/1901 907/933/907 898/924/898
f 761/784/761 775/798/775 1903/2026/1903 1904/2027/1904
f 775/798/775 774/797/774 1900/2023/1900 1903/2026/1903
f 1903/2026/1903 1900/2023/1900 904/930/904 902/928/902
f 1904/2027/1904 1903/2026/1903 902/928/902 892/918/892
f 656/676/656 769/792/769 1905/2028/1905 1906/2029/1906
f 769/792/769 768/791/768 1902/2025/1902 1905/2028/1905
f 1905/2028/1905 1902/2025/1902 898/924/898 896/922/896
f 1906/2029/1906 1905/2028/1905 896/922/896 886/912/886
f 763/786/763 762/785/762 1907/2030/1907 1908/2031/1908
f 762/785/762 761/784/761 1904/2027/1904 1907/2030/1907
f 1907/2030/1907 1904/2027/1904 892/918/892 890/916/890
f 1908/2031/1908 1907/2030/1907 890/916/890 880/906/880
f 658/678/658 657/677/657 1909/2032/1909 1910/2033/1910
f 657/677/657 656/676/656 1906/2029/1906 1909/2032/1909
f 1909/2032/1909 1906/2029/1906 886/912/886 884/910/884
f 1910/2033/1910 1909/2032/1909 884/910/884 874/900/874
f 834/860/834 841/867/841 1911/2034/1911 1912/2035/1912
f 841/867/841 763/786/763 1908/2031/1908 1911/2034/1911
f 1911/2034/1911 1908/2031/1908 880/906/880 878/904/878
f 1912/2035/1912 1911/2034/1911 878/904/878 868/894/868
f 828/853/828 838/864/838 1913/2036/1913 1914/2037/1914
f 838/864/838 658/678/658 1910/2033/1910 1913/2036/1913
f 1913/2036/1913 1910/2033/1910 874/900/874 872/898/872
f 1914/2037/1914 1913/2036/1913 872/898/872 861/887/861
f 818/841/818 835/861/835 1915/2038/1915 1916/2039/1916
f 835/861/835 834/860/834 1912/2035/1912 1915/2038/1915
f 1915/2038/1915 1912/2035/1912 868/894/868 866/892/866
f 1916/2039/1916 1915/2038/1915 866/892/866 750/773/750
f 810/855/810 829/854/829 1917/2040/1917 1891/2041/1891
f 829/854/829 828/853/828 1914/2037/1914 1917/2040/1917
f 1917/2040/1917 1914/2037/1914 861/887/861 858/884/858
f 1891/2041/1891 1917/2040/1917 858/884/858 857/883/857
f 804/827/804 823/846/823 1918/2042/1918 1894/2017/1894
f 823/846/823 820/843/820 1919/2043/1919 1918/2042/1918
f 1918/2042/1918 1919/2043/1919 746/769/746 852/878/852
f 1894/2017/1894 1918/2042/1918 852/878/852 851/877/851
f 820/843/820 819/842/819 1920/2044/1920 1919/2043/1919
f 819/842/819 818/841/818 1916/2039/1916 1920/2044/1920
f 1920/2044/1920 1916/2039/1916 750/773/750 747/770/747
f 1919/2043/1919 1920/2044/1920 747/770/747 746/769/746
f 1606/1720/1606 1605/1719/1605 1921/2045/1921 1922/2046/1922
f 1605/1719/1605 1604/1718/1604 1923/2047/1923 1921/2045/1921
f 1921/2045/1921 1923/2047/1923 1593/1707/1593 1599/1713/1599
f 1922/2046/1922 1921/2045/1921 1599/1713/1599 1547/1659/1547
f 1612/1726/1612 1611/1725/1611 1924/2048/1924 1925/2049/1925
f 1611/1725/1611 1610/1724/1610 1926/2050/1926 1924/2048/1924
f 1924/2048/1924 1926/2050/1926 1589/1703/1589 1597/1711/1597
f 1925/2049/1925 1924/2048/1924 1597/1711/1597 1541/1653/1541
f 1604/1718/1604 1616/1730/1616 1927/2051/1927 1923/2047/1923
f 1616/1730/1616 1615/1729/1615 1928/2052/1928 1927/2051/1927
f 1927/2051/1927 1928/2052/1928 1585/1699/1585 1594/1708/1594
f 1923/2047/1923 1927/2051/1927 1594/1708/1594 1593/1707/1593
f 1610/1724/1610 1620/1734/1620 1929/2053/1929 1926/2050/1926
f 1620/1734/1620 1619/1733/1619 1930/2054/1930 1929/2053/1929
f 1929/2053/1929 1930/2054/1930 1581/1695/1581 1590/1704/1590
f 1926/2050/1926 1929/2053/1929 1590/1704/1590 1589/1703/1589
f 1615/1729/1615 1624/1738/1624 1931/2055/1931 1928/2052/1928
f 1624/1738/1624 1623/1737/1623 1932/2056/1932 1931/2055/1931
f 1931/2055/1931 1932/2056/1932 1577/1691/1577 1586/1700/1586
f 1928/2052/1928 1931/2055/1931 1586/1700/1586 1585/1699/1585
f 1619/1733/1619 1628/1742/1628 1933/2057/1933 1930/2054/1930
f 1628/1742/1628 1627/1741/1627 1934/2058/1934 1933/2057/1933
f 1933/2057/1933 1934/2058/1934 1573/1687/1573 1582/1696/1582
f 1930/2054/1930 1933/2057/1933 1582/1696/1582 1581/1695/1581
f 1623/1737/1623 1632/1746/1632 1935/2059/1935 1932/2056/1932
f 1632/1746/1632 1631/1745/1631 1936/2060/1936 1935/2059/1935
f 1935/2059/1935 1936/2060/1936 1569/1683/1569 1578/1692/1578
f 1932/2056/1932 1935/2059/1935 1578/1692/1578 1577/1691/1577
f 1627/1741/1627 1636/1750/1636 1937/2061/1937 1934/2058/1934
f 1636/1750/1636 1635/1749/1635 1938/2062/1938 1937/2061/1937
f 1937/2061/1937 1938/2062/1938 1565/1677/1565 1574/1688/1574
f 1934/2058/1934 1937/2061/1937 1574/1688/1574 1573/1687/1573
f 1631/1745/1631 1640/1754/1640 1939/2063/1939 1936/2060/1936
f 1640/1754/1640 1639/1753/1639 1940/2064/1940 1939/2063/1939
f 1939/2063/1939 1940/2064/1940 1557/1669/1557 1570/1684/1570
f 1936/2060/1936 1939/2063/1939 1570/1684/1570 1569/1683/1569
f 1635/1749/1635 1644/1758/1644 1941/2065/1941 1938/2062/1938
f 1644/1758/1644 1643/1757/1643 1942/2066/1942 1941/2065/1941
f 1941/2065/1941 1942/2066/1942 1553/1681/1553 1566/1678/1566
f 1938/2062/1938 1941/2065/1941 1566/1678/1566 1565/1677/1565
f 1650/1764/1650 1649/1763/1649 1943/2067/1943 1944/2068/1944
f 1649/1763/1649 1648/1762/1648 1945/2069/1945 1943/2067/1943
f 1943/2067/1943 1945/2069/1945 1549/1661/1549 1563/1675/1563
f 1944/2068/1944 1943/2067/1943 1563/1675/1563 1561/1673/1561
f 1639/1753/1639 1652/1766/1652 1946/2070/1946 1940/2064/1940
f 1652/1766/1652 1650/1764/1650 1944/2068/1944 1946/2070/1946
f 1946/2070/1946 1944/2068/1944 1561/1673/1561 1558/1670/1558
f 1940/2064/1940 1946/2070/1946 1558/1670/1558 1557/1669/1557
f 1643/1772/1643 1656/1771/1656 1947/2071/1947 1942/2072/1942
f 1656/1771/1656 1655/1770/1655 1948/2073/1948 1947/2071/1947
f 1947/2071/1947 1948/2073/1948 1543/1655/1543 1554/1666/1554
f 1942/2072/1942 1947/2071/1947 1554/1666/1554 1553/1665/1553
f 1648/1762/1648 1660/1776/1660 1949/2074/1949 1945/2069/1945
f 1660/1776/1660 1659/1775/1659 1950/2075/1950 1949/2074/1949
f 1949/2074/1949 1950/2075/1950 1537/1649/1537 1550/1662/1550
f 1945/2069/1945 1949/2074/1949 1550/1662/1550 1549/1661/1549
f 1655/1770/1655 1662/1778/1662 1951/2076/1951 1948/2073/1948
f 1662/1778/1662 1606/1720/1606 1922/2046/1922 1951/2076/1951
f 1951/2076/1951 1922/2046/1922 1547/1659/1547 1544/1656/1544
f 1948/2073/1948 1951/2076/1951 1544/1656/1544 1543/1655/1543
f 1659/1775/1659 1664/1780/1664 1952/2077/1952 1950/2075/1950
f 1664/1780/1664 1612/1726/1612 1925/2049/1925 1952/2077/1952
f 1952/2077/1952 1925/2049/1925 1541/1653/1541 1538/1650/1538
f 1950/2075/1950 1952/2077/1952 1538/1650/1538 1537/1649/1537
f 1670/1786/1670 1669/1785/1669 1953/2078/1953 1954/2079/1954
f 1669/1785/1669 1668/1784/1668 1955/2080/1955 1953/2078/1953
f 1953/2078/1953 1955/2080/1955 659/679/659 743/766/743
f 1954/2079/1954 1953/2078/1953 743/766/743 736/759/736
f 1676/1792/1676 1675/1791/1675 1956/2081/1956 1957/2082/1957
f 1675/1791/1675 1674/1790/1674 1958/2083/1958 1956/2081/1956
f 1956/2081/1956 1958/2083/1958 583/601/583 740/763/740
f 1957/2082/1957 1956/2081/1956 740/763/740 730/753/730
f 1680/1796/1680 1679/1795/1679 1959/2084/1959 1960/2085/1960
f 1679/1795/1679 1670/1786/1670 1954/2079/1954 1959/2084/1959
f 1959/2084/1959 1954/2079/1954 736/759/736 734/757/734
f 1960/2085/1960 1959/2084/1959 734/757/734 724/747/724
f 1684/1800/1684 1683/1799/1683 1961/2086/1961 1962/2087/1962
f 1683/1799/1683 1676/1792/1676 1957/2082/1957 1961/2086/1961
f 1961/2086/1961 1957/2082/1957 730/753/730 728/751/728
f 1962/2087/1962 1961/2086/1961 728/751/728 718/741/718
f 1688/1804/1688 1687/1803/1687 1963/2088/1963 1964/2089/1964
f 1687/1803/1687 1680/1796/1680 1960/2085/1960 1963/2088/1963
f 1963/2088/1963 1960/2085/1960 724/747/724 722/745/722
f 1964/2089/1964 1963/2088/1963 722/745/722 712/735/712
f 1692/1808/1692 1691/1807/1691 1965/2090/1965 1966/2091/1966
f 1691/1807/1691 1684/1800/1684 1962/2087/1962 1965/2090/1965
f 1965/2090/1965 1962/2087/1962 718/741/718 716/739/716
f 1966/2091/1966 1965/2090/1965 716/739/716 706/729/706
f 1696/1812/1696 1695/1811/1695 1967/2092/1967 1968/2093/1968
f 1695/1811/1695 1688/1804/1688 1964/2089/1964 1967/2092/1967
f 1967/2092/1967 1964/2089/1964 712/735/712 710/733/710
f 1968/2093/1968 1967/2092/1967 710/733/710 700/722/700
f 1700/1816/1700 1699/1815/1699 1969/2094/1969 1970/2095/1970
f 1699/1815/1699 1692/1808/1692 1966/2091/1966 1969/2094/1969
f 1969/2094/1969 1966/2091/1966 706/729/706 704/727/704
f 1970/2095/1970 1969/2094/1969 704/727/704 690/710/690
f 1704/1820/1704 1703/1819/1703 1971/2096/1971 1972/2097/1972
f 1703/1819/1703 1696/1812/1696 1968/2093/1968 1971/2096/1971
f 1971/2096/1971 1968/2093/1968 700/722/700 698/719/698
f 1972/2097/1972 1971/2096/1971 698/719/698 682/718/682
f 1710/1826/1710 1709/1825/1709 1973/2098/1973 1974/2099/1974
f 1709/1825/1709 1708/1824/1708 1975/2100/1975 1973/2098/1973
f 1973/2098/1973 1975/2100/1975 686/706/686 695/715/695
f 1974/2099/1974 1973/2098/1973 695/715/695 676/696/676
f 1708/1824/1708 1712/1828/1712 1976/2101/1976 1975/2100/1975
f 1712/1828/1712 1700/1816/1700 1970/2095/1970 1976/2101/1976
f 1976/2101/1976 1970/2095/1970 690/710/690 687/707/687
f 1975/2100/1975 1976/2101/1976 687/707/687 686/706/686
f 1716/1834/1716 1715/1833/1715 1977/2102/1977 1978/2103/1978
f 1715/1833/1715 1704/1832/1704 1972/2104/1972 1977/2102/1977
f 1977/2102/1977 1972/2104/1972 682/702/682 680/700/680
f 1978/2103/1978 1977/2102/1977 680/700/680 670/690/670
f 1720/1838/1720 1719/1837/1719 1979/2105/1979 1980/2106/1980
f 1719/1837/1719 1710/1826/1710 1974/2099/1974 1979/2105/1979
f 1979/2105/1979 1974/2099/1974 676/696/676 674/694/674
f 1980/2106/1980 1979/2105/1979 674/694/674 663/683/663
f 1724/1842/1724 1723/1841/1723 1981/2107/1981 1982/2108/1982
f 1723/1841/1723 1716/1834/1716 1978/2103/1978 1981/2107/1981
f 1981/2107/1981 1978/2103/1978 670/690/670 668/688/668
f 1982/2108/1982 1981/2107/1981 668/688/668 587/605/587
f 1668/1784/1668 1726/1844/1726 1983/2109/1983 1955/2080/1955
f 1726/1844/1726 1720/1838/1720 1980/2106/1980 1983/2109/1983
f 1983/2109/1983 1980/2106/1980 663/683/663 660/680/660
f 1955/2080/1955 1983/2109/1983 660/680/660 659/679/659
f 1674/1790/1674 1728/1846/1728 1984/2110/1984 1958/2083/1958
f 1728/1846/1728 1724/1842/1724 1982/2108/1982 1984/2110/1984
f 1984/2110/1984 1982/2108/1982 587/605/587 584/602/584
f 1958/2083/1958 1984/2110/1984 584/602/584 583/601/583
f 454/466/454 480/492/480 1985/2111/1985 1986/2112/1986
f 480/492/480 429/441/429 1987/2113/1987 1985/2111/1985
f 1985/2114/1985 1987/2115/1987 499/514/499 580/598/580
f 1986/2116/1986 1985/2114/1985 580/598/580 573/591/573
f 436/448/436 474/486/474 1988/2117/1988 1989/2118/1989
f 474/486/474 411/423/411 1990/2119/1990 1988/2117/1988
f 1988/2120/1988 1990/2121/1990 394/406/394 577/595/577
f 1989/2122/1989 1988/2120/1988 577/595/577 567/584/567
f 456/468/456 455/467/455 1991/2123/1991 1992/2124/1992
f 455/467/455 454/466/454 1986/2112/1986 1991/2123/1991
f 1991/2125/1991 1986/2116/1986 573/591/573 571/589/571
f 1992/2126/1992 1991/2125/1991 571/589/571 560/575/560
f 438/450/438 437/449/437 1993/2127/1993 1994/2128/1994
f 437/449/437 436/448/436 1989/2118/1989 1993/2127/1993
f 1993/2129/1993 1989/2122/1989 567/584/567 565/581/565
f 1994/2130/1994 1993/2129/1993 565/581/565 552/580/552
f 420/432/420 419/431/419 1995/2131/1995 1996/2132/1996
f 419/431/419 418/430/418 1997/2133/1997 1995/2131/1995
f 1995/2134/1995 1997/2135/1997 556/571/556 562/577/562
f 1996/2136/1996 1995/2134/1995 562/577/562 546/561/546
f 418/430/418 486/501/486 1998/2137/1998 1997/2133/1997
f 486/501/486 456/468/456 1992/2124/1992 1998/2137/1998
f 1998/2138/1998 1992/2126/1992 560/575/560 557/572/557
f 1997/2135/1997 1998/2138/1998 557/572/557 556/571/556
f 461/473/461 483/498/483 1999/2139/1999 2000/2140/2000
f 483/498/483 438/497/438 1994/2141/1994 1999/2139/1999
f 1999/2142/1999 1994/2143/1994 552/567/552 550/565/550
f 2000/2144/2000 1999/2142/1999 550/565/550 540/555/540
f 445/457/445 477/489/477 2001/2145/2001 2002/2146/2002
f 477/489/477 420/432/420 1996/2132/1996 2001/2145/2001
f 2001/2147/2001 1996/2136/1996 546/561/546 544/559/544
f 2002/2148/2002 2001/2147/2001 544/559/544 534/549/534
f 109/112/109 462/474/462 2003/2149/2003 2004/2150/2004
f 462/474/462 461/473/461 2000/2140/2000 2003/2149/2003
f 2003/2151/2003 2000/2144/2000 540/555/540 538/553/538
f 2004/2152/2004 2003/2151/2003 538/553/538 528/543/528
f 447/459/447 446/458/446 2005/2153/2005 2006/2154/2006
f 446/458/446 445/457/445 2002/2146/2002 2005/2153/2005
f 2005/2155/2005 2002/2148/2002 534/549/534 532/547/532
f 2006/2156/2006 2005/2155/2005 532/547/532 522/537/522
f 111/114/111 110/113/110 2007/2157/2007 2008/2158/2008
f 110/113/110 109/112/109 2004/2150/2004 2007/2157/2007
f 2007/2159/2007 2004/2152/2004 528/543/528 526/541/526
f 2008/2160/2008 2007/2159/2007 526/541/526 516/531/516
f 467/479/467 489/504/489 2009/2161/2009 2010/2162/2010
f 489/504/489 447/459/447 2006/2154/2006 2009/2161/2009
f 2009/2163/2009 2006/2156/2006 522/537/522 520/535/520
f 2010/2164/2010 2009/2163/2009 520/535/520 510/525/510
f 427/439/427 471/483/471 2011/2165/2011 2012/2166/2012
f 471/483/471 111/114/111 2008/2158/2008 2011/2165/2011
f 2011/2167/2011 2008/2160/2008 516/531/516 514/529/514
f 2012/2168/2012 2011/2167/2011 514/529/514 503/518/503
f 409/421/409 468/480/468 2013/2169/2013 2014/2170/2014
f 468/480/468 467/479/467 2010/2162/2010 2013/2169/2013
f 2013/2171/2013 2010/2164/2010 510/525/510 508/523/508
f 2014/2172/2014 2013/2171/2013 508/523/508 398/410/398
f 429/441/429 428/440/428 2015/2173/2015 1987/2113/1987
f 428/440/428 427/439/427 2012/2166/2012 2015/2173/2015
f 2015/2174/2015 2012/2168/2012 503/518/503 500/515/500
f 1987/2115/1987 2015/2174/2015 500/515/500 499/514/499
f 411/423/411 410/422/410 2016/2175/2016 1990/2119/1990
f 410/422/410 409/421/409 2014/2170/2014 2016/2175/2016
f 2016/2176/2016 2014/2172/2014 398/410/398 395/407/395
f 1990/2121/1990 2016/2176/2016 395/407/395 394/406/394
f 133/136/133 136/139/136 2017/2177/2017 2018/2178/2018
f 136/139/136 127/130/127 2019/2179/2019 2017/2177/2017
f 2017/2177/2017 2019/2179/2019 439/451/439 487/502/487
f 2018/2178/2018 2017/2177/2017 487/502/487 465/477/465
f 120/123/120 206/212/206 2020/2180/2020 2021/2181/2021
f 206/212/206 199/205/199 2022/2182/2022 2020/2180/2020
f 2020/2180/2020 2022/2182/2022 448/460/448 484/499/484
f 2021/2181/2021 2020/2180/2020 484/499/484 416/428/416
f 163/166/163 166/169/166 2023/2183/2023 2024/2184/2024
f 166/169/166 157/174/157 2025/2185/2025 2023/2183/2023
f 2023/2183/2023 2025/2185/2025 430/495/430 481/493/481
f 2024/2184/2024 2023/2183/2023 481/493/481 459/471/459
f 193/199/193 196/202/196 2026/2186/2026 2027/2187/2027
f 196/202/196 187/193/187 2028/2188/2028 2026/2186/2026
f 2026/2186/2026 2028/2188/2028 421/433/421 478/490/478
f 2027/2187/2027 2026/2186/2026 478/490/478 452/464/452
f 121/124/121 124/127/124 2029/2189/2029 2030/2190/2030
f 124/127/124 112/115/112 2031/2191/2031 2029/2189/2029
f 2029/2189/2029 2031/2191/2031 412/424/412 475/487/475
f 2030/2190/2030 2029/2189/2029 475/487/475 443/455/443
f 151/154/151 154/157/154 2032/2192/2032 2033/2193/2033
f 154/157/154 145/148/145 2034/2194/2034 2032/2192/2032
f 2032/2192/2032 2034/2194/2034 403/415/403 472/484/472
f 2033/2193/2033 2032/2192/2032 472/484/472 434/446/434
f 181/187/181 184/190/184 2035/2195/2035 2036/2196/2036
f 184/190/184 175/181/175 2037/2197/2037 2035/2195/2035
f 2035/2195/2035 2037/2197/2037 103/106/103 469/481/469
f 2036/2196/2036 2035/2195/2035 469/481/469 425/437/425
f 139/142/139 142/145/142 2038/2198/2038 2039/2199/2039
f 142/145/142 133/136/133 2018/2178/2018 2038/2198/2038
f 2038/2198/2038 2018/2178/2018 465/477/465 463/475/463
f 2039/2199/2039 2038/2198/2038 463/475/463 407/419/407
f 169/175/169 172/178/172 2040/2200/2040 2041/2201/2041
f 172/178/172 163/166/163 2024/2184/2024 2040/2200/2040
f 2040/2200/2040 2024/2184/2024 459/471/459 457/469/457
f 2041/2201/2041 2040/2200/2040 457/469/457 107/110/107
f 199/205/199 202/208/202 2042/2202/2042 2022/2182/2022
f 202/208/202 193/199/193 2027/2187/2027 2042/2202/2042
f 2042/2202/2042 2027/2187/2027 452/464/452 449/461/449
f 2022/2182/2022 2042/2202/2042 449/461/449 448/460/448
f 127/130/127 130/133/130 2043/2203/2043 2019/2179/2019
f 130/133/130 121/124/121 2030/2190/2030 2043/2203/2043
f 2043/2203/2043 2030/2190/2030 443/455/443 440/452/440
f 2019/2179/2019 2043/2203/2043 440/452/440 439/451/439
f 157/160/157 160/163/160 2044/2204/2044 2025/2205/2025
f 160/163/160 151/154/151 2033/2193/2033 2044/2204/2044
f 2044/2204/2044 2033/2193/2033 434/446/434 431/443/431
f 2025/2205/2025 2044/2204/2044 431/443/431 430/442/430
f 187/193/187 190/196/190 2045/2206/2045 2028/2188/2028
f 190/196/190 181/187/181 2036/2196/2036 2045/2206/2045
f 2045/2206/2045 2036/2196/2036 425/437/425 422/434/422
f 2028/2188/2028 2045/2206/2045 422/434/422 421/433/421
f 112/115/112 115/118/115 2046/2207/2046 2031/2191/2031
f 115/118/115 120/123/120 2021/2181/2021 2046/2207/2046
f 2046/2207/2046 2021/2181/2021 416/428/416 413/425/413
f 2031/2191/2031 2046/2207/2046 413/425/413 412/424/412
f 145/148/145 148/151/148 2047/2208/2047 2034/2194/2034
f 148/151/148 139/142/139 2039/2199/2039 2047/2208/2047
f 2047/2208/2047 2039/2199/2039 407/419/407 404/416/404
f 2034/2194/2034 2047/2208/2047 404/416/404 403/415/403
f 175/181/175 178/184/178 2048/2209/2048 2037/2197/2037
f 178/184/178 169/175/169 2041/2201/2041 2048/2209/2048
f 2048/2209/2048 2041/2201/2041 107/110/107 104/107/104
f 2037/2197/2037 2048/2209/2048 104/107/104 103/106/103
f 116/119/116 2049/2210/2049 2050/2211/2050 117/120/117
f 2049/2210/2049 99/102/99 101/104/101 2050/2211/2050
f 2050/2211/2050 101/104/101 1/1/1 2051/2212/2051
f 117/120/117 2050/2211/2050 2051/2212/2051 118/121/118
f 125/128/125 2052/2213/2052 2053/2214/2053 126/129/126
f 2052/2213/2052 87/90/87 95/98/95 2053/2214/2053
f 2053/2214/2053 95/98/95 99/102/99 2049/2210/2049
f 126/129/126 2053/2214/2053 2049/2210/2049 116/119/116
f 131/134/131 2054/2215/2054 2055/2216/2055 132/135/132
f 2054/2215/2054 81/84/81 83/86/83 2055/2216/2055
f 2055/2216/2055 83/86/83 87/90/87 2052/2213/2052
f 132/135/132 2055/2216/2055 2052/2213/2052 125/128/125
f 137/140/137 2056/2217/2056 2057/2218/2057 138/141/138
f 2056/2217/2056 75/78/75 77/80/77 2057/2218/2057
f 2057/2218/2057 77/80/77 81/84/81 2054/2215/2054
f 138/141/138 2057/2218/2057 2054/2215/2054 131/134/131
f 143/146/143 2058/2219/2058 2059/2220/2059 144/147/144
f 2058/2219/2058 69/72/69 71/74/71 2059/2220/2059
f 2059/2220/2059 71/74/71 75/78/75 2056/2217/2056
f 144/147/144 2059/2220/2059 2056/2217/2056 137/140/137
f 149/152/149 2060/2221/2060 2061/2222/2061 150/153/150
f 2060/2221/2060 63/66/63 65/68/65 2061/2222/2061
f 2061/2222/2061 65/68/65 69/72/69 2058/2219/2058
f 150/153/150 2061/2222/2061 2058/2219/2058 143/146/143
f 155/158/155 2062/2223/2062 2063/2224/2063 156/159/156
f 2062/2223/2062 57/60/57 59/62/59 2063/2224/2063
f 2063/2224/2063 59/62/59 63/66/63 2060/2221/2060
f 156/159/156 2063/2224/2063 2060/2221/2060 149/152/149
f 161/164/161 2064/2225/2064 2065/2226/2065 162/165/162
f 2064/2225/2064 51/52/51 53/55/53 2065/2226/2065
f 2065/2226/2065 53/55/53 57/60/57 2062/2223/2062
f 162/165/162 2065/2226/2065 2062/2223/2062 155/158/155
f 167/170/167 2066/2227/2066 2067/2228/2067 168/171/168
f 2066/2227/2066 45/45/45 47/47/47 2067/2228/2067
f 2067/2228/2067 47/47/47 51/51/51 2064/2229/2064
f 168/171/168 2067/2228/2067 2064/2229/2064 161/172/161
f 173/179/173 2068/2230/2068 2069/2231/2069 174/180/174
f 2068/2230/2068 39/39/39 41/41/41 2069/2231/2069
f 2069/2231/2069 41/41/41 45/45/45 2066/2227/2066
f 174/180/174 2069/2231/2069 2066/2227/2066 167/170/167
f 179/185/179 2070/2232/2070 2071/2233/2071 180/186/180
f 2070/2232/2070 33/33/33 35/35/35 2071/2233/2071
f 2071/2233/2071 35/35/35 39/39/39 2068/2230/2068
f 180/186/180 2071/2233/2071 2068/2230/2068 173/179/173
f 185/191/185 2072/2234/2072 2073/2235/2073 186/192/186
f 2072/2234/2072 27/27/27 29/29/29 2073/2235/2073
f 2073/2235/2073 29/29/29 33/33/33 2070/2232/2070
f 186/192/186 2073/2235/2073 2070/2232/2070 179/185/179
f 191/197/191 2074/2236/2074 2075/2237/2075 192/198/192
f 2074/2236/2074 21/21/21 23/23/23 2075/2237/2075
f 2075/2237/2075 23/23/23 27/27/27 2072/2234/2072
f 192/198/192 2075/2237/2075 2072/2234/2072 185/191/185
f 197/203/197 2076/2238/2076 2077/2239/2077 198/204/198
f 2076/2238/2076 15/15/15 17/17/17 2077/2239/2077
f 2077/2239/2077 17/17/17 21/21/21 2074/2236/2074
f 198/204/198 2077/2239/2077 2074/2236/2074 191/197/191
f 203/209/203 2078/2240/2078 2079/2241/2079 204/210/204
f 2078/2240/2078 9/9/9 11/11/11 2079/2241/2079
f 2079/2241/2079 11/11/11 15/15/15 2076/2238/2076
f 204/210/204 2079/2241/2079 2076/2238/2076 197/203/197
f 118/121/118 2051/2212/2051 2080/2242/2080 207/213/207
f 2051/2212/2051 1/1/1 4/4/4 2080/2242/2080
f 2080/2242/2080 4/4/4 9/9/9 2078/2240/2078
f 207/213/207 2080/2242/2080 2078/2240/2078 203/209/203
f 1392/1473/1392 1406/1492/1406 2081/2243/2081 1393/1474/1393
f 1406/1492/1406 1405/1491/1405 2082/2244/2082 2081/2243/2081
f 2081/2243/2081 2082/2244/2082 2083/2245/2083 2084/2246/2084
f 1393/1474/1393 2081/2243/2081 2084/2246/2084 1394/1476/1394
f 1405/1491/1405 1418/1508/1418 2085/2247/2085 2082/2244/2082
f 1418/1508/1418 1417/1507/1417 2086/2248/2086 2085/2247/2085
f 2085/2247/2085 2086/2248/2086 2087/2249/2087 2088/2250/2088
f 2082/2244/2082 2085/2247/2085 2088/2250/2088 2083/2245/2083
f 1417/1507/1417 1430/1524/1430 2089/2251/2089 2086/2248/2086
f 1430/1524/1430 1429/1523/1429 2090/2252/2090 2089/2251/2089
f 2089/2251/2089 2090/2252/2090 2091/2253/2091 2092/2254/2092
f 2086/2248/2086 2089/2251/2089 2092/2254/2092 2087/2249/2087
f 1429/1523/1429 1442/1540/1442 2093/2255/2093 2090/2252/2090
f 1442/1540/1442 1441/1539/1441 1454/1556/1454 2093/2255/2093
f 2093/2255/2093 1454/1556/1454 1453/1555/1453 2094/2256/2094
f 2090/2252/2090 2093/2255/2093 2094/2256/2094 2091/2253/2091
f 1459/1563/1459 2095/2257/2095 2096/2258/2096 1460/1564/1460
f 2095/2257/2095 2097/2259/2097 2098/2260/2098 2096/2258/2096
f 2096/2258/2096 2098/2260/2098 1435/1531/1435 1448/1548/1448
f 1460/1564/1460 2096/2258/2096 1448/1548/1448 1447/1547/1447
f 2097/2259/2097 2099/2261/2099 2100/2262/2100 2098/2260/2098
f 2099/2261/2099 2101/2263/2101 2102/2264/2102 2100/2262/2100
f 2100/2262/2100 2102/2264/2102 1423/1515/1423 1436/1532/1436
f 2098/2260/2098 2100/2262/2100 1436/1532/1436 1435/1531/1435
f 2101/2263/2101 2103/2265/2103 2104/2266/2104 2102/2264/2102
f 2103/2265/2103 2105/2267/2105 2106/2268/2106 2104/2266/2104
f 2104/2266/2104 2106/2268/2106 1411/1499/1411 1424/1516/1424
f 2102/2264/2102 2104/2266/2104 1424/1516/1424 1423/1515/1423
f 2105/2267/2105 2107/2269/2107 2108/2270/2108 2106/2268/2106
f 2107/2269/2107 1296/1371/1296 1400/1484/1400 2108/2270/2108
f 2108/2270/2108 1400/1484/1400 1399/1483/1399 1412/1500/1412
f 2106/2268/2106 2108/2270/2108 1412/1500/1412 1411/1499/1411
f 2097/2259/2097 2095/2257/2095 2109/2271/2109 2110/2272/2110
f 2095/2257/2095 1459/1563/1459 2111/2273/2111 2109/2271/2109
f 2109/2271/2109 2111/2273/2111 2112/2274/2112 2113/2275/2113
f 2110/2272/2110 2109/2271/2109 2113/2275/2113 2114/2276/2114
f 1298/1374/1298 1297/1372/1297 2115/2277/2115 2116/2278/2116
f 1297/1372/1297 1296/1371/1296 2117/2279/2117 2115/2277/2115
f 2115/2277/2115 2117/2279/2117 2118/2280/2118 2119/2281/2119
f 2116/2278/2116 2115/2277/2115 2119/2281/2119 2120/2282/2120
f 1459/1563/1459 1472/1582/1472 2121/2283/2121 2111/2273/2111
f 1472/1582/1472 1469/1578/1469 2122/2284/2122 2121/2283/2121
f 2121/2283/2121 2122/2284/2122 2123/2285/2123 2124/2286/2124
f 2111/2273/2111 2121/2283/2121 2124/2286/2124 2112/2274/2112
f 1394/1476/1394 2084/2246/2084 2125/2287/2125 2126/2288/2126
f 2084/2246/2084 2083/2245/2083 2127/2289/2127 2125/2287/2125
f 2125/2287/2125 2127/2289/2127 2128/2290/2128 2129/2291/2129
f 2126/2288/2126 2125/2287/2125 2129/2291/2129 2130/2292/2130
f 2101/2263/2101 2099/2261/2099 2131/2293/2131 2132/2294/2132
f 2099/2261/2099 2097/2259/2097 2110/2272/2110 2131/2293/2131
f 2131/2293/2131 2110/2272/2110 2114/2276/2114 2133/2295/2133
f 2132/2294/2132 2131/2293/2131 2133/2295/2133 2134/2296/2134
f 2087/2249/2087 2092/2254/2092 2135/2297/2135 2136/2298/2136
f 2092/2254/2092 2091/2253/2091 2137/2299/2137 2135/2297/2135
f 2135/2297/2135 2137/2299/2137 2138/2300/2138 2139/2301/2139
f 2136/2298/2136 2135/2297/2135 2139/2301/2139 2140/2302/2140
f 2105/2267/2105 2103/2265/2103 2141/2303/2141 2142/2304/2142
f 2103/2265/2103 2101/2263/2101 2132/2294/2132 2141/2303/2141
f 2141/2303/2141 2132/2294/2132 2134/2296/2134 2143/2305/2143
f 2142/2304/2142 2141/2303/2141 2143/2305/2143 2144/2306/2144
f 2091/2253/2091 2094/2256/2094 2145/2307/2145 2137/2299/2137
f 2094/2256/2094 1453/1555/1453 2146/2308/2146 2145/2307/2145
f 2145/2307/2145 2146/2308/2146 2147/2309/2147 2148/2310/2148
f 2137/2299/2137 2145/2307/2145 2148/2310/2148 2138/2300/2138
f 1469/1578/1469 1468/1576/1468 2149/2311/2149 2122/2284/2122
f 1468/1576/1468 1394/1476/1394 2126/2288/2126 2149/2311/2149
f 2149/2311/2149 2126/2288/2126 2130/2292/2130 2150/2312/2150
f 2122/2284/2122 2149/2311/2149 2150/2312/2150 2123/2285/2123
f 1453/1555/1453 1463/1570/1463 2151/2313/2151 2146/2308/2146
f 1463/1570/1463 1298/1374/1298 2116/2278/2116 2151/2313/2151
f 2151/2313/2151 2116/2278/2116 2120/2282/2120 2152/2314/2152
f 2146/2308/2146 2151/2313/2151 2152/2314/2152 2147/2309/2147
f 2083/2245/2083 2088/2250/2088 2153/2315/2153 2127/2289/2127
f 2088/2250/2088 2087/2249/2087 2136/2298/2136 2153/2315/2153
f 2153/2315/2153 2136/2298/2136 2140/2302/2140 2154/2316/2154
f 2127/2289/2127 2153/2315/2153 2154/2316/2154 2128/2290/2128
f 1296/1371/1296 2107/2269/2107 2155/2317/2155 2117/2279/2117
f 2107/2269/2107 2105/2267/2105 2142/2304/2142 2155/2317/2155
f 2155/2317/2155 2142/2304/2142 2144/2306/2144 2156/2318/2156
f 2117/2279/2117 2155/2317/2155 2156/2318/2156 2118/2280/2118
f 1342/1418/1342 1361/1437/1361 2157/2319/2157 2158/2320/2158
f 1361/1437/1361 1358/1434/1358 2159/2321/2159 2157/2319/2157
f 2157/2319/2157 2159/2321/2159 2160/2322/2160 2161/2323/2161
f 2158/2320/2158 2157/2319/2157 2161/2323/2161 2162/2324/2162
f 1358/1434/1358 1357/1433/1357 2163/2325/2163 2159/2321/2159
f 1357/1433/1357 1356/1432/1356 2164/2326/2164 2163/2325/2163
f 2163/2325/2163 2164/2326/2164 2165/2327/2165 2166/2328/2166
f 2159/2321/2159 2163/2325/2163 2166/2328/2166 2160/2322/2160
f 1336/1412/1336 1349/1425/1349 2167/2329/2167 2168/2330/2168
f 1349/1425/1349 1348/1424/1348 2169/2331/2169 2167/2329/2167
f 2167/2329/2167 2169/2331/2169 2170/2332/2170 2171/2333/2171
f 2168/2330/2168 2167/2329/2167 2171/2333/2171 2172/2334/2172
f 1330/1406/1330 1343/1419/1343 2173/2335/2173 2174/2336/2174
f 1343/1419/1343 1342/1418/1342 2158/2320/2158 2173/2335/2173
f 2173/2335/2173 2158/2320/2158 2162/2324/2162 2175/2337/2175
f 2174/2336/2174 2173/2335/2173 2175/2337/2175 2176/2338/2176
f 1324/1400/1324 1337/1413/1337 2177/2339/2177 2178/2340/2178
f 1337/1413/1337 1336/1412/1336 2168/2330/2168 2177/2339/2177
f 2177/2339/2177 2168/2330/2168 2172/2334/2172 2179/2341/2179
f 2178/2340/2178 2177/2339/2177 2179/2341/2179 2180/2342/2180
f 1318/1394/1318 1331/1407/1331 2181/2343/2181 2182/2344/2182
f 1331/1407/1331 1330/1406/1330 2174/2336/2174 2181/2343/2181
f 2181/2343/2181 2174/2336/2174 2176/2338/2176 2183/2345/2183
f 2182/2344/2182 2181/2343/2181 2183/2345/2183 2184/2346/2184
f 1312/1388/1312 1325/1401/1325 2185/2347/2185 2186/2348/2186
f 1325/1401/1325 1324/1400/1324 2178/2340/2178 2185/2347/2185
f 2185/2347/2185 2178/2340/2178 2180/2342/2180 2187/2349/2187
f 2186/2348/2186 2185/2347/2185 2187/2349/2187 2188/2350/2188
f 1305/1381/1305 1319/1395/1319 2189/2351/2189 2190/2352/2190
f 1319/1395/1319 1318/1394/1318 2182/2344/2182 2189/2351/2189
f 2189/2351/2189 2182/2344/2182 2184/2346/2184 2191/2353/2191
f 2190/2352/2190 2189/2351/2189 2191/2353/2191 2192/2354/2192
f 1200/1270/1200 1313/1389/1313 2193/2355/2193 2194/2356/2194
f 1313/1389/1313 1312/1388/1312 2186/2348/2186 2193/2355/2193
f 2193/2355/2193 2186/2348/2186 2188/2350/2188 2195/2357/2195
f 2194/2356/2194 2193/2355/2193 2195/2357/2195 2196/2358/2196
f 1307/1383/1307 1306/1382/1306 2197/2359/2197 2198/2360/2198
f 1306/1382/1306 1305/1381/1305 2190/2352/2190 2197/2359/2197
f 2197/2359/2197 2190/2352/2190 2192/2354/2192 2199/2361/2199
f 2198/2360/2198 2197/2359/2197 2199/2361/2199 2200/2362/2200
f 1202/1272/1202 1201/1271/1201 2201/2363/2201 2202/2364/2202
f 1201/1271/1201 1200/1270/1200 2194/2356/2194 2201/2363/2201
f 2201/2363/2201 2194/2356/2194 2196/2358/2196 2203/2365/2203
f 2202/2364/2202 2201/2363/2201 2203/2365/2203 2204/2366/2204
f 1378/1457/1378 1385/1464/1385 2205/2367/2205 2206/2368/2206
f 1385/1464/1385 1307/1383/1307 2198/2360/2198 2205/2367/2205
f 2205/2367/2205 2198/2360/2198 2200/2362/2200 2207/2369/2207
f 2206/2368/2206 2205/2367/2205 2207/2369/2207 2208/2370/2208
f 1372/1451/1372 1382/1461/1382 2209/2371/2209 2210/2372/2210
f 1382/1461/1382 1202/1272/1202 2202/2364/2202 2209/2371/2209
f 2209/2371/2209 2202/2364/2202 2204/2366/2204 2211/2373/2211
f 2210/2372/2210 2209/2371/2209 2211/2373/2211 2212/2374/2212
f 1366/1444/1366 1379/1458/1379 2213/2375/2213 2214/2376/2214
f 1379/1458/1379 1378/1457/1378 2206/2368/2206 2213/2375/2213
f 2213/2375/2213 2206/2368/2206 2208/2370/2208 2215/2377/2215
f 2214/2376/2214 2213/2375/2213 2215/2377/2215 2216/2378/2216
f 1356/1432/1356 1373/1452/1373 2217/2379/2217 2164/2326/2164
f 1373/1452/1373 1372/1451/1372 2210/2372/2210 2217/2379/2217
f 2217/2379/2217 2210/2372/2210 2212/2374/2212 2218/2380/2218
f 2164/2326/2164 2217/2379/2217 2218/2380/2218 2165/2327/2165
f 1348/1446/1348 1367/1445/1367 2219/2381/2219 2169/2382/2169
f 1367/1445/1367 1366/1444/1366 2214/2376/2214 2219/2381/2219
f 2219/2381/2219 2214/2376/2214 2216/2378/2216 2220/2383/2220
f 2169/2382/2169 2219/2381/2219 2220/2383/2220 2170/2384/2170
f 2221/2385/2221 2222/2386/2222 2223/2387/2223 2224/2388/2224
f 2222/2386/2222 2225/2389/2225 2226/2390/2226 2223/2387/2223
f 2223/2387/2223 2226/2390/2226 2227/2391/2227 2228/2392/2228
f 2224/2388/2224 2223/2387/2223 2228/2392/2228 2229/2393/2229
f 2230/2394/2230 2231/2395/2231 2232/2396/2232 2233/2397/2233
f 2231/2395/2231 2234/2398/2234 2235/2399/2235 2232/2396/2232
f 2232/2396/2232 2235/2399/2235 2236/2400/2236 2237/2401/2237
f 2233/2397/2233 2232/2396/2232 2237/2401/2237 2238/2402/2238
f 2239/2403/2239 2240/2404/2240 2241/2405/2241 2242/2406/2242
f 2240/2404/2240 2243/2407/2243 2244/2408/2244 2241/2405/2241
f 2241/2405/2241 2244/2408/2244 2245/2409/2245 2246/2410/2246
f 2242/2406/2242 2241/2405/2241 2246/2410/2246 2247/2411/2247
f 2234/2398/2234 2248/2412/2248 2249/2413/2249 2235/2399/2235
f 2248/2412/2248 2250/2414/2250 2251/2415/2251 2249/2413/2249
f 2249/2413/2249 2251/2415/2251 2252/2416/2252 2253/2417/2253
f 2235/2399/2235 2249/2413/2249 2253/2417/2253 2236/2400/2236
f 2254/2418/2254 2255/2419/2255 2256/2420/2256 2257/2421/2257
f 2255/2419/2255 2221/2385/2221 2224/2388/2224 2256/2420/2256
f 2256/2420/2256 2224/2388/2224 2229/2393/2229 2258/2422/2258
f 2257/2421/2257 2256/2420/2256 2258/2422/2258 2259/2423/2259
f 2243/2407/2243 2260/2424/2260 2261/2425/2261 2244/2408/2244
f 2260/2424/2260 2262/2426/2262 2263/2427/2263 2261/2425/2261
f 2261/2425/2261 2263/2427/2263 2264/2428/2264 2265/2429/2265
f 2244/2408/2244 2261/2425/2261 2265/2429/2265 2245/2409/2245
f 2266/2430/2266 2267/2431/2267 2268/2432/2268 2269/2433/2269
f 2267/2431/2267 2270/2434/2270 2271/2435/2271 2268/2432/2268
f 2268/2432/2268 2271/2435/2271 2272/2436/2272 2273/2437/2273
f 2269/2433/2269 2268/2432/2268 2273/2437/2273 2274/2438/2274
f 2250/2414/2250 2275/2439/2275 2276/2440/2276 2251/2415/2251
f 2275/2439/2275 2277/2441/2277 2278/2442/2278 2276/2440/2276
f 2276/2440/2276 2278/2442/2278 2279/2443/2279 2280/2444/2280
f 2251/2415/2251 2276/2440/2276 2280/2444/2280 2252/2416/2252
f 2262/2426/2262 2281/2445/2281 2282/2446/2282 2263/2427/2263
f 2281/2445/2281 2254/2418/2254 2257/2421/2257 2282/2446/2282
f 2282/2446/2282 2257/2421/2257 2259/2423/2259 2283/2447/2283
f 2263/2427/2263 2282/2446/2282 2283/2447/2283 2264/2428/2264
f 2225/2389/2225 2284/2448/2284 2285/2449/2285 2226/2390/2226
f 2284/2448/2284 2266/2430/2266 2269/2433/2269 2285/2449/2285
f 2285/2449/2285 2269/2433/2269 2274/2438/2274 2286/2450/2286
f 2226/2390/2226 2285/2449/2285 2286/2450/2286 2227/2391/2227
f 2277/2441/2277 2287/2451/2287 2288/2452/2288 2278/2442/2278
f 2287/2451/2287 2239/2403/2239 2242/2406/2242 2288/2452/2288
f 2288/2452/2288 2242/2406/2242 2247/2411/2247 2289/2453/2289
f 2278/2442/2278 2288/2452/2288 2289/2453/2289 2279/2443/2279
f 2270/2434/2270 2290/2454/2290 2291/2455/2291 2271/2435/2271
f 2290/2454/2290 2230/2394/2230 2233/2397/2233 2291/2455/2291
f 2291/2455/2291 2233/2397/2233 2238/2402/2238 2292/2456/2292
f 2271/2435/2271 2291/2455/2291 2292/2456/2292 2272/2436/2272
f 2252/2416/2252 2280/2444/2280 2293/2457/2293 2294/2458/2294
f 2280/2444/2280 2279/2443/2279 2295/2459/2295 2293/2457/2293
f 2293/2457/2293 2295/2459/2295 2296/2460/2296 2297/2461/2297
f 2294/2458/2294 2293/2457/2293 2297/2461/2297 2298/2462/2298
f 2264/2428/2264 2283/2447/2283 2299/2463/2299 2300/2464/2300
f 2283/2447/2283 2259/2423/2259 2301/2465/2301 2299/2463/2299
f 2299/2463/2299 2301/2465/2301 2302/2466/2302 2303/2467/2303
f 2300/2464/2300 2299/2463/2299 2303/2467/2303 2304/2468/2304
f 2227/2391/2227 2286/2450/2286 2305/2469/2305 2306/2470/2306
f 2286/2450/2286 2274/2438/2274 2307/2471/2307 2305/2469/2305
f 2305/2469/2305 2307/2471/2307 2308/2472/2308 2309/2473/2309
f 2306/2470/2306 2305/2469/2305 2309/2473/2309 2310/2474/2310
f 2279/2443/2279 2289/2453/2289 2311/2475/2311 2295/2459/2295
f 2289/2453/2289 2247/2411/2247 2312/2476/2312 2311/2475/2311
f 2311/2475/2311 2312/2476/2312 2313/2477/2313 2314/2478/2314
f 2295/2459/2295 2311/2475/2311 2314/2478/2314 2296/2460/2296
f 2272/2436/2272 2292/2456/2292 2315/2479/2315 2316/2480/2316
f 2292/2456/2292 2238/2402/2238 2317/2481/2317 2315/2479/2315
f 2315/2479/2315 2317/2481/2317 2318/2482/2318 2319/2483/2319
f 2316/2480/2316 2315/2479/2315 2319/2483/2319 2320/2484/2320
f 2229/2393/2229 2228/2392/2228 2321/2485/2321 2322/2486/2322
f 2228/2392/2228 2227/2391/2227 2306/2470/2306 2321/2485/2321
f 2321/2485/2321 2306/2470/2306 2310/2474/2310 2323/2487/2323
f 2322/2486/2322 2321/2485/2321 2323/2487/2323 2324/2488/2324
f 2238/2402/2238 2237/2401/2237 2325/2489/2325 2317/2481/2317
f 2237/2401/2237 2236/2400/2236 2326/2490/2326 2325/2489/2325
f 2325/2489/2325 2326/2490/2326 2327/2491/2327 2328/2492/2328
f 2317/2481/2317 2325/2489/2325 2328/2492/2328 2318/2482/2318
f 2247/2411/2247 2246/2410/2246 2329/2493/2329 2312/2476/2312
f 2246/2410/2246 2245/2409/2245 2330/2494/2330 2329/2493/2329
f 2329/2493/2329 2330/2494/2330 2331/2495/2331 2332/2496/2332
f 2312/2476/2312 2329/2493/2329 2332/2496/2332 2313/2477/2313
f 2236/2400/2236 2253/2417/2253 2333/2497/2333 2326/2490/2326
f 2253/2417/2253 2252/2416/2252 2294/2458/2294 2333/2497/2333
f 2333/2497/2333 2294/2458/2294 2298/2462/2298 2334/2498/2334
f 2326/2490/2326 2333/2497/2333 2334/2498/2334 2327/2491/2327
f 2259/2423/2259 2258/2422/2258 2335/2499/2335 2301/2465/2301
f 2258/2422/2258 2229/2393/2229 2322/2486/2322 2335/2499/2335
f 2335/2499/2335 2322/2486/2322 2324/2488/2324 2336/2500/2336
f 2301/2465/2301 2335/2499/2335 2336/2500/2336 2302/2466/2302
f 2245/2409/2245 2265/2429/2265 2337/2501/2337 2330/2494/2330
f 2265/2429/2265 2264/2428/2264 2300/2464/2300 2337/2501/2337
f 2337/2501/2337 2300/2464/2300 2304/2468/2304 2338/2502/2338
f 2330/2494/2330 2337/2501/2337 2338/2502/2338 2331/2495/2331
f 2274/2438/2274 2273/2437/2273 2339/2503/2339 2307/2471/2307
f 2273/2437/2273 2272/2436/2272 2316/2480/2316 2339/2503/2339
f 2339/2503/2339 2316/2480/2316 2320/2484/2320 2340/2504/2340
f 2307/2471/2307 2339/2503/2339 2340/2504/2340 2308/2472/2308
f 2341/2505/2341 2342/2506/2342 285/293/285 282/290/282
f 2343/2507/2343 2344/2508/2344 2345/2509/2345 2346/2510/2346
f 2347/2511/2347 2348/2512/2348 2349/2513/2349 2350/2514/2350
f 2351/2515/2351 2352/2516/2352 2353/2517/2353 2354/2518/2354
f 2355/2519/2355 2356/2520/2356 212/218/212 209/215/209
f 2357/2521/2357 2358/2522/2358 354/362/354 353/361/353
f 2359/2523/2359 2360/2524/2360 2361/2525/2361 2362/2526/2362
f 2363/2527/2363 2364/2528/2364 2365/2529/2365 2366/2530/2366
f 2367/2531/2367 2357/2521/2357 353/361/353 362/373/362
f 2368/2532/2368 2369/2533/2369 342/350/342 341/349/341
f 2370/2534/2370 2371/2535/2371 2372/2536/2372 2373/2537/2373
f 2348/2512/2348 2370/2534/2370 2373/2537/2373 2349/2513/2349
f 2369/2533/2369 2374/2538/2374 345/353/345 342/350/342
f 2375/2539/2375 2376/2540/2376 338/346/338 337/345/337
f 2377/2541/2377 2378/2542/2378 2379/2543/2379 2380/2544/2380
f 253/259/253 93/96/93 2381/2545/2381 2382/2546/2382
f 2383/2547/2383 2368/2532/2368 341/349/341 359/370/359
f 2352/2516/2352 2377/2541/2377 2380/2544/2380 2353/2517/2353
f 2374/2538/2374 2384/2548/2384 350/358/350 345/353/345
f 2360/2524/2360 2351/2515/2351 2354/2518/2354 2361/2525/2361
f 2358/2522/2358 2375/2549/2375 337/365/337 354/362/354
f 2385/2550/2385 2386/2551/2386 332/340/332 331/339/331
f 2387/2552/2387 2388/2553/2388 2389/2554/2389 2390/2555/2390
f 2371/2556/2371 2387/2552/2387 2390/2555/2390 2372/2557/2372
f 2384/2548/2384 2385/2550/2385 331/339/331 350/358/350
f 2391/2558/2391 2392/2559/2392 327/335/327 326/334/326
f 2393/2560/2393 2394/2561/2394 2395/2562/2395 2396/2563/2396
f 2378/2542/2378 2393/2560/2393 2396/2563/2396 2379/2543/2379
f 2376/2540/2376 2391/2558/2391 326/334/326 338/346/338
f 2397/2564/2397 2398/2565/2398 321/329/321 320/328/320
f 2399/2566/2399 2400/2567/2400 2401/2568/2401 2402/2569/2402
f 2388/2553/2388 2399/2566/2399 2402/2569/2402 2389/2554/2389
f 2386/2551/2386 2397/2564/2397 320/328/320 332/340/332
f 2403/2570/2403 2404/2571/2404 315/323/315 314/322/314
f 2405/2572/2405 2406/2573/2406 2407/2574/2407 2408/2575/2408
f 2394/2561/2394 2405/2572/2405 2408/2575/2408 2395/2562/2395
f 2392/2559/2392 2403/2570/2403 314/322/314 327/335/327
f 2409/2576/2409 2410/2577/2410 309/317/309 308/316/308
f 2411/2578/2411 2412/2579/2412 2413/2580/2413 2414/2581/2414
f 2400/2567/2400 2411/2578/2411 2414/2581/2414 2401/2568/2401
f 2398/2565/2398 2409/2576/2409 308/316/308 321/329/321
f 2415/2582/2415 2416/2583/2416 303/311/303 302/310/302
f 2417/2584/2417 2418/2585/2418 2419/2586/2419 2420/2587/2420
f 2406/2573/2406 2417/2584/2417 2420/2587/2420 2407/2574/2407
f 2404/2571/2404 2415/2582/2415 302/310/302 315/323/315
f 2421/2588/2421 2422/2589/2422 297/305/297 296/304/296
f 2423/2590/2423 2424/2591/2424 2425/2592/2425 2426/2593/2426
f 2412/2579/2412 2423/2590/2423 2426/2593/2426 2413/2580/2413
f 2410/2577/2410 2421/2588/2421 296/304/296 309/317/309
f 2427/2594/2427 2428/2595/2428 291/299/291 290/298/290
f 2429/2596/2429 2430/2597/2430 2431/2598/2431 2432/2599/2432
f 2418/2585/2418 2429/2596/2429 2432/2599/2432 2419/2586/2419
f 2416/2583/2416 2427/2594/2427 290/298/290 303/311/303
f 2433/2600/2433 2341/2505/2341 282/290/282 281/289/281
f 2434/2601/2434 2435/2602/2435 2436/2603/2436 2437/2604/2437
f 2424/2591/2424 2434/2601/2434 2437/2604/2437 2425/2592/2425
f 2422/2589/2422 2433/2600/2433 281/289/281 297/305/297
f 2364/2528/2364 2347/2511/2347 2350/2514/2350 2365/2529/2365
f 2342/2506/2342 2367/2531/2367 362/373/362 285/293/285
f 2430/2597/2430 2363/2527/2363 2366/2530/2366 2431/2598/2431
f 2428/2595/2428 2438/2605/2438 208/214/208 291/299/291
f 2344/2508/2344 2359/2523/2359 2362/2526/2362 2345/2509/2345
f 2356/2520/2356 2383/2547/2383 359/370/359 212/218/212
f 2435/2602/2435 2343/2507/2343 2346/2510/2346 2436/2603/2436
f 2439/2606/2439 2440/2607/2440 2441/2608/2441 2442/2609/2442
f 2440/2607/2440 2443/2610/2443 2444/2611/2444 2441/2608/2441
f 2441/2608/2441 2444/2611/2444 2324/2488/2324 2323/2487/2323
f 2442/2609/2442 2441/2608/2441 2323/2487/2323 2310/2474/2310
f 2443/2610/2443 2445/2612/2445 2446/2613/2446 2444/2611/2444
f 2445/2612/2445 2304/2468/2304 2303/2467/2303 2446/2613/2446
f 2446/2613/2446 2303/2467/2303 2302/2466/2302 2336/2500/2336
f 2444/2611/2444 2446/2613/2446 2336/2500/2336 2324/2488/2324
f 2447/2614/2447 2448/2615/2448 2449/2616/2449 2450/2617/2450
f 2448/2615/2448 2439/2606/2439 2442/2609/2442 2449/2616/2449
f 2449/2616/2449 2442/2609/2442 2310/2474/2310 2309/2473/2309
f 2450/2617/2450 2449/2616/2449 2309/2473/2309 2308/2472/2308
f 2318/2482/2318 2451/2618/2451 2452/2619/2452 2319/2483/2319
f 2451/2618/2451 2447/2614/2447 2450/2617/2450 2452/2619/2452
f 2452/2619/2452 2450/2617/2450 2308/2472/2308 2340/2504/2340
f 2319/2483/2319 2452/2619/2452 2340/2504/2340 2320/2484/2320
f 2313/2477/2313 2332/2496/2332 2453/2620/2453 2454/2621/2454
f 2332/2496/2332 2331/2495/2331 2338/2502/2338 2453/2620/2453
f 2453/2620/2453 2338/2502/2338 2304/2468/2304 2445/2612/2445
f 2454/2621/2454 2453/2620/2453 2445/2612/2445 2443/2610/2443
f 2296/2460/2296 2314/2478/2314 2455/2622/2455 2456/2623/2456
f 2314/2478/2314 2313/2477/2313 2454/2621/2454 2455/2622/2455
f 2455/2622/2455 2454/2621/2454 2443/2610/2443 2440/2607/2440
f 2456/2623/2456 2455/2622/2455 2440/2607/2440 2439/2606/2439
f 2298/2462/2298 2297/2461/2297 2457/2624/2457 2458/2625/2458
f 2297/2461/2297 2296/2460/2296 2456/2623/2456 2457/2624/2457
f 2457/2624/2457 2456/2623/2456 2439/2606/2439 2448/2615/2448
f 2458/2625/2458 2457/2624/2457 2448/2615/2448 2447/2614/2447
f 2327/2491/2327 2334/2498/2334 2459/2626/2459 2328/2492/2328
f 2334/2498/2334 2298/2462/2298 2458/2625/2458 2459/2626/2459
f 2459/2626/2459 2458/2625/2458 2447/2614/2447 2451/2618/2451
f 2328/2492/2328 2459/2626/2459 2451/2618/2451 2318/2482/2318
f 2112/2274/2112 2124/2286/2124 2460/2627/2460 2461/2628/2461
f 2124/2286/2124 2123/2285/2123 2462/2629/2462 2460/2627/2460
f 2460/2627/2460 2462/2629/2462 2230/2394/2230 2290/2454/2290
f 2461/2628/2461 2460/2627/2460 2290/2454/2290 2270/2434/2270
f 2140/2302/2140 2139/2301/2139 2463/2630/2463 2464/2631/2464
f 2139/2301/2139 2138/2300/2138 2465/2632/2465 2463/2630/2463
f 2463/2630/2463 2465/2632/2465 2239/2403/2239 2287/2451/2287
f 2464/2631/2464 2463/2630/2463 2287/2451/2287 2277/2441/2277
f 2134/2296/2134 2133/2295/2133 2466/2633/2466 2467/2634/2467
f 2133/2295/2133 2114/2276/2114 2468/2635/2468 2466/2633/2466
f 2466/2633/2466 2468/2635/2468 2266/2430/2266 2284/2448/2284
f 2467/2634/2467 2466/2633/2466 2284/2448/2284 2225/2389/2225
f 2120/2282/2120 2119/2281/2119 2469/2636/2469 2470/2637/2470
f 2119/2281/2119 2118/2280/2118 2471/2638/2471 2469/2636/2469
f 2469/2636/2469 2471/2638/2471 2254/2418/2254 2281/2445/2281
f 2470/2637/2470 2469/2636/2469 2281/2445/2281 2262/2426/2262
f 2128/2290/2128 2154/2316/2154 2472/2639/2472 2473/2640/2473
f 2154/2316/2154 2140/2302/2140 2464/2631/2464 2472/2639/2472
f 2472/2639/2472 2464/2631/2464 2277/2441/2277 2275/2439/2275
f 2473/2640/2473 2472/2639/2472 2275/2439/2275 2250/2414/2250
f 2114/2276/2114 2113/2275/2113 2474/2641/2474 2468/2635/2468
f 2113/2275/2113 2112/2274/2112 2461/2628/2461 2474/2641/2474
f 2474/2641/2474 2461/2628/2461 2270/2434/2270 2267/2431/2267
f 2468/2635/2468 2474/2641/2474 2267/2431/2267 2266/2430/2266
f 2147/2309/2147 2152/2314/2152 2475/2642/2475 2476/2643/2476
f 2152/2314/2152 2120/2282/2120 2470/2637/2470 2475/2642/2475
f 2475/2642/2475 2470/2637/2470 2262/2426/2262 2260/2424/2260
f 2476/2643/2476 2475/2642/2475 2260/2424/2260 2243/2407/2243
f 2118/2280/2118 2156/2318/2156 2477/2644/2477 2471/2638/2471
f 2156/2318/2156 2144/2306/2144 2478/2645/2478 2477/2644/2477
f 2477/2644/2477 2478/2645/2478 2221/2385/2221 2255/2419/2255
f 2471/2638/2471 2477/2644/2477 2255/2419/2255 2254/2418/2254
f 2130/2292/2130 2129/2291/2129 2479/2646/2479 2480/2647/2480
f 2129/2291/2129 2128/2290/2128 2473/2640/2473 2479/2646/2479
f 2479/2646/2479 2473/2640/2473 2250/2414/2250 2248/2412/2248
f 2480/2647/2480 2479/2646/2479 2248/2412/2248 2234/2398/2234
f 2138/2300/2138 2148/2310/2148 2481/2648/2481 2465/2632/2465
f 2148/2310/2148 2147/2309/2147 2476/2643/2476 2481/2648/2481
f 2481/2648/2481 2476/2643/2476 2243/2407/2243 2240/2404/2240
f 2465/2632/2465 2481/2648/2481 2240/2404/2240 2239/2403/2239
f 2123/2285/2123 2150/2312/2150 2482/2649/2482 2462/2629/2462
f 2150/2312/2150 2130/2292/2130 2480/2647/2480 2482/2649/2482
f 2482/2649/2482 2480/2647/2480 2234/2398/2234 2231/2395/2231
f 2462/2629/2462 2482/2649/2482 2231/2395/2231 2230/2394/2230
f 2144/2306/2144 2143/2305/2143 2483/2650/2483 2478/2645/2478
f 2143/2305/2143 2134/2296/2134 2467/2634/2467 2483/2650/2483
f 2483/2650/2483 2467/2634/2467 2225/2389/2225 2222/2386/2222
f 2478/2645/2478 2483/2650/2483 2222/2386/2222 2221/2385/2221
f 2484/2651/2484 2485/2652/2485 2486/2653/2486 2487/2654/2487
f 2485/2652/2485 2488/2655/2488 2489/2656/2489 2486/2653/2486
f 2486/2653/2486 2489/2656/2489 1464/1571/1464 1470/1579/1470
f 2487/2654/2487 2486/2653/2486 1470/1579/1470 1457/1559/1457
f 2488/2655/2488 2490/2657/2490 2491/2658/2491 2489/2656/2489
f 2490/2657/2490 2492/2659/2492 2493/2660/2493 2491/2658/2491
f 2491/2658/2491 2493/2660/2493 1386/1465/1386 1465/1572/1465
f 2489/2656/2489 2491/2658/2491 1465/1572/1465 1464/1571/1464
f 2494/2661/2494 2495/2662/2495 2496/2663/2496 2497/2664/2497
f 2495/2662/2495 2498/2665/2498 2499/2666/2499 2496/2663/2496
f 2496/2663/2496 2499/2666/2499 1290/1567/1290 1461/1565/1461
f 2497/2664/2497 2496/2663/2496 1461/1565/1461 1451/1551/1451
f 2500/2667/2500 2501/2668/2501 2502/2669/2502 2503/2670/2503
f 2501/2668/2501 2484/2651/2484 2487/2654/2487 2502/2669/2502
f 2502/2669/2502 2487/2654/2487 1457/1559/1457 1455/1557/1455
f 2503/2670/2503 2502/2669/2502 1455/1557/1455 1445/1543/1445
f 2504/2671/2504 2505/2672/2505 2506/2673/2506 2507/2674/2507
f 2505/2672/2505 2494/2661/2494 2497/2664/2497 2506/2673/2506
f 2506/2673/2506 2497/2664/2497 1451/1551/1451 1449/1549/1449
f 2507/2674/2507 2506/2673/2506 1449/1549/1449 1439/1535/1439
f 2508/2675/2508 2509/2676/2509 2510/2677/2510 2511/2678/2511
f 2509/2676/2509 2500/2667/2500 2503/2670/2503 2510/2677/2510
f 2510/2677/2510 2503/2670/2503 1445/1543/1445 1443/1541/1443
f 2511/2678/2511 2510/2677/2510 1443/1541/1443 1433/1527/1433
f 2512/2679/2512 2513/2680/2513 2514/2681/2514 2515/2682/2515
f 2513/2680/2513 2504/2671/2504 2507/2674/2507 2514/2681/2514
f 2514/2681/2514 2507/2674/2507 1439/1535/1439 1437/1533/1437
f 2515/2682/2515 2514/2681/2514 1437/1533/1437 1427/1519/1427
f 2516/2683/2516 2517/2684/2517 2518/2685/2518 2519/2686/2519
f 2517/2684/2517 2508/2675/2508 2511/2678/2511 2518/2685/2518
f 2518/2685/2518 2511/2678/2511 1433/1527/1433 1431/1525/1431
f 2519/2686/2519 2518/2685/2518 1431/1525/1431 1421/1511/1421
f 2520/2687/2520 2521/2688/2521 2522/2689/2522 2523/2690/2523
f 2521/2688/2521 2512/2679/2512 2515/2682/2515 2522/2689/2522
f 2522/2689/2522 2515/2682/2515 1427/1519/1427 1425/1517/1425
f 2523/2690/2523 2522/2689/2522 1425/1517/1425 1415/1503/1415
f 2524/2691/2524 2525/2692/2525 2526/2693/2526 2527/2694/2527
f 2525/2692/2525 2516/2683/2516 2519/2686/2519 2526/2693/2526
f 2526/2693/2526 2519/2686/2519 1421/1511/1421 1419/1509/1419
f 2527/2694/2527 2526/2693/2526 1419/1509/1419 1409/1495/1409
f 2528/2695/2528 2529/2696/2529 2530/2697/2530 2531/2698/2531
f 2529/2696/2529 2520/2687/2520 2523/2690/2523 2530/2697/2530
f 2530/2697/2530 2523/2690/2523 1415/1503/1415 1413/1501/1413
f 2531/2698/2531 2530/2697/2530 1413/1501/1413 1403/1487/1403
f 2532/2699/2532 2533/2700/2533 2534/2701/2534 2535/2702/2535
f 2533/2700/2533 2524/2691/2524 2527/2694/2527 2534/2701/2534
f 2534/2701/2534 2527/2694/2527 1409/1495/1409 1407/1493/1407
f 2535/2702/2535 2534/2701/2534 1407/1493/1407 1397/1479/1397
f 2536/2703/2536 2537/2704/2537 2538/2705/2538 2539/2706/2539
f 2537/2704/2537 2528/2695/2528 2531/2698/2531 2538/2705/2538
f 2538/2705/2538 2531/2698/2531 1403/1487/1403 1401/1485/1401
f 2539/2706/2539 2538/2705/2538 1401/1485/1401 1390/1469/1390
f 2540/2707/2540 2541/2708/2541 2542/2709/2542 2543/2710/2543
f 2541/2708/2541 2532/2699/2532 2535/2702/2535 2542/2709/2542
f 2542/2709/2542 2535/2702/2535 1397/1479/1397 1395/1477/1395
f 2543/2710/2543 2542/2709/2542 1395/1477/1395 1294/1367/1294
f 2492/2659/2492 2544/2711/2544 2545/2712/2545 2493/2660/2493
f 2544/2711/2544 2536/2703/2536 2539/2706/2539 2545/2712/2545
f 2545/2712/2545 2539/2706/2539 1390/1469/1390 1387/1466/1387
f 2493/2660/2493 2545/2712/2545 1387/1466/1387 1386/1465/1386
f 2498/2713/2498 2546/2714/2546 2547/2715/2547 2499/2716/2499
f 2546/2714/2546 2540/2707/2540 2543/2710/2543 2547/2715/2547
f 2547/2715/2547 2543/2710/2543 1294/1367/1294 1291/1364/1291
f 2499/2716/2499 2547/2715/2547 1291/1364/1291 1290/1363/1290
f 2170/2384/2170 2220/2383/2220 2548/2717/2548 2549/2718/2549
f 2220/2383/2220 2216/2378/2216 2550/2719/2550 2548/2717/2548
f 2548/2717/2548 2550/2719/2550 2540/2707/2540 2546/2714/2546
f 2549/2718/2549 2548/2717/2548 2546/2714/2546 2498/2713/2498
f 2165/2327/2165 2218/2380/2218 2551/2720/2551 2552/2721/2552
f 2218/2380/2218 2212/2374/2212 2553/2722/2553 2551/2720/2551
f 2551/2720/2551 2553/2722/2553 2536/2703/2536 2544/2711/2544
f 2552/2721/2552 2551/2720/2551 2544/2711/2544 2492/2659/2492
f 2216/2378/2216 2215/2377/2215 2554/2723/2554 2550/2719/2550
f 2215/2377/2215 2208/2370/2208 2555/2724/2555 2554/2723/2554
f 2554/2723/2554 2555/2724/2555 2532/2699/2532 2541/2708/2541
f 2550/2719/2550 2554/2723/2554 2541/2708/2541 2540/2707/2540
f 2212/2374/2212 2211/2373/2211 2556/2725/2556 2553/2722/2553
f 2211/2373/2211 2204/2366/2204 2557/2726/2557 2556/2725/2556
f 2556/2725/2556 2557/2726/2557 2528/2695/2528 2537/2704/2537
f 2553/2722/2553 2556/2725/2556 2537/2704/2537 2536/2703/2536
f 2208/2370/2208 2207/2369/2207 2558/2727/2558 2555/2724/2555
f 2207/2369/2207 2200/2362/2200 2559/2728/2559 2558/2727/2558
f 2558/2727/2558 2559/2728/2559 2524/2691/2524 2533/2700/2533
f 2555/2724/2555 2558/2727/2558 2533/2700/2533 2532/2699/2532
f 2204/2366/2204 2203/2365/2203 2560/2729/2560 2557/2726/2557
f 2203/2365/2203 2196/2358/2196 2561/2730/2561 2560/2729/2560
f 2560/2729/2560 2561/2730/2561 2520/2687/2520 2529/2696/2529
f 2557/2726/2557 2560/2729/2560 2529/2696/2529 2528/2695/2528
f 2200/2362/2200 2199/2361/2199 2562/2731/2562 2559/2728/2559
f 2199/2361/2199 2192/2354/2192 2563/2732/2563 2562/2731/2562
f 2562/2731/2562 2563/2732/2563 2516/2683/2516 2525/2692/2525
f 2559/2728/2559 2562/2731/2562 2525/2692/2525 2524/2691/2524
f 2196/2358/2196 2195/2357/2195 2564/2733/2564 2561/2730/2561
f 2195/2357/2195 2188/2350/2188 2565/2734/2565 2564/2733/2564
f 2564/2733/2564 2565/2734/2565 2512/2679/2512 2521/2688/2521
f 2561/2730/2561 2564/2733/2564 2521/2688/2521 2520/2687/2520
f 2192/2354/2192 2191/2353/2191 2566/2735/2566 2563/2732/2563
f 2191/2353/2191 2184/2346/2184 2567/2736/2567 2566/2735/2566
f 2566/2735/2566 2567/2736/2567 2508/2675/2508 2517/2684/2517
f 2563/2732/2563 2566/2735/2566 2517/2684/2517 2516/2683/2516
f 2188/2350/2188 2187/2349/2187 2568/2737/2568 2565/2734/2565
f 2187/2349/2187 2180/2342/2180 2569/2738/2569 2568/2737/2568
f 2568/2737/2568 2569/2738/2569 2504/2671/2504 2513/2680/2513
f 2565/2734/2565 2568/2737/2568 2513/2680/2513 2512/2679/2512
f 2184/2346/2184 2183/2345/2183 2570/2739/2570 2567/2736/2567
f 2183/2345/2183 2176/2338/2176 2571/2740/2571 2570/2739/2570
f 2570/2739/2570 2571/2740/2571 2500/2667/2500 2509/2676/2509
f 2567/2736/2567 2570/2739/2570 2509/2676/2509 2508/2675/2508
f 2180/2342/2180 2179/2341/2179 2572/2741/2572 2569/2738/2569
f 2179/2341/2179 2172/2334/2172 2573/2742/2573 2572/2741/2572
f 2572/2741/2572 2573/2742/2573 2494/2661/2494 2505/2672/2505
f 2569/2738/2569 2572/2741/2572 2505/2672/2505 2504/2671/2504
f 2176/2338/2176 2175/2337/2175 2574/2743/2574 2571/2740/2571
f 2175/2337/2175 2162/2324/2162 2575/2744/2575 2574/2743/2574
f 2574/2743/2574 2575/2744/2575 2484/2651/2484 2501/2668/2501
f 2571/2740/2571 2574/2743/2574 2501/2668/2501 2500/2667/2500
f 2172/2334/2172 2171/2333/2171 2576/2745/2576 2573/2742/2573
f 2171/2333/2171 2170/2332/2170 2549/2746/2549 2576/2745/2576
f 2576/2745/2576 2549/2746/2549 2498/2665/2498 2495/2662/2495
f 2573/2742/2573 2576/2745/2576 2495/2662/2495 2494/2661/2494
f 2160/2322/2160 2166/2328/2166 2577/2747/2577 2578/2748/2578
f 2166/2328/2166 2165/2327/2165 2552/2721/2552 2577/2747/2577
f 2577/2747/2577 2552/2721/2552 2492/2659/2492 2490/2657/2490
f 2578/2748/2578 2577/2747/2577 2490/2657/2490 2488/2655/2488
f 2162/2324/2162 2161/2323/2161 2579/2749/2579 2575/2744/2575
f 2161/2323/2161 2160/2322/2160 2578/2748/2578 2579/2749/2579
f 2579/2749/2579 2578/2748/2578 2488/2655/2488 2485/2652/2485
f 2575/2744/2575 2579/2749/2579 2485/2652/2485 2484/2651/2484
f 1830/1951/1830 1829/1950/1829 2580/2750/2580 2581/2751/2581
f 1829/1950/1829 1828/1949/1828 2582/2752/2582 2580/2750/2580
f 2580/2750/2580 2582/2752/2582 1299/1375/1299 1383/1462/1383
f 2581/2751/2581 2580/2750/2580 1383/1462/1383 1376/1455/1376
f 1836/1957/1836 1835/1956/1835 2583/2753/2583 2584/2754/2584
f 1835/1956/1835 1834/1955/1834 2585/2755/2585 2583/2753/2583
f 2583/2753/2583 2585/2755/2585 1194/1264/1194 1380/1459/1380
f 2584/2754/2584 2583/2753/2583 1380/1459/1380 1370/1449/1370
f 1840/1961/1840 1839/1960/1839 2586/2756/2586 2587/2757/2587
f 1839/1960/1839 1830/1951/1830 2581/2751/2581 2586/2756/2586
f 2586/2756/2586 2581/2751/2581 1376/1455/1376 1374/1453/1374
f 2587/2757/2587 2586/2756/2586 1374/1453/1374 1364/1442/1364
f 1844/1965/1844 1843/1964/1843 2588/2758/2588 2589/2759/2589
f 1843/1964/1843 1836/1957/1836 2584/2754/2584 2588/2758/2588
f 2588/2758/2588 2584/2754/2584 1370/1449/1370 1368/1447/1368
f 2589/2759/2589 2588/2758/2588 1368/1447/1368 1354/1430/1354
f 1848/1969/1848 1847/1968/1847 2590/2760/2590 2591/2761/2591
f 1847/1968/1847 1840/1961/1840 2587/2757/2587 2590/2760/2590
f 2590/2760/2590 2587/2757/2587 1364/1442/1364 1362/1439/1362
f 2591/2761/2591 2590/2760/2590 1362/1439/1362 1346/1438/1346
f 1854/1975/1854 1853/1974/1853 2592/2762/2592 2593/2763/2593
f 1853/1974/1853 1852/1973/1852 2594/2764/2594 2592/2762/2592
f 2592/2762/2592 2594/2764/2594 1350/1426/1350 1359/1435/1359
f 2593/2763/2593 2592/2762/2592 1359/1435/1359 1340/1416/1340
f 1852/1973/1852 1856/1977/1856 2595/2765/2595 2594/2764/2594
f 1856/1977/1856 1844/1965/1844 2589/2759/2589 2595/2765/2595
f 2595/2765/2595 2589/2759/2589 1354/1430/1354 1351/1427/1351
f 2594/2764/2594 2595/2765/2595 1351/1427/1351 1350/1426/1350
f 1860/1983/1860 1859/1982/1859 2596/2766/2596 2597/2767/2597
f 1859/1982/1859 1848/1981/1848 2591/2768/2591 2596/2766/2596
f 2596/2766/2596 2591/2768/2591 1346/1422/1346 1344/1420/1344
f 2597/2767/2597 2596/2766/2596 1344/1420/1344 1334/1410/1334
f 1864/1987/1864 1863/1986/1863 2598/2769/2598 2599/2770/2599
f 1863/1986/1863 1854/1975/1854 2593/2763/2593 2598/2769/2598
f 2598/2769/2598 2593/2763/2593 1340/1416/1340 1338/1414/1338
f 2599/2770/2599 2598/2769/2598 1338/1414/1338 1328/1404/1328
f 1868/1991/1868 1867/1990/1867 2600/2771/2600 2601/2772/2601
f 1867/1990/1867 1860/1983/1860 2597/2767/2597 2600/2771/2600
f 2600/2771/2600 2597/2767/2597 1334/1410/1334 1332/1408/1332
f 2601/2772/2601 2600/2771/2600 1332/1408/1332 1322/1398/1322
f 1872/1995/1872 1871/1994/1871 2602/2773/2602 2603/2774/2603
f 1871/1994/1871 1864/1987/1864 2599/2770/2599 2602/2773/2602
f 2602/2773/2602 2599/2770/2599 1328/1404/1328 1326/1402/1326
f 2603/2774/2603 2602/2773/2602 1326/1402/1326 1316/1392/1316
f 1876/1999/1876 1875/1998/1875 2604/2775/2604 2605/2776/2605
f 1875/1998/1875 1868/1991/1868 2601/2772/2601 2604/2775/2604
f 2604/2775/2604 2601/2772/2601 1322/1398/1322 1320/1396/1320
f 2605/2776/2605 2604/2775/2604 1320/1396/1320 1310/1386/1310
f 1880/2003/1880 1879/2002/1879 2606/2777/2606 2607/2778/2607
f 1879/2002/1879 1872/1995/1872 2603/2774/2603 2606/2777/2606
f 2606/2777/2606 2603/2774/2603 1316/1392/1316 1314/1390/1314
f 2607/2778/2607 2606/2777/2606 1314/1390/1314 1303/1379/1303
f 1884/2007/1884 1883/2006/1883 2608/2779/2608 2609/2780/2609
f 1883/2006/1883 1876/1999/1876 2605/2776/2605 2608/2779/2608
f 2608/2779/2608 2605/2776/2605 1310/1386/1310 1308/1384/1308
f 2609/2780/2609 2608/2779/2608 1308/1384/1308 1198/1268/1198
f 1828/1949/1828 1886/2009/1886 2610/2781/2610 2582/2752/2582
f 1886/2009/1886 1880/2003/1880 2607/2778/2607 2610/2781/2610
f 2610/2781/2610 2607/2778/2607 1303/1379/1303 1300/1376/1300
f 2582/2752/2582 2610/2781/2610 1300/1376/1300 1299/1375/1299
f 1834/1955/1834 1888/2011/1888 2611/2782/2611 2585/2755/2585
f 1888/2011/1888 1884/2007/1884 2609/2780/2609 2611/2782/2611
f 2611/2782/2611 2609/2780/2609 1198/1268/1198 1195/1265/1195
f 2585/2755/2585 2611/2782/2611 1195/1265/1195 1194/1264/1194
f 2612/2783/2612 2613/2784/2613 2614/2785/2614 2615/2786/2615
f 2616/2787/2616 2617/2788/2617 2618/2789/2618 2619/2790/2619
f 2620/2791/2620 2621/2792/2621 2622/2793/2622 2623/2794/2623
f 2624/2795/2624 2625/2796/2625 2626/2797/2626 2627/2798/2627
f 93/96/93 92/95/92 2628/2799/2628 2381/2545/2381
f 2629/2800/2629 2630/2801/2630 2631/2802/2631 2632/2803/2632
f 246/252/246 245/251/245 2633/2804/2633 2634/2805/2634
f 2635/2806/2635 2636/2807/2636 2637/2808/2637 2638/2809/2638
f 254/260/254 253/259/253 2382/2546/2382 2639/2810/2639
f 2640/2811/2640 2641/2812/2641 2642/2813/2642 2643/2814/2643
f 232/238/232 268/276/268 2644/2815/2644 2645/2816/2645
f 2646/2817/2646 2647/2818/2647 2648/2819/2648 2649/2820/2649
f 238/244/238 270/278/270 2650/2821/2650 2651/2822/2651
f 2652/2823/2652 2653/2824/2653 2654/2825/2654 2655/2826/2655
f 234/240/234 233/239/233 2656/2827/2656 2657/2828/2657
f 2658/2829/2658 2659/2830/2659 2660/2831/2660 2661/2832/2661
f 240/246/240 239/245/239 2662/2833/2662 2663/2834/2663
f 2664/2835/2664 2665/2836/2665 2666/2837/2666 2667/2838/2667
f 262/270/262 261/269/261 2668/2839/2668 2669/2840/2669
f 2670/2841/2670 2671/2842/2671 2672/2843/2672 2673/2844/2673
f 220/226/220 266/274/266 2674/2845/2674 2675/2846/2675
f 2676/2847/2676 2677/2848/2677 2678/2849/2678 2679/2850/2679
f 2680/2851/2680 2670/2841/2670 2673/2844/2673 2681/2852/2681
f 2613/2784/2613 2682/2853/2682 2683/2854/2683 2614/2785/2614
f 249/255/249 274/282/274 2684/2855/2684 2685/2856/2685
f 227/233/227 226/232/226 2686/2857/2686 2687/2858/2687
f 222/228/222 221/227/221 2688/2859/2688 2689/2860/2689
f 2621/2792/2621 2690/2861/2690 2691/2862/2691 2622/2793/2622
f 228/234/228 227/233/227 2687/2858/2687 2692/2863/2692
f 92/95/92 91/94/91 2693/2864/2693 2628/2799/2628
f 258/266/258 257/265/257 2694/2865/2694 2695/2866/2695
f 245/251/245 244/250/244 2696/2867/2696 2633/2804/2633
f 244/250/244 272/280/272 2697/2868/2697 2696/2867/2696
f 2698/2869/2698 2699/2870/2699 2344/2508/2344 2343/2507/2343
f 2700/2871/2700 2701/2872/2701 2702/2873/2702 2703/2874/2703
f 268/276/268 246/252/246 2634/2805/2634 2644/2815/2644
f 2704/2875/2704 2705/2876/2705 2706/2877/2706 2707/2878/2707
f 2708/2879/2708 2709/2880/2709 2710/2881/2710 2711/2882/2711
f 226/232/226 250/256/250 2712/2883/2712 2686/2857/2686
f 2713/2884/2713 2714/2885/2714 2364/2528/2364 2363/2527/2363
f 2715/2886/2715 2716/2887/2716 2717/2888/2717 2718/2889/2718
f 270/278/270 254/260/254 2639/2810/2639 2650/2821/2650
f 2719/2890/2719 2720/2891/2720 2721/2892/2721 2722/2893/2722
f 2617/2788/2617 2723/2894/2723 2724/2895/2724 2618/2789/2618
f 2725/2896/2725 2726/2897/2726 2727/2898/2727 2728/2899/2728
f 2701/2872/2701 2729/2900/2729 2730/2901/2730 2702/2873/2702
f 233/239/233 232/238/232 2645/2816/2645 2656/2827/2656
f 2716/2887/2716 2731/2902/2731 2732/2903/2732 2717/2888/2717
f 2733/2904/2733 2734/2905/2734 2735/2906/2735 2736/2907/2736
f 2625/2796/2625 2737/2908/2737 2738/2909/2738 2626/2797/2626
f 2739/2910/2739 2740/2911/2740 2741/2912/2741 2742/2913/2742
f 2619/2790/2619 2618/2789/2618 2743/2914/2743 2744/2915/2744
f 239/245/239 238/244/238 2651/2822/2651 2662/2833/2662
f 2729/2900/2729 2733/2904/2733 2736/2907/2736 2730/2901/2730
f 2745/2916/2745 2746/2917/2746 2747/2918/2747 2748/2919/2748
f 2630/2801/2630 2616/2787/2616 2619/2790/2619 2631/2802/2631
f 2749/2920/2749 2750/2921/2750 2751/2922/2751 2752/2923/2752
f 2627/2798/2627 2626/2797/2626 2753/2924/2753 2754/2925/2754
f 261/269/261 234/240/234 2657/2828/2657 2668/2839/2668
f 2731/2902/2731 2745/2916/2745 2748/2919/2748 2732/2903/2732
f 2755/2926/2755 2756/2927/2756 2757/2928/2757 2758/2929/2758
f 2636/2807/2636 2624/2795/2624 2627/2798/2627 2637/2808/2637
f 2759/2930/2759 2760/2931/2760 2761/2932/2761 2762/2933/2762
f 2632/2803/2632 2631/2802/2631 2763/2934/2763 2764/2935/2764
f 266/274/266 240/246/240 2663/2834/2663 2674/2845/2674
f 2734/2905/2734 2755/2926/2755 2758/2929/2758 2735/2906/2735
f 2765/2936/2765 2766/2937/2766 2767/2938/2767 2768/2939/2768
f 2641/2812/2641 2629/2800/2629 2632/2803/2632 2642/2813/2642
f 2769/2940/2769 2770/2941/2770 2771/2942/2771 2772/2943/2772
f 2638/2809/2638 2637/2808/2637 2773/2944/2773 2774/2945/2774
f 274/282/274 262/270/262 2669/2840/2669 2684/2855/2684
f 2746/2917/2746 2765/2936/2765 2768/2939/2768 2747/2918/2747
f 2775/2946/2775 2776/2947/2776 2777/2948/2777 2778/2949/2778
f 2647/2818/2647 2635/2806/2635 2638/2809/2638 2648/2819/2648
f 2779/2950/2779 2780/2951/2780 2781/2952/2781 2782/2953/2782
f 2643/2814/2643 2642/2813/2642 2783/2954/2783 2784/2955/2784
f 221/227/221 220/226/220 2675/2846/2675 2688/2859/2688
f 2756/2927/2756 2775/2946/2775 2778/2949/2778 2757/2928/2757
f 2785/2956/2785 2786/2957/2786 2787/2958/2787 2788/2959/2788
f 2653/2824/2653 2640/2811/2640 2643/2814/2643 2654/2825/2654
f 2789/2960/2789 2790/2961/2790 2791/2962/2791 2792/2963/2792
f 2649/2820/2649 2648/2819/2648 2793/2964/2793 2794/2965/2794
f 250/256/250 249/255/249 2685/2856/2685 2712/2883/2712
f 2766/2937/2766 2785/2956/2785 2788/2959/2788 2767/2938/2767
f 2795/2966/2795 2796/2967/2796 2797/2968/2797 2798/2969/2798
f 2659/2830/2659 2646/2817/2646 2649/2820/2649 2660/2831/2660
f 2799/2970/2799 2800/2971/2800 2801/2972/2801 2802/2973/2802
f 2655/2826/2655 2654/2825/2654 2803/2974/2803 2804/2975/2804
f 257/265/257 222/264/222 2689/2976/2689 2694/2865/2694
f 2776/2947/2776 2795/2966/2795 2798/2969/2798 2777/2948/2777
f 2805/2977/2805 2806/2978/2806 2807/2979/2807 2808/2980/2808
f 2665/2836/2665 2652/2823/2652 2655/2826/2655 2666/2837/2666
f 2809/2981/2809 2810/2982/2810 2811/2983/2811 2812/2984/2812
f 2661/2832/2661 2660/2831/2660 2813/2985/2813 2814/2986/2814
f 264/272/264 228/234/228 2692/2863/2692 2815/2987/2815
f 2786/2957/2786 2805/2977/2805 2808/2980/2808 2787/2958/2787
f 2816/2988/2816 2817/2989/2817 2818/2990/2818 2819/2991/2819
f 2820/2992/2820 2821/2993/2821 2352/2516/2352 2351/2515/2351
f 2822/2994/2822 2708/2879/2708 2711/2882/2711 2823/2995/2823
f 272/280/272 258/266/258 2695/2866/2695 2697/2868/2697
f 2709/2880/2709 2824/2996/2824 2825/2997/2825 2710/2881/2710
f 2667/2838/2667 2666/2837/2666 2826/2998/2826 2827/2999/2827
f 2671/2842/2671 2658/2829/2658 2661/2832/2661 2672/2843/2672
f 2800/2971/2800 2822/2994/2822 2823/2995/2823 2801/2972/2801
f 2796/2967/2796 2816/2988/2816 2819/2991/2819 2797/2968/2797
f 2828/3000/2828 2680/2851/2680 2681/2852/2681 2829/3001/2829
f 2830/3002/2830 2831/3003/2831 2832/3004/2832 2833/3005/2833
f 2834/3006/2834 2835/3007/2835 2836/3008/2836 2837/3009/2837
f 2677/3010/2677 2664/2835/2664 2667/2838/2667 2678/3011/2678
f 2838/3012/2838 2839/3013/2839 2840/3014/2840 2841/3015/2841
f 2842/3016/2842 2834/3006/2834 2837/3009/2837 2843/3017/2843
f 91/94/91 264/272/264 2815/2987/2815 2693/2864/2693
f 2806/2978/2806 2830/3002/2830 2833/3005/2833 2807/2979/2807
f 2844/3018/2844 2845/3019/2845 2846/3020/2846 2847/3021/2847
f 2682/2853/2682 2828/3000/2828 2829/3001/2829 2683/2854/2683
f 2824/2996/2824 2848/3022/2848 2849/3023/2849 2825/2997/2825
f 2679/2850/2679 2678/2849/2678 2850/3024/2850 2851/3025/2851
f 2723/2894/2723 2612/2783/2612 2615/2786/2615 2724/2895/2724
f 2835/3007/2835 2700/2871/2700 2703/2874/2703 2836/3008/2836
f 2852/3026/2852 2719/2890/2719 2722/2893/2722 2853/3027/2853
f 2690/2861/2690 2676/2847/2676 2679/2850/2679 2691/2862/2691
f 2839/3013/2839 2854/3028/2854 2855/3029/2855 2840/3014/2840
f 2817/3030/2817 2844/3018/2844 2847/3021/2847 2818/3031/2818
f 2737/2908/2737 2620/2791/2620 2623/2794/2623 2738/2909/2738
f 2856/3032/2856 2715/2886/2715 2718/2889/2718 2857/3033/2857
f 2831/3003/2831 2842/3016/2842 2843/3017/2843 2832/3004/2832
f 2724/2895/2724 2615/2786/2615 2858/3034/2858 2859/3035/2859
f 2618/2789/2618 2724/2895/2724 2859/3035/2859 2743/2914/2743
f 2738/2909/2738 2623/2794/2623 2860/3036/2860 2861/3037/2861
f 2626/2797/2626 2738/2909/2738 2861/3037/2861 2753/2924/2753
f 2631/2802/2631 2619/2790/2619 2744/2915/2744 2763/2934/2763
f 2705/2876/2705 2725/2896/2725 2728/2899/2728 2706/2877/2706
f 2637/2808/2637 2627/2798/2627 2754/2925/2754 2773/2944/2773
f 2720/2891/2720 2739/2910/2739 2742/2913/2742 2721/2892/2721
f 2642/2813/2642 2632/2803/2632 2764/2935/2764 2783/2954/2783
f 2726/2897/2726 2749/2920/2749 2752/2923/2752 2727/2898/2727
f 2648/2819/2648 2638/2809/2638 2774/2945/2774 2793/2964/2793
f 2740/2911/2740 2759/2930/2759 2762/2933/2762 2741/2912/2741
f 2654/2825/2654 2643/2814/2643 2784/2955/2784 2803/2974/2803
f 2750/2921/2750 2769/2940/2769 2772/2943/2772 2751/2922/2751
f 2660/2831/2660 2649/2820/2649 2794/2965/2794 2813/2985/2813
f 2760/2931/2760 2779/2950/2779 2782/2953/2782 2761/2932/2761
f 2666/2837/2666 2655/2826/2655 2804/2975/2804 2826/2998/2826
f 2770/2941/2770 2789/2960/2789 2792/2963/2792 2771/2942/2771
f 2672/2843/2672 2661/2832/2661 2814/2986/2814 2862/3038/2862
f 2780/2951/2780 2799/2970/2799 2802/2973/2802 2781/2952/2781
f 2678/3011/2678 2667/2838/2667 2827/2999/2827 2850/3039/2850
f 2790/2961/2790 2809/2981/2809 2812/2984/2812 2791/2962/2791
f 2829/3001/2829 2681/2852/2681 2863/3040/2863 2864/3041/2864
f 2683/2854/2683 2829/3001/2829 2864/3041/2864 2865/3042/2865
f 2673/2844/2673 2672/2843/2672 2862/3038/2862 2866/3043/2866
f 2681/2852/2681 2673/2844/2673 2866/3043/2866 2863/3040/2863
f 2691/2862/2691 2679/2850/2679 2851/3025/2851 2867/3044/2867
f 2810/3045/2810 2838/3012/2838 2841/3015/2841 2811/3046/2811
f 2614/2785/2614 2683/2854/2683 2865/3042/2865 2868/3047/2868
f 2615/2786/2615 2614/2785/2614 2868/3047/2868 2858/3034/2858
f 2622/2793/2622 2691/2862/2691 2867/3044/2867 2869/3048/2869
f 2623/2794/2623 2622/2793/2622 2869/3048/2869 2860/3036/2860
f 2870/3049/2870 2704/2875/2704 2707/2878/2707 2871/3050/2871
f 2857/3051/2857 2718/3052/2718 2872/3053/2872 2873/3054/2873
f 2874/3055/2874 2875/3056/2875 2876/3057/2876 2877/3058/2877
f 2878/3059/2878 2879/3060/2879 2852/3061/2852 2854/3062/2854
f 2880/3063/2880 2881/3064/2881 2348/2512/2348 2347/2511/2347
f 2846/3065/2846 2857/3051/2857 2873/3054/2873 2882/3066/2882
f 2882/3066/2882 2873/3054/2873 2883/3067/2883 2884/3068/2884
f 2885/3069/2885 2878/3059/2878 2854/3062/2854 2839/3070/2839
f 2854/3028/2854 2852/3026/2852 2853/3027/2853 2855/3029/2855
f 2836/3071/2836 2703/3072/2703 2886/3073/2886 2887/3074/2887
f 2888/3075/2888 2889/3076/2889 2890/3077/2890 2891/3078/2891
f 2892/3079/2892 2893/3080/2893 2870/3081/2870 2848/3082/2848
f 2894/3083/2894 2895/3084/2895 2360/2524/2360 2359/2523/2359
f 2837/3085/2837 2836/3071/2836 2887/3074/2887 2896/3086/2896
f 2896/3086/2896 2887/3074/2887 2897/3087/2897 2898/3088/2898
f 2899/3089/2899 2892/3079/2892 2848/3082/2848 2824/3090/2824
f 2881/3064/2881 2900/3091/2900 2370/2534/2370 2348/2512/2348
f 2847/3092/2847 2846/3065/2846 2882/3066/2882 2901/3093/2901
f 2901/3093/2901 2882/3066/2882 2884/3068/2884 2902/3094/2902
f 2903/3095/2903 2885/3069/2885 2839/3070/2839 2838/3096/2838
f 2900/3091/2900 2904/3097/2904 2371/2535/2371 2370/2534/2370
f 2818/3098/2818 2847/3092/2847 2901/3093/2901 2905/3099/2905
f 2889/3076/2889 2906/3100/2906 2907/3101/2907 2890/3077/2890
f 2908/3102/2908 2903/3095/2903 2838/3096/2838 2810/3103/2810
f 2845/3019/2845 2856/3032/2856 2857/3033/2857 2846/3020/2846
f 2833/3104/2833 2832/3105/2832 2909/3106/2909 2910/3107/2910
f 2911/3108/2911 2912/3109/2912 2913/3110/2913 2914/3111/2914
f 2915/3112/2915 2914/3111/2914 2708/3113/2708 2822/3114/2822
f 2916/3115/2916 2917/3116/2917 2378/2542/2378 2377/2541/2377
f 2807/3117/2807 2833/3104/2833 2910/3107/2910 2918/3118/2918
f 2919/3119/2919 2920/3120/2920 2921/3121/2921 2922/3122/2922
f 2923/3123/2923 2915/3112/2915 2822/3114/2822 2800/3124/2800
f 2895/3084/2895 2820/2992/2820 2351/2515/2351 2360/2524/2360
f 2843/3125/2843 2837/3085/2837 2896/3086/2896 2924/3126/2924
f 2924/3126/2924 2896/3086/2896 2898/3088/2898 2925/3127/2925
f 2913/3110/2913 2899/3089/2899 2824/3090/2824 2709/3128/2709
f 2821/2993/2821 2916/3115/2916 2377/2541/2377 2352/2516/2352
f 2832/3105/2832 2843/3125/2843 2924/3126/2924 2909/3106/2909
f 2912/3109/2912 2926/3129/2926 2899/3089/2899 2913/3110/2913
f 2914/3111/2914 2913/3110/2913 2709/3128/2709 2708/3113/2708
f 2904/3130/2904 2927/3131/2927 2387/2552/2387 2371/2556/2371
f 2819/3132/2819 2818/3133/2818 2905/3134/2905 2928/3135/2928
f 2905/3099/2905 2901/3093/2901 2902/3094/2902 2929/3136/2929
f 2907/3101/2907 2908/3137/2908 2810/3138/2810 2809/3139/2809
f 2927/3131/2927 2930/3140/2930 2388/2553/2388 2387/2552/2387
f 2797/3141/2797 2819/3132/2819 2928/3135/2928 2931/3142/2931
f 2931/3142/2931 2928/3135/2928 2932/3143/2932 2933/3144/2933
f 2890/3077/2890 2907/3101/2907 2809/3139/2809 2790/3145/2790
f 2917/3116/2917 2934/3146/2934 2393/2560/2393 2378/2542/2378
f 2808/3147/2808 2807/3117/2807 2918/3118/2918 2935/3148/2935
f 2918/3118/2918 2910/3107/2910 2936/3149/2936 2937/3150/2937
f 2921/3121/2921 2923/3123/2923 2800/3124/2800 2799/3151/2799
f 2934/3146/2934 2938/3152/2938 2394/2561/2394 2393/2560/2393
f 2787/3153/2787 2808/3147/2808 2935/3148/2935 2939/3154/2939
f 2939/3154/2939 2935/3148/2935 2940/3155/2940 2941/3156/2941
f 2922/3122/2922 2921/3121/2921 2799/3151/2799 2780/3157/2780
f 2930/3140/2930 2942/3158/2942 2399/2566/2399 2388/2553/2388
f 2798/3159/2798 2797/3141/2797 2931/3142/2931 2943/3160/2943
f 2943/3160/2943 2931/3142/2931 2933/3144/2933 2944/3161/2944
f 2891/3078/2891 2890/3077/2890 2790/3145/2790 2789/3162/2789
f 2942/3158/2942 2945/3163/2945 2400/2567/2400 2399/2566/2399
f 2777/3164/2777 2798/3159/2798 2943/3160/2943 2946/3165/2946
f 2947/3166/2947 2948/3167/2948 2949/3168/2949 2950/3169/2950
f 2951/3170/2951 2891/3078/2891 2789/3162/2789 2770/3171/2770
f 2938/3152/2938 2952/3172/2952 2405/2572/2405 2394/2561/2394
f 2788/3173/2788 2787/3153/2787 2939/3154/2939 2953/3174/2953
f 2953/3174/2953 2939/3154/2939 2941/3156/2941 2954/3175/2954
f 2955/3176/2955 2922/3122/2922 2780/3157/2780 2779/3177/2779
f 2952/3172/2952 2956/3178/2956 2406/2573/2406 2405/2572/2405
f 2767/3179/2767 2788/3173/2788 2953/3174/2953 2957/3180/2957
f 2957/3180/2957 2953/3174/2953 2954/3175/2954 2958/3181/2958
f 2959/3182/2959 2955/3176/2955 2779/3177/2779 2760/3183/2760
f 2945/3163/2945 2960/3184/2960 2411/2578/2411 2400/2567/2400
f 2778/3185/2778 2777/3164/2777 2946/3165/2946 2961/3186/2961
f 2946/3165/2946 2943/3160/2943 2944/3161/2944 2962/3187/2962
f 2949/3168/2949 2951/3170/2951 2770/3171/2770 2769/3188/2769
f 2960/3184/2960 2963/3189/2963 2412/2579/2412 2411/2578/2411
f 2757/3190/2757 2778/3185/2778 2961/3186/2961 2964/3191/2964
f 2964/3191/2964 2961/3186/2961 2965/3192/2965 2966/3193/2966
f 2950/3169/2950 2949/3168/2949 2769/3188/2769 2750/3194/2750
f 2956/3178/2956 2967/3195/2967 2417/2584/2417 2406/2573/2406
f 2768/3196/2768 2767/3179/2767 2957/3180/2957 2968/3197/2968
f 2968/3197/2968 2957/3180/2957 2958/3181/2958 2969/3198/2969
f 2970/3199/2970 2959/3182/2959 2760/3183/2760 2759/3200/2759
f 2967/3195/2967 2971/3201/2971 2418/2585/2418 2417/2584/2417
f 2747/3202/2747 2768/3196/2768 2968/3197/2968 2972/3203/2972
f 2972/3203/2972 2968/3197/2968 2969/3198/2969 2973/3204/2973
f 2974/3205/2974 2970/3199/2970 2759/3200/2759 2740/3206/2740
f 2963/3189/2963 2975/3207/2975 2423/2590/2423 2412/2579/2412
f 2758/3208/2758 2757/3190/2757 2964/3191/2964 2976/3209/2976
f 2976/3209/2976 2964/3191/2964 2966/3193/2966 2977/3210/2977
f 2978/3211/2978 2950/3169/2950 2750/3194/2750 2749/3212/2749
f 2975/3207/2975 2979/3213/2979 2424/2591/2424 2423/2590/2423
f 2735/3214/2735 2758/3208/2758 2976/3209/2976 2980/3215/2980
f 2980/3215/2980 2976/3209/2976 2977/3210/2977 2981/3216/2981
f 2982/3217/2982 2978/3211/2978 2749/3212/2749 2726/3218/2726
f 2971/3201/2971 2983/3219/2983 2429/2596/2429 2418/2585/2418
f 2748/3220/2748 2747/3202/2747 2972/3203/2972 2984/3221/2984
f 2984/3221/2984 2972/3203/2972 2973/3204/2973 2985/3222/2985
f 2986/3223/2986 2974/3205/2974 2740/3206/2740 2739/3224/2739
f 2983/3219/2983 2987/3225/2987 2430/2597/2430 2429/2596/2429
f 2732/3226/2732 2748/3220/2748 2984/3221/2984 2988/3227/2988
f 2988/3227/2988 2984/3221/2984 2985/3222/2985 2989/3228/2989
f 2990/3229/2990 2986/3223/2986 2739/3224/2739 2720/3230/2720
f 2979/3213/2979 2991/3231/2991 2434/2601/2434 2424/2591/2424
f 2736/3232/2736 2735/3214/2735 2980/3215/2980 2992/3233/2992
f 2992/3233/2992 2980/3215/2980 2981/3216/2981 2993/3234/2993
f 2994/3235/2994 2982/3217/2982 2726/3218/2726 2725/3236/2725
f 2991/3231/2991 2995/3237/2995 2435/2602/2435 2434/2601/2434
f 2730/3238/2730 2736/3232/2736 2992/3233/2992 2996/3239/2996
f 2997/3240/2997 2874/3055/2874 2877/3058/2877 2893/3080/2893
f 2876/3057/2876 2994/3235/2994 2725/3236/2725 2705/3241/2705
f 2987/3225/2987 2713/2884/2713 2363/2527/2363 2430/2597/2430
f 2717/3242/2717 2732/3226/2732 2988/3227/2988 2998/3243/2998
f 2998/3243/2998 2988/3227/2988 2989/3228/2989 2999/3244/2999
f 3000/3245/3000 2990/3229/2990 2720/3230/2720 2719/3246/2719
f 2714/2885/2714 2880/3063/2880 2347/2511/2347 2364/2528/2364
f 2718/3052/2718 2717/3242/2717 2998/3243/2998 2872/3053/2872
f 2872/3053/2872 2998/3243/2998 2999/3244/2999 3001/3247/3001
f 2879/3060/2879 3000/3245/3000 2719/3246/2719 2852/3061/2852
f 2995/3237/2995 2698/2869/2698 2343/2507/2343 2435/2602/2435
f 2702/3248/2702 2730/3238/2730 2996/3239/2996 3002/3249/3002
f 2996/3239/2996 2992/3233/2992 2993/3234/2993 3003/3250/3003
f 2877/3058/2877 2876/3057/2876 2705/3241/2705 2704/3251/2704
f 2699/2870/2699 2894/3083/2894 2359/2523/2359 2344/2508/2344
f 2703/3072/2703 2702/3248/2702 3002/3249/3002 2886/3073/2886
f 2886/3073/2886 3002/3249/3002 3004/3252/3004 3005/3253/3005
f 2893/3080/2893 2877/3058/2877 2704/3251/2704 2870/3081/2870
f 2887/3074/2887 2886/3073/2886 3005/3253/3005 2897/3087/2897
f 2875/3056/2875 3006/3254/3006 2994/3235/2994 2876/3057/2876
f 2873/3054/2873 2872/3053/2872 3001/3247/3001 2883/3067/2883
f 3007/3255/3007 3008/3256/3008 3000/3245/3000 2879/3060/2879
f 3002/3249/3002 2996/3239/2996 3003/3250/3003 3004/3252/3004
f 3008/3256/3008 3009/3257/3009 2990/3229/2990 3000/3245/3000
f 3006/3254/3006 3010/3258/3010 2982/3217/2982 2994/3235/2994
f 3009/3257/3009 3011/3259/3011 2986/3223/2986 2990/3229/2990
f 3011/3259/3011 3012/3260/3012 2974/3205/2974 2986/3223/2986
f 3010/3258/3010 3013/3261/3013 2978/3211/2978 2982/3217/2982
f 3013/3261/3013 2947/3166/2947 2950/3169/2950 2978/3211/2978
f 3012/3260/3012 3014/3262/3014 2970/3199/2970 2974/3205/2974
f 3014/3262/3014 3015/3263/3015 2959/3182/2959 2970/3199/2970
f 3016/3264/3016 2888/3075/2888 2891/3078/2891 2951/3170/2951
f 2948/3167/2948 3016/3264/3016 2951/3170/2951 2949/3168/2949
f 3015/3263/3015 3017/3265/3017 2955/3176/2955 2959/3182/2959
f 2961/3186/2961 2946/3165/2946 2962/3187/2962 2965/3192/2965
f 2910/3107/2910 2909/3106/2909 3018/3266/3018 2936/3149/2936
f 3017/3265/3017 2919/3119/2919 2922/3122/2922 2955/3176/2955
f 3019/3267/3019 3020/3268/3020 2915/3112/2915 2923/3123/2923
f 2920/3120/2920 3019/3267/3019 2923/3123/2923 2921/3121/2921
f 3021/3269/3021 3022/3270/3022 2903/3095/2903 2908/3102/2908
f 3020/3268/3020 2911/3108/2911 2914/3111/2914 2915/3112/2915
f 2926/3129/2926 3023/3271/3023 2892/3079/2892 2899/3089/2899
f 2935/3148/2935 2918/3118/2918 2937/3150/2937 2940/3155/2940
f 2909/3106/2909 2924/3126/2924 2925/3127/2925 3018/3266/3018
f 2928/3135/2928 2905/3134/2905 2929/3272/2929 2932/3143/2932
f 3024/3273/3024 3025/3274/3025 2878/3059/2878 2885/3069/2885
f 3022/3270/3022 3024/3273/3024 2885/3069/2885 2903/3095/2903
f 3023/3271/3023 2997/3240/2997 2893/3080/2893 2892/3079/2892
f 3025/3274/3025 3007/3255/3007 2879/3060/2879 2878/3059/2878
f 2699/2870/2699 2698/2869/2698 2701/2872/2701 2700/2871/2700
f 2859/3035/2859 2858/3034/2858 2871/3050/2871 2707/2878/2707
f 2698/2869/2698 2995/3237/2995 2729/2900/2729 2701/2872/2701
f 2743/2914/2743 2859/3035/2859 2707/2878/2707 2706/2877/2706
f 2714/2885/2714 2713/2884/2713 2716/2887/2716 2715/2886/2715
f 2861/3037/2861 2860/3036/2860 2853/3027/2853 2722/2893/2722
f 2713/2884/2713 2987/3225/2987 2731/2902/2731 2716/2887/2716
f 2753/2924/2753 2861/3037/2861 2722/2893/2722 2721/2892/2721
f 2995/3237/2995 2991/3231/2991 2733/2904/2733 2729/2900/2729
f 2744/2915/2744 2743/2914/2743 2706/2877/2706 2728/2899/2728
f 2991/3231/2991 2979/3213/2979 2734/2905/2734 2733/2904/2733
f 2763/2934/2763 2744/2915/2744 2728/2899/2728 2727/2898/2727
f 2987/3225/2987 2983/3219/2983 2745/2916/2745 2731/2902/2731
f 2754/2925/2754 2753/2924/2753 2721/2892/2721 2742/2913/2742
f 2983/3219/2983 2971/3201/2971 2746/2917/2746 2745/2916/2745
f 2773/2944/2773 2754/2925/2754 2742/2913/2742 2741/2912/2741
f 2979/3213/2979 2975/3207/2975 2755/2926/2755 2734/2905/2734
f 2764/2935/2764 2763/2934/2763 2727/2898/2727 2752/2923/2752
f 2975/3207/2975 2963/3189/2963 2756/2927/2756 2755/2926/2755
f 2783/2954/2783 2764/2935/2764 2752/2923/2752 2751/2922/2751
f 2971/3201/2971 2967/3195/2967 2765/2936/2765 2746/2917/2746
f 2774/2945/2774 2773/2944/2773 2741/2912/2741 2762/2933/2762
f 2967/3195/2967 2956/3178/2956 2766/2937/2766 2765/2936/2765
f 2793/2964/2793 2774/2945/2774 2762/2933/2762 2761/2932/2761
f 2963/3189/2963 2960/3184/2960 2775/2946/2775 2756/2927/2756
f 2784/2955/2784 2783/2954/2783 2751/2922/2751 2772/2943/2772
f 2960/3184/2960 2945/3163/2945 2776/2947/2776 2775/2946/2775
f 2803/2974/2803 2784/2955/2784 2772/2943/2772 2771/2942/2771
f 2956/3178/2956 2952/3172/2952 2785/2956/2785 2766/2937/2766
f 2794/2965/2794 2793/2964/2793 2761/2932/2761 2782/2953/2782
f 2952/3172/2952 2938/3152/2938 2786/2957/2786 2785/2956/2785
f 2813/2985/2813 2794/2965/2794 2782/2953/2782 2781/2952/2781
f 2945/3163/2945 2942/3158/2942 2795/2966/2795 2776/2947/2776
f 2804/2975/2804 2803/2974/2803 2771/2942/2771 2792/2963/2792
f 2942/3158/2942 2930/3140/2930 2796/2967/2796 2795/2966/2795
f 2826/2998/2826 2804/2975/2804 2792/2963/2792 2791/2962/2791
f 2938/3152/2938 2934/3146/2934 2805/2977/2805 2786/2957/2786
f 2814/2986/2814 2813/2985/2813 2781/2952/2781 2802/2973/2802
f 2934/3146/2934 2917/3116/2917 2806/2978/2806 2805/2977/2805
f 2862/3038/2862 2814/2986/2814 2802/2973/2802 2801/2972/2801
f 2930/3140/2930 2927/3131/2927 2816/2988/2816 2796/2967/2796
f 2827/2999/2827 2826/2998/2826 2791/2962/2791 2812/2984/2812
f 2927/3131/2927 2904/3130/2904 2817/2989/2817 2816/2988/2816
f 2850/3039/2850 2827/2999/2827 2812/2984/2812 2811/2983/2811
f 2821/2993/2821 2820/2992/2820 2842/3016/2842 2831/3003/2831
f 2864/3041/2864 2863/3040/2863 2711/2882/2711 2710/2881/2710
f 2820/2992/2820 2895/3084/2895 2834/3006/2834 2842/3016/2842
f 2865/3042/2865 2864/3041/2864 2710/2881/2710 2825/2997/2825
f 2917/3116/2917 2916/3115/2916 2830/3002/2830 2806/2978/2806
f 2866/3043/2866 2862/3038/2862 2801/2972/2801 2823/2995/2823
f 2916/3115/2916 2821/2993/2821 2831/3003/2831 2830/3002/2830
f 2863/3040/2863 2866/3043/2866 2823/2995/2823 2711/2882/2711
f 2904/3097/2904 2900/3091/2900 2844/3018/2844 2817/3030/2817
f 2851/3025/2851 2850/3024/2850 2811/3046/2811 2841/3015/2841
f 2900/3091/2900 2881/3064/2881 2845/3019/2845 2844/3018/2844
f 2867/3044/2867 2851/3025/2851 2841/3015/2841 2840/3014/2840
f 2895/3084/2895 2894/3083/2894 2835/3007/2835 2834/3006/2834
f 2868/3047/2868 2865/3042/2865 2825/2997/2825 2849/3023/2849
f 2894/3083/2894 2699/2870/2699 2700/2871/2700 2835/3007/2835
f 2858/3034/2858 2868/3047/2868 2849/3023/2849 2871/3050/2871
f 2881/3064/2881 2880/3063/2880 2856/3032/2856 2845/3019/2845
f 2869/3048/2869 2867/3044/2867 2840/3014/2840 2855/3029/2855
f 2880/3063/2880 2714/2885/2714 2715/2886/2715 2856/3032/2856
f 2860/3036/2860 2869/3048/2869 2855/3029/2855 2853/3027/2853
f 2848/3022/2848 2870/3049/2870 2871/3050/2871 2849/3023/2849
f 2357/2521/2357 2367/2531/2367 2350/2514/2350 2349/2513/2349
f 2365/2529/2365 2350/2514/2350 2367/2531/2367 2342/2506/2342
f 2368/2532/2368 2383/2547/2383 2362/2526/2362 2361/2525/2361
f 2345/2509/2345 2362/2526/2362 2383/2547/2383 2356/2520/2356
f 2375/2549/2375 2358/2522/2358 2373/2537/2373 2372/2536/2372
f 2349/2513/2349 2373/2537/2373 2358/2522/2358 2357/2521/2357
f 2385/2550/2385 2384/2548/2384 2380/2544/2380 2379/2543/2379
f 2353/2517/2353 2380/2544/2380 2384/2548/2384 2374/2538/2374
f 2374/2538/2374 2369/2533/2369 2354/2518/2354 2353/2517/2353
f 2361/2525/2361 2354/2518/2354 2369/2533/2369 2368/2532/2368
f 2391/2558/2391 2376/2540/2376 2390/2555/2390 2389/2554/2389
f 2372/2557/2372 2390/2555/2390 2376/2540/2376 2375/2539/2375
f 2397/2564/2397 2386/2551/2386 2396/2563/2396 2395/2562/2395
f 2379/2543/2379 2396/2563/2396 2386/2551/2386 2385/2550/2385
f 2403/2570/2403 2392/2559/2392 2402/2569/2402 2401/2568/2401
f 2389/2554/2389 2402/2569/2402 2392/2559/2392 2391/2558/2391
f 2409/2576/2409 2398/2565/2398 2408/2575/2408 2407/2574/2407
f 2395/2562/2395 2408/2575/2408 2398/2565/2398 2397/2564/2397
f 2415/2582/2415 2404/2571/2404 2414/2581/2414 2413/2580/2413
f 2401/2568/2401 2414/2581/2414 2404/2571/2404 2403/2570/2403
f 2421/2588/2421 2410/2577/2410 2420/2587/2420 2419/2586/2419
f 2407/2574/2407 2420/2587/2420 2410/2577/2410 2409/2576/2409
f 2427/2594/2427 2416/2583/2416 2426/2593/2426 2425/2592/2425
f 2413/2580/2413 2426/2593/2426 2416/2583/2416 2415/2582/2415
f 2433/2600/2433 2422/2589/2422 2432/2599/2432 2431/2598/2431
f 2419/2586/2419 2432/2599/2432 2422/2589/2422 2421/2588/2421
f 2438/2605/2438 2428/2595/2428 2437/2604/2437 2436/2603/2436
f 2425/2592/2425 2437/2604/2437 2428/2595/2428 2427/2594/2427
f 2342/2506/2342 2341/2505/2341 2366/2530/2366 2365/2529/2365
f 2431/2598/2431 2366/2530/2366 2341/2505/2341 2433/2600/2433
f 2356/2520/2356 2355/2519/2355 2346/2510/2346 2345/2509/2345
f 2436/2603/2436 2346/2510/2346 2355/2519/2355 2438/2605/2438
f 2612/2783/2612 2723/2894/2723 2628/2799/2628 2693/2864/2693
f 2723/2894/2723 2617/2788/2617 2381/2545/2381 2628/2799/2628
f 2620/2791/2620 2737/2908/2737 2633/2804/2633 2696/2867/2696
f 2737/2908/2737 2625/2796/2625 2634/2805/2634 2633/2804/2633
f 2617/2788/2617 2616/2787/2616 2382/2546/2382 2381/2545/2381
f 2616/2787/2616 2630/2801/2630 2639/2810/2639 2382/2546/2382
f 2625/2796/2625 2624/2795/2624 2644/2815/2644 2634/2805/2634
f 2624/2795/2624 2636/2807/2636 2645/2816/2645 2644/2815/2644
f 2630/2801/2630 2629/2800/2629 2650/2821/2650 2639/2810/2639
f 2629/2800/2629 2641/2812/2641 2651/2822/2651 2650/2821/2650
f 2636/2807/2636 2635/2806/2635 2656/2827/2656 2645/2816/2645
f 2635/2806/2635 2647/2818/2647 2657/2828/2657 2656/2827/2656
f 2641/2812/2641 2640/2811/2640 2662/2833/2662 2651/2822/2651
f 2640/2811/2640 2653/2824/2653 2663/2834/2663 2662/2833/2662
f 2647/2818/2647 2646/2817/2646 2668/2839/2668 2657/2828/2657
f 2646/2817/2646 2659/2830/2659 2669/2840/2669 2668/2839/2668
f 2653/2824/2653 2652/2823/2652 2674/2845/2674 2663/2834/2663
f 2652/2823/2652 2665/2836/2665 2675/2846/2675 2674/2845/2674
f 2659/2830/2659 2658/2829/2658 2684/2855/2684 2669/2840/2669
f 2658/2829/2658 2671/2842/2671 2685/2856/2685 2684/2855/2684
f 2665/2836/2665 2664/2835/2664 2688/2859/2688 2675/2846/2675
f 2664/2835/2664 2677/3010/2677 2689/2860/2689 2688/2859/2688
f 2680/2851/2680 2828/3000/2828 2687/2858/2687 2686/2857/2686
f 2828/3000/2828 2682/2853/2682 2692/2863/2692 2687/2858/2687
f 2671/2842/2671 2670/2841/2670 2712/2883/2712 2685/2856/2685
f 2670/2841/2670 2680/2851/2680 2686/2857/2686 2712/2883/2712
f 2677/2848/2677 2676/2847/2676 2694/2865/2694 2689/2976/2689
f 2676/2847/2676 2690/2861/2690 2695/2866/2695 2694/2865/2694
f 2682/2853/2682 2613/2784/2613 2815/2987/2815 2692/2863/2692
f 2613/2784/2613 2612/2783/2612 2693/2864/2693 2815/2987/2815
f 2690/2861/2690 2621/2792/2621 2697/2868/2697 2695/2866/2695
f 2621/2792/2621 2620/2791/2620 2696/2867/2696 2697/2868/2697
f 2438/2605/2438 2355/2519/2355 209/215/209 208/214/208
f 367/3275/367 368/3276/368 3026/3277/3026 3027/3278/3027
f 365/3279/365 367/3275/367 3027/3278/3027 3028/3280/3028
f 277/3281/277 280/3282/280 3029/3283/3029 3030/3284/3030
f 371/3285/371 370/3286/370 3031/3287/3031 3032/3288/3032
f 378/3289/378 375/3290/375 3033/3291/3033 3034/3292/3034
f 373/3293/373 372/3294/372 3035/3295/3035 3036/3296/3036
f 392/3297/392 389/3298/389 3037/3299/3037 3038/3300/3038
f 375/3290/375 374/3301/374 3039/3302/3039 3033/3291/3033
f 376/3303/376 373/3293/373 3036/3296/3036 3040/3304/3040
f 377/3305/377 376/3303/376 3040/3304/3040 3041/3306/3041
f 390/3307/390 387/3308/387 3042/3309/3042 3043/3310/3043
f 379/3311/379 378/3289/378 3034/3292/3034 3044/3312/3044
f 374/3301/374 371/3285/371 3032/3288/3032 3039/3302/3039
f 380/3313/380 377/3305/377 3041/3306/3041 3045/3314/3045
f 388/3315/388 385/3316/385 3046/3317/3046 3047/3318/3047
f 383/3319/383 382/3320/382 3048/3321/3048 3049/3322/3049
f 372/3294/372 366/3323/366 3050/3324/3050 3035/3295/3035
f 385/3316/385 384/3325/384 3051/3326/3051 3046/3317/3046
f 386/3327/386 383/3319/383 3049/3322/3049 3052/3328/3052
f 387/3308/387 386/3327/386 3052/3328/3052 3042/3309/3042
f 381/3329/381 380/3313/380 3045/3314/3045 3053/3330/3053
f 370/3286/370 278/3331/278 3054/3332/3054 3031/3287/3031
f 389/3298/389 388/3315/388 3047/3318/3047 3037/3299/3037
f 369/3333/369 393/3334/393 3055/3335/3055 3056/3336/3056
f 384/3325/384 381/3329/381 3053/3330/3053 3051/3326/3051
f 391/3337/391 390/3307/390 3043/3310/3043 3057/3338/3057
f 278/3331/278 277/3281/277 3030/3284/3030 3054/3332/3054
f 368/3276/368 369/3333/369 3056/3336/3056 3026/3277/3026
f 280/3282/280 392/3297/392 3038/3300/3038 3029/3283/3029
f 366/3323/366 365/3279/365 3028/3280/3028 3050/3324/3050
f 382/3320/382 379/3311/379 3044/3312/3044 3048/3321/3048
f 393/3334/393 391/3337/391 3057/3338/3057 3055/3335/3055
f 3040/3304/3040 3036/3296/3036 3058/3339/3058 3041/3306/3041
f 3036/3296/3036 3035/3295/3035 3059/3340/3059 3058/3339/3058
f 3035/3295/3035 3050/3324/3050 3060/3341/3060 3059/3340/3059
f 3050/3324/3050 3028/3280/3028 3061/3342/3061 3060/3341/3060
f 3028/3280/3028 3027/3278/3027 3062/3343/3062 3061/3342/3061
f 3027/3278/3027 3026/3277/3026 3063/3344/3063 3062/3343/3062
f 3026/3277/3026 3056/3336/3056 3064/3345/3064 3063/3344/3063
f 3056/3336/3056 3055/3335/3055 3065/3346/3065 3064/3345/3064
f 3055/3335/3055 3057/3338/3057 3066/3347/3066 3065/3346/3065
f 3057/3338/3057 3043/3310/3043 3042/3309/3042 3066/3347/3066
f 3041/3306/3041 3058/3339/3058 3067/3348/3067 3045/3314/3045
f 3058/3339/3058 3059/3340/3059 3068/3349/3068 3067/3348/3067
f 3059/3340/3059 3060/3341/3060 3069/3350/3069 3068/3349/3068
f 3060/3341/3060 3061/3342/3061 3070/3351/3070 3069/3350/3069
f 3061/3342/3061 3062/3343/3062 3071/3352/3071 3070/3351/3070
f 3062/3343/3062 3063/3344/3063 3072/3353/3072 3071/3352/3071
f 3063/3344/3063 3064/3345/3064 3073/3354/3073 3072/3353/3072
f 3064/3345/3064 3065/3346/3065 3074/3355/3074 3073/3354/3073
f 3065/3346/3065 3066/3347/3066 3075/3356/3075 3074/3355/3074
f 3066/3347/3066 3042/3309/3042 3052/3328/3052 3075/3356/3075
f 3045/3314/3045 3067/3348/3067 3076/3357/3076 3053/3330/3053
f 3067/3348/3067 3068/3349/3068 3077/3358/3077 3076/3357/3076
f 3068/3349/3068 3069/3350/3069 3078/3359/3078 3077/3358/3077
f 3069/3350/3069 3070/3351/3070 3079/3360/3079 3078/3359/3078
f 3070/3351/3070 3071/3352/3071 3080/3361/3080 3079/3360/3079
f 3071/3352/3071 3072/3353/3072 3081/3362/3081 3080/3361/3080
f 3072/3353/3072 3073/3354/3073 3082/3363/3082 3081/3362/3081
f 3073/3354/3073 3074/3355/3074 3083/3364/3083 3082/3363/3082
f 3074/3355/3074 3075/3356/3075 3084/3365/3084 3083/3364/3083
f 3075/3356/3075 3052/3328/3052 3049/3322/3049 3084/3365/3084
f 3053/3330/3053 3076/3357/3076 3085/3366/3085 3051/3326/3051
f 3076/3357/3076 3077/3358/3077 3086/3367/3086 3085/3366/3085
f 3077/3358/3077 3078/3359/3078 3087/3368/3087 3086/3367/3086
f 3078/3359/3078 3079/3360/3079 3088/3369/3088 3087/3368/3087
f 3079/3360/3079 3080/3361/3080 3089/3370/3089 3088/3369/3088
f 3080/3361/3080 3081/3362/3081 3090/3371/3090 3089/3370/3089
f 3081/3362/3081 3082/3363/3082 3091/3372/3091 3090/3371/3090
f 3082/3363/3082 3083/3364/3083 3092/3373/3092 3091/3372/3091
f 3083/3364/3083 3084/3365/3084 3093/3374/3093 3092/3373/3092
f 3084/3365/3084 3049/3322/3049 3048/3321/3048 3093/3374/3093
f 3051/3326/3051 3085/3366/3085 3094/3375/3094 3046/3317/3046
f 3085/3366/3085 3086/3367/3086 3095/3376/3095 3094/3375/3094
f 3086/3367/3086 3087/3368/3087 3096/3377/3096 3095/3376/3095
f 3087/3368/3087 3088/3369/3088 3097/3378/3097 3096/3377/3096
f 3088/3369/3088 3089/3370/3089 3098/3379/3098 3097/3378/3097
f 3089/3370/3089 3090/3371/3090 3099/3380/3099 3098/3379/3098
f 3090/3371/3090 3091/3372/3091 3100/3381/3100 3099/3380/3099
f 3091/3372/3091 3092/3373/3092 3101/3382/3101 3100/3381/3100
f 3092/3373/3092 3093/3374/3093 3102/3383/3102 3101/3382/3101
f 3093/3374/3093 3048/3321/3048 3044/3312/3044 3102/3383/3102
f 3046/3317/3046 3094/3375/3094 3037/3299/3037 3047/3318/3047
f 3094/3375/3094 3095/3376/3095 3038/3300/3038 3037/3299/3037
f 3095/3376/3095 3096/3377/3096 3029/3283/3029 3038/3300/3038
f 3096/3377/3096 3097/3378/3097 3030/3284/3030 3029/3283/3029
f 3097/3378/3097 3098/3379/3098 3054/3332/3054 3030/3284/3030
f 3098/3379/3098 3099/3380/3099 3031/3287/3031 3054/3332/3054
f 3099/3380/3099 3100/3381/3100 3032/3288/3032 3031/3287/3031
f 3100/3381/3100 3101/3382/3101 3039/3302/3039 3032/3288/3032
f 3101/3382/3101 3102/3383/3102 3033/3291/3033 3039/3302/3039
f 3102/3383/3102 3044/3312/3044 3034/3292/3034 3033/3291/3033
f 3103/3384/3103 3104/3385/3104 3105/3386/3105 3106/3387/3106
f 3104/3385/3104 3107/3388/3107 3108/3389/3108 3105/3386/3105
f 3105/3386/3105 3108/3389/3108 3109/3390/3109 3110/3391/3110
f 3106/3387/3106 3105/3386/3105 3110/3391/3110 3111/3392/3111
f 3111/3392/3111 3110/3391/3110 3112/3393/3112 3113/3394/3113
f 3110/3391/3110 3109/3390/3109 3114/3395/3114 3112/3393/3112
f 3112/3393/3112 3114/3395/3114 3115/3396/3115 3116/3397/3116
f 3113/3394/3113 3112/3393/3112 3116/3397/3116 3117/3398/3117
f 3117/3398/3117 3116/3397/3116 3118/3399/3118 3119/3400/3119
f 3116/3397/3116 3115/3396/3115 3120/3401/3120 3118/3399/3118
f 3118/3399/3118 3120/3401/3120 3121/3402/3121 3122/3403/3122
f 3119/3400/3119 3118/3399/3118 3122/3403/3122 3123/3404/3123
f 3123/3404/3123 3122/3403/3122 3124/3405/3124 3125/3406/3125
f 3122/3403/3122 3121/3402/3121 3126/3407/3126 3124/3405/3124
f 3124/3405/3124 3126/3407/3126 3127/3408/3127 3128/3409/3128
f 3125/3406/3125 3124/3405/3124 3128/3409/3128 3129/3410/3129
f 3129/3410/3129 3128/3409/3128 3130/3411/3130 3131/3412/3131
f 3128/3409/3128 3127/3408/3127 3132/3413/3132 3130/3411/3130
f 3130/3411/3130 3132/3413/3132 3133/3414/3133 3134/3415/3134
f 3131/3412/3131 3130/3411/3130 3134/3415/3134 3135/3416/3135
f 3135/3416/3135 3134/3415/3134 3136/3417/3136 3137/3418/3137
f 3134/3415/3134 3133/3414/3133 3138/3419/3138 3136/3417/3136
f 3136/3417/3136 3138/3419/3138 3139/3420/3139 3140/3421/3140
f 3137/3418/3137 3136/3417/3136 3140/3421/3140 3141/3422/3141
f 3141/3423/3141 3140/3424/3140 3142/3425/3142 3143/3426/3143
f 3140/3424/3140 3139/3427/3139 3144/3428/3144 3142/3425/3142
f 3142/3425/3142 3144/3428/3144 3145/3429/3145 3146/3430/3146
f 3143/3426/3143 3142/3425/3142 3146/3430/3146 3147/3431/3147
f 3147/3431/3147 3146/3430/3146 3148/3432/3148 3149/3433/3149
f 3146/3430/3146 3145/3429/3145 3150/3434/3150 3148/3432/3148
f 3148/3432/3148 3150/3434/3150 3151/3435/3151 3152/3436/3152
f 3149/3433/3149 3148/3432/3148 3152/3436/3152 3153/3437/3153
f 3153/3437/3153 3152/3436/3152 3154/3438/3154 3155/3439/3155
f 3152/3436/3152 3151/3435/3151 3156/3440/3156 3154/3438/3154
f 3154/3438/3154 3156/3440/3156 3157/3441/3157 3158/3442/3158
f 3155/3439/3155 3154/3438/3154 3158/3442/3158 3159/3443/3159
f 3159/3443/3159 3158/3442/3158 3160/3444/3160 3161/3445/3161
f 3158/3442/3158 3157/3441/3157 3162/3446/3162 3160/3444/3160
f 3160/3444/3160 3162/3446/3162 3163/3447/3163 3164/3448/3164
f 3161/3445/3161 3160/3444/3160 3164/3448/3164 3165/3449/3165
f 3165/3449/3165 3164/3448/3164 3166/3450/3166 3167/3451/3167
f 3164/3448/3164 3163/3447/3163 3168/3452/3168 3166/3450/3166
f 3166/3450/3166 3168/3452/3168 3169/3453/3169 3170/3454/3170
f 3167/3451/3167 3166/3450/3166 3170/3454/3170 3171/3455/3171
f 3171/3455/3171 3170/3454/3170 3172/3456/3172 3173/3457/3173
f 3170/3454/3170 3169/3453/3169 3174/3458/3174 3172/3456/3172
f 3172/3456/3172 3174/3458/3174 3107/3388/3107 3104/3385/3104
f 3173/3457/3173 3172/3456/3172 3104/3385/3104 3103/3384/3103
f 3107/3388/3107 3175/3459/3175 3176/3460/3176 3108/3389/3108
f 3175/3459/3175 3177/3461/3177 3178/3462/3178 3176/3460/3176
f 3176/3460/3176 3178/3462/3178 3179/3463/3179 3180/3464/3180
f 3108/3389/3108 3176/3460/3176 3180/3464/3180 3109/3390/3109
f 3109/3390/3109 3180/3464/3180 3181/3465/3181 3114/3395/3114
f 3180/3464/3180 3179/3463/3179 3182/3466/3182 3181/3465/3181
f 3181/3465/3181 3182/3466/3182 3183/3467/3183 3184/3468/3184
f 3114/3395/3114 3181/3465/3181 3184/3468/3184 3115/3396/3115
f 3115/3396/3115 3184/3468/3184 3185/3469/3185 3120/3401/3120
f 3184/3468/3184 3183/3467/3183 3186/3470/3186 3185/3469/3185
f 3185/3469/3185 3186/3470/3186 3187/3471/3187 3188/3472/3188
f 3120/3401/3120 3185/3469/3185 3188/3472/3188 3121/3402/3121
f 3121/3402/3121 3188/3472/3188 3189/3473/3189 3126/3407/3126
f 3188/3472/3188 3187/3471/3187 3190/3474/3190 3189/3473/3189
f 3189/3473/3189 3190/3474/3190 3191/3475/3191 3192/3476/3192
f 3126/3407/3126 3189/3473/3189 3192/3476/3192 3127/3408/3127
f 3127/3408/3127 3192/3476/3192 3193/3477/3193 3132/3413/3132
f 3192/3476/3192 3191/3475/3191 3194/3478/3194 3193/3477/3193
f 3193/3477/3193 3194/3478/3194 3195/3479/3195 3196/3480/3196
f 3132/3413/3132 3193/3477/3193 3196/3480/3196 3133/3414/3133
f 3133/3414/3133 3196/3480/3196 3197/3481/3197 3138/3419/3138
f 3196/3480/3196 3195/3479/3195 3198/3482/3198 3197/3481/3197
f 3197/3481/3197 3198/3482/3198 3199/3483/3199 3200/3484/3200
f 3138/3419/3138 3197/3481/3197 3200/3484/3200 3139/3420/3139
f 3139/3427/3139 3200/3485/3200 3201/3486/3201 3144/3428/3144
f 3200/3485/3200 3199/3487/3199 3202/3488/3202 3201/3486/3201
f 3201/3486/3201 3202/3488/3202 3203/3489/3203 3204/3490/3204
f 3144/3428/3144 3201/3486/3201 3204/3490/3204 3145/3429/3145
f 3145/3429/3145 3204/3490/3204 3205/3491/3205 3150/3434/3150
f 3204/3490/3204 3203/3489/3203 3206/3492/3206 3205/3491/3205
f 3205/3491/3205 3206/3492/3206 3207/3493/3207 3208/3494/3208
f 3150/3434/3150 3205/3491/3205 3208/3494/3208 3151/3435/3151
f 3151/3435/3151 3208/3494/3208 3209/3495/3209 3156/3440/3156
f 3208/3494/3208 3207/3493/3207 3210/3496/3210 3209/3495/3209
f 3209/3495/3209 3210/3496/3210 3211/3497/3211 3212/3498/3212
f 3156/3440/3156 3209/3495/3209 3212/3498/3212 3157/3441/3157
f 3157/3441/3157 3212/3498/3212 3213/3499/3213 3162/3446/3162
f 3212/3498/3212 3211/3497/3211 3214/3500/3214 3213/3499/3213
f 3213/3499/3213 3214/3500/3214 3215/3501/3215 3216/3502/3216
f 3162/3446/3162 3213/3499/3213 3216/3502/3216 3163/3447/3163
f 3163/3447/3163 3216/3502/3216 3217/3503/3217 3168/3452/3168
f 3216/3502/3216 3215/3501/3215 3218/3504/3218 3217/3503/3217
f 3217/3503/3217 3218/3504/3218 3219/3505/3219 3220/3506/3220
f 3168/3452/3168 3217/3503/3217 3220/3506/3220 3169/3453/3169
f 3169/3453/3169 3220/3506/3220 3221/3507/3221 3174/3458/3174
f 3220/3506/3220 3219/3505/3219 3222/3508/3222 3221/3507/3221
f 3221/3507/3221 3222/3508/3222 3177/3461/3177 3175/3459/3175
f 3174/3458/3174 3221/3507/3221 3175/3459/3175 3107/3388/3107
f 3223/3509/3223 3224/3510/3224 3225/3511/3225 3226/3512/3226
f 3224/3510/3224 3227/3513/3227 3228/3514/3228 3225/3511/3225
f 3225/3511/3225 3228/3514/3228 3229/3515/3229 3230/3516/3230
f 3226/3512/3226 3225/3511/3225 3230/3516/3230 3231/3517/3231
f 3231/3517/3231 3230/3516/3230 3232/3518/3232 3233/3519/3233
f 3230/3516/3230 3229/3515/3229 3234/3520/3234 3232/3518/3232
f 3232/3518/3232 3234/3520/3234 3235/3521/3235 3236/3522/3236
f 3233/3519/3233 3232/3518/3232 3236/3522/3236 3237/3523/3237
f 3237/3523/3237 3236/3522/3236 3238/3524/3238 3239/3525/3239
f 3236/3522/3236 3235/3521/3235 3240/3526/3240 3238/3524/3238
f 3238/3524/3238 3240/3526/3240 3241/3527/3241 3242/3528/3242
f 3239/3525/3239 3238/3524/3238 3242/3528/3242 3243/3529/3243
f 3243/3529/3243 3242/3528/3242 3244/3530/3244 3245/3531/3245
f 3242/3528/3242 3241/3527/3241 3246/3532/3246 3244/3530/3244
f 3244/3530/3244 3246/3532/3246 3247/3533/3247 3248/3534/3248
f 3245/3531/3245 3244/3530/3244 3248/3534/3248 3249/3535/3249
f 3249/3535/3249 3248/3534/3248 3250/3536/3250 3251/3537/3251
f 3248/3534/3248 3247/3533/3247 3252/3538/3252 3250/3536/3250
f 3250/3536/3250 3252/3538/3252 3253/3539/3253 3254/3540/3254
f 3251/3537/3251 3250/3536/3250 3254/3540/3254 3255/3541/3255
f 3255/3541/3255 3254/3540/3254 3256/3542/3256 3257/3543/3257
f 3254/3540/3254 3253/3539/3253 3258/3544/3258 3256/3542/3256
f 3256/3542/3256 3258/3544/3258 3259/3545/3259 3260/3546/3260
f 3257/3543/3257 3256/3542/3256 3260/3546/3260 3261/3547/3261
f 3261/3548/3261 3260/3549/3260 3262/3550/3262 3263/3551/3263
f 3260/3549/3260 3259/3552/3259 3264/3553/3264 3262/3550/3262
f 3262/3550/3262 3264/3553/3264 3265/3554/3265 3266/3555/3266
f 3263/3551/3263 3262/3550/3262 3266/3555/3266 3267/3556/3267
f 3267/3556/3267 3266/3555/3266 3268/3557/3268 3269/3558/3269
f 3266/3555/3266 3265/3554/3265 3270/3559/3270 3268/3557/3268
f 3268/3557/3268 3270/3559/3270 3271/3560/3271 3272/3561/3272
f 3269/3558/3269 3268/3557/3268 3272/3561/3272 3273/3562/3273
f 3273/3562/3273 3272/3561/3272 3274/3563/3274 3275/3564/3275
f 3272/3561/3272 3271/3560/3271 3276/3565/3276 3274/3563/3274
f 3274/3563/3274 3276/3565/3276 3277/3566/3277 3278/3567/3278
f 3275/3564/3275 3274/3563/3274 3278/3567/3278 3279/3568/3279
f 3279/3568/3279 3278/3567/3278 3280/3569/3280 3281/3570/3281
f 3278/3567/3278 3277/3566/3277 3282/3571/3282 3280/3569/3280
f 3280/3569/3280 3282/3571/3282 3283/3572/3283 3284/3573/3284
f 3281/3570/3281 3280/3569/3280 3284/3573/3284 3285/3574/3285
f 3285/3574/3285 3284/3573/3284 3286/3575/3286 3287/3576/3287
f 3284/3573/3284 3283/3572/3283 3288/3577/3288 3286/3575/3286
f 3286/3575/3286 3288/3577/3288 3289/3578/3289 3290/3579/3290
f 3287/3576/3287 3286/3575/3286 3290/3579/3290 3291/3580/3291
f 3291/3580/3291 3290/3579/3290 3292/3581/3292 3293/3582/3293
f 3290/3579/3290 3289/3578/3289 3294/3583/3294 3292/3581/3292
f 3292/3581/3292 3294/3583/3294 3227/3513/3227 3224/3510/3224
f 3293/3582/3293 3292/3581/3292 3224/3510/3224 3223/3509/3223
f 3227/3513/3227 3295/3584/3295 3296/3585/3296 3228/3514/3228
f 3295/3584/3295 3297/3586/3297 3298/3587/3298 3296/3585/3296
f 3296/3585/3296 3298/3587/3298 3299/3588/3299 3300/3589/3300
f 3228/3514/3228 3296/3585/3296 3300/3589/3300 3229/3515/3229
f 3229/3515/3229 3300/3589/3300 3301/3590/3301 3234/3520/3234
f 3300/3589/3300 3299/3588/3299 3302/3591/3302 3301/3590/3301
f 3301/3590/3301 3302/3591/3302 3303/3592/3303 3304/3593/3304
f 3234/3520/3234 3301/3590/3301 3304/3593/3304 3235/3521/3235
f 3235/3521/3235 3304/3593/3304 3305/3594/3305 3240/3526/3240
f 3304/3593/3304 3303/3592/3303 3306/3595/3306 3305/3594/3305
f 3305/3594/3305 3306/3595/3306 3307/3596/3307 3308/3597/3308
f 3240/3526/3240 3305/3594/3305 3308/3597/3308 3241/3527/3241
f 3241/3527/3241 3308/3597/3308 3309/3598/3309 3246/3532/3246
f 3308/3597/3308 3307/3596/3307 3310/3599/3310 3309/3598/3309
f 3309/3598/3309 3310/3599/3310 3311/3600/3311 3312/3601/3312
f 3246/3532/3246 3309/3598/3309 3312/3601/3312 3247/3533/3247
f 3247/3533/3247 3312/3601/3312 3313/3602/3313 3252/3538/3252
f 3312/3601/3312 3311/3600/3311 3314/3603/3314 3313/3602/3313
f 3313/3602/3313 3314/3603/3314 3315/3604/3315 3316/3605/3316
f 3252/3538/3252 3313/3602/3313 3316/3605/3316 3253/3539/3253
f 3253/3539/3253 3316/3605/3316 3317/3606/3317 3258/3544/3258
f 3316/3605/3316 3315/3604/3315 3318/3607/3318 3317/3606/3317
f 3317/3606/3317 3318/3607/3318 3319/3608/3319 3320/3609/3320
f 3258/3544/3258 3317/3606/3317 3320/3609/3320 3259/3545/3259
f 3259/3552/3259 3320/3610/3320 3321/3611/3321 3264/3553/3264
f 3320/3610/3320 3319/3612/3319 3322/3613/3322 3321/3611/3321
f 3321/3611/3321 3322/3613/3322 3323/3614/3323 3324/3615/3324
f 3264/3553/3264 3321/3611/3321 3324/3615/3324 3265/3554/3265
f 3265/3554/3265 3324/3615/3324 3325/3616/3325 3270/3559/3270
f 3324/3615/3324 3323/3614/3323 3326/3617/3326 3325/3616/3325
f 3325/3616/3325 3326/3617/3326 3327/3618/3327 3328/3619/3328
f 3270/3559/3270 3325/3616/3325 3328/3619/3328 3271/3560/3271
f 3271/3560/3271 3328/3619/3328 3329/3620/3329 3276/3565/3276
f 3328/3619/3328 3327/3618/3327 3330/3621/3330 3329/3620/3329
f 3329/3620/3329 3330/3621/3330 3331/3622/3331 3332/3623/3332
f 3276/3565/3276 3329/3620/3329 3332/3623/3332 3277/3566/3277
f 3277/3566/3277 3332/3623/3332 3333/3624/3333 3282/3571/3282
f 3332/3623/3332 3331/3622/3331 3334/3625/3334 3333/3624/3333
f 3333/3624/3333 3334/3625/3334 3335/3626/3335 3336/3627/3336
f 3282/3571/3282 3333/3624/3333 3336/3627/3336 3283/3572/3283
f 3283/3572/3283 3336/3627/3336 3337/3628/3337 3288/3577/3288
f 3336/3627/3336 3335/3626/3335 3338/3629/3338 3337/3628/3337
f 3337/3628/3337 3338/3629/3338 3339/3630/3339 3340/3631/3340
f 3288/3577/3288 3337/3628/3337 3340/3631/3340 3289/3578/3289
f 3289/3578/3289 3340/3631/3340 3341/3632/3341 3294/3583/3294
f 3340/3631/3340 3339/3630/3339 3342/3633/3342 3341/3632/3341
f 3341/3632/3341 3342/3633/3342 3297/3586/3297 3295/3584/3295
f 3294/3583/3294 3341/3632/3341 3295/3584/3295 3227/3513/3227
f 3297/3586/3297 3343/3634/3343 3344/3635/3344 3298/3587/3298
f 3343/3634/3343 3345/3636/3345 3346/3637/3346 3344/3635/3344
f 3344/3635/3344 3346/3637/3346 3347/3638/3347 3348/3639/3348
f 3298/3587/3298 3344/3635/3344 3348/3639/3348 3299/3588/3299
f 3299/3588/3299 3348/3639/3348 3349/3640/3349 3302/3591/3302
f 3348/3639/3348 3347/3638/3347 3350/3641/3350 3349/3640/3349
f 3349/3640/3349 3350/3641/3350 3351/3642/3351 3352/3643/3352
f 3302/3591/3302 3349/3640/3349 3352/3643/3352 3303/3592/3303
f 3303/3592/3303 3352/3643/3352 3353/3644/3353 3306/3595/3306
f 3352/3643/3352 3351/3642/3351 3354/3645/3354 3353/3644/3353
f 3353/3644/3353 3354/3645/3354 3355/3646/3355 3356/3647/3356
f 3306/3595/3306 3353/3644/3353 3356/3647/3356 3307/3596/3307
f 3307/3596/3307 3356/3647/3356 3357/3648/3357 3310/3599/3310
f 3356/3647/3356 3355/3646/3355 3358/3649/3358 3357/3648/3357
f 3357/3648/3357 3358/3649/3358 3359/3650/3359 3360/3651/3360
f 3310/3599/3310 3357/3648/3357 3360/3651/3360 3311/3600/3311
f 3311/3600/3311 3360/3651/3360 3361/3652/3361 3314/3603/3314
f 3360/3651/3360 3359/3650/3359 3362/3653/3362 3361/3652/3361
f 3361/3652/3361 3362/3653/3362 3363/3654/3363 3364/3655/3364
f 3314/3603/3314 3361/3652/3361 3364/3655/3364 3315/3604/3315
f 3315/3604/3315 3364/3655/3364 3365/3656/3365 3318/3607/3318
f 3364/3655/3364 3363/3654/3363 3366/3657/3366 3365/3656/3365
f 3365/3656/3365 3366/3657/3366 3367/3658/3367 3368/3659/3368
f 3318/3607/3318 3365/3656/3365 3368/3659/3368 3319/3608/3319
f 3319/3612/3319 3368/3660/3368 3369/3661/3369 3322/3613/3322
f 3368/3660/3368 3367/3662/3367 3370/3663/3370 3369/3661/3369
f 3369/3661/3369 3370/3663/3370 3371/3664/3371 3372/3665/3372
f 3322/3613/3322 3369/3661/3369 3372/3665/3372 3323/3614/3323
f 3323/3614/3323 3372/3665/3372 3373/3666/3373 3326/3617/3326
f 3372/3665/3372 3371/3664/3371 3374/3667/3374 3373/3666/3373
f 3373/3666/3373 3374/3667/3374 3375/3668/3375 3376/3669/3376
f 3326/3617/3326 3373/3666/3373 3376/3669/3376 3327/3618/3327
f 3327/3618/3327 3376/3669/3376 3377/3670/3377 3330/3621/3330
f 3376/3669/3376 3375/3668/3375 3378/3671/3378 3377/3670/3377
f 3377/3670/3377 3378/3671/3378 3379/3672/3379 3380/3673/3380
f 3330/3621/3330 3377/3670/3377 3380/3673/3380 3331/3622/3331
f 3331/3622/3331 3380/3673/3380 3381/3674/3381 3334/3625/3334
f 3380/3673/3380 3379/3672/3379 3382/3675/3382 3381/3674/3381
f 3381/3674/3381 3382/3675/3382 3383/3676/3383 3384/3677/3384
f 3334/3625/3334 3381/3674/3381 3384/3677/3384 3335/3626/3335
f 3335/3626/3335 3384/3677/3384 3385/3678/3385 3338/3629/3338
f 3384/3677/3384 3383/3676/3383 3386/3679/3386 3385/3678/3385
f 3385/3678/3385 3386/3679/3386 3387/3680/3387 3388/3681/3388
f 3338/3629/3338 3385/3678/3385 3388/3681/3388 3339/3630/3339
f 3339/3630/3339 3388/3681/3388 3389/3682/3389 3342/3633/3342
f 3388/3681/3388 3387/3680/3387 3390/3683/3390 3389/3682/3389
f 3389/3682/3389 3390/3683/3390 3345/3636/3345 3343/3634/3343
f 3342/3633/3342 3389/3682/3389 3343/3634/3343 3297/3586/3297
f 3345/3636/3345 3391/3684/3391 3392/3685/3392 3346/3637/3346
f 3391/3684/3391 3393/3686/3393 3394/3687/3394 3392/3685/3392
f 3392/3685/3392 3394/3687/3394 3395/3688/3395 3396/3689/3396
f 3346/3637/3346 3392/3685/3392 3396/3689/3396 3347/3638/3347
f 3347/3638/3347 3396/3689/3396 3397/3690/3397 3350/3641/3350
f 3396/3689/3396 3395/3688/3395 3398/3691/3398 3397/3690/3397
f 3397/3690/3397 3398/3691/3398 3399/3692/3399 3400/3693/3400
f 3350/3641/3350 3397/3690/3397 3400/3693/3400 3351/3642/3351
f 3351/3642/3351 3400/3693/3400 3401/3694/3401 3354/3645/3354
f 3400/3693/3400 3399/3692/3399 3402/3695/3402 3401/3694/3401
f 3401/3694/3401 3402/3695/3402 3403/3696/3403 3404/3697/3404
f 3354/3645/3354 3401/3694/3401 3404/3697/3404 3355/3646/3355
f 3355/3646/3355 3404/3697/3404 3405/3698/3405 3358/3649/3358
f 3404/3697/3404 3403/3696/3403 3406/3699/3406 3405/3698/3405
f 3405/3698/3405 3406/3699/3406 3407/3700/3407 3408/3701/3408
f 3358/3649/3358 3405/3698/3405 3408/3701/3408 3359/3650/3359
f 3359/3650/3359 3408/3701/3408 3409/3702/3409 3362/3653/3362
f 3408/3701/3408 3407/3700/3407 3410/3703/3410 3409/3702/3409
f 3409/3702/3409 3410/3703/3410 3411/3704/3411 3412/3705/3412
f 3362/3653/3362 3409/3702/3409 3412/3705/3412 3363/3654/3363
f 3363/3654/3363 3412/3705/3412 3413/3706/3413 3366/3657/3366
f 3412/3705/3412 3411/3704/3411 3414/3707/3414 3413/3706/3413
f 3413/3706/3413 3414/3707/3414 3415/3708/3415 3416/3709/3416
f 3366/3657/3366 3413/3706/3413 3416/3709/3416 3367/3658/3367
f 3367/3662/3367 3416/3710/3416 3417/3711/3417 3370/3663/3370
f 3416/3710/3416 3415/3712/3415 3418/3713/3418 3417/3711/3417
f 3417/3711/3417 3418/3713/3418 3419/3714/3419 3420/3715/3420
f 3370/3663/3370 3417/3711/3417 3420/3715/3420 3371/3664/3371
f 3371/3664/3371 3420/3715/3420 3421/3716/3421 3374/3667/3374
f 3420/3715/3420 3419/3714/3419 3422/3717/3422 3421/3716/3421
f 3421/3716/3421 3422/3717/3422 3423/3718/3423 3424/3719/3424
f 3374/3667/3374 3421/3716/3421 3424/3719/3424 3375/3668/3375
f 3375/3668/3375 3424/3719/3424 3425/3720/3425 3378/3671/3378
f 3424/3719/3424 3423/3718/3423 3426/3721/3426 3425/3720/3425
f 3425/3720/3425 3426/3721/3426 3427/3722/3427 3428/3723/3428
f 3378/3671/3378 3425/3720/3425 3428/3723/3428 3379/3672/3379
f 3379/3672/3379 3428/3723/3428 3429/3724/3429 3382/3675/3382
f 3428/3723/3428 3427/3722/3427 3430/3725/3430 3429/3724/3429
f 3429/3724/3429 3430/3725/3430 3431/3726/3431 3432/3727/3432
f 3382/3675/3382 3429/3724/3429 3432/3727/3432 3383/3676/3383
f 3383/3676/3383 3432/3727/3432 3433/3728/3433 3386/3679/3386
f 3432/3727/3432 3431/3726/3431 3434/3729/3434 3433/3728/3433
f 3433/3728/3433 3434/3729/3434 3435/3730/3435 3436/3731/3436
f 3386/3679/3386 3433/3728/3433 3436/3731/3436 3387/3680/3387
f 3387/3680/3387 3436/3731/3436 3437/3732/3437 3390/3683/3390
f 3436/3731/3436 3435/3730/3435 3438/3733/3438 3437/3732/3437
f 3437/3732/3437 3438/3733/3438 3393/3686/3393 3391/3684/3391
f 3390/3683/3390 3437/3732/3437 3391/3684/3391 3345/3636/3345
f 3439/3734/3439 3440/3735/3440 3441/3736/3441 3442/3737/3442
f 3443/3738/3443 3399/3692/3399 3398/3691/3398 3444/3739/3444
f 3445/3740/3445 3446/3741/3446 3447/3742/3447 3444/3739/3444
f 3448/3743/3448 3403/3696/3403 3402/3695/3402 3449/3744/3449
f 3450/3745/3450 3451/3746/3451 3446/3741/3446 3445/3740/3445
f 3443/3738/3443 3452/3747/3452 3453/3748/3453 3449/3744/3449
f 3454/3749/3454 3407/3700/3407 3406/3699/3406 3455/3750/3455
f 3444/3739/3444 3447/3742/3447 3452/3747/3452 3443/3738/3443
f 3448/3743/3448 3456/3751/3456 3457/3752/3457 3455/3750/3455
f 3458/3753/3458 3411/3704/3411 3410/3703/3410 3459/3754/3459
f 3449/3744/3449 3453/3748/3453 3456/3751/3456 3448/3743/3448
f 3454/3749/3454 3460/3755/3460 3461/3756/3461 3459/3754/3459
f 3462/3757/3462 3415/3708/3415 3414/3707/3414 3463/3758/3463
f 3455/3750/3455 3457/3752/3457 3460/3755/3460 3454/3749/3454
f 3458/3753/3458 3464/3759/3464 3465/3760/3465 3463/3758/3463
f 3466/3761/3466 3419/3714/3419 3418/3713/3418 3467/3762/3467
f 3459/3754/3459 3461/3756/3461 3464/3759/3464 3458/3753/3458
f 3462/3763/3462 3468/3764/3468 3469/3765/3469 3467/3762/3467
f 3470/3766/3470 3423/3718/3423 3422/3717/3422 3471/3767/3471
f 3463/3758/3463 3465/3760/3465 3468/3768/3468 3462/3757/3462
f 3466/3761/3466 3472/3769/3472 3473/3770/3473 3471/3767/3471
f 3474/3771/3474 3427/3722/3427 3426/3721/3426 3475/3772/3475
f 3467/3762/3467 3469/3765/3469 3472/3769/3472 3466/3761/3466
f 3470/3766/3470 3476/3773/3476 3477/3774/3477 3475/3772/3475
f 3478/3775/3478 3431/3726/3431 3430/3725/3430 3479/3776/3479
f 3471/3767/3471 3473/3770/3473 3476/3773/3476 3470/3766/3470
f 3474/3771/3474 3480/3777/3480 3481/3778/3481 3479/3776/3479
f 3482/3779/3482 3435/3730/3435 3434/3729/3434 3483/3780/3483
f 3475/3772/3475 3477/3774/3477 3480/3777/3480 3474/3771/3474
f 3478/3775/3478 3484/3781/3484 3485/3782/3485 3483/3780/3483
f 3442/3737/3442 3393/3686/3393 3438/3733/3438 3439/3734/3439
f 3479/3776/3479 3481/3778/3481 3484/3781/3484 3478/3775/3478
f 3486/3783/3486 3487/3784/3487 3488/3785/3488 3489/3786/3489
f 3482/3779/3482 3490/3787/3490 3440/3735/3440 3439/3734/3439
f 3483/3780/3483 3485/3782/3485 3490/3787/3490 3482/3779/3482
f 3442/3737/3442 3441/3736/3441 3451/3746/3451 3450/3745/3450
f 3491/3788/3491 3492/3789/3492 3493/3790/3493 3494/3791/3494
f 3495/3792/3495 3496/3793/3496 3497/3794/3497 3498/3795/3498
f 3498/3795/3498 3497/3794/3497 3499/3796/3499 3500/3797/3500
f 3501/3798/3501 3502/3799/3502 3503/3800/3503 3504/3801/3504
f 3505/3802/3505 3501/3798/3501 3504/3801/3504 3506/3803/3506
f 3500/3797/3500 3499/3796/3499 3507/3804/3507 3508/3805/3508
f 3508/3805/3508 3507/3804/3507 3509/3806/3509 3510/3807/3510
f 3511/3808/3511 3505/3802/3505 3506/3803/3506 3512/3809/3512
f 3513/3810/3513 3511/3808/3511 3512/3809/3512 3514/3811/3514
f 3510/3807/3510 3509/3806/3509 3515/3812/3515 3516/3813/3516
f 3516/3813/3516 3515/3812/3515 3517/3814/3517 3518/3815/3518
f 3519/3816/3519 3513/3810/3513 3514/3811/3514 3520/3817/3520
f 3521/3818/3521 3519/3816/3519 3520/3817/3520 3522/3819/3522
f 3518/3815/3518 3517/3814/3517 3523/3820/3523 3524/3821/3524
f 3524/3821/3524 3523/3820/3523 3525/3822/3525 3526/3823/3526
f 3527/3824/3527 3521/3818/3521 3522/3819/3522 3528/3825/3528
f 3529/3826/3529 3527/3824/3527 3528/3825/3528 3530/3827/3530
f 3526/3823/3526 3525/3822/3525 3531/3828/3531 3532/3829/3532
f 3532/3829/3532 3531/3828/3531 3533/3830/3533 3534/3831/3534
f 3535/3832/3535 3529/3826/3529 3530/3827/3530 3536/3833/3536
f 3537/3834/3537 3535/3832/3535 3536/3833/3536 3538/3835/3538
f 3534/3831/3534 3533/3830/3533 3539/3836/3539 3540/3837/3540
f 3540/3837/3540 3539/3836/3539 3541/3838/3541 3542/3839/3542
f 3543/3840/3543 3537/3834/3537 3538/3835/3538 3544/3841/3544
f 3545/3842/3545 3543/3843/3543 3544/3844/3544 3546/3845/3546
f 3542/3846/3542 3541/3847/3541 3547/3848/3547 3548/3849/3548
f 3548/3849/3548 3547/3848/3547 3549/3850/3549 3550/3851/3550
f 3551/3852/3551 3545/3842/3545 3546/3845/3546 3552/3853/3552
f 3553/3854/3553 3551/3852/3551 3552/3853/3552 3554/3855/3554
f 3550/3851/3550 3549/3850/3549 3555/3856/3555 3556/3857/3556
f 3556/3857/3556 3555/3856/3555 3557/3858/3557 3558/3859/3558
f 3559/3860/3559 3553/3854/3553 3554/3855/3554 3560/3861/3560
f 3561/3862/3561 3559/3860/3559 3560/3861/3560 3562/3863/3562
f 3558/3859/3558 3557/3858/3557 3563/3864/3563 3564/3865/3564
f 3564/3865/3564 3563/3864/3563 3565/3866/3565 3566/3867/3566
f 3567/3868/3567 3561/3862/3561 3562/3863/3562 3568/3869/3568
f 3569/3870/3569 3567/3868/3567 3568/3869/3568 3570/3871/3570
f 3566/3867/3566 3565/3866/3565 3571/3872/3571 3572/3873/3572
f 3572/3873/3572 3571/3872/3571 3573/3874/3573 3574/3875/3574
f 3575/3876/3575 3569/3870/3569 3570/3871/3570 3576/3877/3576
f 3577/3878/3577 3575/3876/3575 3576/3877/3576 3578/3879/3578
f 3574/3875/3574 3573/3874/3573 3579/3880/3579 3580/3881/3580
f 3580/3881/3580 3579/3880/3579 3581/3882/3581 3582/3883/3582
f 3583/3884/3583 3577/3878/3577 3578/3879/3578 3584/3885/3584
f 3585/3886/3585 3583/3884/3583 3584/3885/3584 3586/3887/3586
f 3582/3883/3582 3581/3882/3581 3587/3888/3587 3588/3889/3588
f 3588/3889/3588 3587/3888/3587 3496/3793/3496 3495/3792/3495
f 3589/3890/3589 3590/3891/3590 3591/3892/3591 3592/3893/3592
f 3593/3894/3593 3486/3783/3486 3489/3786/3489 3594/3895/3594
f 3497/3794/3497 3486/3783/3486 3593/3894/3593 3499/3796/3499
f 3515/3812/3515 3595/3896/3595 3596/3897/3596 3517/3814/3517
f 3593/3894/3593 3597/3898/3597 3507/3804/3507 3499/3796/3499
f 3523/3820/3523 3598/3899/3598 3599/3900/3599 3525/3822/3525
f 3600/3901/3600 3595/3896/3595 3515/3812/3515 3509/3806/3509
f 3531/3828/3531 3601/3902/3601 3602/3903/3602 3533/3830/3533
f 3596/3897/3596 3598/3899/3598 3523/3820/3523 3517/3814/3517
f 3539/3836/3539 3603/3904/3603 3604/3905/3604 3541/3838/3541
f 3599/3900/3599 3601/3902/3601 3531/3828/3531 3525/3822/3525
f 3547/3848/3547 3605/3906/3605 3606/3907/3606 3549/3850/3549
f 3602/3903/3602 3603/3904/3603 3539/3836/3539 3533/3830/3533
f 3555/3856/3555 3607/3908/3607 3608/3909/3608 3557/3858/3557
f 3604/3910/3604 3605/3906/3605 3547/3848/3547 3541/3847/3541
f 3563/3864/3563 3609/3911/3609 3610/3912/3610 3565/3866/3565
f 3606/3907/3606 3607/3908/3607 3555/3856/3555 3549/3850/3549
f 3571/3872/3571 3611/3913/3611 3612/3914/3612 3573/3874/3573
f 3608/3909/3608 3609/3911/3609 3563/3864/3563 3557/3858/3557
f 3579/3880/3579 3613/3915/3613 3614/3916/3614 3581/3882/3581
f 3610/3912/3610 3611/3913/3611 3571/3872/3571 3565/3866/3565
f 3587/3888/3587 3615/3917/3615 3487/3784/3487 3496/3793/3496
f 3612/3914/3612 3613/3915/3613 3579/3880/3579 3573/3874/3573
f 3614/3916/3614 3615/3917/3615 3587/3888/3587 3581/3882/3581
f 3507/3804/3507 3597/3898/3597 3600/3901/3600 3509/3806/3509
f 3488/3785/3488 3616/3918/3616 3617/3919/3617 3489/3786/3489
f 3616/3918/3616 3618/3920/3618 3619/3921/3619 3617/3919/3617
f 3617/3919/3617 3619/3921/3619 3620/3922/3620 3621/3923/3621
f 3489/3786/3489 3617/3919/3617 3621/3923/3621 3594/3895/3594
f 3594/3895/3594 3621/3923/3621 3622/3924/3622 3623/3925/3623
f 3621/3923/3621 3620/3922/3620 3624/3926/3624 3622/3924/3622
f 3622/3924/3622 3624/3926/3624 3625/3927/3625 3626/3928/3626
f 3623/3925/3623 3622/3924/3622 3626/3928/3626 3627/3929/3627
f 3627/3929/3627 3626/3928/3626 3628/3930/3628 3629/3931/3629
f 3626/3928/3626 3625/3927/3625 3630/3932/3630 3628/3930/3628
f 3628/3930/3628 3630/3932/3630 3631/3933/3631 3632/3934/3632
f 3629/3931/3629 3628/3930/3628 3632/3934/3632 3633/3935/3633
f 3633/3935/3633 3632/3934/3632 3634/3936/3634 3635/3937/3635
f 3632/3934/3632 3631/3933/3631 3636/3938/3636 3634/3936/3634
f 3634/3936/3634 3636/3938/3636 3637/3939/3637 3638/3940/3638
f 3635/3937/3635 3634/3936/3634 3638/3940/3638 3639/3941/3639
f 3639/3941/3639 3638/3940/3638 3640/3942/3640 3641/3943/3641
f 3638/3940/3638 3637/3939/3637 3642/3944/3642 3640/3942/3640
f 3640/3942/3640 3642/3944/3642 3643/3945/3643 3644/3946/3644
f 3641/3943/3641 3640/3942/3640 3644/3946/3644 3645/3947/3645
f 3645/3947/3645 3644/3946/3644 3646/3948/3646 3647/3949/3647
f 3644/3946/3644 3643/3945/3643 3648/3950/3648 3646/3948/3646
f 3646/3948/3646 3648/3950/3648 3649/3951/3649 3650/3952/3650
f 3647/3949/3647 3646/3948/3646 3650/3952/3650 3651/3953/3651
f 3651/3954/3651 3650/3955/3650 3652/3956/3652 3653/3957/3653
f 3650/3955/3650 3649/3958/3649 3654/3959/3654 3652/3956/3652
f 3652/3956/3652 3654/3959/3654 3655/3960/3655 3656/3961/3656
f 3653/3957/3653 3652/3956/3652 3656/3961/3656 3657/3962/3657
f 3657/3962/3657 3656/3961/3656 3658/3963/3658 3659/3964/3659
f 3656/3961/3656 3655/3960/3655 3660/3965/3660 3658/3963/3658
f 3658/3963/3658 3660/3965/3660 3661/3966/3661 3662/3967/3662
f 3659/3964/3659 3658/3963/3658 3662/3967/3662 3663/3968/3663
f 3663/3968/3663 3662/3967/3662 3664/3969/3664 3665/3970/3665
f 3662/3967/3662 3661/3966/3661 3666/3971/3666 3664/3969/3664
f 3664/3969/3664 3666/3971/3666 3667/3972/3667 3668/3973/3668
f 3665/3970/3665 3664/3969/3664 3668/3973/3668 3669/3974/3669
f 3669/3974/3669 3668/3973/3668 3670/3975/3670 3671/3976/3671
f 3668/3973/3668 3667/3972/3667 3672/3977/3672 3670/3975/3670
f 3670/3975/3670 3672/3977/3672 3673/3978/3673 3674/3979/3674
f 3671/3976/3671 3670/3975/3670 3674/3979/3674 3675/3980/3675
f 3675/3980/3675 3674/3979/3674 3676/3981/3676 3677/3982/3677
f 3674/3979/3674 3673/3978/3673 3678/3983/3678 3676/3981/3676
f 3676/3981/3676 3678/3983/3678 3679/3984/3679 3680/3985/3680
f 3677/3982/3677 3676/3981/3676 3680/3985/3680 3681/3986/3681
f 3681/3986/3681 3680/3985/3680 3682/3987/3682 3683/3988/3683
f 3680/3985/3680 3679/3984/3679 3684/3989/3684 3682/3987/3682
f 3682/3987/3682 3684/3989/3684 3618/3920/3618 3616/3918/3616
f 3683/3988/3683 3682/3987/3682 3616/3918/3616 3488/3785/3488
f 3618/3920/3618 3685/3990/3685 3686/3991/3686 3619/3921/3619
f 3685/3990/3685 3687/3992/3687 3688/3993/3688 3686/3991/3686
f 3686/3991/3686 3688/3993/3688 3689/3994/3689 3690/3995/3690
f 3619/3921/3619 3686/3991/3686 3690/3995/3690 3620/3922/3620
f 3620/3922/3620 3690/3995/3690 3691/3996/3691 3624/3926/3624
f 3690/3995/3690 3689/3994/3689 3692/3997/3692 3691/3996/3691
f 3691/3996/3691 3692/3997/3692 3693/3998/3693 3694/3999/3694
f 3624/3926/3624 3691/3996/3691 3694/3999/3694 3625/3927/3625
f 3625/3927/3625 3694/3999/3694 3695/4000/3695 3630/3932/3630
f 3694/3999/3694 3693/3998/3693 3696/4001/3696 3695/4000/3695
f 3695/4000/3695 3696/4001/3696 3697/4002/3697 3698/4003/3698
f 3630/3932/3630 3695/4000/3695 3698/4003/3698 3631/3933/3631
f 3631/3933/3631 3698/4003/3698 3699/4004/3699 3636/3938/3636
f 3698/4003/3698 3697/4002/3697 3700/4005/3700 3699/4004/3699
f 3699/4004/3699 3700/4005/3700 3701/4006/3701 3702/4007/3702
f 3636/3938/3636 3699/4004/3699 3702/4007/3702 3637/3939/3637
f 3637/3939/3637 3702/4007/3702 3703/4008/3703 3642/3944/3642
f 3702/4007/3702 3701/4006/3701 3704/4009/3704 3703/4008/3703
f 3703/4008/3703 3704/4009/3704 3705/4010/3705 3706/4011/3706
f 3642/3944/3642 3703/4008/3703 3706/4011/3706 3643/3945/3643
f 3643/3945/3643 3706/4011/3706 3707/4012/3707 3648/3950/3648
f 3706/4011/3706 3705/4010/3705 3708/4013/3708 3707/4012/3707
f 3707/4012/3707 3708/4013/3708 3709/4014/3709 3710/4015/3710
f 3648/3950/3648 3707/4012/3707 3710/4015/3710 3649/3951/3649
f 3649/3958/3649 3710/4016/3710 3711/4017/3711 3654/3959/3654
f 3710/4016/3710 3709/4018/3709 3712/4019/3712 3711/4017/3711
f 3711/4017/3711 3712/4019/3712 3713/4020/3713 3714/4021/3714
f 3654/3959/3654 3711/4017/3711 3714/4021/3714 3655/3960/3655
f 3655/3960/3655 3714/4021/3714 3715/4022/3715 3660/3965/3660
f 3714/4021/3714 3713/4020/3713 3716/4023/3716 3715/4022/3715
f 3715/4022/3715 3716/4023/3716 3717/4024/3717 3718/4025/3718
f 3660/3965/3660 3715/4022/3715 3718/4025/3718 3661/3966/3661
f 3661/3966/3661 3718/4025/3718 3719/4026/3719 3666/3971/3666
f 3718/4025/3718 3717/4024/3717 3720/4027/3720 3719/4026/3719
f 3719/4026/3719 3720/4027/3720 3721/4028/3721 3722/4029/3722
f 3666/3971/3666 3719/4026/3719 3722/4029/3722 3667/3972/3667
f 3667/3972/3667 3722/4029/3722 3723/4030/3723 3672/3977/3672
f 3722/4029/3722 3721/4028/3721 3724/4031/3724 3723/4030/3723
f 3723/4030/3723 3724/4031/3724 3725/4032/3725 3726/4033/3726
f 3672/3977/3672 3723/4030/3723 3726/4033/3726 3673/3978/3673
f 3673/3978/3673 3726/4033/3726 3727/4034/3727 3678/3983/3678
f 3726/4033/3726 3725/4032/3725 3728/4035/3728 3727/4034/3727
f 3727/4034/3727 3728/4035/3728 3729/4036/3729 3730/4037/3730
f 3678/3983/3678 3727/4034/3727 3730/4037/3730 3679/3984/3679
f 3679/3984/3679 3730/4037/3730 3731/4038/3731 3684/3989/3684
f 3730/4037/3730 3729/4036/3729 3732/4039/3732 3731/4038/3731
f 3731/4038/3731 3732/4039/3732 3687/3992/3687 3685/3990/3685
f 3684/3989/3684 3731/4038/3731 3685/3990/3685 3618/3920/3618
f 3687/3992/3687 3733/4040/3733 3734/4041/3734 3688/3993/3688
f 3733/4040/3733 3735/4042/3735 3736/4043/3736 3734/4041/3734
f 3734/4041/3734 3736/4043/3736 3737/4044/3737 3738/4045/3738
f 3688/3993/3688 3734/4041/3734 3738/4045/3738 3689/3994/3689
f 3689/3994/3689 3738/4045/3738 3739/4046/3739 3692/3997/3692
f 3738/4045/3738 3737/4044/3737 3740/4047/3740 3739/4046/3739
f 3739/4046/3739 3740/4047/3740 3741/4048/3741 3742/4049/3742
f 3692/3997/3692 3739/4046/3739 3742/4049/3742 3693/3998/3693
f 3693/3998/3693 3742/4049/3742 3743/4050/3743 3696/4001/3696
f 3742/4049/3742 3741/4048/3741 3744/4051/3744 3743/4050/3743
f 3743/4050/3743 3744/4051/3744 3745/4052/3745 3746/4053/3746
f 3696/4001/3696 3743/4050/3743 3746/4053/3746 3697/4002/3697
f 3697/4002/3697 3746/4053/3746 3747/4054/3747 3700/4005/3700
f 3746/4053/3746 3745/4052/3745 3748/4055/3748 3747/4054/3747
f 3747/4054/3747 3748/4055/3748 3749/4056/3749 3750/4057/3750
f 3700/4005/3700 3747/4054/3747 3750/4057/3750 3701/4006/3701
f 3701/4006/3701 3750/4057/3750 3751/4058/3751 3704/4009/3704
f 3750/4057/3750 3749/4056/3749 3752/4059/3752 3751/4058/3751
f 3751/4058/3751 3752/4059/3752 3753/4060/3753 3754/4061/3754
f 3704/4009/3704 3751/4058/3751 3754/4061/3754 3705/4010/3705
f 3705/4010/3705 3754/4061/3754 3755/4062/3755 3708/4013/3708
f 3754/4061/3754 3753/4060/3753 3756/4063/3756 3755/4062/3755
f 3755/4062/3755 3756/4063/3756 3757/4064/3757 3758/4065/3758
f 3708/4013/3708 3755/4062/3755 3758/4065/3758 3709/4014/3709
f 3709/4018/3709 3758/4066/3758 3759/4067/3759 3712/4019/3712
f 3758/4066/3758 3757/4068/3757 3760/4069/3760 3759/4067/3759
f 3759/4067/3759 3760/4069/3760 3761/4070/3761 3762/4071/3762
f 3712/4019/3712 3759/4067/3759 3762/4071/3762 3713/4020/3713
f 3713/4020/3713 3762/4071/3762 3763/4072/3763 3716/4023/3716
f 3762/4071/3762 3761/4070/3761 3764/4073/3764 3763/4072/3763
f 3763/4072/3763 3764/4073/3764 3765/4074/3765 3766/4075/3766
f 3716/4023/3716 3763/4072/3763 3766/4075/3766 3717/4024/3717
f 3717/4024/3717 3766/4075/3766 3767/4076/3767 3720/4027/3720
f 3766/4075/3766 3765/4074/3765 3768/4077/3768 3767/4076/3767
f 3767/4076/3767 3768/4077/3768 3769/4078/3769 3770/4079/3770
f 3720/4027/3720 3767/4076/3767 3770/4079/3770 3721/4028/3721
f 3721/4028/3721 3770/4079/3770 3771/4080/3771 3724/4031/3724
f 3770/4079/3770 3769/4078/3769 3772/4081/3772 3771/4080/3771
f 3771/4080/3771 3772/4081/3772 3773/4082/3773 3774/4083/3774
f 3724/4031/3724 3771/4080/3771 3774/4083/3774 3725/4032/3725
f 3725/4032/3725 3774/4083/3774 3775/4084/3775 3728/4035/3728
f 3774/4083/3774 3773/4082/3773 3776/4085/3776 3775/4084/3775
f 3775/4084/3775 3776/4085/3776 3777/4086/3777 3778/4087/3778
f 3728/4035/3728 3775/4084/3775 3778/4087/3778 3729/4036/3729
f 3729/4036/3729 3778/4087/3778 3779/4088/3779 3732/4039/3732
f 3778/4087/3778 3777/4086/3777 3780/4089/3780 3779/4088/3779
f 3779/4088/3779 3780/4089/3780 3735/4042/3735 3733/4040/3733
f 3732/4039/3732 3779/4088/3779 3733/4040/3733 3687/3992/3687
f 3781/4090/3781 3782/4091/3782 3783/4092/3783 3784/4093/3784
f 3782/4094/3782 3785/4095/3785 3786/4096/3786 3783/4097/3783
f 3783/4097/3783 3786/4096/3786 3787/4098/3787 3788/4099/3788
f 3784/4093/3784 3783/4092/3783 3788/4100/3788 3789/4101/3789
f 3789/4101/3789 3788/4100/3788 3790/4102/3790 3791/4103/3791
f 3788/4099/3788 3787/4098/3787 3792/4104/3792 3790/4105/3790
f 3790/4105/3790 3792/4104/3792 3793/4106/3793 3794/4107/3794
f 3791/4103/3791 3790/4102/3790 3794/4108/3794 3795/4109/3795
f 3795/4109/3795 3794/4108/3794 3796/4110/3796 3797/4111/3797
f 3794/4107/3794 3793/4106/3793 3798/4112/3798 3796/4113/3796
f 3796/4113/3796 3798/4112/3798 3799/4114/3799 3800/4115/3800
f 3797/4111/3797 3796/4110/3796 3800/4116/3800 3801/4117/3801
f 3801/4117/3801 3800/4116/3800 3802/4118/3802 3803/4119/3803
f 3800/4115/3800 3799/4114/3799 3804/4120/3804 3802/4121/3802
f 3802/4121/3802 3804/4120/3804 3805/4122/3805 3806/4123/3806
f 3803/4119/3803 3802/4118/3802 3806/4124/3806 3807/4125/3807
f 3807/4125/3807 3806/4124/3806 3808/4126/3808 3809/4127/3809
f 3806/4123/3806 3805/4122/3805 3810/4128/3810 3808/4129/3808
f 3808/4129/3808 3810/4128/3810 3811/4130/3811 3812/4131/3812
f 3809/4127/3809 3808/4126/3808 3812/4132/3812 3813/4133/3813
f 3813/4133/3813 3812/4132/3812 3814/4134/3814 3815/4135/3815
f 3812/4131/3812 3811/4130/3811 3816/4136/3816 3814/4137/3814
f 3814/4137/3814 3816/4136/3816 3817/4138/3817 3818/4139/3818
f 3818/4140/3818 3817/4141/3817 3819/4142/3819 3820/4143/3820
f 3820/4143/3820 3819/4142/3819 3821/4144/3821 3822/4145/3822
f 3823/4146/3823 3820/4147/3820 3822/4148/3822 3824/4149/3824
f 3824/4149/3824 3822/4148/3822 3825/4150/3825 3826/4151/3826
f 3822/4145/3822 3821/4144/3821 3827/4152/3827 3825/4153/3825
f 3825/4153/3825 3827/4152/3827 3828/4154/3828 3829/4155/3829
f 3826/4151/3826 3825/4150/3825 3829/4156/3829 3830/4157/3830
f 3830/4157/3830 3829/4156/3829 3831/4158/3831 3832/4159/3832
f 3829/4155/3829 3828/4154/3828 3833/4160/3833 3831/4161/3831
f 3831/4161/3831 3833/4160/3833 3834/4162/3834 3835/4163/3835
f 3832/4159/3832 3831/4158/3831 3835/4164/3835 3836/4165/3836
f 3836/4165/3836 3835/4164/3835 3837/4166/3837 3838/4167/3838
f 3835/4163/3835 3834/4162/3834 3839/4168/3839 3837/4169/3837
f 3837/4169/3837 3839/4168/3839 3840/4170/3840 3841/4171/3841
f 3838/4167/3838 3837/4166/3837 3841/4172/3841 3842/4173/3842
f 3842/4173/3842 3841/4172/3841 3843/4174/3843 3844/4175/3844
f 3841/4171/3841 3840/4170/3840 3845/4176/3845 3843/4177/3843
f 3843/4177/3843 3845/4176/3845 3846/4178/3846 3847/4179/3847
f 3844/4175/3844 3843/4174/3843 3847/4180/3847 3848/4181/3848
f 3848/4181/3848 3847/4180/3847 3849/4182/3849 3850/4183/3850
f 3847/4179/3847 3846/4178/3846 3851/4184/3851 3849/4185/3849
f 3849/4185/3849 3851/4184/3851 3785/4095/3785 3782/4094/3782
f 3850/4183/3850 3849/4182/3849 3782/4091/3782 3781/4090/3781
f 3785/4095/3785 3852/4186/3852 3853/4187/3853 3786/4096/3786
f 3852/4186/3852 3854/4188/3854 3855/4189/3855 3853/4187/3853
f 3853/4187/3853 3855/4189/3855 3856/4190/3856 3857/4191/3857
f 3786/4096/3786 3853/4187/3853 3857/4191/3857 3787/4098/3787
f 3787/4098/3787 3857/4191/3857 3858/4192/3858 3792/4104/3792
f 3857/4191/3857 3856/4190/3856 3859/4193/3859 3858/4192/3858
f 3858/4192/3858 3859/4193/3859 3860/4194/3860 3861/4195/3861
f 3792/4104/3792 3858/4192/3858 3861/4195/3861 3793/4106/3793
f 3793/4106/3793 3861/4195/3861 3862/4196/3862 3798/4112/3798
f 3861/4195/3861 3860/4194/3860 3863/4197/3863 3862/4196/3862
f 3862/4196/3862 3863/4197/3863 3864/4198/3864 3865/4199/3865
f 3798/4112/3798 3862/4196/3862 3865/4199/3865 3799/4114/3799
f 3799/4114/3799 3865/4199/3865 3866/4200/3866 3804/4120/3804
f 3865/4199/3865 3864/4198/3864 3867/4201/3867 3866/4200/3866
f 3866/4200/3866 3867/4201/3867 3868/4202/3868 3869/4203/3869
f 3804/4120/3804 3866/4200/3866 3869/4203/3869 3805/4122/3805
f 3805/4122/3805 3869/4203/3869 3870/4204/3870 3810/4128/3810
f 3869/4203/3869 3868/4202/3868 3871/4205/3871 3870/4204/3870
f 3870/4204/3870 3871/4205/3871 3872/4206/3872 3873/4207/3873
f 3810/4128/3810 3870/4204/3870 3873/4207/3873 3811/4130/3811
f 3811/4130/3811 3873/4207/3873 3874/4208/3874 3816/4136/3816
f 3873/4207/3873 3872/4206/3872 3875/4209/3875 3874/4208/3874
f 3874/4208/3874 3875/4209/3875 3876/4210/3876 3877/4211/3877
f 3816/4136/3816 3874/4208/3874 3877/4211/3877 3817/4138/3817
f 3817/4141/3817 3877/4212/3877 3878/4213/3878 3819/4142/3819
f 3877/4212/3877 3876/4214/3876 3879/4215/3879 3878/4213/3878
f 3878/4213/3878 3879/4215/3879 3880/4216/3880 3881/4217/3881
f 3819/4142/3819 3878/4213/3878 3881/4217/3881 3821/4144/3821
f 3821/4144/3821 3881/4217/3881 3882/4218/3882 3827/4152/3827
f 3881/4217/3881 3880/4216/3880 3883/4219/3883 3882/4218/3882
f 3882/4218/3882 3883/4219/3883 3884/4220/3884 3885/4221/3885
f 3827/4152/3827 3882/4218/3882 3885/4221/3885 3828/4154/3828
f 3828/4154/3828 3885/4221/3885 3886/4222/3886 3833/4160/3833
f 3885/4221/3885 3884/4220/3884 3887/4223/3887 3886/4222/3886
f 3886/4222/3886 3887/4223/3887 3888/4224/3888 3889/4225/3889
f 3833/4160/3833 3886/4222/3886 3889/4225/3889 3834/4162/3834
f 3834/4162/3834 3889/4225/3889 3890/4226/3890 3839/4168/3839
f 3889/4225/3889 3888/4224/3888 3891/4227/3891 3890/4226/3890
f 3890/4226/3890 3891/4227/3891 3892/4228/3892 3893/4229/3893
f 3839/4168/3839 3890/4226/3890 3893/4229/3893 3840/4170/3840
f 3840/4170/3840 3893/4229/3893 3894/4230/3894 3845/4176/3845
f 3893/4229/3893 3892/4228/3892 3895/4231/3895 3894/4230/3894
f 3894/4230/3894 3895/4231/3895 3896/4232/3896 3897/4233/3897
f 3845/4176/3845 3894/4230/3894 3897/4233/3897 3846/4178/3846
f 3846/4178/3846 3897/4233/3897 3898/4234/3898 3851/4184/3851
f 3897/4233/3897 3896/4232/3896 3899/4235/3899 3898/4234/3898
f 3898/4234/3898 3899/4235/3899 3854/4188/3854 3852/4186/3852
f 3851/4184/3851 3898/4234/3898 3852/4186/3852 3785/4095/3785
f 3854/4188/3854 3900/4236/3900 3901/4237/3901 3855/4189/3855
f 3900/4236/3900 3902/4238/3902 3903/4239/3903 3901/4237/3901
f 3901/4237/3901 3903/4239/3903 3904/4240/3904 3905/4241/3905
f 3855/4189/3855 3901/4237/3901 3905/4241/3905 3856/4190/3856
f 3856/4190/3856 3905/4241/3905 3906/4242/3906 3859/4193/3859
f 3905/4241/3905 3904/4240/3904 3907/4243/3907 3906/4242/3906
f 3906/4242/3906 3907/4243/3907 3908/4244/3908 3909/4245/3909
f 3859/4193/3859 3906/4242/3906 3909/4245/3909 3860/4194/3860
f 3860/4194/3860 3909/4245/3909 3910/4246/3910 3863/4197/3863
f 3909/4245/3909 3908/4244/3908 3911/4247/3911 3910/4246/3910
f 3910/4246/3910 3911/4247/3911 3912/4248/3912 3913/4249/3913
f 3863/4197/3863 3910/4246/3910 3913/4249/3913 3864/4198/3864
f 3864/4198/3864 3913/4249/3913 3914/4250/3914 3867/4201/3867
f 3913/4249/3913 3912/4248/3912 3915/4251/3915 3914/4250/3914
f 3914/4250/3914 3915/4251/3915 3916/4252/3916 3917/4253/3917
f 3867/4201/3867 3914/4250/3914 3917/4253/3917 3868/4202/3868
f 3868/4202/3868 3917/4253/3917 3918/4254/3918 3871/4205/3871
f 3917/4253/3917 3916/4252/3916 3919/4255/3919 3918/4254/3918
f 3918/4254/3918 3919/4255/3919 3920/4256/3920 3921/4257/3921
f 3871/4205/3871 3918/4254/3918 3921/4257/3921 3872/4206/3872
f 3872/4206/3872 3921/4257/3921 3922/4258/3922 3875/4209/3875
f 3921/4257/3921 3920/4256/3920 3923/4259/3923 3922/4258/3922
f 3922/4258/3922 3923/4259/3923 3924/4260/3924 3925/4261/3925
f 3875/4209/3875 3922/4258/3922 3925/4261/3925 3876/4210/3876
f 3876/4214/3876 3925/4262/3925 3926/4263/3926 3879/4215/3879
f 3925/4262/3925 3924/4264/3924 3927/4265/3927 3926/4263/3926
f 3926/4263/3926 3927/4265/3927 3928/4266/3928 3929/4267/3929
f 3879/4215/3879 3926/4263/3926 3929/4267/3929 3880/4216/3880
f 3880/4216/3880 3929/4267/3929 3930/4268/3930 3883/4219/3883
f 3929/4267/3929 3928/4266/3928 3931/4269/3931 3930/4268/3930
f 3930/4268/3930 3931/4269/3931 3932/4270/3932 3933/4271/3933
f 3883/4219/3883 3930/4268/3930 3933/4271/3933 3884/4220/3884
f 3884/4220/3884 3933/4271/3933 3934/4272/3934 3887/4223/3887
f 3933/4271/3933 3932/4270/3932 3935/4273/3935 3934/4272/3934
f 3934/4272/3934 3935/4273/3935 3936/4274/3936 3937/4275/3937
f 3887/4223/3887 3934/4272/3934 3937/4275/3937 3888/4224/3888
f 3888/4224/3888 3937/4275/3937 3938/4276/3938 3891/4227/3891
f 3937/4275/3937 3936/4274/3936 3939/4277/3939 3938/4276/3938
f 3938/4276/3938 3939/4277/3939 3940/4278/3940 3941/4279/3941
f 3891/4227/3891 3938/4276/3938 3941/4279/3941 3892/4228/3892
f 3892/4228/3892 3941/4279/3941 3942/4280/3942 3895/4231/3895
f 3941/4279/3941 3940/4278/3940 3943/4281/3943 3942/4280/3942
f 3942/4280/3942 3943/4281/3943 3944/4282/3944 3945/4283/3945
f 3895/4231/3895 3942/4280/3942 3945/4283/3945 3896/4232/3896
f 3896/4232/3896 3945/4283/3945 3946/4284/3946 3899/4235/3899
f 3945/4283/3945 3944/4282/3944 3947/4285/3947 3946/4284/3946
f 3946/4284/3946 3947/4285/3947 3902/4238/3902 3900/4236/3900
f 3899/4235/3899 3946/4284/3946 3900/4236/3900 3854/4188/3854
f 3948/4286/3948 3949/4287/3949 3950/4288/3950 3951/4289/3951
f 3949/4287/3949 3103/3384/3103 3106/3387/3106 3950/4288/3950
f 3950/4288/3950 3106/3387/3106 3111/3392/3111 3952/4290/3952
f 3951/4289/3951 3950/4288/3950 3952/4290/3952 3953/4291/3953
f 3953/4291/3953 3952/4290/3952 3954/4292/3954 3955/4293/3955
f 3952/4290/3952 3111/3392/3111 3113/3394/3113 3954/4292/3954
f 3954/4292/3954 3113/3394/3113 3117/3398/3117 3956/4294/3956
f 3955/4293/3955 3954/4292/3954 3956/4294/3956 3957/4295/3957
f 3957/4295/3957 3956/4294/3956 3958/4296/3958 3959/4297/3959
f 3956/4294/3956 3117/3398/3117 3119/3400/3119 3958/4296/3958
f 3958/4296/3958 3119/3400/3119 3123/3404/3123 3960/4298/3960
f 3959/4297/3959 3958/4296/3958 3960/4298/3960 3961/4299/3961
f 3961/4299/3961 3960/4298/3960 3962/4300/3962 3963/4301/3963
f 3960/4298/3960 3123/3404/3123 3125/3406/3125 3962/4300/3962
f 3962/4300/3962 3125/3406/3125 3129/3410/3129 3964/4302/3964
f 3963/4301/3963 3962/4300/3962 3964/4302/3964 3965/4303/3965
f 3965/4303/3965 3964/4302/3964 3966/4304/3966 3967/4305/3967
f 3964/4302/3964 3129/3410/3129 3131/3412/3131 3966/4304/3966
f 3966/4304/3966 3131/3412/3131 3135/3416/3135 3968/4306/3968
f 3967/4305/3967 3966/4304/3966 3968/4306/3968 3969/4307/3969
f 3969/4307/3969 3968/4306/3968 3970/4308/3970 3971/4309/3971
f 3968/4306/3968 3135/3416/3135 3137/3418/3137 3970/4308/3970
f 3970/4308/3970 3137/3418/3137 3141/3422/3141 3972/4310/3972
f 3972/4311/3972 3141/3423/3141 3143/3426/3143 3973/4312/3973
f 3973/4312/3973 3143/3426/3143 3147/3431/3147 3974/4313/3974
f 3975/4314/3975 3973/4312/3973 3974/4313/3974 3976/4315/3976
f 3976/4315/3976 3974/4313/3974 3977/4316/3977 3978/4317/3978
f 3974/4313/3974 3147/3431/3147 3149/3433/3149 3977/4316/3977
f 3977/4316/3977 3149/3433/3149 3153/3437/3153 3979/4318/3979
f 3978/4317/3978 3977/4316/3977 3979/4318/3979 3980/4319/3980
f 3980/4319/3980 3979/4318/3979 3981/4320/3981 3982/4321/3982
f 3979/4318/3979 3153/3437/3153 3155/3439/3155 3981/4320/3981
f 3981/4320/3981 3155/3439/3155 3159/3443/3159 3983/4322/3983
f 3982/4321/3982 3981/4320/3981 3983/4322/3983 3984/4323/3984
f 3984/4323/3984 3983/4322/3983 3985/4324/3985 3986/4325/3986
f 3983/4322/3983 3159/3443/3159 3161/3445/3161 3985/4324/3985
f 3985/4324/3985 3161/3445/3161 3165/3449/3165 3987/4326/3987
f 3986/4325/3986 3985/4324/3985 3987/4326/3987 3988/4327/3988
f 3988/4327/3988 3987/4326/3987 3989/4328/3989 3990/4329/3990
f 3987/4326/3987 3165/3449/3165 3167/3451/3167 3989/4328/3989
f 3989/4328/3989 3167/3451/3167 3171/3455/3171 3991/4330/3991
f 3990/4329/3990 3989/4328/3989 3991/4330/3991 3992/4331/3992
f 3992/4331/3992 3991/4330/3991 3993/4332/3993 3994/4333/3994
f 3991/4330/3991 3171/3455/3171 3173/3457/3173 3993/4332/3993
f 3993/4332/3993 3173/3457/3173 3103/3384/3103 3949/4287/3949
f 3994/4333/3994 3993/4332/3993 3949/4287/3949 3948/4286/3948
f 3219/3505/3219 3995/4334/3995 3996/4335/3996 3222/3508/3222
f 3995/4336/3995 3291/3580/3291 3293/3582/3293 3996/4337/3996
f 3996/4337/3996 3293/3582/3293 3223/3509/3223 3997/4338/3997
f 3222/3508/3222 3996/4335/3996 3997/4339/3997 3177/3461/3177
f 3215/3501/3215 3998/4340/3998 3999/4341/3999 3218/3504/3218
f 3998/4342/3998 3285/3574/3285 3287/3576/3287 3999/4343/3999
f 3999/4343/3999 3287/3576/3287 3291/3580/3291 3995/4336/3995
f 3218/3504/3218 3999/4341/3999 3995/4334/3995 3219/3505/3219
f 3211/3497/3211 4000/4344/4000 4001/4345/4001 3214/3500/3214
f 4000/4346/4000 3279/3568/3279 3281/3570/3281 4001/4347/4001
f 4001/4347/4001 3281/3570/3281 3285/3574/3285 3998/4342/3998
f 3214/3500/3214 4001/4345/4001 3998/4340/3998 3215/3501/3215
f 3207/3493/3207 4002/4348/4002 4003/4349/4003 3210/3496/3210
f 4002/4350/4002 3273/3562/3273 3275/3564/3275 4003/4351/4003
f 4003/4351/4003 3275/3564/3275 3279/3568/3279 4000/4346/4000
f 3210/3496/3210 4003/4349/4003 4000/4344/4000 3211/3497/3211
f 3203/3489/3203 4004/4352/4004 4005/4353/4005 3206/3492/3206
f 4004/4354/4004 3267/3556/3267 3269/3558/3269 4005/4355/4005
f 4005/4355/4005 3269/3558/3269 3273/3562/3273 4002/4350/4002
f 3206/3492/3206 4005/4353/4005 4002/4348/4002 3207/3493/3207
f 3199/3487/3199 4006/4356/4006 4007/4357/4007 3202/3488/3202
f 4006/4358/4006 3261/3548/3261 3263/3551/3263 4007/4359/4007
f 4007/4359/4007 3263/3551/3263 3267/3556/3267 4004/4354/4004
f 3202/3488/3202 4007/4357/4007 4004/4352/4004 3203/3489/3203
f 3195/3479/3195 4008/4360/4008 4009/4361/4009 3198/3482/3198
f 4008/4362/4008 3255/3541/3255 3257/3543/3257 4009/4363/4009
f 4009/4363/4009 3257/3543/3257 3261/3547/3261 4006/4364/4006
f 3198/3482/3198 4009/4361/4009 4006/4365/4006 3199/3483/3199
f 3191/3475/3191 4010/4366/4010 4011/4367/4011 3194/3478/3194
f 4010/4368/4010 3249/3535/3249 3251/3537/3251 4011/4369/4011
f 4011/4369/4011 3251/3537/3251 3255/3541/3255 4008/4362/4008
f 3194/3478/3194 4011/4367/4011 4008/4360/4008 3195/3479/3195
f 3187/3471/3187 4012/4370/4012 4013/4371/4013 3190/3474/3190
f 4012/4372/4012 3243/3529/3243 3245/3531/3245 4013/4373/4013
f 4013/4373/4013 3245/3531/3245 3249/3535/3249 4010/4368/4010
f 3190/3474/3190 4013/4371/4013 4010/4366/4010 3191/3475/3191
f 3183/3467/3183 4014/4374/4014 4015/4375/4015 3186/3470/3186
f 4014/4376/4014 3237/3523/3237 3239/3525/3239 4015/4377/4015
f 4015/4377/4015 3239/3525/3239 3243/3529/3243 4012/4372/4012
f 3186/3470/3186 4015/4375/4015 4012/4370/4012 3187/3471/3187
f 3179/3463/3179 4016/4378/4016 4017/4379/4017 3182/3466/3182
f 4016/4380/4016 3231/3517/3231 3233/3519/3233 4017/4381/4017
f 4017/4381/4017 3233/3519/3233 3237/3523/3237 4014/4376/4014
f 3182/3466/3182 4017/4379/4017 4014/4374/4014 3183/3467/3183
f 3177/3461/3177 3997/4339/3997 4018/4382/4018 3178/3462/3178
f 3997/4338/3997 3223/3509/3223 3226/3512/3226 4018/4383/4018
f 4018/4383/4018 3226/3512/3226 3231/3517/3231 4016/4380/4016
f 3178/3462/3178 4018/4382/4018 4016/4378/4016 3179/3463/3179
f 3777/4086/3777 4019/4384/4019 4020/4385/4020 3780/4089/3780
f 4019/4384/4019 3848/4181/3848 3850/4183/3850 4020/4385/4020
f 4020/4385/4020 3850/4183/3850 3781/4090/3781 4021/4386/4021
f 3780/4089/3780 4020/4385/4020 4021/4386/4021 3735/4042/3735
f 3773/4082/3773 4022/4387/4022 4023/4388/4023 3776/4085/3776
f 4022/4387/4022 3842/4173/3842 3844/4175/3844 4023/4388/4023
f 4023/4388/4023 3844/4175/3844 3848/4181/3848 4019/4384/4019
f 3776/4085/3776 4023/4388/4023 4019/4384/4019 3777/4086/3777
f 3769/4078/3769 4024/4389/4024 4025/4390/4025 3772/4081/3772
f 4024/4389/4024 3836/4165/3836 3838/4167/3838 4025/4390/4025
f 4025/4390/4025 3838/4167/3838 3842/4173/3842 4022/4387/4022
f 3772/4081/3772 4025/4390/4025 4022/4387/4022 3773/4082/3773
f 3765/4074/3765 4026/4391/4026 4027/4392/4027 3768/4077/3768
f 4026/4391/4026 3830/4157/3830 3832/4159/3832 4027/4392/4027
f 4027/4392/4027 3832/4159/3832 3836/4165/3836 4024/4389/4024
f 3768/4077/3768 4027/4392/4027 4024/4389/4024 3769/4078/3769
f 3761/4070/3761 4028/4393/4028 4029/4394/4029 3764/4073/3764
f 4028/4393/4028 3824/4149/3824 3826/4151/3826 4029/4394/4029
f 4029/4394/4029 3826/4151/3826 3830/4157/3830 4026/4391/4026
f 3764/4073/3764 4029/4394/4029 4026/4391/4026 3765/4074/3765
f 4030/4395/4030 3823/4146/3823 3824/4149/3824 4028/4393/4028
f 3760/4069/3760 4030/4395/4030 4028/4393/4028 3761/4070/3761
f 3753/4060/3753 4031/4396/4031 4032/4397/4032 3756/4063/3756
f 4031/4396/4031 3813/4133/3813 3815/4135/3815 4032/4397/4032
f 3749/4056/3749 4033/4398/4033 4034/4399/4034 3752/4059/3752
f 4033/4398/4033 3807/4125/3807 3809/4127/3809 4034/4399/4034
f 4034/4399/4034 3809/4127/3809 3813/4133/3813 4031/4396/4031
f 3752/4059/3752 4034/4399/4034 4031/4396/4031 3753/4060/3753
f 3745/4052/3745 4035/4400/4035 4036/4401/4036 3748/4055/3748
f 4035/4400/4035 3801/4117/3801 3803/4119/3803 4036/4401/4036
f 4036/4401/4036 3803/4119/3803 3807/4125/3807 4033/4398/4033
f 3748/4055/3748 4036/4401/4036 4033/4398/4033 3749/4056/3749
f 3741/4048/3741 4037/4402/4037 4038/4403/4038 3744/4051/3744
f 4037/4402/4037 3795/4109/3795 3797/4111/3797 4038/4403/4038
f 4038/4403/4038 3797/4111/3797 3801/4117/3801 4035/4400/4035
f 3744/4051/3744 4038/4403/4038 4035/4400/4035 3745/4052/3745
f 3737/4044/3737 4039/4404/4039 4040/4405/4040 3740/4047/3740
f 4039/4404/4039 3789/4101/3789 3791/4103/3791 4040/4405/4040
f 4040/4405/4040 3791/4103/3791 3795/4109/3795 4037/4402/4037
f 3740/4047/3740 4040/4405/4040 4037/4402/4037 3741/4048/3741
f 3735/4042/3735 4021/4386/4021 4041/4406/4041 3736/4043/3736
f 4021/4386/4021 3781/4090/3781 3784/4093/3784 4041/4406/4041
f 4041/4406/4041 3784/4093/3784 3789/4101/3789 4039/4404/4039
f 3736/4043/3736 4041/4406/4041 4039/4404/4039 3737/4044/3737
f 4042/4407/4042 4043/4408/4043 4044/4409/4044 4045/4410/4045
f 4043/4408/4043 4046/4411/4046 4047/4412/4047 4044/4409/4044
f 4044/4409/4044 4047/4412/4047 4048/4413/3080 4049/4414/4048
f 4045/4410/4045 4044/4409/4044 4049/4414/4048 4050/4415/4049
f 4051/4416/4050 4052/4417/4051 4053/4418/4052 4054/4419/4053
f 4052/4417/4051 4055/4420/4054 4056/4421/4055 4053/4418/4052
f 4053/4418/4052 4056/4421/4055 4046/4411/4046 4043/4408/4043
f 4054/4419/4053 4053/4418/4052 4043/4408/4043 4042/4407/4042
f 4057/4422/4056 4058/4423/4057 4059/4424/4058 4060/4425/4059
f 4058/4423/4057 4061/4426/4060 4062/4427/4061 4059/4424/4058
f 4059/4424/4058 4062/4427/4061 4055/4420/4054 4052/4417/4051
f 4060/4425/4059 4059/4424/4058 4052/4417/4051 4051/4416/4050
f 4063/4428/4062 4064/4429/4063 4065/4430/4064 4066/4431/4065
f 4064/4429/4063 4067/4432/4066 4068/4433/4067 4065/4430/4064
f 4065/4430/4064 4068/4433/4067 4061/4426/4060 4058/4423/4057
f 4066/4431/4065 4065/4430/4064 4058/4423/4057 4057/4422/4056
f 4069/4434/4068 4070/4435/4069 4071/4436/4070 4072/4437/4071
f 4070/4435/4069 4073/4438/4072 4074/4439/4073 4071/4436/4070
f 4071/4436/4070 4074/4439/4073 4067/4432/4066 4064/4429/4063
f 4072/4437/4071 4071/4436/4070 4064/4429/4063 4063/4428/4062
f 4075/4440/4074 4076/4441/4075 4073/4438/4072 4070/4435/4069
f 4077/4442/4076 4075/4440/4074 4070/4435/4069 4069/4434/4068
f 4078/4443/4077 4079/4444/4078 4080/4445/4079 4081/4446/4080
f 4079/4444/4078 4082/4447/4081 4083/4448/4082 4080/4445/4079
f 4084/4449/4083 4085/4450/4084 4086/4451/4085 4087/4452/4086
f 4085/4450/4084 4088/4453/2227 4089/4454/4087 4086/4451/4085
f 4086/4451/4085 4089/4454/4087 4082/4447/4081 4079/4444/4078
f 4087/4452/4086 4086/4451/4085 4079/4444/4078 4078/4443/4077
f 4090/4455/4088 4091/4456/4089 4092/4457/4090 4093/4458/4091
f 4091/4456/4089 4094/4459/4092 4095/4460/4093 4092/4457/4090
f 4092/4457/4090 4095/4460/4093 4088/4453/2227 4085/4450/4084
f 4093/4458/4091 4092/4457/4090 4085/4450/4084 4084/4449/4083
f 4096/4461/4094 4097/4462/4095 4098/4463/4096 4099/4464/4097
f 4097/4462/4095 4100/4465/4098 4101/4466/4099 4098/4463/4096
f 4098/4463/4096 4101/4466/4099 4094/4459/4092 4091/4456/4089
f 4099/4464/4097 4098/4463/4096 4091/4456/4089 4090/4455/4088
f 4102/4467/4100 4103/4468/4101 4104/4469/4102 4105/4470/4103
f 4103/4468/4101 4106/4471/4104 4107/4472/4105 4104/4469/4102
f 4104/4469/4102 4107/4472/4105 4100/4465/4098 4097/4462/4095
f 4105/4470/4103 4104/4469/4102 4097/4462/4095 4096/4461/4094
f 4050/4415/4049 4049/4414/4048 4108/4473/4106 4109/4474/4107
f 4049/4414/4048 4048/4413/3080 4110/4475/4108 4108/4473/4106
f 4108/4473/4106 4110/4475/4108 4106/4471/4104 4103/4468/4101
f 4109/4474/4107 4108/4473/4106 4103/4468/4101 4102/4467/4100
f 4046/4411/4046 4111/4476/4109 4112/4477/4110 4047/4412/4047
f 4111/4476/4109 3992/4331/3992 3994/4333/3994 4112/4477/4110
f 4112/4477/4110 3994/4333/3994 3948/4286/3948 4113/4478/4111
f 4047/4412/4047 4112/4477/4110 4113/4478/4111 4048/4413/3080
f 4055/4420/4054 4114/4479/4112 4115/4480/4113 4056/4421/4055
f 4114/4479/4112 3988/4327/3988 3990/4329/3990 4115/4480/4113
f 4115/4480/4113 3990/4329/3990 3992/4331/3992 4111/4476/4109
f 4056/4421/4055 4115/4480/4113 4111/4476/4109 4046/4411/4046
f 4061/4426/4060 4116/4481/4114 4117/4482/4115 4062/4427/4061
f 4116/4481/4114 3984/4323/3984 3986/4325/3986 4117/4482/4115
f 4117/4482/4115 3986/4325/3986 3988/4327/3988 4114/4479/4112
f 4062/4427/4061 4117/4482/4115 4114/4479/4112 4055/4420/4054
f 4067/4432/4066 4118/4483/4116 4119/4484/4117 4068/4433/4067
f 4118/4483/4116 3980/4319/3980 3982/4321/3982 4119/4484/4117
f 4119/4484/4117 3982/4321/3982 3984/4323/3984 4116/4481/4114
f 4068/4433/4067 4119/4484/4117 4116/4481/4114 4061/4426/4060
f 4073/4438/4072 4120/4485/4118 4121/4486/4119 4074/4439/4073
f 4120/4485/4118 3976/4315/3976 3978/4317/3978 4121/4486/4119
f 4121/4486/4119 3978/4317/3978 3980/4319/3980 4118/4483/4116
f 4074/4439/4073 4121/4486/4119 4118/4483/4116 4067/4432/4066
f 4122/4487/4120 3975/4314/3975 3976/4315/3976 4120/4485/4118
f 4076/4441/4075 4122/4487/4120 4120/4485/4118 4073/4438/4072
f 4082/4447/4081 4123/4488/4121 4124/4489/4122 4083/4448/4082
f 4123/4488/4121 3969/4307/3969 3971/4309/3971 4124/4489/4122
f 4088/4453/2227 4125/4490/4123 4126/4491/4124 4089/4454/4087
f 4125/4490/4123 3965/4303/3965 3967/4305/3967 4126/4491/4124
f 4126/4491/4124 3967/4305/3967 3969/4307/3969 4123/4488/4121
f 4089/4454/4087 4126/4491/4124 4123/4488/4121 4082/4447/4081
f 4094/4459/4092 4127/4492/4125 4128/4493/4126 4095/4460/4093
f 4127/4492/4125 3961/4299/3961 3963/4301/3963 4128/4493/4126
f 4128/4493/4126 3963/4301/3963 3965/4303/3965 4125/4490/4123
f 4095/4460/4093 4128/4493/4126 4125/4490/4123 4088/4453/2227
f 4100/4465/4098 4129/4494/4127 4130/4495/4128 4101/4466/4099
f 4129/4494/4127 3957/4295/3957 3959/4297/3959 4130/4495/4128
f 4130/4495/4128 3959/4297/3959 3961/4299/3961 4127/4492/4125
f 4101/4466/4099 4130/4495/4128 4127/4492/4125 4094/4459/4092
f 4106/4471/4104 4131/4496/4129 4132/4497/4130 4107/4472/4105
f 4131/4496/4129 3953/4291/3953 3955/4293/3955 4132/4497/4130
f 4132/4497/4130 3955/4293/3955 3957/4295/3957 4129/4494/4127
f 4107/4472/4105 4132/4497/4130 4129/4494/4127 4100/4465/4098
f 4048/4413/3080 4113/4478/4111 4133/4498/4131 4110/4475/4108
f 4113/4478/4111 3948/4286/3948 3951/4289/3951 4133/4498/4131
f 4133/4498/4131 3951/4289/3951 3953/4291/3953 4131/4496/4129
f 4110/4475/4108 4133/4498/4131 4131/4496/4129 4106/4471/4104
f 3902/4238/3902 4134/4499/4132 4135/4500/4133 3903/4239/3903
f 4134/4499/4132 4050/4415/4049 4109/4474/4107 4135/4500/4133
f 4135/4500/4133 4109/4474/4107 4102/4467/4100 4136/4501/4134
f 3903/4239/3903 4135/4500/4133 4136/4501/4134 3904/4240/3904
f 3904/4240/3904 4136/4501/4134 4137/4502/4135 3907/4243/3907
f 4136/4501/4134 4102/4467/4100 4105/4470/4103 4137/4502/4135
f 4137/4502/4135 4105/4470/4103 4096/4461/4094 4138/4503/4136
f 3907/4243/3907 4137/4502/4135 4138/4503/4136 3908/4244/3908
f 3908/4244/3908 4138/4503/4136 4139/4504/4137 3911/4247/3911
f 4138/4503/4136 4096/4461/4094 4099/4464/4097 4139/4504/4137
f 4139/4504/4137 4099/4464/4097 4090/4455/4088 4140/4505/4138
f 3911/4247/3911 4139/4504/4137 4140/4505/4138 3912/4248/3912
f 3912/4248/3912 4140/4505/4138 4141/4506/4139 3915/4251/3915
f 4140/4505/4138 4090/4455/4088 4093/4458/4091 4141/4506/4139
f 4141/4506/4139 4093/4458/4091 4084/4449/4083 4142/4507/4140
f 3915/4251/3915 4141/4506/4139 4142/4507/4140 3916/4252/3916
f 3916/4252/3916 4142/4507/4140 4143/4508/4141 3919/4255/3919
f 4142/4507/4140 4084/4449/4083 4087/4452/4086 4143/4508/4141
f 4143/4508/4141 4087/4452/4086 4078/4443/4077 4144/4509/4142
f 3919/4255/3919 4143/4508/4141 4144/4509/4142 3920/4256/3920
f 3920/4256/3920 4144/4509/4142 4145/4510/4143 3923/4259/3923
f 4144/4509/4142 4078/4443/4077 4081/4446/4080 4145/4510/4143
f 3923/4259/3923 4145/4510/4143 4146/4511/4144 3924/4260/3924
f 3924/4264/3924 4146/4512/4144 4147/4513/4145 3927/4265/3927
f 4147/4513/4145 4077/4442/4076 4069/4434/4068 4148/4514/4146
f 3927/4265/3927 4147/4513/4145 4148/4514/4146 3928/4266/3928
f 3928/4266/3928 4148/4514/4146 4149/4515/4147 3931/4269/3931
f 4148/4514/4146 4069/4434/4068 4072/4437/4071 4149/4515/4147
f 4149/4515/4147 4072/4437/4071 4063/4428/4062 4150/4516/4148
f 3931/4269/3931 4149/4515/4147 4150/4516/4148 3932/4270/3932
f 3932/4270/3932 4150/4516/4148 4151/4517/4149 3935/4273/3935
f 4150/4516/4148 4063/4428/4062 4066/4431/4065 4151/4517/4149
f 4151/4517/4149 4066/4431/4065 4057/4422/4056 4152/4518/4150
f 3935/4273/3935 4151/4517/4149 4152/4518/4150 3936/4274/3936
f 3936/4274/3936 4152/4518/4150 4153/4519/4151 3939/4277/3939
f 4152/4518/4150 4057/4422/4056 4060/4425/4059 4153/4519/4151
f 4153/4519/4151 4060/4425/4059 4051/4416/4050 4154/4520/4152
f 3939/4277/3939 4153/4519/4151 4154/4520/4152 3940/4278/3940
f 3940/4278/3940 4154/4520/4152 4155/4521/4153 3943/4281/3943
f 4154/4520/4152 4051/4416/4050 4054/4419/4053 4155/4521/4153
f 4155/4521/4153 4054/4419/4053 4042/4407/4042 4156/4522/4154
f 3943/4281/3943 4155/4521/4153 4156/4522/4154 3944/4282/3944
f 3944/4282/3944 4156/4522/4154 4157/4523/4155 3947/4285/3947
f 4156/4522/4154 4042/4407/4042 4045/4410/4045 4157/4523/4155
f 4157/4523/4155 4045/4410/4045 4050/4415/4049 4134/4499/4132
f 3947/4285/3947 4157/4523/4155 4134/4499/4132 3902/4238/3902
f 3494/3791/3494 4158/4524/4156 4159/4525/4157 3491/3788/3491
f 4160/4526/4158 4161/4527/4159 4162/4528/4160 4163/4529/4161
f 4164/4530/4162 4165/4531/4163 4166/4532/4164 4167/4533/4165
f 4168/4534/4166 4169/4535/4167 4170/4536/4168 4171/4537/4169
f 4163/4529/4161 4172/4538/4170 4173/4539/4171 4160/4526/4158
f 4174/4540/4172 4175/4541/4173 4176/4542/4174 4177/4543/4175
f 4171/4537/4169 4162/4528/4160 4161/4527/4159 4168/4534/4166
f 4178/4544/4176 4179/4545/4177 4180/4546/4178 4181/4547/4179
f 4177/4543/4175 4170/4536/4168 4169/4535/4167 4174/4540/4172
f 4182/4548/4180 4183/4549/4181 4184/4550/4182 4185/4551/4183
f 4181/4547/4179 4176/4542/4174 4175/4541/4173 4178/4544/4176
f 4186/4552/4184 4187/4553/4185 4188/4554/4186 4189/4555/4187
f 4185/4551/4183 4180/4546/4178 4179/4545/4177 4182/4548/4180
f 4190/4556/4188 4191/4557/4189 4192/4558/4190 4193/4559/4191
f 4189/4560/4187 4184/4550/4182 4183/4549/4181 4186/4561/4184
f 4194/4562/4192 4195/4563/4193 4196/4564/4194 4197/4565/4195
f 4193/4559/4191 4188/4554/4186 4187/4553/4185 4190/4556/4188
f 4198/4566/4196 4199/4567/4197 4200/4568/4198 4201/4569/4199
f 4197/4565/4195 4192/4558/4190 4191/4557/4189 4194/4562/4192
f 4202/4570/4200 3493/3790/3493 3492/3789/3492 4203/4571/4201
f 4201/4569/4199 4196/4564/4194 4195/4563/4193 4198/4566/4196
f 4203/4571/4201 4200/4568/4198 4199/4567/4197 4202/4570/4200
f 4204/4572/4202 4205/4573/4203 4206/4574/4204 4207/4575/4205
f 4208/4576/4206 4209/4577/4207 4205/4573/4203 4204/4572/4202
f 4210/4578/4208 4211/4579/4209 4209/4577/4207 4208/4576/4206
f 4212/4580/4210 4213/4581/4211 4211/4579/4209 4210/4578/4208
f 4214/4582/4212 4215/4583/4213 4213/4581/4211 4212/4580/4210
f 4216/4584/4214 4217/4585/4215 4215/4583/4213 4214/4582/4212
f 4218/4586/4216 4219/4587/4217 4217/4585/4215 4216/4584/4214
f 4220/4588/4218 4221/4589/4219 4219/4587/4217 4218/4586/4216
f 4222/4590/4220 4223/4591/4221 4221/4589/4219 4220/4588/4218
f 4224/4592/4222 4225/4593/4223 4223/4591/4221 4222/4590/4220
f 4226/4594/4224 4227/4595/4225 4225/4593/4223 4224/4592/4222
f 4228/4596/4226 4229/4597/4227 4227/4595/4225 4226/4594/4224
f 4230/4598/4228 4231/4599/4229 4229/4600/4227 4228/4601/4226
f 4232/4602/4230 4233/4603/4231 4231/4599/4229 4230/4598/4228
f 4234/4604/4232 4235/4605/4233 4233/4603/4231 4232/4602/4230
f 4236/4606/4234 4237/4607/4235 4235/4605/4233 4234/4604/4232
f 4238/4608/4236 4239/4609/4237 4237/4607/4235 4236/4606/4234
f 4240/4610/4238 4241/4611/4239 4239/4609/4237 4238/4608/4236
f 4242/4612/4240 4243/4613/4241 4241/4611/4239 4240/4610/4238
f 4244/4614/4242 4245/4615/4243 4243/4613/4241 4242/4612/4240
f 4246/4616/4244 4247/4617/4245 4245/4615/4243 4244/4614/4242
f 4248/4618/4246 4249/4619/4247 4247/4617/4245 4246/4616/4244
f 4250/4620/4248 4251/4621/4249 4249/4619/4247 4248/4618/4246
f 4207/4575/4205 4206/4574/4204 4251/4621/4249 4250/4620/4248
f 4252/4622/4250 4253/4623/4251 4254/4624/4252 4255/4625/4253
f 4256/4626/4254 4257/4627/4255 4253/4623/4251 4252/4622/4250
f 4258/4628/4256 4259/4629/4257 4257/4627/4255 4256/4626/4254
f 4260/4630/4258 4261/4631/4259 4259/4629/4257 4258/4628/4256
f 4262/4632/4260 4263/4633/4261 4261/4631/4259 4260/4630/4258
f 4264/4634/4262 4265/4635/4263 4263/4633/4261 4262/4632/4260
f 4266/4636/4264 4267/4637/4265 4265/4635/4263 4264/4634/4262
f 4268/4638/4266 4269/4639/4267 4267/4637/4265 4266/4636/4264
f 4270/4640/4268 4271/4641/4269 4269/4639/4267 4268/4638/4266
f 4272/4642/4270 4273/4643/4271 4271/4641/4269 4270/4640/4268
f 4274/4644/4272 4275/4645/4273 4273/4643/4271 4272/4642/4270
f 4276/4646/4274 4277/4647/4275 4275/4645/4273 4274/4644/4272
f 4278/4648/4276 4279/4649/4277 4277/4650/4275 4276/4651/4274
f 4280/4652/4278 4281/4653/4279 4279/4649/4277 4278/4648/4276
f 4282/4654/4280 4283/4655/4281 4281/4653/4279 4280/4652/4278
f 4284/4656/4282 4285/4657/4283 4283/4655/4281 4282/4654/4280
f 4286/4658/4284 4287/4659/4285 4285/4657/4283 4284/4656/4282
f 4288/4660/4286 4289/4661/4287 4287/4659/4285 4286/4658/4284
f 4290/4662/4288 4291/4663/4289 4289/4661/4287 4288/4660/4286
f 4292/4664/4290 4293/4665/4291 4291/4663/4289 4290/4662/4288
f 4294/4666/4292 4295/4667/4293 4293/4665/4291 4292/4664/4290
f 4296/4668/4294 4297/4669/4295 4295/4667/4293 4294/4666/4292
f 4298/4670/4296 4299/4671/4297 4297/4669/4295 4296/4668/4294
f 4255/4625/4253 4254/4624/4252 4299/4671/4297 4298/4670/4296
f 4300/4672/4298 4301/4673/4299 4302/4674/4300 4303/4675/4301
f 4303/4675/4301 4302/4674/4300 4304/4676/4302 4305/4677/4303
f 4305/4677/4303 4304/4676/4302 4306/4678/4304 4307/4679/4305
f 4307/4679/4305 4306/4678/4304 4308/4680/4306 4309/4681/4307
f 4309/4681/4307 4308/4680/4306 4310/4682/4308 4311/4683/4309
f 4311/4683/4309 4310/4682/4308 4312/4684/4310 4313/4685/4311
f 4313/4685/4311 4312/4684/4310 4314/4686/4312 4315/4687/4313
f 4315/4687/4313 4314/4686/4312 4316/4688/4314 4317/4689/4315
f 4317/4689/4315 4316/4688/4314 4318/4690/4316 4319/4691/4317
f 4319/4691/4317 4318/4690/4316 4320/4692/4318 4321/4693/4319
f 4321/4693/4319 4320/4692/4318 4322/4694/4320 4323/4695/4321
f 4323/4695/4321 4322/4694/4320 4324/4696/4322 4325/4697/4323
f 4325/4698/4323 4324/4699/4322 4326/4700/4324 4327/4701/4325
f 4327/4701/4325 4326/4700/4324 4328/4702/4326 4329/4703/4327
f 4329/4703/4327 4328/4702/4326 4330/4704/4328 4331/4705/4329
f 4331/4705/4329 4330/4704/4328 4332/4706/4330 4333/4707/4331
f 4333/4707/4331 4332/4706/4330 4334/4708/4332 4335/4709/4333
f 4335/4709/4333 4334/4708/4332 4336/4710/4334 4337/4711/4335
f 4337/4711/4335 4336/4710/4334 4338/4712/4336 4339/4713/4337
f 4339/4713/4337 4338/4712/4336 4340/4714/4338 4341/4715/4339
f 4341/4715/4339 4340/4714/4338 4342/4716/4340 4343/4717/4341
f 4343/4717/4341 4342/4716/4340 4344/4718/4342 4345/4719/4343
f 4345/4719/4343 4344/4718/4342 4346/4720/4344 4347/4721/4345
f 4347/4721/4345 4346/4720/4344 4301/4673/4299 4300/4672/4298
f 4166/4532/4164 4207/4722/4205 4250/4723/4248 4348/4724/4346
f 4348/4724/4346 4250/4723/4248 4248/4725/4246 4349/4726/4347
f 4349/4726/4347 4248/4725/4246 4246/4727/4244 4350/4728/4348
f 4350/4728/4348 4246/4727/4244 4244/4729/4242 4351/4730/4349
f 4351/4730/4349 4244/4729/4242 4242/4731/4240 4352/4732/4350
f 4352/4732/4350 4242/4731/4240 4240/4733/4238 4353/4734/4351
f 4353/4734/4351 4240/4733/4238 4238/4735/4236 4354/4736/4352
f 4354/4736/4352 4238/4735/4236 4236/4737/4234 4355/4738/4353
f 4355/4738/4353 4236/4737/4234 4234/4739/4232 4356/4740/4354
f 4356/4740/4354 4234/4739/4232 4232/4741/4230 4357/4742/4355
f 4357/4742/4355 4232/4741/4230 4230/4743/4228 4358/4744/4356
f 4358/4744/4356 4230/4743/4228 4228/4745/4226 4359/4746/4357
f 4359/4747/4357 4228/4748/4226 4226/4749/4224 4360/4750/4358
f 4360/4750/4358 4226/4749/4224 4224/4751/4222 4361/4752/4359
f 4361/4752/4359 4224/4751/4222 4222/4753/4220 4362/4754/4360
f 4362/4754/4360 4222/4753/4220 4220/4755/4218 4363/4756/4361
f 4363/4756/4361 4220/4755/4218 4218/4757/4216 4364/4758/4362
f 4364/4758/4362 4218/4757/4216 4216/4759/4214 4365/4760/4363
f 4365/4760/4363 4216/4759/4214 4214/4761/4212 4366/4762/4364
f 4366/4762/4364 4214/4761/4212 4212/4763/4210 4367/4764/4365
f 4367/4764/4365 4212/4763/4210 4210/4765/4208 4368/4766/4366
f 4368/4766/4366 4210/4765/4208 4208/4767/4206 4369/4768/4367
f 4369/4768/4367 4208/4767/4206 4204/4769/4202 4165/4531/4163
f 4165/4531/4163 4204/4769/4202 4207/4722/4205 4166/4532/4164
f 4370/4770/4368 4371/4771/4369 4372/4772/4370 4373/4773/4371
f 4373/4773/4371 4372/4772/4370 4374/4774/4372 4375/4775/4373
f 4375/4775/4373 4374/4774/4372 4376/4776/4374 4377/4777/4375
f 4377/4777/4375 4376/4776/4374 4378/4778/4376 4379/4779/4377
f 4379/4779/4377 4378/4778/4376 4380/4780/4378 4381/4781/4379
f 4381/4781/4379 4380/4780/4378 4382/4782/4380 4383/4783/4381
f 4383/4783/4381 4382/4782/4380 4384/4784/4382 4385/4785/4383
f 4385/4785/4383 4384/4784/4382 4386/4786/4384 4387/4787/4385
f 4387/4787/4385 4386/4786/4384 4388/4788/4386 4389/4789/4387
f 4389/4789/4387 4388/4788/4386 4390/4790/4388 4391/4791/4389
f 4391/4791/4389 4390/4790/4388 4392/4792/4390 4393/4793/4391
f 4393/4793/4391 4392/4792/4390 4394/4794/4392 4395/4795/4393
f 4395/4796/4393 4394/4797/4392 4396/4798/4394 4397/4799/4395
f 4397/4799/4395 4396/4798/4394 4398/4800/4396 4399/4801/4397
f 4399/4801/4397 4398/4800/4396 4400/4802/4398 4401/4803/4399
f 4401/4803/4399 4400/4802/4398 4402/4804/4400 4403/4805/4401
f 4403/4805/4401 4402/4804/4400 4404/4806/4402 4405/4807/4403
f 4405/4807/4403 4404/4806/4402 4406/4808/4404 4407/4809/4405
f 4407/4809/4405 4406/4808/4404 4408/4810/4406 4409/4811/4407
f 4409/4811/4407 4408/4810/4406 4410/4812/4408 4411/4813/4409
f 4411/4813/4409 4410/4812/4408 4412/4814/4410 4413/4815/4411
f 4413/4815/4411 4412/4814/4410 4414/4816/4412 4415/4817/4413
f 4415/4817/4413 4414/4816/4412 4416/4818/4414 4417/4819/4415
f 4417/4819/4415 4416/4818/4414 4371/4771/4369 4370/4770/4368
f 4418/4820/4416 4173/4539/4171 4172/4538/4170 4419/4821/4417
f 4420/4822/4418 4421/4823/4419 4422/4824/4420 4423/4825/4421
f 4424/4826/4422 4425/4827/4423 4426/4828/4424 4427/4829/4425
f 4428/4830/4426 4429/4831/4427 4430/4832/4428 4431/4833/4429
f 4432/4834/4430 4433/4835/4431 4434/4836/4432 4435/4837/4433
f 4436/4838/4434 4437/4839/4435 4438/4840/4436 4439/4841/4437
f 4440/4842/4438 4441/4843/4439 4442/4844/4440 4443/4845/4441
f 4444/4846/4442 4445/4847/4443 4446/4848/4444 4447/4849/4445
f 4448/4850/4446 4449/4851/4447 4450/4852/4448 4451/4853/4449
f 4452/4854/4450 4453/4855/4451 4454/4856/4452 4455/4857/4453
f 4456/4858/4454 4457/4859/4455 4458/4860/4456 4459/4861/4457
f 4460/4862/4458 4461/4863/4459 4462/4864/4460 4463/4865/4461
f 4464/4866/4462 4465/4867/4463 4466/4868/4464 4467/4869/4465
f 4468/4870/4466 4469/4871/4467 4470/4872/4468 4471/4873/4469
f 4472/4874/4470 4473/4875/4471 4474/4876/4472 4475/4877/4473
f 4476/4878/4474 4477/4879/4475 4478/4880/4476 4479/4881/4477
f 4480/4882/4478 4481/4883/4479 4482/4884/4480 4483/4885/4481
f 4484/4886/4482 4485/4887/4483 4486/4888/4484 4487/4889/4485
f 4488/4890/4486 4489/4891/4487 4490/4892/4488 4491/4893/4489
f 4492/4894/4490 4493/4895/4491 4494/4896/4492 4495/4897/4493
f 4496/4898/4494 4497/4899/4495 4498/4900/4496 4499/4901/4497
f 4500/4902/4498 4501/4903/4499 4502/4904/4500 4503/4905/4501
f 4504/4906/4502 4505/4907/4503 4506/4908/4504 4507/4909/4505
f 4497/4899/4495 4508/4910/4506 4509/4911/4507 4498/4900/4496
f 4510/4912/4508 3588/3889/3588 3495/3792/3495 4511/4913/4509
f 4512/4914/4510 3582/3883/3582 3588/3889/3588 4510/4912/4508
f 4513/4915/4511 3580/3881/3580 3582/3883/3582 4512/4914/4510
f 4514/4916/4512 3574/3875/3574 3580/3881/3580 4513/4915/4511
f 4515/4917/4513 3572/3873/3572 3574/3875/3574 4514/4916/4512
f 4516/4918/4514 3566/3867/3566 3572/3873/3572 4515/4917/4513
f 4517/4919/4515 3564/3865/3564 3566/3867/3566 4516/4918/4514
f 4518/4920/4516 3558/3859/3558 3564/3865/3564 4517/4919/4515
f 4519/4921/4517 3556/3857/3556 3558/3859/3558 4518/4920/4516
f 4520/4922/4518 3550/3851/3550 3556/3857/3556 4519/4921/4517
f 4521/4923/4519 3548/3849/3548 3550/3851/3550 4520/4922/4518
f 4522/4924/4520 3542/3846/3542 3548/3849/3548 4521/4923/4519
f 4523/4925/4521 3540/3837/3540 3542/3839/3542 4522/4926/4520
f 4524/4927/4522 3534/3831/3534 3540/3837/3540 4523/4925/4521
f 4525/4928/4523 3532/3829/3532 3534/3831/3534 4524/4927/4522
f 4526/4929/4524 3526/3823/3526 3532/3829/3532 4525/4928/4523
f 4527/4930/4525 3524/3821/3524 3526/3823/3526 4526/4929/4524
f 4528/4931/4526 3518/3815/3518 3524/3821/3524 4527/4930/4525
f 4529/4932/4527 3516/3813/3516 3518/3815/3518 4528/4931/4526
f 4530/4933/4528 3510/3807/3510 3516/3813/3516 4529/4932/4527
f 4531/4934/4529 3508/3805/3508 3510/3807/3510 4530/4933/4528
f 4532/4935/4530 3500/3797/3500 3508/3805/3508 4531/4934/4529
f 4533/4936/4531 3498/3795/3498 3500/3797/3500 4532/4935/4530
f 4511/4913/4509 3495/3792/3495 3498/3795/3498 4533/4936/4531
f 3440/3735/3440 4534/4937/4532 4535/4938/4533 3441/3736/3441
f 3490/3787/3490 4536/4939/4534 4534/4937/4532 3440/3735/3440
f 3485/3782/3485 4537/4940/4535 4536/4939/4534 3490/3787/3490
f 3484/3781/3484 4538/4941/4536 4537/4940/4535 3485/3782/3485
f 3481/3778/3481 4539/4942/4537 4538/4941/4536 3484/3781/3484
f 3480/3777/3480 4540/4943/4538 4539/4942/4537 3481/3778/3481
f 3477/3774/3477 4541/4944/4539 4540/4943/4538 3480/3777/3480
f 3476/3773/3476 4542/4945/4540 4541/4944/4539 3477/3774/3477
f 3473/3770/3473 4543/4946/4541 4542/4945/4540 3476/3773/3476
f 3472/3769/3472 4544/4947/4542 4543/4946/4541 3473/3770/3473
f 3469/3765/3469 4545/4948/4543 4544/4947/4542 3472/3769/3472
f 3468/3764/3468 4546/4949/4544 4545/4948/4543 3469/3765/3469
f 3465/3760/3465 4547/4950/4545 4546/4951/4544 3468/3768/3468
f 3464/3759/3464 4548/4952/4546 4547/4950/4545 3465/3760/3465
f 3461/3756/3461 4549/4953/4547 4548/4952/4546 3464/3759/3464
f 3460/3755/3460 4550/4954/4548 4549/4953/4547 3461/3756/3461
f 3457/3752/3457 4551/4955/4549 4550/4954/4548 3460/3755/3460
f 3456/3751/3456 4552/4956/4550 4551/4955/4549 3457/3752/3457
f 3453/3748/3453 4553/4957/4551 4552/4956/4550 3456/3751/3456
f 3452/3747/3452 4554/4958/4552 4553/4957/4551 3453/3748/3453
f 3447/3742/3447 4555/4959/4553 4554/4958/4552 3452/3747/3452
f 3446/3741/3446 4556/4960/4554 4555/4959/4553 3447/3742/3447
f 3451/3746/3451 4557/4961/4555 4556/4960/4554 3446/3741/3446
f 3441/3736/3441 4535/4938/4533 4557/4961/4555 3451/3746/3451
f 4254/4624/4252 4558/4962/4556 4559/4963/4557 4299/4671/4297
f 4558/4964/4556 4511/4913/4509 4533/4936/4531 4559/4965/4557
f 4299/4671/4297 4559/4963/4557 4560/4966/4558 4297/4669/4295
f 4559/4965/4557 4533/4936/4531 4532/4935/4530 4560/4967/4558
f 4297/4669/4295 4560/4966/4558 4561/4968/4559 4295/4667/4293
f 4560/4967/4558 4532/4935/4530 4531/4934/4529 4561/4969/4559
f 4295/4667/4293 4561/4968/4559 4562/4970/4560 4293/4665/4291
f 4561/4969/4559 4531/4934/4529 4530/4933/4528 4562/4971/4560
f 4293/4665/4291 4562/4970/4560 4563/4972/4561 4291/4663/4289
f 4562/4971/4560 4530/4933/4528 4529/4932/4527 4563/4973/4561
f 4291/4663/4289 4563/4972/4561 4564/4974/4562 4289/4661/4287
f 4563/4973/4561 4529/4932/4527 4528/4931/4526 4564/4975/4562
f 4289/4661/4287 4564/4974/4562 4565/4976/4563 4287/4659/4285
f 4564/4975/4562 4528/4931/4526 4527/4930/4525 4565/4977/4563
f 4287/4659/4285 4565/4976/4563 4566/4978/4564 4285/4657/4283
f 4565/4977/4563 4527/4930/4525 4526/4929/4524 4566/4979/4564
f 4285/4657/4283 4566/4978/4564 4567/4980/4565 4283/4655/4281
f 4566/4979/4564 4526/4929/4524 4525/4928/4523 4567/4981/4565
f 4283/4655/4281 4567/4980/4565 4568/4982/4566 4281/4653/4279
f 4567/4981/4565 4525/4928/4523 4524/4927/4522 4568/4983/4566
f 4281/4653/4279 4568/4982/4566 4569/4984/4567 4279/4649/4277
f 4568/4983/4566 4524/4927/4522 4523/4925/4521 4569/4985/4567
f 4279/4649/4277 4569/4984/4567 4570/4986/4568 4277/4650/4275
f 4569/4985/4567 4523/4925/4521 4522/4926/4520 4570/4987/4568
f 4277/4647/4275 4570/4988/4568 4571/4989/4569 4275/4645/4273
f 4570/4990/4568 4522/4924/4520 4521/4923/4519 4571/4991/4569
f 4275/4645/4273 4571/4989/4569 4572/4992/4570 4273/4643/4271
f 4571/4991/4569 4521/4923/4519 4520/4922/4518 4572/4993/4570
f 4273/4643/4271 4572/4992/4570 4573/4994/4571 4271/4641/4269
f 4572/4993/4570 4520/4922/4518 4519/4921/4517 4573/4995/4571
f 4271/4641/4269 4573/4994/4571 4574/4996/4572 4269/4639/4267
f 4573/4995/4571 4519/4921/4517 4518/4920/4516 4574/4997/4572
f 4269/4639/4267 4574/4996/4572 4575/4998/4573 4267/4637/4265
f 4574/4997/4572 4518/4920/4516 4517/4919/4515 4575/4999/4573
f 4267/4637/4265 4575/4998/4573 4576/5000/4574 4265/4635/4263
f 4575/4999/4573 4517/4919/4515 4516/4918/4514 4576/5001/4574
f 4265/4635/4263 4576/5000/4574 4577/5002/4575 4263/4633/4261
f 4576/5001/4574 4516/4918/4514 4515/4917/4513 4577/5003/4575
f 4263/4633/4261 4577/5002/4575 4578/5004/4576 4261/4631/4259
f 4577/5003/4575 4515/4917/4513 4514/4916/4512 4578/5005/4576
f 4261/4631/4259 4578/5004/4576 4579/5006/4577 4259/4629/4257
f 4578/5005/4576 4514/4916/4512 4513/4915/4511 4579/5007/4577
f 4259/4629/4257 4579/5006/4577 4580/5008/4578 4257/4627/4255
f 4579/5007/4577 4513/4915/4511 4512/4914/4510 4580/5009/4578
f 4257/4627/4255 4580/5008/4578 4581/5010/4579 4253/4623/4251
f 4580/5009/4578 4512/4914/4510 4510/4912/4508 4581/5011/4579
f 4253/4623/4251 4581/5010/4579 4558/4962/4556 4254/4624/4252
f 4581/5011/4579 4510/4912/4508 4511/4913/4509 4558/4964/4556
f 4534/4937/4532 4582/5012/4580 4583/5013/4581 4535/4938/4533
f 4582/5012/4580 4347/5014/4345 4300/5015/4298 4583/5013/4581
f 4536/4939/4534 4584/5016/4582 4582/5012/4580 4534/4937/4532
f 4584/5016/4582 4345/5017/4343 4347/5014/4345 4582/5012/4580
f 4537/4940/4535 4585/5018/4583 4584/5016/4582 4536/4939/4534
f 4585/5018/4583 4343/5019/4341 4345/5017/4343 4584/5016/4582
f 4538/4941/4536 4586/5020/4584 4585/5018/4583 4537/4940/4535
f 4586/5020/4584 4341/5021/4339 4343/5019/4341 4585/5018/4583
f 4539/4942/4537 4587/5022/4585 4586/5020/4584 4538/4941/4536
f 4587/5022/4585 4339/5023/4337 4341/5021/4339 4586/5020/4584
f 4540/4943/4538 4588/5024/4586 4587/5022/4585 4539/4942/4537
f 4588/5024/4586 4337/5025/4335 4339/5023/4337 4587/5022/4585
f 4541/4944/4539 4589/5026/4587 4588/5024/4586 4540/4943/4538
f 4589/5026/4587 4335/5027/4333 4337/5025/4335 4588/5024/4586
f 4542/4945/4540 4590/5028/4588 4589/5026/4587 4541/4944/4539
f 4590/5028/4588 4333/5029/4331 4335/5027/4333 4589/5026/4587
f 4543/4946/4541 4591/5030/4589 4590/5028/4588 4542/4945/4540
f 4591/5030/4589 4331/5031/4329 4333/5029/4331 4590/5028/4588
f 4544/4947/4542 4592/5032/4590 4591/5030/4589 4543/4946/4541
f 4592/5032/4590 4329/5033/4327 4331/5031/4329 4591/5030/4589
f 4545/4948/4543 4593/5034/4591 4592/5032/4590 4544/4947/4542
f 4593/5034/4591 4327/5035/4325 4329/5033/4327 4592/5032/4590
f 4546/4949/4544 4594/5036/4592 4593/5034/4591 4545/4948/4543
f 4594/5036/4592 4325/5037/4323 4327/5035/4325 4593/5034/4591
f 4547/4950/4545 4595/5038/4593 4594/5039/4592 4546/4951/4544
f 4595/5038/4593 4323/5040/4321 4325/5041/4323 4594/5039/4592
f 4548/4952/4546 4596/5042/4594 4595/5038/4593 4547/4950/4545
f 4596/5042/4594 4321/5043/4319 4323/5040/4321 4595/5038/4593
f 4549/4953/4547 4597/5044/4595 4596/5042/4594 4548/4952/4546
f 4597/5044/4595 4319/5045/4317 4321/5043/4319 4596/5042/4594
f 4550/4954/4548 4598/5046/4596 4597/5044/4595 4549/4953/4547
f 4598/5046/4596 4317/5047/4315 4319/5045/4317 4597/5044/4595
f 4551/4955/4549 4599/5048/4597 4598/5046/4596 4550/4954/4548
f 4599/5048/4597 4315/5049/4313 4317/5047/4315 4598/5046/4596
f 4552/4956/4550 4600/5050/4598 4599/5048/4597 4551/4955/4549
f 4600/5050/4598 4313/5051/4311 4315/5049/4313 4599/5048/4597
f 4553/4957/4551 4601/5052/4599 4600/5050/4598 4552/4956/4550
f 4601/5052/4599 4311/5053/4309 4313/5051/4311 4600/5050/4598
f 4554/4958/4552 4602/5054/4600 4601/5052/4599 4553/4957/4551
f 4602/5054/4600 4309/5055/4307 4311/5053/4309 4601/5052/4599
f 4555/4959/4553 4603/5056/4601 4602/5054/4600 4554/4958/4552
f 4603/5056/4601 4307/5057/4305 4309/5055/4307 4602/5054/4600
f 4556/4960/4554 4604/5058/4602 4603/5056/4601 4555/4959/4553
f 4604/5058/4602 4305/5059/4303 4307/5057/4305 4603/5056/4601
f 4557/4961/4555 4605/5060/4603 4604/5058/4602 4556/4960/4554
f 4605/5060/4603 4303/5061/4301 4305/5059/4303 4604/5058/4602
f 4535/4938/4533 4583/5013/4581 4605/5060/4603 4557/4961/4555
f 4583/5013/4581 4300/5015/4298 4303/5061/4301 4605/5060/4603
f 4346/4720/4344 4164/4530/4162 4167/4533/4165 4301/4673/4299
f 4344/4718/4342 4606/5062/4604 4164/4530/4162 4346/4720/4344
f 4342/4716/4340 4607/5063/4605 4606/5062/4604 4344/4718/4342
f 4340/4714/4338 4608/5064/4606 4607/5063/4605 4342/4716/4340
f 4338/4712/4336 4609/5065/4607 4608/5064/4606 4340/4714/4338
f 4336/4710/4334 4610/5066/4608 4609/5065/4607 4338/4712/4336
f 4334/4708/4332 4611/5067/4609 4610/5066/4608 4336/4710/4334
f 4332/4706/4330 4612/5068/4610 4611/5067/4609 4334/4708/4332
f 4330/4704/4328 4613/5069/4611 4612/5068/4610 4332/4706/4330
f 4328/4702/4326 4614/5070/4612 4613/5069/4611 4330/4704/4328
f 4326/4700/4324 4615/5071/4613 4614/5070/4612 4328/4702/4326
f 4324/4699/4322 4616/5072/4614 4615/5071/4613 4326/4700/4324
f 4322/4694/4320 4617/5073/4615 4616/5074/4614 4324/4696/4322
f 4320/4692/4318 4618/5075/4616 4617/5073/4615 4322/4694/4320
f 4318/4690/4316 4619/5076/4617 4618/5075/4616 4320/4692/4318
f 4316/4688/4314 4620/5077/4618 4619/5076/4617 4318/4690/4316
f 4314/4686/4312 4621/5078/4619 4620/5077/4618 4316/4688/4314
f 4312/4684/4310 4622/5079/4620 4621/5078/4619 4314/4686/4312
f 4310/4682/4308 4623/5080/4621 4622/5079/4620 4312/4684/4310
f 4308/4680/4306 4624/5081/4622 4623/5080/4621 4310/4682/4308
f 4306/4678/4304 4625/5082/4623 4624/5081/4622 4308/4680/4306
f 4304/4676/4302 4626/5083/4624 4625/5082/4623 4306/4678/4304
f 4302/4674/4300 4627/5084/4625 4626/5083/4624 4304/4676/4302
f 4301/4673/4299 4167/4533/4165 4627/5084/4625 4302/4674/4300
f 4628/5085/2304 4255/4625/4253 4298/4670/4296 4629/5086/4626
f 4629/5086/4626 4298/4670/4296 4296/4668/4294 4630/5087/4627
f 4630/5087/4627 4296/4668/4294 4294/4666/4292 4631/5088/4628
f 4631/5088/4628 4294/4666/4292 4292/4664/4290 4632/5089/4629
f 4632/5089/4629 4292/4664/4290 4290/4662/4288 4633/5090/4630
f 4633/5090/4630 4290/4662/4288 4288/4660/4286 4634/5091/4631
f 4634/5091/4631 4288/4660/4286 4286/4658/4284 4635/5092/4632
f 4635/5092/4632 4286/4658/4284 4284/4656/4282 4636/5093/4633
f 4636/5093/4633 4284/4656/4282 4282/4654/4280 4637/5094/4634
f 4637/5094/4634 4282/4654/4280 4280/4652/4278 4638/5095/4635
f 4638/5095/4635 4280/4652/4278 4278/4648/4276 4639/5096/4636
f 4639/5096/4636 4278/4648/4276 4276/4651/4274 4640/5097/4637
f 4640/5098/4637 4276/4646/4274 4274/4644/4272 4641/5099/4638
f 4641/5099/4638 4274/4644/4272 4272/4642/4270 4642/5100/4639
f 4642/5100/4639 4272/4642/4270 4270/4640/4268 4643/5101/4640
f 4643/5101/4640 4270/4640/4268 4268/4638/4266 4644/5102/4641
f 4644/5102/4641 4268/4638/4266 4266/4636/4264 4645/5103/4642
f 4645/5103/4642 4266/4636/4264 4264/4634/4262 4646/5104/4643
f 4646/5104/4643 4264/4634/4262 4262/4632/4260 4647/5105/4644
f 4647/5105/4644 4262/4632/4260 4260/4630/4258 4648/5106/4645
f 4648/5106/4645 4260/4630/4258 4258/4628/4256 4649/5107/4646
f 4649/5107/4646 4258/4628/4256 4256/4626/4254 4650/5108/4647
f 4650/5108/4647 4256/4626/4254 4252/4622/4250 4651/5109/4648
f 4651/5109/4648 4252/4622/4250 4255/4625/4253 4628/5085/2304
f 4206/4574/4204 4652/5110/4649 4653/5111/4650 4251/4621/4249
f 3589/3890/3589 4501/4903/4499 4173/4539/4171 4418/4820/4416
f 4654/5112/4651 4413/4815/4411 4415/4817/4413 4655/5113/4652
f 4160/4526/4158 4173/4539/4171 4501/4903/4499 4500/4902/4498
f 4211/4579/4209 4656/5114/4653 4657/5115/4654 4209/4577/4207
f 4500/4902/4498 4493/4895/4491 4161/4527/4159 4160/4526/4158
f 4658/5116/4655 4409/4811/4407 4411/4813/4409 4659/5117/4656
f 4168/4534/4166 4161/4527/4159 4493/4895/4491 4492/4894/4490
f 4215/4583/4213 4660/5118/4657 4661/5119/4658 4213/4581/4211
f 4492/4894/4490 4485/4887/4483 4169/4535/4167 4168/4534/4166
f 4662/5120/4659 4405/4807/4403 4407/4809/4405 4663/5121/4660
f 4174/4540/4172 4169/4535/4167 4485/4887/4483 4484/4886/4482
f 4219/4587/4217 4664/5122/4661 4665/5123/4662 4217/4585/4215
f 4484/4886/4482 4477/4879/4475 4175/4541/4173 4174/4540/4172
f 4666/5124/4663 4401/4803/4399 4403/4805/4401 4667/5125/4664
f 4178/4544/4176 4175/4541/4173 4477/4879/4475 4476/4878/4474
f 4223/4591/4221 4668/5126/4665 4669/5127/4666 4221/4589/4219
f 4476/4878/4474 4469/4871/4467 4179/4545/4177 4178/4544/4176
f 4670/5128/4667 4397/4799/4395 4399/4801/4397 4671/5129/4668
f 4182/4548/4180 4179/4545/4177 4469/4871/4467 4468/4870/4466
f 4227/4595/4225 4672/5130/4669 4673/5131/4670 4225/4593/4223
f 4468/4870/4466 4461/4863/4459 4183/4549/4181 4182/4548/4180
f 4674/5132/4671 4393/4793/4391 4395/4795/4393 4675/5133/4672
f 4186/4561/4184 4183/4549/4181 4461/4863/4459 4460/4862/4458
f 4231/4599/4229 4676/5134/4673 4677/5135/4674 4229/4600/4227
f 4460/5136/4458 4453/4855/4451 4187/4553/4185 4186/4552/4184
f 4678/5137/4675 4389/4789/4387 4391/4791/4389 4679/5138/4676
f 4190/4556/4188 4187/4553/4185 4453/4855/4451 4452/4854/4450
f 4235/4605/4233 4680/5139/4677 4681/5140/4678 4233/4603/4231
f 4452/4854/4450 4445/4847/4443 4191/4557/4189 4190/4556/4188
f 4682/5141/4679 4385/4785/4383 4387/4787/4385 4683/5142/4680
f 4194/4562/4192 4191/4557/4189 4445/4847/4443 4444/4846/4442
f 4239/4609/4237 4684/5143/4681 4685/5144/4682 4237/4607/4235
f 4444/4846/4442 4437/4839/4435 4195/4563/4193 4194/4562/4192
f 4686/5145/4683 4381/4781/4379 4383/4783/4381 4687/5146/4684
f 4198/4566/4196 4195/4563/4193 4437/4839/4435 4436/4838/4434
f 4243/4613/4241 4688/5147/4685 4689/5148/4686 4241/4611/4239
f 4436/4838/4434 4429/4831/4427 4199/4567/4197 4198/4566/4196
f 4690/5149/4687 4377/4777/4375 4379/4779/4377 4691/5150/4688
f 4202/4570/4200 4199/4567/4197 4429/4831/4427 4428/4830/4426
f 4247/4617/4245 4692/5151/4689 4693/5152/4690 4245/4615/4243
f 4428/4830/4426 4421/4823/4419 3493/3790/3493 4202/4570/4200
f 4694/5153/4691 4373/4773/4371 4375/4775/4373 4695/5154/4692
f 3494/3791/3494 3493/3790/3493 4421/4823/4419 4420/4822/4418
f 4251/4621/4249 4653/5111/4650 4696/5155/4693 4249/4619/4247
f 4420/4822/4418 3590/3891/3590 4158/4524/4156 3494/3791/3494
f 4697/5156/4694 4370/4770/4368 4373/4773/4371 4694/5153/4691
f 4418/4820/4416 4158/4524/4156 3590/3891/3590 3589/3890/3589
f 4698/5157/4695 4417/4819/4415 4370/4770/4368 4697/5156/4694
f 4508/4910/4506 4699/5158/4696 4700/5159/4697 4509/4911/4507
f 4249/4619/4247 4696/5155/4693 4692/5151/4689 4247/4617/4245
f 4699/5158/4696 4504/4906/4502 4507/4909/4505 4700/5159/4697
f 4695/5154/4692 4375/4775/4373 4377/4777/4375 4690/5149/4687
f 4423/4825/4421 3591/3892/3591 3590/3891/3590 4420/4822/4418
f 4245/4615/4243 4693/5152/4690 4688/5147/4685 4243/4613/4241
f 4505/4907/4503 4424/4826/4422 4427/4829/4425 4506/4908/4504
f 4691/5150/4688 4379/4779/4377 4381/4781/4379 4686/5145/4683
f 4431/4833/4429 4422/4824/4420 4421/4823/4419 4428/4830/4426
f 4241/4611/4239 4689/5148/4686 4684/5143/4681 4239/4609/4237
f 4425/4827/4423 4432/4834/4430 4435/4837/4433 4426/4828/4424
f 4687/5146/4684 4383/4783/4381 4385/4785/4383 4682/5141/4679
f 4439/4841/4437 4430/4832/4428 4429/4831/4427 4436/4838/4434
f 4237/4607/4235 4685/5144/4682 4680/5139/4677 4235/4605/4233
f 4433/4835/4431 4440/4842/4438 4443/4845/4441 4434/4836/4432
f 4683/5142/4680 4387/4787/4385 4389/4789/4387 4678/5137/4675
f 4447/4849/4445 4438/4840/4436 4437/4839/4435 4444/4846/4442
f 4233/4603/4231 4681/5140/4678 4676/5134/4673 4231/4599/4229
f 4441/4843/4439 4448/4850/4446 4451/4853/4449 4442/4844/4440
f 4679/5138/4676 4391/4791/4389 4393/4793/4391 4674/5132/4671
f 4455/4857/4453 4446/4848/4444 4445/4847/4443 4452/4854/4450
f 4229/4597/4227 4677/5160/4674 4672/5130/4669 4227/4595/4225
f 4449/4851/4447 4456/5161/4454 4459/5162/4457 4450/4852/4448
f 4675/5163/4672 4395/4796/4393 4397/4799/4395 4670/5128/4667
f 4463/5164/4461 4454/4856/4452 4453/4855/4451 4460/5136/4458
f 4225/4593/4223 4673/5131/4670 4668/5126/4665 4223/4591/4221
f 4457/4859/4455 4464/4866/4462 4467/4869/4465 4458/4860/4456
f 4671/5129/4668 4399/4801/4397 4401/4803/4399 4666/5124/4663
f 4471/4873/4469 4462/4864/4460 4461/4863/4459 4468/4870/4466
f 4221/4589/4219 4669/5127/4666 4664/5122/4661 4219/4587/4217
f 4465/4867/4463 4472/4874/4470 4475/4877/4473 4466/4868/4464
f 4667/5125/4664 4403/4805/4401 4405/4807/4403 4662/5120/4659
f 4479/4881/4477 4470/4872/4468 4469/4871/4467 4476/4878/4474
f 4217/4585/4215 4665/5123/4662 4660/5118/4657 4215/4583/4213
f 4473/4875/4471 4480/4882/4478 4483/4885/4481 4474/4876/4472
f 4663/5121/4660 4407/4809/4405 4409/4811/4407 4658/5116/4655
f 4487/4889/4485 4478/4880/4476 4477/4879/4475 4484/4886/4482
f 4213/4581/4211 4661/5119/4658 4656/5114/4653 4211/4579/4209
f 4481/4883/4479 4488/4890/4486 4491/4893/4489 4482/4884/4480
f 4659/5117/4656 4411/4813/4409 4413/4815/4411 4654/5112/4651
f 4495/4897/4493 4486/4888/4484 4485/4887/4483 4492/4894/4490
f 4209/4577/4207 4657/5115/4654 4701/5165/4698 4205/4573/4203
f 4489/4891/4487 4496/4898/4494 4499/4901/4497 4490/4892/4488
f 4655/5113/4652 4415/4817/4413 4417/4819/4415 4698/5157/4695
f 4503/4905/4501 4494/4896/4492 4493/4895/4491 4500/4902/4498
f 4205/4573/4203 4701/5165/4698 4652/5110/4649 4206/4574/4204
f 4419/4821/4417 4159/4525/4157 4158/4524/4156 4418/4820/4416
f 4702/5166/4699 3585/3886/3585 3586/3887/3586 4703/5167/4700
f 4697/5156/4694 4694/5153/4691 4699/5158/4696 4508/4910/4506
f 4653/5111/4650 4652/5110/4649 4702/5166/4699 3502/3799/3502
f 4696/5155/4693 4653/5111/4650 3502/3799/3502 3501/3798/3501
f 4694/5153/4691 4695/5154/4692 4504/4906/4502 4699/5158/4696
f 4695/5154/4692 4690/5149/4687 4505/4907/4503 4504/4906/4502
f 4692/5151/4689 4696/5155/4693 3501/3798/3501 3505/3802/3505
f 4693/5152/4690 4692/5151/4689 3505/3802/3505 3511/3808/3511
f 4690/5149/4687 4691/5150/4688 4424/4826/4422 4505/4907/4503
f 4691/5150/4688 4686/5145/4683 4425/4827/4423 4424/4826/4422
f 4688/5147/4685 4693/5152/4690 3511/3808/3511 3513/3810/3513
f 4689/5148/4686 4688/5147/4685 3513/3810/3513 3519/3816/3519
f 4686/5145/4683 4687/5146/4684 4432/4834/4430 4425/4827/4423
f 4687/5146/4684 4682/5141/4679 4433/4835/4431 4432/4834/4430
f 4684/5143/4681 4689/5148/4686 3519/3816/3519 3521/3818/3521
f 4685/5144/4682 4684/5143/4681 3521/3818/3521 3527/3824/3527
f 4682/5141/4679 4683/5142/4680 4440/4842/4438 4433/4835/4431
f 4683/5142/4680 4678/5137/4675 4441/4843/4439 4440/4842/4438
f 4680/5139/4677 4685/5144/4682 3527/3824/3527 3529/3826/3529
f 4681/5140/4678 4680/5139/4677 3529/3826/3529 3535/3832/3535
f 4678/5137/4675 4679/5138/4676 4448/4850/4446 4441/4843/4439
f 4679/5138/4676 4674/5132/4671 4449/4851/4447 4448/4850/4446
f 4676/5134/4673 4681/5140/4678 3535/3832/3535 3537/3834/3537
f 4677/5135/4674 4676/5134/4673 3537/3834/3537 3543/3840/3543
f 4674/5132/4671 4675/5133/4672 4456/5161/4454 4449/4851/4447
f 4675/5163/4672 4670/5128/4667 4457/4859/4455 4456/4858/4454
f 4672/5130/4669 4677/5160/4674 3543/3843/3543 3545/3842/3545
f 4673/5131/4670 4672/5130/4669 3545/3842/3545 3551/3852/3551
f 4670/5128/4667 4671/5129/4668 4464/4866/4462 4457/4859/4455
f 4671/5129/4668 4666/5124/4663 4465/4867/4463 4464/4866/4462
f 4668/5126/4665 4673/5131/4670 3551/3852/3551 3553/3854/3553
f 4669/5127/4666 4668/5126/4665 3553/3854/3553 3559/3860/3559
f 4666/5124/4663 4667/5125/4664 4472/4874/4470 4465/4867/4463
f 4667/5125/4664 4662/5120/4659 4473/4875/4471 4472/4874/4470
f 4664/5122/4661 4669/5127/4666 3559/3860/3559 3561/3862/3561
f 4665/5123/4662 4664/5122/4661 3561/3862/3561 3567/3868/3567
f 4662/5120/4659 4663/5121/4660 4480/4882/4478 4473/4875/4471
f 4663/5121/4660 4658/5116/4655 4481/4883/4479 4480/4882/4478
f 4660/5118/4657 4665/5123/4662 3567/3868/3567 3569/3870/3569
f 4661/5119/4658 4660/5118/4657 3569/3870/3569 3575/3876/3575
f 4658/5116/4655 4659/5117/4656 4488/4890/4486 4481/4883/4479
f 4659/5117/4656 4654/5112/4651 4489/4891/4487 4488/4890/4486
f 4656/5114/4653 4661/5119/4658 3575/3876/3575 3577/3878/3577
f 4657/5115/4654 4656/5114/4653 3577/3878/3577 3583/3884/3583
f 4654/5112/4651 4655/5113/4652 4496/4898/4494 4489/4891/4487
f 4655/5113/4652 4698/5157/4695 4497/4899/4495 4496/4898/4494
f 4701/5165/4698 4657/5115/4654 3583/3884/3583 3585/3886/3585
f 4652/5110/4649 4701/5165/4698 3585/3886/3585 4702/5166/4699
f 4698/5157/4695 4697/5156/4694 4508/4910/4506 4497/4899/4495
f 3592/3893/3592 4502/4904/4500 4501/4903/4499 3589/3890/3589
f 4606/5062/4604 4369/4768/4367 4165/4531/4163 4164/4530/4162
f 4607/5063/4605 4368/4766/4366 4369/4768/4367 4606/5062/4604
f 4608/5064/4606 4367/4764/4365 4368/4766/4366 4607/5063/4605
f 4609/5065/4607 4366/4762/4364 4367/4764/4365 4608/5064/4606
f 4610/5066/4608 4365/4760/4363 4366/4762/4364 4609/5065/4607
f 4611/5067/4609 4364/4758/4362 4365/4760/4363 4610/5066/4608
f 4612/5068/4610 4363/4756/4361 4364/4758/4362 4611/5067/4609
f 4613/5069/4611 4362/4754/4360 4363/4756/4361 4612/5068/4610
f 4614/5070/4612 4361/4752/4359 4362/4754/4360 4613/5069/4611
f 4615/5071/4613 4360/4750/4358 4361/4752/4359 4614/5070/4612
f 4616/5072/4614 4359/4747/4357 4360/4750/4358 4615/5071/4613
f 4617/5073/4615 4358/4744/4356 4359/4746/4357 4616/5074/4614
f 4618/5075/4616 4357/4742/4355 4358/4744/4356 4617/5073/4615
f 4619/5076/4617 4356/4740/4354 4357/4742/4355 4618/5075/4616
f 4620/5077/4618 4355/4738/4353 4356/4740/4354 4619/5076/4617
f 4621/5078/4619 4354/4736/4352 4355/4738/4353 4620/5077/4618
f 4622/5079/4620 4353/4734/4351 4354/4736/4352 4621/5078/4619
f 4623/5080/4621 4352/4732/4350 4353/4734/4351 4622/5079/4620
f 4624/5081/4622 4351/4730/4349 4352/4732/4350 4623/5080/4621
f 4625/5082/4623 4350/4728/4348 4351/4730/4349 4624/5081/4622
f 4626/5083/4624 4349/4726/4347 4350/4728/4348 4625/5082/4623
f 4627/5084/4625 4348/4724/4346 4349/4726/4347 4626/5083/4624
f 4167/4533/4165 4166/4532/4164 4348/4724/4346 4627/5084/4625
f 4416/5168/4414 4651/5109/4648 4628/5085/2304 4371/5169/4369
f 4414/5170/4412 4650/5108/4647 4651/5109/4648 4416/5168/4414
f 4412/5171/4410 4649/5107/4646 4650/5108/4647 4414/5170/4412
f 4410/5172/4408 4648/5106/4645 4649/5107/4646 4412/5171/4410
f 4408/5173/4406 4647/5105/4644 4648/5106/4645 4410/5172/4408
f 4406/5174/4404 4646/5104/4643 4647/5105/4644 4408/5173/4406
f 4404/5175/4402 4645/5103/4642 4646/5104/4643 4406/5174/4404
f 4402/5176/4400 4644/5102/4641 4645/5103/4642 4404/5175/4402
f 4400/5177/4398 4643/5101/4640 4644/5102/4641 4402/5176/4400
f 4398/5178/4396 4642/5100/4639 4643/5101/4640 4400/5177/4398
f 4396/5179/4394 4641/5099/4638 4642/5100/4639 4398/5178/4396
f 4394/5180/4392 4640/5098/4637 4641/5099/4638 4396/5179/4394
f 4392/5181/4390 4639/5096/4636 4640/5097/4637 4394/5182/4392
f 4390/5183/4388 4638/5095/4635 4639/5096/4636 4392/5181/4390
f 4388/5184/4386 4637/5094/4634 4638/5095/4635 4390/5183/4388
f 4386/5185/4384 4636/5093/4633 4637/5094/4634 4388/5184/4386
f 4384/5186/4382 4635/5092/4632 4636/5093/4633 4386/5185/4384
f 4382/5187/4380 4634/5091/4631 4635/5092/4632 4384/5186/4382
f 4380/5188/4378 4633/5090/4630 4634/5091/4631 4382/5187/4380
f 4378/5189/4376 4632/5089/4629 4633/5090/4630 4380/5188/4378
f 4376/5190/4374 4631/5088/4628 4632/5089/4629 4378/5189/4376
f 4374/5191/4372 4630/5087/4627 4631/5088/4628 4376/5190/4374
f 4372/5192/4370 4629/5086/4626 4630/5087/4627 4374/5191/4372
f 4371/5169/4369 4628/5085/2304 4629/5086/4626 4372/5192/4370
f 3444/3739/3444 3398/3691/3398 3395/3688/3395 3445/3740/3445
f 3449/3744/3449 3402/3695/3402 3399/3692/3399 3443/3738/3443
f 3455/3750/3455 3406/3699/3406 3403/3696/3403 3448/3743/3448
f 3459/3754/3459 3410/3703/3410 3407/3700/3407 3454/3749/3454
f 3463/3758/3463 3414/3707/3414 3411/3704/3411 3458/3753/3458
f 3467/3762/3467 3418/3713/3418 3415/3712/3415 3462/3763/3462
f 3471/3767/3471 3422/3717/3422 3419/3714/3419 3466/3761/3466
f 3475/3772/3475 3426/3721/3426 3423/3718/3423 3470/3766/3470
f 3479/3776/3479 3430/3725/3430 3427/3722/3427 3474/3771/3474
f 3483/3780/3483 3434/3729/3434 3431/3726/3431 3478/3775/3478
f 3439/3734/3439 3438/3733/3438 3435/3730/3435 3482/3779/3482
f 3450/3745/3450 3394/3687/3394 3393/3686/3393 3442/3737/3442
f 3597/3898/3597 3593/3894/3593 3594/3895/3594 3623/3925/3623
f 3600/3901/3600 3597/3898/3597 3623/3925/3623 3627/3929/3627
f 3595/3896/3595 3600/3901/3600 3627/3929/3627 3629/3931/3629
f 3596/3897/3596 3595/3896/3595 3629/3931/3629 3633/3935/3633
f 3598/3899/3598 3596/3897/3596 3633/3935/3633 3635/3937/3635
f 3599/3900/3599 3598/3899/3598 3635/3937/3635 3639/3941/3639
f 3601/3902/3601 3599/3900/3599 3639/3941/3639 3641/3943/3641
f 3602/3903/3602 3601/3902/3601 3641/3943/3641 3645/3947/3645
f 3603/3904/3603 3602/3903/3602 3645/3947/3645 3647/3949/3647
f 3604/3905/3604 3603/3904/3603 3647/3949/3647 3651/3953/3651
f 3605/3906/3605 3604/3910/3604 3651/3954/3651 3653/3957/3653
f 3606/3907/3606 3605/3906/3605 3653/3957/3653 3657/3962/3657
f 3607/3908/3607 3606/3907/3606 3657/3962/3657 3659/3964/3659
f 3608/3909/3608 3607/3908/3607 3659/3964/3659 3663/3968/3663
f 3609/3911/3609 3608/3909/3608 3663/3968/3663 3665/3970/3665
f 3610/3912/3610 3609/3911/3609 3665/3970/3665 3669/3974/3669
f 3611/3913/3611 3610/3912/3610 3669/3974/3669 3671/3976/3671
f 3612/3914/3612 3611/3913/3611 3671/3976/3671 3675/3980/3675
f 3613/3915/3613 3612/3914/3612 3675/3980/3675 3677/3982/3677
f 3614/3916/3614 3613/3915/3613 3677/3982/3677 3681/3986/3681
f 3615/3917/3615 3614/3916/3614 3681/3986/3681 3683/3988/3683
f 3487/3784/3487 3615/3917/3615 3683/3988/3683 3488/3785/3488
f 3445/3740/3445 3395/3688/3395 3394/3687/3394 3450/3745/3450
f 3487/3784/3487 3486/3783/3486 3497/3794/3497 3496/3793/3496
f 4159/4525/4157 4419/4821/4417 4509/5193/4507 4700/5194/4697
f 3592/3893/3592 3591/3892/3591 3503/5195/3503 4703/5196/4700
f 3591/3892/3591 4423/4825/4421 3504/5197/3504 3503/5195/3503
f 3491/3788/3491 4159/4525/4157 4700/5194/4697 4507/5198/4505
f 3492/3789/3492 3491/3788/3491 4507/5198/4505 4506/5199/4504
f 4423/4825/4421 4422/4824/4420 3506/5200/3506 3504/5197/3504
f 4422/4824/4420 4431/4833/4429 3512/5201/3512 3506/5200/3506
f 4203/4571/4201 3492/3789/3492 4506/5199/4504 4427/5202/4425
f 4200/4568/4198 4203/4571/4201 4427/5202/4425 4426/5203/4424
f 4431/4833/4429 4430/4832/4428 3514/5204/3514 3512/5201/3512
f 4430/4832/4428 4439/4841/4437 3520/5205/3520 3514/5204/3514
f 4201/4569/4199 4200/4568/4198 4426/5203/4424 4435/5206/4433
f 4196/4564/4194 4201/4569/4199 4435/5206/4433 4434/5207/4432
f 4439/4841/4437 4438/4840/4436 3522/5208/3522 3520/5205/3520
f 4438/4840/4436 4447/4849/4445 3528/5209/3528 3522/5208/3522
f 4197/4565/4195 4196/4564/4194 4434/5207/4432 4443/5210/4441
f 4192/4558/4190 4197/4565/4195 4443/5210/4441 4442/5211/4440
f 4447/4849/4445 4446/4848/4444 3530/5212/3530 3528/5209/3528
f 4446/4848/4444 4455/4857/4453 3536/5213/3536 3530/5212/3530
f 4193/4559/4191 4192/4558/4190 4442/5211/4440 4451/5214/4449
f 4188/4554/4186 4193/4559/4191 4451/5214/4449 4450/5215/4448
f 4455/4857/4453 4454/4856/4452 3538/5216/3538 3536/5213/3536
f 4454/4856/4452 4463/5164/4461 3544/5217/3544 3538/5216/3538
f 4189/4555/4187 4188/4554/4186 4450/5215/4448 4459/5218/4457
f 4184/4550/4182 4189/4560/4187 4459/5219/4457 4458/5220/4456
f 4463/4865/4461 4462/4864/4460 3546/5221/3546 3544/5222/3544
f 4462/4864/4460 4471/4873/4469 3552/5223/3552 3546/5221/3546
f 4185/4551/4183 4184/4550/4182 4458/5220/4456 4467/5224/4465
f 4180/4546/4178 4185/4551/4183 4467/5224/4465 4466/5225/4464
f 4471/4873/4469 4470/4872/4468 3554/5226/3554 3552/5223/3552
f 4470/4872/4468 4479/4881/4477 3560/5227/3560 3554/5226/3554
f 4181/4547/4179 4180/4546/4178 4466/5225/4464 4475/5228/4473
f 4176/4542/4174 4181/4547/4179 4475/5228/4473 4474/5229/4472
f 4479/4881/4477 4478/4880/4476 3562/5230/3562 3560/5227/3560
f 4478/4880/4476 4487/4889/4485 3568/5231/3568 3562/5230/3562
f 4177/4543/4175 4176/4542/4174 4474/5229/4472 4483/5232/4481
f 4170/4536/4168 4177/4543/4175 4483/5232/4481 4482/5233/4480
f 4487/4889/4485 4486/4888/4484 3570/5234/3570 3568/5231/3568
f 4486/4888/4484 4495/4897/4493 3576/5235/3576 3570/5234/3570
f 4171/4537/4169 4170/4536/4168 4482/5233/4480 4491/5236/4489
f 4162/4528/4160 4171/4537/4169 4491/5236/4489 4490/5237/4488
f 4495/4897/4493 4494/4896/4492 3578/5238/3578 3576/5235/3576
f 4494/4896/4492 4503/4905/4501 3584/5239/3584 3578/5238/3578
f 4163/4529/4161 4162/4528/4160 4490/5237/4488 4499/5240/4497
f 4172/4538/4170 4163/4529/4161 4499/5240/4497 4498/5241/4496
f 4503/4905/4501 4502/4904/4500 3586/5242/3586 3584/5239/3584
f 4502/4904/4500 3592/3893/3592 4703/5196/4700 3586/5242/3586
f 4419/4821/4417 4172/4538/4170 4498/5241/4496 4509/5193/4507
f 3502/3799/3502 4702/5166/4699 4703/5167/4700 3503/3800/3503
f 4704/5243/4701 4077/4442/4076 4147/4513/4145 4146/4512/4144
f 4081/4446/4080 4704/5244/4701 4146/4511/4144 4145/4510/4143
f 4705/5245/4702 4075/4440/4074 4077/4442/4076 4704/5243/4701
f 4080/4445/4079 4705/5246/4702 4704/5244/4701 4081/4446/4080
f 4706/5247/2439 4076/4441/4075 4075/4440/4074 4705/5245/4702
f 4083/4448/4082 4706/5248/2439 4705/5246/4702 4080/4445/4079
f 4707/5249/4703 4122/4487/4120 4076/4441/4075 4706/5247/2439
f 4124/4489/4122 4707/5250/4703 4706/5248/2439 4083/4448/4082
f 4708/5251/4704 3975/4314/3975 4122/4487/4120 4707/5249/4703
f 3971/4309/3971 4708/5252/4704 4707/5250/4703 4124/4489/4122
f 3972/4311/3972 3973/4312/3973 3975/4314/3975 4708/5251/4704
f 3970/4308/3970 3972/4310/3972 4708/5252/4704 3971/4309/3971
f 2874/3055/2874 2997/3240/2997 3005/3253/3005 3004/3252/3004
f 2875/3056/2875 2874/3055/2874 3004/3252/3004 3003/3250/3003
f 3008/3256/3008 3007/3255/3007 3001/3247/3001 2999/3244/2999
f 3009/3257/3009 3008/3256/3008 2999/3244/2999 2989/3228/2989
f 3006/3254/3006 2875/3056/2875 3003/3250/3003 2993/3234/2993
f 3010/3258/3010 3006/3254/3006 2993/3234/2993 2981/3216/2981
f 3011/3259/3011 3009/3257/3009 2989/3228/2989 2985/3222/2985
f 3012/3260/3012 3011/3259/3011 2985/3222/2985 2973/3204/2973
f 3013/3261/3013 3010/3258/3010 2981/3216/2981 2977/3210/2977
f 2947/3166/2947 3013/3261/3013 2977/3210/2977 2966/3193/2966
f 3014/3262/3014 3012/3260/3012 2973/3204/2973 2969/3198/2969
f 3015/3263/3015 3014/3262/3014 2969/3198/2969 2958/3181/2958
f 2948/3167/2948 2947/3166/2947 2966/3193/2966 2965/3192/2965
f 3016/3264/3016 2948/3167/2948 2965/3192/2965 2962/3187/2962
f 3017/3265/3017 3015/3263/3015 2958/3181/2958 2954/3175/2954
f 2919/3119/2919 3017/3265/3017 2954/3175/2954 2941/3156/2941
f 2888/3075/2888 3016/3264/3016 2962/3187/2962 2944/3161/2944
f 2889/3076/2889 2888/3075/2888 2944/3161/2944 2933/3144/2933
f 2920/3120/2920 2919/3119/2919 2941/3156/2941 2940/3155/2940
f 3019/3267/3019 2920/3120/2920 2940/3155/2940 2937/3150/2937
f 2906/3100/2906 2889/3076/2889 2933/3144/2933 2932/3143/2932
f 3021/5253/3021 2906/3100/2906 2932/3143/2932 2929/3272/2929
f 2912/3109/2912 2911/3108/2911 3018/3266/3018 2925/3127/2925
f 2926/3129/2926 2912/3109/2912 2925/3127/2925 2898/3088/2898
f 3020/3268/3020 3019/3267/3019 2937/3150/2937 2936/3149/2936
f 2911/3108/2911 3020/3268/3020 2936/3149/2936 3018/3266/3018
f 3022/3270/3022 3021/3269/3021 2929/3136/2929 2902/3094/2902
f 3024/3273/3024 3022/3270/3022 2902/3094/2902 2884/3068/2884
f 3023/3271/3023 2926/3129/2926 2898/3088/2898 2897/3087/2897
f 2997/3240/2997 3023/3271/3023 2897/3087/2897 3005/3253/3005
f 3025/3274/3025 3024/3273/3024 2884/3068/2884 2883/3067/2883
f 3007/3255/3007 3025/3274/3025 2883/3067/2883 3001/3247/3001
f 2906/3100/2906 3021/5253/3021 2908/3137/2908 2907/3101/2907
f 3757/4068/3757 4709/5254/4705 4030/4395/4030 3760/4069/3760
f 4709/5254/4705 4710/5255/4706 3823/4146/3823 4030/4395/4030
f 4710/5255/4706 3818/5256/3818 3820/4147/3820 3823/4146/3823
f 3756/4063/3756 4032/4397/4032 4709/5257/4705 3757/4064/3757
f 4032/4397/4032 3815/4135/3815 4710/5258/4706 4709/5257/4705
f 3815/4135/3815 3814/4134/3814 3818/5259/3818 4710/5258/4706
f 4711/5260/4707 4712/5261/4708 4713/5262/4709 4714/5263/4710
f 4715/5264/4711 4716/5265/4712 4717/5266/4713 4718/5267/4714
f 4719/5268/4715 4720/5269/4715 4721/5270/4716 4722/5271/4716
f 4723/5272/4717 4724/5273/4718 4725/5274/4719 4726/5275/4720
f 4727/5276/4721 4728/5277/4722 4729/5278/4723 4730/5279/4724
f 4731/5280/4725 4732/5281/4726 4733/5282/4727 4734/5283/4728
f 4735/5284/4729 4736/5285/4730 4737/5286/4731 4738/5287/4732
f 4739/5288/4733 4740/5289/4734 4741/5290/4727 4742/5291/4735
f 4743/5292/4736 4744/5293/4737 4745/5294/4738 4746/5295/4739
f 4747/5296/4740 4748/5297/4741 4749/5298/4709 4750/5299/4742
f 4751/5300/4743 4752/5301/4744 4753/5302/4745 4754/5303/4746
f 4755/5304/4747 4756/5305/4748 4757/5306/4749 4758/5307/4750
f 4759/5308/4751 4760/5309/4752 4761/5310/4753 4762/5311/4751
f 4763/5312/4754 4755/5304/4747 4758/5307/4750 4764/5313/4755
f 4765/5314/4756 4766/5315/4757 4767/5316/4758 4768/5317/4759
f 4764/5313/4755 4758/5307/4750 4769/5318/4760 4770/5319/4761
f 4771/5320/4762 4772/5321/4763 4773/5322/4764 4774/5323/4765
f 4775/5324/4766 4776/5325/4767 4777/5326/4768 4778/5327/4769
f 4779/5328/4770 4771/5320/4762 4774/5323/4765 4780/5329/4771
f 4781/5330/4772 4782/5331/4773 4783/5332/4774 4784/5333/4750
f 4780/5329/4771 4774/5323/4765 4785/5334/4775 4786/5335/4776
f 4787/5336/4777 4781/5330/4772 4784/5333/4750 4788/5337/4755
f 4789/5338/4778 4790/5339/4779 4791/5340/4780 4792/5341/4765
f 4788/5337/4755 4784/5333/4750 4793/5342/4781 4794/5343/4782
f 4795/5344/4783 4789/5338/4778 4792/5341/4765 4796/5345/4771
f 4797/5346/4784 4798/5347/4785 4799/5348/4758 4800/5349/4786
f 4796/5345/4771 4792/5341/4765 4801/5350/4787 4802/5351/4788
f 4803/5352/4789 4804/5353/4790 4805/5354/4791 4806/5355/4722
f 4807/5356/4792 4808/5357/4793 4809/5358/4794 4810/5359/4795
f 4811/5360/4796 4803/5352/4789 4806/5355/4722 4812/5361/4721
f 4813/5362/4722 4814/5363/4791 4815/5364/4791 4816/5365/4722
f 4812/5361/4721 4806/5355/4722 4817/5366/4722 4818/5367/4721
f 4819/5368/4721 4813/5362/4722 4816/5365/4722 4820/5369/4721
f 4821/5370/4722 4822/5371/4791 4823/5372/4791 4824/5373/4722
f 4820/5369/4721 4816/5365/4722 4825/5374/4722 4826/5375/4721
f 4827/5376/4721 4821/5370/4722 4824/5373/4722 4828/5377/4721
f 4829/5378/4797 4830/5379/4718 4831/5380/4719 4832/5381/4798
f 4828/5377/4721 4824/5373/4722 4833/5382/4799 4834/5383/4800
f 4835/5384/4801 4723/5272/4717 4726/5275/4720 4836/5385/4802
f 4837/5386/4803 4838/5387/4790 4839/5388/4791 4840/5389/4722
f 4841/5390/4804 4842/5391/4805 4843/5392/4806 4844/5393/4807
f 4845/5394/4808 4837/5386/4803 4840/5389/4722 4846/5395/4721
f 4847/5396/4722 4848/5397/4791 4849/5398/4791 4728/5277/4722
f 4846/5395/4721 4840/5389/4722 4850/5399/4722 4851/5400/4721
f 4852/5401/4809 4853/5402/4810 4854/5403/4811 4855/5404/4812
f 4856/5405/4813 4857/5406/4814 4858/5407/4815 4859/5408/4816
f 4855/5404/4812 4854/5403/4811 4857/5406/4814 4856/5405/4813
f 4857/5406/4814 4860/5409/4817 4861/5410/4818 4858/5407/4815
f 4862/5411/4819 4863/5412/4820 4864/5413/4821 4865/5414/4822
f 4866/5415/4823 4867/5416/4824 4868/5417/4825 4869/5418/4826
f 4870/5419/4827 4871/5420/4828 4867/5416/4824 4866/5415/4823
f 4867/5416/4824 4872/5421/4829 4873/5422/4830 4868/5417/4825
f 4874/5423/4831 4871/5420/4828 4870/5419/4827 4875/5424/4832
f 4876/5425/4833 4877/5426/4834 4878/5427/4835 4879/5428/4836
f 4880/5429/4837 4881/5430/4838 4877/5426/4834 4876/5425/4833
f 4877/5426/4834 4882/5431/4839 4883/5432/4840 4878/5427/4835
f 4884/5433/4841 4885/5434/4842 4881/5430/4838 4880/5429/4837
f 4886/5435/4843 4887/5436/4844 4888/5437/4845 4889/5438/4846
f 4890/5439/4847 4891/5440/4848 4887/5436/4844 4886/5435/4843
f 4887/5436/4844 4892/5441/4849 4893/5442/4840 4888/5437/4845
f 4894/5443/4809 4895/5444/4850 4891/5440/4848 4890/5439/4847
f 4896/5445/4851 4897/5446/4852 4898/5447/4853 4899/5448/4854
f 4900/5449/4855 4901/5450/4856 4897/5446/4852 4896/5445/4851
f 4897/5446/4852 4902/5451/4857 4903/5452/4818 4898/5447/4853
f 4904/5453/4841 4905/5454/4842 4901/5450/4856 4900/5449/4855
f 4906/5455/4858 4907/5456/4859 4908/5457/4860 4909/5458/4861
f 4910/5459/4862 4911/5460/4863 4907/5456/4859 4906/5455/4858
f 4907/5456/4859 4912/5461/4864 4913/5462/4865 4908/5457/4860
f 4878/5427/4835 4911/5460/4863 4910/5459/4862 4879/5428/4836
f 4914/5463/4866 4915/5464/4867 4916/5465/4868 4917/5466/4869
f 4918/5467/4870 4919/5468/4871 4915/5464/4867 4914/5463/4866
f 4915/5464/4867 4920/5469/4872 4921/5470/4873 4916/5465/4868
f 4922/5471/4874 4919/5468/4871 4918/5467/4870 4923/5472/4875
f 4924/5473/4876 4925/5474/4877 4926/5475/4878 4927/5476/4879
f 4928/5477/4880 4929/5478/4881 4925/5474/4877 4924/5473/4876
f 4925/5474/4877 4930/5479/4882 4931/5480/4883 4926/5475/4878
f 4932/5481/4884 4929/5478/4881 4928/5477/4880 4933/5482/4885
f 4934/5483/4886 4935/5484/4887 4936/5485/4888 4937/5486/4889
f 4938/5487/4890 4939/5488/4891 4935/5484/4887 4934/5483/4886
f 4935/5484/4887 4940/5489/4864 4941/5490/4892 4936/5485/4888
f 4888/5437/4845 4939/5488/4891 4938/5487/4890 4889/5438/4846
f 4942/5491/4893 4943/5492/4894 4944/5493/4895 4945/5494/4896
f 4946/5495/4897 4947/5496/4898 4943/5492/4894 4942/5491/4893
f 4943/5492/4894 4948/5497/4882 4949/5498/4899 4944/5493/4895
f 4950/5499/4900 4947/5496/4898 4946/5495/4897 4951/5500/4901
f 4952/5501/4902 4953/5502/4903 4954/5503/4904 4955/5504/4905
f 4956/5505/4906 4957/5506/4907 4953/5502/4903 4952/5501/4902
f 4953/5502/4903 4958/5507/4908 4959/5508/4873 4954/5503/4904
f 4898/5447/4853 4957/5506/4907 4956/5505/4906 4899/5448/4854
f 4859/5408/4816 4875/5424/4832 4960/5509/4909 4961/5510/4910
f 4909/5458/4861 4962/5511/4861 4963/5512/4911 4964/5513/4911
f 4917/5466/4869 4965/5514/4912 4966/5515/4865 4913/5462/4865
f 4967/5516/4913 4968/5517/4914 4969/5518/4915 4921/5470/4873
f 4927/5476/4879 4970/5519/4916 4971/5520/4909 4972/5521/4910
f 4937/5486/4889 4973/5522/4917 4974/5523/4918 4931/5480/4883
f 4945/5494/4896 4975/5524/4919 4976/5525/4920 4941/5490/4892
f 4955/5504/4905 4977/5526/4921 4978/5527/4922 4949/5498/4899
f 4979/5528/4923 4980/5529/4924 4981/5530/4925 4982/5531/4926
f 4983/5532/4927 4984/5533/4928 4980/5529/4924 4979/5528/4923
f 4980/5529/4924 4985/5534/4929 4986/5535/4930 4981/5530/4925
f 4987/5536/4860 4984/5533/4928 4983/5532/4927 4962/5511/4861
f 4988/5537/4929 4989/5538/4929 4990/5539/4930 4991/5540/4930
f 4992/5541/4931 4993/5542/4931 4989/5538/4929 4988/5537/4929
f 4989/5538/4929 4994/5543/4929 4995/5544/4930 4990/5539/4930
f 4996/5545/4932 4993/5542/4931 4992/5541/4931 4965/5514/4912
f 4997/5546/4929 4998/5547/4929 4999/5548/4930 5000/5549/4930
f 5001/5550/4931 5002/5551/4931 4998/5547/4929 4997/5546/4929
f 4998/5547/4929 5003/5552/4929 5004/5553/4930 4999/5548/4930
f 5005/5554/4933 5002/5551/4931 5001/5550/4931 4968/5517/4914
f 5006/5555/4934 5007/5556/4935 5008/5557/4825 5009/5558/4936
f 5010/5559/4937 5011/5560/4938 5007/5556/4935 5006/5555/4934
f 5007/5556/4935 5012/5561/4939 5013/5562/4830 5008/5557/4825
f 5014/5563/4940 5011/5560/4938 5010/5559/4937 4970/5519/4916
f 5015/5564/4941 5016/5565/4942 5017/5566/4943 5018/5567/4926
f 5019/5568/4944 5020/5569/4945 5016/5565/4942 5015/5564/4941
f 5016/5565/4942 5021/5570/4929 5022/5571/4930 5017/5566/4943
f 5023/5572/4946 5020/5569/4945 5019/5568/4944 4977/5526/4921
f 5024/5573/4929 5025/5574/4929 5026/5575/4930 5027/5576/4930
f 5028/5577/4931 5029/5578/4931 5025/5574/4929 5024/5573/4929
f 5025/5574/4929 5030/5579/4929 5031/5580/4930 5026/5575/4930
f 5032/5581/4933 5029/5578/4931 5028/5577/4931 5033/5582/4914
f 5034/5583/4947 5035/5584/4948 4885/5434/4842 4884/5433/4841
f 5036/5585/4949 5037/5586/4950 5038/5587/4951 5035/5588/4948
f 5035/5584/4948 5038/5589/4951 5039/5590/4952 4885/5434/4842
f 5040/5591/4953 5041/5592/4954 4853/5402/4810 4852/5401/4809
f 5042/5593/4949 5043/5594/4950 5044/5595/4955 5041/5596/4954
f 5041/5592/4954 5044/5597/4955 5045/5598/4956 4853/5402/4810
f 5046/5599/4947 5047/5600/4957 4905/5454/4842 4904/5453/4841
f 5048/5601/4949 5049/5602/4958 5050/5603/4959 5047/5604/4957
f 5047/5600/4957 5050/5605/4959 5051/5606/4956 4905/5454/4842
f 5052/5607/4960 5053/5608/4961 4895/5444/4850 4894/5443/4809
f 5054/5609/4962 5055/5610/4963 5056/5611/4964 5053/5612/4961
f 5053/5608/4961 5056/5613/4964 5057/5614/4965 4895/5444/4850
f 5058/5615/4966 5059/5616/4967 5060/5617/4968 5061/5618/4969
f 5062/5619/4970 5063/5620/4971 5064/5621/4972 5059/5622/4967
f 5059/5616/4967 5064/5623/4972 5065/5624/4973 5060/5617/4968
f 5066/5625/4715 5067/5626/4715 5068/5627/4911 5069/5628/4911
f 5070/5629/4716 5071/5630/4716 5072/5631/4974 5067/5632/4715
f 5067/5626/4715 5072/5633/4974 5073/5634/4911 5068/5627/4911
f 4720/5635/4715 4719/5636/4715 4964/5513/4911 4963/5512/4911
f 5074/5637/4975 5075/5638/4976 5076/5639/4977 5077/5640/4978
f 5078/5641/4979 4721/5270/4716 4720/5269/4715 5075/5642/4976
f 5075/5638/4976 4720/5635/4715 4963/5512/4911 5076/5639/4977
f 5079/5643/4980 5080/5644/4981 4872/5421/4829 5081/5645/4982
f 5082/5646/4983 5083/5647/4984 5084/5648/4985 5080/5649/4981
f 5080/5644/4981 5084/5650/4985 4873/5422/4830 4872/5421/4829
f 5085/5651/4986 5086/5652/4987 4860/5409/4817 5087/5653/4988
f 5088/5654/4989 5089/5655/4990 5090/5656/4991 5086/5657/4987
f 5086/5652/4987 5090/5658/4991 4861/5410/4818 4860/5409/4817
f 5091/5659/4992 5092/5660/4993 4922/5471/4874 4923/5472/4875
f 5093/5661/4994 5094/5662/4995 5095/5663/4955 5092/5664/4993
f 5092/5660/4993 5095/5665/4955 5096/5666/4996 4922/5471/4874
f 5097/5667/4997 5098/5668/4998 4932/5481/4884 4933/5482/4885
f 5099/5669/4999 5100/5670/5000 5101/5671/5001 5098/5672/4998
f 5098/5668/4998 5101/5673/5001 5102/5674/5002 4932/5481/4884
f 5103/5675/5003 5104/5676/5004 4950/5499/4900 4951/5500/4901
f 5105/5677/5005 5106/5678/5006 5107/5679/5007 5104/5680/5004
f 5104/5676/5004 5107/5681/5007 5108/5682/5008 4950/5499/4900
f 5109/5683/5009 5110/5684/5010 5111/5685/5011 4967/5516/4913
f 5112/5686/5012 5113/5687/5013 5114/5688/5014 5110/5689/5010
f 5110/5684/5010 5114/5690/5014 4972/5521/4910 5111/5685/5011
f 5115/5691/5003 5116/5692/5010 5117/5693/5011 5118/5694/5015
f 5119/5695/5012 5120/5696/5013 5121/5697/5014 5116/5698/5010
f 5116/5692/5010 5121/5699/5014 4961/5510/4910 5117/5693/5011
f 5122/5700/5016 5123/5701/5017 4973/5522/4917 5124/5702/5018
f 5125/5703/5019 5126/5704/5020 5127/5705/5021 5123/5706/5017
f 5123/5701/5017 5127/5707/5021 4974/5523/4918 4973/5522/4917
f 5128/5708/5022 5129/5709/5023 4975/5524/4919 5130/5710/5024
f 5131/5711/5025 5132/5712/5026 5133/5713/5027 5129/5714/5023
f 5129/5709/5023 5133/5715/5027 4976/5525/4920 4975/5524/4919
f 5134/5716/5028 5135/5717/5029 4869/5418/4826 4868/5417/4825
f 5136/5718/5030 5137/5719/5026 5138/5720/5027 5135/5721/5029
f 5135/5717/5029 5138/5722/5027 5031/5580/4930 4869/5418/4826
f 5139/5723/5031 5140/5724/5032 4982/5531/4926 4981/5530/4925
f 5141/5725/5033 5142/5726/5034 5143/5727/5035 5140/5728/5032
f 5140/5724/5032 5143/5729/5035 5144/5730/5036 4982/5531/4926
f 5145/5731/5027 5146/5732/5027 4991/5540/4930 4990/5539/4930
f 5147/5733/5026 5148/5734/5026 5149/5735/5027 5146/5736/5027
f 5146/5732/5027 5149/5737/5027 4986/5535/4930 4991/5540/4930
f 5150/5738/5027 5151/5739/5027 5000/5549/4930 4999/5548/4930
f 5152/5740/5026 5153/5741/5026 5154/5742/5027 5151/5743/5027
f 5151/5739/5027 5154/5744/5027 4995/5544/4930 5000/5549/4930
f 5155/5745/5037 5156/5746/5029 5009/5558/4936 5008/5557/4825
f 5157/5747/5030 5158/5748/5026 5159/5749/5027 5156/5750/5029
f 5156/5746/5029 5159/5751/5027 5004/5553/4930 5009/5558/4936
f 5160/5752/5031 5161/5753/5032 5018/5567/4926 5017/5566/4943
f 5162/5754/5038 5163/5755/5039 5164/5756/5040 5161/5757/5032
f 5161/5753/5032 5164/5758/5040 5165/5759/5036 5018/5567/4926
f 5166/5760/5027 5167/5761/5027 5027/5576/4930 5026/5575/4930
f 5168/5762/5026 5169/5763/5026 5170/5764/5027 5167/5765/5027
f 5167/5761/5027 5170/5766/5027 5022/5571/4930 5027/5576/4930
f 5171/5767/5041 5172/5768/5042 4882/5431/4839 5173/5769/5043
f 5174/5770/5044 5175/5771/5045 5176/5772/5046 5172/5773/5042
f 5172/5768/5042 5176/5774/5046 4883/5432/4840 4882/5431/4839
f 5177/5775/5047 5178/5776/5048 5179/5777/5049 5180/5778/5050
f 5181/5779/5051 5182/5780/5052 5183/5781/5053 5178/5782/5048
f 5178/5776/5048 5183/5783/5053 5184/5784/5054 5179/5777/5049
f 5185/5785/5055 5186/5786/5056 4892/5441/4849 5187/5787/5057
f 5188/5788/5058 5189/5789/5059 5190/5790/5060 5186/5791/5056
f 5186/5786/5056 5190/5792/5060 4893/5442/4840 4892/5441/4849
f 5191/5793/5061 5192/5794/5062 5193/5795/5063 5194/5796/5050
f 5195/5797/5064 5196/5798/4971 5197/5799/5065 5192/5800/5062
f 5192/5794/5062 5197/5801/5065 5198/5802/5066 5193/5795/5063
f 5199/5803/5067 5200/5804/5068 4902/5451/4857 5201/5805/5069
f 5202/5806/5070 5203/5807/5071 5204/5808/5072 5200/5809/5068
f 5200/5804/5068 5204/5810/5072 4903/5452/4818 4902/5451/4857
f 5205/5811/5073 5206/5812/4971 5207/5813/4972 5208/5814/5074
f 5208/5815/5074 5207/5816/4972 5209/5817/5054 5210/5818/5075
f 5211/5819/5076 5212/5820/5077 4920/5469/4872 5213/5821/5078
f 5214/5822/5079 5215/5823/5080 5216/5824/5081 5212/5825/5077
f 5212/5820/5077 5216/5826/5081 4921/5470/4873 4920/5469/4872
f 5217/5827/5082 5218/5828/5083 5219/5829/5084 5220/5830/5085
f 5221/5831/5086 5222/5832/5087 5223/5833/5053 5218/5834/5083
f 5218/5828/5083 5223/5835/5053 5224/5836/5088 5219/5829/5084
f 5225/5837/5089 5226/5838/5090 4958/5507/4908 5227/5839/5091
f 5228/5840/5092 5229/5841/5045 5230/5842/5093 5226/5843/5090
f 5226/5838/5090 5230/5844/5093 4959/5508/4873 4958/5507/4908
f 5231/5845/5094 5232/5846/5095 5012/5561/4939 5233/5847/5096
f 5234/5848/5097 5235/5849/5098 5236/5850/5099 5232/5851/5095
f 5232/5846/5095 5236/5852/5099 5013/5562/4830 5012/5561/4939
f 5237/5853/5100 5238/5854/5101 5239/5855/5102 5240/5856/5103
f 5241/5857/5104 5242/5858/5105 5243/5859/5106 5238/5860/5101
f 5238/5854/5101 5243/5861/5106 4978/5527/4922 5239/5855/5102
f 4841/5390/4804 5244/5862/5107 5245/5863/5108 4842/5391/4805
f 5246/5864/5109 4832/5381/4798 5247/5865/5110 5248/5866/5111
f 5249/5867/5112 4800/5349/4786 5250/5868/5113 5251/5869/5114
f 4775/5324/4766 5252/5870/5115 5253/5871/5116 4776/5325/4767
f 5254/5872/5117 4768/5317/4759 5255/5873/5118 5256/5874/5119
f 5257/5875/5120 4750/5299/4742 5258/5876/5121 5259/5877/5122
f 4751/5300/4743 5260/5878/5123 5261/5879/5124 4752/5301/4744
f 5262/5880/5125 4742/5291/4735 5263/5881/5126 5264/5882/5127
f 4743/5292/4736 5265/5883/5128 5266/5884/5129 4744/5293/4737
f 5267/5885/5130 4734/5283/4728 5268/5886/5131 5269/5887/5132
f 4848/5397/4791 5270/5888/4791 5271/5889/5133 5272/5890/5133
f 4838/5387/4790 5273/5891/5134 5274/5892/5135 5275/5893/5136
f 4830/5379/4718 5276/5894/5137 5277/5895/5138 5278/5896/5139
f 4822/5371/4791 5279/5897/4791 5280/5898/5133 5281/5899/5133
f 4814/5363/4791 5282/5900/4791 5283/5901/5133 5284/5902/5133
f 4804/5353/4790 5285/5903/5140 5286/5904/5135 5287/5905/5136
f 4724/5273/4718 5288/5906/5141 5289/5907/5138 5290/5908/5142
f 5291/5909/5143 5292/5910/5144 5293/5911/5145 5294/5912/5146
f 5295/5913/5147 5296/5914/5148 5297/5915/5149 5298/5916/5150
f 4865/5414/4822 5299/5917/5151 5300/5918/5152 5301/5919/5153
f 5302/5920/4822 5303/5921/5151 5304/5922/5154 5305/5923/5153
f 5306/5924/5155 5307/5925/5156 5308/5926/5152 5309/5927/5157
f 5310/5928/5158 5311/5929/5159 5312/5930/5160 5313/5931/5161
f 5314/5932/5162 5315/5933/5163 5316/5934/5164 5317/5935/5165
f 5318/5936/5166 4714/5263/4710 5319/5937/5167 5320/5938/5168
f 4836/5385/4802 4726/5275/4720 5321/5939/5169 5322/5940/5170
f 4807/5356/4792 4810/5359/4795 5323/5941/5171 5324/5942/5172
f 4759/5308/4751 4762/5311/4751 5325/5943/5173 5326/5944/5173
f 4735/5284/4729 4738/5287/4732 5327/5945/5174 5328/5946/5175
f 5329/5947/5176 5330/5948/5177 5331/5949/5178 5332/5950/5179
f 5333/5951/5180 5334/5952/5181 5335/5953/5182 5336/5954/5183
f 5337/5955/5176 5338/5956/5184 5339/5957/5185 5340/5958/5186
f 5341/5959/5180 5342/5960/5181 5343/5961/5182 5344/5962/5183
f 5345/5963/5187 5341/5959/5180 5344/5962/5183 5346/5964/5188
f 5344/5965/5183 5343/5966/5182 5347/5967/5189 5348/5968/5190
f 5346/5969/5188 5344/5965/5183 5348/5968/5190 5349/5970/5191
f 5342/5960/5181 5350/5971/5192 5351/5972/5193 5343/5961/5182
f 5343/5966/5182 5351/5973/5193 5352/5974/5194 5347/5967/5189
f 5353/5975/5195 5318/5936/5166 5320/5938/5168 5354/5976/5193
f 5354/5977/5193 5320/5978/5168 5355/5979/5196 5356/5980/5194
f 5357/5981/5197 5337/5955/5176 5340/5958/5186 5358/5982/5198
f 5340/5983/5186 5339/5984/5185 5359/5985/5189 5360/5986/5190
f 5358/5987/5198 5340/5983/5186 5360/5986/5190 5361/5988/5191
f 5338/5956/5184 5353/5975/5195 5354/5976/5193 5339/5957/5185
f 5339/5984/5185 5354/5977/5193 5356/5980/5194 5359/5985/5189
f 5362/5989/5187 5333/5951/5180 5336/5954/5183 5363/5990/5199
f 5336/5991/5183 5335/5992/5182 5364/5993/5189 5365/5994/5190
f 5363/5995/5199 5336/5991/5183 5365/5994/5190 5366/5996/5191
f 5334/5952/5181 5367/5997/5195 5368/5998/5200 5335/5953/5182
f 5335/5992/5182 5368/5999/5200 5369/6000/5201 5364/5993/5189
f 5370/6001/5197 5329/5947/5176 5332/5950/5179 5371/6002/5199
f 5332/6003/5179 5331/6004/5178 5372/6005/5202 5373/6006/5203
f 5371/6007/5199 5332/6003/5179 5373/6006/5203 5374/6008/5204
f 5330/5948/5177 5375/6009/5205 5376/6010/5206 5331/5949/5178
f 5331/6004/5178 5376/6011/5206 5377/6012/5207 5372/6005/5202
f 5378/6013/4751 4735/5284/4729 5328/5946/5175 5379/6014/5208
f 5328/6015/5175 5327/6016/5174 5380/6017/5209 5381/6018/5210
f 5379/6019/5208 5328/6015/5175 5381/6018/5210 5382/6020/5211
f 4738/5287/4732 5345/5963/5187 5346/5964/5188 5327/5945/5174
f 5327/6016/5174 5346/5969/5188 5349/5970/5191 5380/6017/5209
f 5383/6021/4751 4759/5308/4751 5326/5944/5173 5384/6022/5173
f 5326/6023/5173 5325/6024/5173 5385/6025/5211 5386/6026/5211
f 5384/6027/5173 5326/6023/5173 5386/6026/5211 5387/6028/5211
f 4762/5311/4751 5378/6013/4751 5379/6014/5208 5325/5943/5173
f 5325/6024/5173 5379/6019/5208 5382/6020/5211 5385/6025/5211
f 5388/6029/4751 5383/6021/4751 5384/6022/5173 5389/6030/5173
f 5389/6031/5173 5384/6027/5173 5387/6028/5211 5390/6032/5211
f 5391/6033/5212 4807/5356/4792 5324/5942/5172 5392/6034/5213
f 5324/6035/5172 5323/6036/5171 5393/6037/5214 5394/6038/5215
f 5392/6039/5213 5324/6035/5172 5394/6038/5215 5395/6040/5216
f 4810/5359/4795 5388/6029/4751 5389/6030/5173 5323/5941/5171
f 5323/6036/5171 5389/6031/5173 5390/6032/5211 5393/6037/5214
f 5396/6041/4709 4836/5385/4802 5322/5940/5170 5397/6042/5217
f 5322/6043/5170 5321/6044/5169 5398/6045/5218 5399/6046/5219
f 5397/6047/5217 5322/6043/5170 5399/6046/5219 5400/6048/5220
f 4726/5275/4720 4725/5274/4719 5401/6049/5221 5321/5939/5169
f 5321/6044/5169 5401/6050/5221 5402/6051/5222 5398/6045/5218
f 4713/5262/4709 5396/6041/4709 5397/6042/5217 5403/6052/5217
f 5403/6053/5217 5397/6047/5217 5400/6048/5220 5404/6054/5220
f 5089/6055/4990 5405/6056/4990 5406/6057/4991 5090/6058/4991
f 5320/5978/5168 5319/6059/5167 5407/6060/5223 5355/5979/5196
f 4714/5263/4710 4713/5262/4709 5403/6052/5217 5319/5937/5167
f 5319/6059/5167 5403/6061/5217 5404/6062/5220 5407/6060/5223
f 4733/5282/4727 5317/5935/5165 5316/5934/5164 5408/6063/5224
f 5316/6064/5164 5315/6065/5163 5409/6066/5225 5410/6067/5226
f 5408/6068/5224 5316/6064/5164 5410/6067/5226 5411/6069/5227
f 5314/5932/5162 5412/6070/5228 5413/6071/5193 5315/5933/5163
f 5315/6065/5163 5413/6072/5193 5414/6073/5229 5409/6066/5225
f 5415/6074/5230 5313/5931/5161 5312/5930/5160 5416/6075/5231
f 5312/6076/5160 5311/6077/5159 5417/6078/5232 5418/6079/5233
f 5416/6080/5231 5312/6076/5160 5418/6079/5233 5419/6081/5234
f 5310/5928/5158 5420/6082/5235 5421/6083/5236 5311/5929/5159
f 5311/6077/5159 5421/6084/5236 5422/6085/5237 5417/6078/5232
f 4741/5290/4727 5309/5927/5157 5308/5926/5152 5423/6086/5238
f 5308/6087/5152 5307/6088/5156 5424/6089/5239 5425/6090/5240
f 5423/6091/5238 5308/6087/5152 5425/6090/5240 5426/6092/5241
f 5306/5924/5155 5427/6093/5242 5428/6094/5243 5307/5925/5156
f 5307/6088/5156 5428/6095/5243 5429/6096/5244 5424/6089/5239
f 4767/5316/4758 5305/5923/5153 5304/5922/5154 5430/6097/5245
f 5304/6098/5154 5303/6099/5151 5431/6100/5246 5432/6101/5247
f 5430/6102/5245 5304/6098/5154 5432/6101/5247 5433/6103/5248
f 5302/5920/4822 5434/6104/4821 5435/6105/5249 5303/5921/5151
f 5303/6099/5151 5435/6106/5249 5436/6107/5250 5431/6100/5246
f 4799/5348/4758 5301/5919/5153 5300/5918/5152 5437/6108/5251
f 5300/6109/5152 5299/6110/5151 5438/6111/5252 5439/6112/5240
f 5437/6113/5251 5300/6109/5152 5439/6112/5240 5440/6114/5227
f 4865/5414/4822 4864/5413/4821 5441/6115/5253 5299/5917/5151
f 5299/6110/5151 5441/6116/5253 5442/6117/5250 5438/6111/5252
f 5443/6118/5254 5295/5913/5147 5298/5916/5150 5444/6119/5133
f 5298/6120/5150 5297/6121/5149 5445/6122/5255 5446/6123/5256
f 5447/6124/5257 5125/5703/5019 5123/5706/5017 5122/6125/5016
f 5444/6126/5133 5298/6120/5150 5446/6123/5256 5448/6127/5258
f 5296/5914/5148 5449/6128/5259 5450/6129/5260 5297/5915/5149
f 5297/6121/5149 5450/6130/5260 5451/6131/5261 5445/6122/5255
f 5452/6132/5262 5291/5909/5143 5294/5912/5146 5453/6133/5263
f 5294/6134/5146 5293/6135/5145 5454/6136/5264 5455/6137/5265
f 5456/6138/5266 5131/5711/5025 5129/5714/5023 5128/6139/5022
f 5453/6140/5263 5294/6134/5146 5455/6137/5265 5457/6141/5267
f 5292/5910/5144 5443/6118/5254 5444/6119/5133 5293/5911/5145
f 5293/6135/5145 5444/6126/5133 5448/6127/5258 5454/6136/5264
f 4725/5274/4719 4724/5273/4718 5290/5908/5142 5401/6049/5221
f 5290/6142/5142 5289/6143/5138 5458/6144/5268 5459/6145/5269
f 5460/6146/5270 5136/5718/5030 5135/5721/5029 5134/6147/5028
f 5401/6050/5221 5290/6142/5142 5459/6145/5269 5402/6051/5222
f 5288/5906/5141 4849/5398/4791 5461/6148/5133 5289/5907/5138
f 5289/6143/5138 5461/6149/5133 5462/6150/5258 5458/6144/5268
f 4805/5354/4791 4804/5353/4790 5287/5905/5136 5463/6151/5133
f 5287/6152/5136 5286/6153/5135 5464/6154/5271 5465/6155/5272
f 5466/6156/5273 5141/5725/5033 5140/5728/5032 5139/6157/5031
f 5463/6158/5133 5287/6152/5136 5465/6155/5272 5467/6159/5258
f 5285/5903/5140 5391/6033/5212 5392/6034/5213 5286/5904/5135
f 5286/6153/5135 5392/6160/5213 5395/6161/5216 5464/6154/5271
f 4815/5364/4791 4814/5363/4791 5284/5902/5133 5468/6162/5133
f 5284/6163/5133 5283/6164/5133 5469/6165/5258 5470/6166/5258
f 5471/6167/5026 5147/5733/5026 5146/5736/5027 5145/6168/5027
f 5468/6169/5133 5284/6163/5133 5470/6166/5258 5472/6170/5258
f 5282/5900/4791 4805/5354/4791 5463/6151/5133 5283/5901/5133
f 5283/6164/5133 5463/6158/5133 5467/6159/5258 5469/6165/5258
f 4823/5372/4791 4822/5371/4791 5281/5899/5133 5473/6171/5133
f 5281/6172/5133 5280/6173/5133 5474/6174/5258 5475/6175/5258
f 5476/6176/5026 5152/5740/5026 5151/5743/5027 5150/6177/5027
f 5473/6178/5133 5281/6172/5133 5475/6175/5258 5477/6179/5258
f 5279/5897/4791 4815/5364/4791 5468/6162/5133 5280/5898/5133
f 5280/6173/5133 5468/6169/5133 5472/6170/5258 5474/6174/5258
f 4831/5380/4719 4830/5379/4718 5278/5896/5139 5478/6180/5274
f 5278/6181/5139 5277/6182/5138 5479/6183/5268 5480/6184/5275
f 5481/6185/5276 5157/5747/5030 5156/5750/5029 5155/6186/5037
f 5478/6187/5274 5278/6181/5139 5480/6184/5275 5482/6188/5277
f 5276/5894/5137 4823/5372/4791 5473/6171/5133 5277/5895/5138
f 5277/6182/5138 5473/6178/5133 5477/6179/5258 5479/6183/5268
f 4839/5388/4791 4838/5387/4790 5275/5893/5136 5483/6189/5133
f 5275/6190/5136 5274/6191/5135 5484/6192/5271 5485/6193/5272
f 5486/6194/5273 5162/5754/5038 5161/5757/5032 5160/6195/5031
f 5483/6196/5133 5275/6190/5136 5485/6193/5272 5487/6197/5258
f 5273/5891/5134 5488/6198/5212 5489/6199/5278 5274/5892/5135
f 5274/6191/5135 5489/6200/5278 5490/6201/5216 5484/6192/5271
f 4849/5398/4791 4848/5397/4791 5272/5890/5133 5461/6148/5133
f 5272/6202/5133 5271/6203/5133 5491/6204/5258 5492/6205/5258
f 5493/6206/5026 5168/5762/5026 5167/5765/5027 5166/6207/5027
f 5461/6149/5133 5272/6202/5133 5492/6205/5258 5462/6150/5258
f 5270/5888/4791 4839/5388/4791 5483/6189/5133 5271/5889/5133
f 5271/6203/5133 5483/6196/5133 5487/6197/5258 5491/6204/5258
f 5350/5971/5192 5267/5885/5130 5269/5887/5132 5351/5972/5193
f 5269/6208/5132 5268/6209/5131 5494/6210/5279 5495/6211/5280
f 5496/6212/5281 5174/5770/5044 5172/5773/5042 5171/6213/5041
f 5351/5973/5193 5269/6208/5132 5495/6211/5280 5352/5974/5194
f 4734/5283/4728 4733/5282/4727 5408/6063/5224 5268/5886/5131
f 5268/6209/5131 5408/6068/5224 5411/6069/5227 5494/6210/5279
f 5420/6082/5235 4744/5293/4737 5266/5884/5129 5421/6083/5236
f 5266/6214/5129 5265/6215/5128 5497/6216/5282 5498/6217/5283
f 5421/6084/5236 5266/6214/5129 5498/6217/5283 5422/6085/5237
f 4743/5292/4736 5370/6001/5197 5371/6002/5199 5265/5883/5128
f 5265/6215/5128 5371/6007/5199 5374/6008/5204 5497/6216/5282
f 5375/6009/5205 5262/5880/5125 5264/5882/5127 5376/6010/5206
f 5264/6218/5127 5263/6219/5126 5499/6220/5284 5500/6221/5285
f 5501/6222/5286 5188/5788/5058 5186/5791/5056 5185/6223/5055
f 5376/6011/5206 5264/6218/5127 5500/6221/5285 5377/6012/5207
f 4742/5291/4735 4741/5290/4727 5423/6086/5238 5263/5881/5126
f 5263/6219/5126 5423/6091/5238 5426/6092/5241 5499/6220/5284
f 5427/6093/5242 4752/5301/4744 5261/5879/5124 5428/6094/5243
f 5261/6224/5124 5260/6225/5123 5502/6226/5287 5503/6227/5288
f 5428/6228/5243 5261/6224/5124 5503/6227/5288 5429/6229/5244
f 4751/5300/4743 5362/5989/5187 5363/5990/5199 5260/5878/5123
f 5260/6225/5123 5363/5995/5199 5366/5996/5191 5502/6226/5287
f 5367/5997/5195 5257/5875/5120 5259/5877/5122 5368/5998/5200
f 5259/6230/5122 5258/6231/5121 5504/6232/5289 5505/6233/5290
f 5506/6234/5291 5202/5806/5070 5200/5809/5068 5199/6235/5067
f 5368/5999/5200 5259/6230/5122 5505/6233/5290 5369/6000/5201
f 4750/5299/4742 4749/5298/4709 5507/6236/5292 5258/5876/5121
f 5258/6231/5121 5507/6237/5292 5508/6238/5293 5504/6232/5289
f 4715/5264/4711 5357/5981/5197 5358/5982/5198 5509/6239/5294
f 5509/6240/5294 5358/5987/5198 5361/5988/5191 5510/6241/5295
f 5412/6070/5228 5254/5872/5117 5256/5874/5119 5413/6071/5193
f 5256/6242/5119 5255/6243/5118 5511/6244/5296 5512/6245/5297
f 5513/6246/5298 5214/5822/5079 5212/5825/5077 5211/6247/5076
f 5413/6072/5193 5256/6242/5119 5512/6245/5297 5414/6073/5229
f 4768/5317/4759 4767/5316/4758 5430/6097/5245 5255/5873/5118
f 5255/6243/5118 5430/6102/5245 5433/6103/5248 5511/6244/5296
f 5434/6104/4821 4776/5325/4767 5253/5871/5116 5435/6105/5249
f 5253/6248/5116 5252/6249/5115 5514/6250/5299 5515/6251/5300
f 5435/6106/5249 5253/6248/5116 5515/6251/5300 5436/6107/5250
f 4775/5324/4766 5415/6074/5230 5416/6075/5231 5252/5870/5115
f 5252/6249/5115 5416/6080/5231 5419/6081/5234 5514/6250/5299
f 4749/5298/4709 5249/5867/5112 5251/5869/5114 5507/6236/5292
f 5251/6252/5114 5250/6253/5113 5516/6254/5301 5517/6255/5302
f 5518/6256/5303 5228/5840/5092 5226/5843/5090 5225/6257/5089
f 5507/6237/5292 5251/6252/5114 5517/6255/5302 5508/6238/5293
f 4800/5349/4786 4799/5348/4758 5437/6108/5251 5250/5868/5113
f 5250/6253/5113 5437/6113/5251 5440/6114/5227 5516/6254/5301
f 4715/5264/4711 5509/6239/5294 5519/6258/5304 4716/5265/4712
f 4864/5413/4821 4716/5265/4712 5519/6258/5304 5441/6115/5253
f 5519/6259/5304 5509/6240/5294 5510/6241/5295 5520/6260/5305
f 5521/6261/5306 5205/5811/5073 5208/5814/5074 5522/6262/5307
f 5441/6116/5253 5519/6259/5304 5520/6260/5305 5442/6117/5250
f 5449/6128/5259 5246/5864/5109 5248/5866/5111 5450/6129/5260
f 5248/6263/5111 5247/6264/5110 5523/6265/5308 5524/6266/5309
f 5525/6267/5310 5234/5848/5097 5232/5851/5095 5231/6268/5094
f 5450/6130/5260 5248/6263/5111 5524/6266/5309 5451/6131/5261
f 4832/5381/4798 4831/5380/4719 5478/6180/5274 5247/5865/5110
f 5247/6264/5110 5478/6187/5274 5482/6188/5277 5523/6265/5308
f 5526/6269/5311 5527/6270/5312 5163/5755/5039 5490/6201/5216
f 5488/6198/5212 4842/5391/4805 5245/5863/5108 5489/6199/5278
f 5245/6271/5108 5244/6272/5107 5528/6273/5313 5526/6269/5311
f 5527/6270/5312 5241/5857/5104 5238/5860/5101 5237/6274/5100
f 5489/6200/5278 5245/6271/5108 5526/6269/5311 5490/6201/5216
f 4841/5390/4804 5452/6132/5262 5453/6133/5263 5244/5862/5107
f 5244/6272/5107 5453/6140/5263 5457/6141/5267 5528/6273/5313
f 5163/5755/5039 5527/6270/5312 5237/6274/5100 5164/5756/5040
f 5164/5758/5040 5237/5853/5100 5240/5856/5103 5165/5759/5036
f 5524/6266/5309 5525/6267/5310 5126/5704/5020 5451/6131/5261
f 5529/6275/5314 5082/5646/4983 5080/5649/4981 5079/6276/4980
f 5457/6141/5267 5242/5858/5105 5241/5857/5104 5528/6273/5313
f 5528/6273/5313 5241/5857/5104 5527/6270/5312 5526/6269/5311
f 5126/5704/5020 5525/6267/5310 5231/6268/5094 5127/5705/5021
f 5127/5707/5021 5231/5845/5094 5233/5847/5096 4974/5523/4918
f 5520/6260/5305 5521/6261/5306 5120/5696/5013 5442/6117/5250
f 5530/6277/5315 5078/5641/4979 5075/5642/4976 5074/6278/4975
f 5482/6188/5277 5235/5849/5098 5234/5848/5097 5523/6265/5308
f 5523/6265/5308 5234/5848/5097 5525/6267/5310 5524/6266/5309
f 5120/5696/5013 5521/6261/5306 5522/6262/5307 5121/5697/5014
f 5208/5815/5074 5210/5818/5075 5531/6279/5316 5522/6280/5307
f 5121/5699/5014 5522/6280/5307 5531/6279/5316 4961/5510/4910
f 5505/6233/5290 5506/6234/5291 5049/5602/4958 5369/6000/5201
f 5532/6281/5317 5088/5654/4989 5086/5657/4987 5085/6282/4986
f 5517/6255/5302 5518/6256/5303 5203/5807/5071 5508/6238/5293
f 5203/5807/5071 5518/6256/5303 5225/6257/5089 5204/5808/5072
f 5204/5810/5072 5225/5837/5089 5227/5839/5091 4903/5452/4818
f 5515/6251/5300 5533/6283/5318 5113/5687/5013 5436/6107/5250
f 5533/6283/5318 5221/5831/5086 5218/5834/5083 5217/6284/5082
f 5440/6114/5227 5229/5841/5045 5228/5840/5092 5516/6254/5301
f 5516/6254/5301 5228/5840/5092 5518/6256/5303 5517/6255/5302
f 5113/5687/5013 5533/6283/5318 5217/6284/5082 5114/5688/5014
f 5114/5690/5014 5217/5827/5082 5220/5830/5085 4972/5521/4910
f 5512/6245/5297 5513/6246/5298 5094/5662/4995 5414/6073/5229
f 5534/6285/5319 4956/5505/4906 4952/5501/4902 4948/5497/4882
f 5419/6081/5234 5222/5832/5087 5221/5831/5086 5514/6250/5299
f 5514/6250/5299 5221/5831/5086 5533/6283/5318 5515/6251/5300
f 5094/5662/4995 5513/6246/5298 5211/6247/5076 5095/5663/4955
f 5095/5665/4955 5211/5819/5076 5213/5821/5078 5096/5666/4996
f 5361/5988/5191 5206/5812/4971 5205/5811/5073 5510/6241/5295
f 5535/6286/4716 5070/5629/4716 5067/5632/4715 5066/6287/4715
f 5433/6103/5248 5215/5823/5080 5214/5822/5079 5511/6244/5296
f 5511/6244/5296 5214/5822/5079 5513/6246/5298 5512/6245/5297
f 5510/6241/5295 5205/5811/5073 5521/6261/5306 5520/6260/5305
f 5049/5602/4958 5506/6234/5291 5199/6235/5067 5050/5603/4959
f 5050/5605/4959 5199/5803/5067 5201/5805/5069 5051/5606/4956
f 5503/6227/5288 5536/6288/5320 5106/6289/5006 5429/6229/5244
f 5536/6288/5320 5195/5797/5064 5192/5800/5062 5191/6290/5061
f 5508/6238/5293 5203/5807/5071 5202/5806/5070 5504/6232/5289
f 5504/6232/5289 5202/5806/5070 5506/6234/5291 5505/6233/5290
f 5106/6289/5006 5536/6288/5320 5191/6290/5061 5107/6291/5007
f 5107/5681/5007 5191/5793/5061 5194/5796/5050 5108/5682/5008
f 5500/6221/5285 5501/6222/5286 5055/5610/4963 5377/6012/5207
f 5193/5795/5063 4900/5449/4855 4896/5445/4851 5194/5796/5050
f 5366/5996/5191 5196/5798/4971 5195/5797/5064 5502/6226/5287
f 5502/6226/5287 5195/5797/5064 5536/6288/5320 5503/6227/5288
f 5055/5610/4963 5501/6222/5286 5185/6223/5055 5056/5611/4964
f 5056/5613/4964 5185/5785/5055 5187/5787/5057 5057/5614/4965
f 5498/6217/5283 5537/6292/5321 5100/5670/5000 5422/6085/5237
f 5537/6292/5321 5181/5779/5051 5178/5782/5048 5177/6293/5047
f 5426/6092/5241 5189/5789/5059 5188/5788/5058 5499/6220/5284
f 5499/6220/5284 5188/5788/5058 5501/6222/5286 5500/6221/5285
f 5100/5670/5000 5537/6292/5321 5177/6293/5047 5101/5671/5001
f 5101/5673/5001 5177/5775/5047 5180/5778/5050 5102/5674/5002
f 5495/6211/5280 5496/6212/5281 5037/5586/4950 5352/5974/5194
f 5179/5777/5049 4890/5439/4847 4886/5435/4843 5180/5778/5050
f 5374/6008/5204 5182/5780/5052 5181/5779/5051 5497/6216/5282
f 5497/6216/5282 5181/5779/5051 5537/6292/5321 5498/6217/5283
f 5037/5586/4950 5496/6212/5281 5171/6213/5041 5038/5587/4951
f 5038/5589/4951 5171/5767/5041 5173/5769/5043 5039/5590/4952
f 5492/6205/5258 5493/6206/5026 5137/5719/5026 5462/6150/5258
f 5538/6294/5322 5062/5619/4970 5059/5622/4967 5058/6295/4966
f 5411/6069/5227 5175/5771/5045 5174/5770/5044 5494/6210/5279
f 5494/6210/5279 5174/5770/5044 5496/6212/5281 5495/6211/5280
f 5137/5719/5026 5493/6206/5026 5166/6207/5027 5138/5720/5027
f 5138/5722/5027 5166/5760/5027 5026/5575/4930 5031/5580/4930
f 5485/6193/5272 5486/6194/5273 5169/5763/5026 5487/6197/5258
f 5539/6296/5323 5119/5695/5012 5116/5698/5010 5115/6297/5003
f 5487/6197/5258 5169/5763/5026 5168/5762/5026 5491/6204/5258
f 5491/6204/5258 5168/5762/5026 5493/6206/5026 5492/6205/5258
f 5169/5763/5026 5486/6194/5273 5160/6195/5031 5170/5764/5027
f 5170/5766/5027 5160/5752/5031 5017/5566/4943 5022/5571/4930
f 5480/6184/5275 5481/6185/5276 5235/5849/5098 5482/6188/5277
f 5540/6298/5324 5048/5601/4949 5047/5604/4957 5046/6299/4947
f 5490/6201/5216 5163/5755/5039 5162/5754/5038 5484/6192/5271
f 5484/6192/5271 5162/5754/5038 5486/6194/5273 5485/6193/5272
f 5235/5849/5098 5481/6185/5276 5155/6186/5037 5236/5850/5099
f 5236/5852/5099 5155/5745/5037 5008/5557/4825 5013/5562/4830
f 5475/6175/5258 5476/6176/5026 5158/5748/5026 5477/6179/5258
f 5541/6300/5325 5099/5669/4999 5098/5672/4998 5097/6301/4997
f 5477/6179/5258 5158/5748/5026 5157/5747/5030 5479/6183/5268
f 5479/6183/5268 5157/5747/5030 5481/6185/5276 5480/6184/5275
f 5158/5748/5026 5476/6176/5026 5150/6177/5027 5159/5749/5027
f 5159/5751/5027 5150/5738/5027 4999/5548/4930 5004/5553/4930
f 5470/6166/5258 5471/6167/5026 5153/5741/5026 5472/6170/5258
f 5542/6302/5326 5112/5686/5012 5110/5689/5010 5109/6303/5009
f 5472/6170/5258 5153/5741/5026 5152/5740/5026 5474/6174/5258
f 5474/6174/5258 5152/5740/5026 5476/6176/5026 5475/6175/5258
f 5153/5741/5026 5471/6167/5026 5145/6168/5027 5154/5742/5027
f 5154/5744/5027 5145/5731/5027 4990/5539/4930 4995/5544/4930
f 5465/6155/5272 5466/6156/5273 5148/5734/5026 5467/6159/5258
f 5543/6304/5327 5093/5661/4994 5092/5664/4993 5091/6305/4992
f 5467/6159/5258 5148/5734/5026 5147/5733/5026 5469/6165/5258
f 5469/6165/5258 5147/5733/5026 5471/6167/5026 5470/6166/5258
f 5148/5734/5026 5466/6156/5273 5139/6157/5031 5149/5735/5027
f 5149/5737/5027 5139/5723/5031 4981/5530/4925 4986/5535/4930
f 5459/6145/5269 5460/6146/5270 5083/5647/4984 5402/6051/5222
f 5544/6306/5324 5036/5585/4949 5035/5588/4948 5034/6307/4947
f 5395/6161/5216 5142/5726/5034 5141/5725/5033 5464/6154/5271
f 5464/6154/5271 5141/5725/5033 5466/6156/5273 5465/6155/5272
f 5083/5647/4984 5460/6146/5270 5134/6147/5028 5084/5648/4985
f 5084/5650/4985 5134/5716/5028 4868/5417/4825 4873/5422/4830
f 5455/6137/5265 5456/6138/5266 5242/5858/5105 5457/6141/5267
f 5545/6308/5324 5042/5593/4949 5041/5596/4954 5040/6309/4953
f 5462/6150/5258 5137/5719/5026 5136/5718/5030 5458/6144/5268
f 5458/6144/5268 5136/5718/5030 5460/6146/5270 5459/6145/5269
f 5242/5858/5105 5456/6138/5266 5128/6139/5022 5243/5859/5106
f 5243/5861/5106 5128/5708/5022 5130/5710/5024 4978/5527/4922
f 5446/6123/5256 5447/6124/5257 5132/5712/5026 5448/6127/5258
f 5546/6310/5323 5105/5677/5005 5104/5680/5004 5103/6311/5003
f 5448/6127/5258 5132/5712/5026 5131/5711/5025 5454/6136/5264
f 5454/6136/5264 5131/5711/5025 5456/6138/5266 5455/6137/5265
f 5132/5712/5026 5447/6124/5257 5122/6125/5016 5133/5713/5027
f 5133/5715/5027 5122/5700/5016 5124/5702/5018 4976/5525/4920
f 5439/6112/5240 5539/6296/5323 5229/5841/5045 5440/6114/5227
f 5547/6312/5328 5054/5609/4962 5053/5612/4961 5052/6313/4960
f 5451/6131/5261 5126/5704/5020 5125/5703/5019 5445/6122/5255
f 5445/6122/5255 5125/5703/5019 5447/6124/5257 5446/6123/5256
f 5229/5841/5045 5539/6296/5323 5115/6297/5003 5230/5842/5093
f 5230/5844/5093 5115/5691/5003 5118/5694/5015 4959/5508/4873
f 5432/6101/5247 5542/6302/5326 5215/5823/5080 5433/6103/5248
f 5239/5855/5102 5019/5568/4944 5015/5564/4941 5240/5856/5103
f 5442/6117/5250 5120/5696/5013 5119/5695/5012 5438/6111/5252
f 5438/6111/5252 5119/5695/5012 5539/6296/5323 5439/6112/5240
f 5215/5823/5080 5542/6302/5326 5109/6303/5009 5216/5824/5081
f 5216/5826/5081 5109/5683/5009 4967/5516/4913 4921/5470/4873
f 5425/6090/5240 5546/6310/5323 5189/5789/5059 5426/6092/5241
f 5548/6314/4931 4992/5541/4931 4988/5537/4929 4985/5534/4929
f 5436/6107/5250 5113/5687/5013 5112/5686/5012 5431/6100/5246
f 5431/6100/5246 5112/5686/5012 5542/6302/5326 5432/6101/5247
f 5189/5789/5059 5546/6310/5323 5103/6311/5003 5190/5790/5060
f 5190/5792/5060 5103/5675/5003 4951/5500/4901 4893/5442/4840
f 5418/6079/5233 5541/6300/5325 5222/5832/5087 5419/6081/5234
f 5429/6096/5244 5106/5678/5006 5105/5677/5005 5424/6089/5239
f 5424/6089/5239 5105/5677/5005 5546/6310/5323 5425/6090/5240
f 5222/5832/5087 5541/6300/5325 5097/6301/4997 5223/5833/5053
f 5223/5835/5053 5097/5667/4997 4933/5482/4885 5224/5836/5088
f 5410/6067/5226 5543/6304/5327 5175/5771/5045 5411/6069/5227
f 5549/6315/4931 5001/5550/4931 4997/5546/4929 4994/5543/4929
f 5422/6085/5237 5100/5670/5000 5099/5669/4999 5417/6078/5232
f 5417/6078/5232 5099/5669/4999 5541/6300/5325 5418/6079/5233
f 5175/5771/5045 5543/6304/5327 5091/6305/4992 5176/5772/5046
f 5176/5774/5046 5091/5659/4992 4923/5472/4875 4883/5432/4840
f 5404/6062/5220 5089/5655/4990 5088/5654/4989 5407/6060/5223
f 5076/5639/4977 4983/5532/4927 4979/5528/4923 5077/5640/4978
f 5414/6073/5229 5094/5662/4995 5093/5661/4994 5409/6066/5225
f 5409/6066/5225 5093/5661/4994 5543/6304/5327 5410/6067/5226
f 5348/5968/5190 5544/6306/5324 5063/5620/4971 5349/5970/5191
f 5400/6048/5220 5405/6056/4990 5089/6055/4990 5404/6054/5220
f 5210/5818/5075 4855/5404/4812 4856/5405/4813 5531/6279/5316
f 5406/6316/4991 5550/6317/4818 4861/5410/4818 5090/5658/4991
f 5399/6046/5219 5529/6275/5314 5405/6056/4990 5400/6048/5220
f 5405/6056/4990 5529/6275/5314 5079/6276/4980 5406/6057/4991
f 5406/6316/4991 5079/5643/4980 5081/5645/4982 5550/6317/4818
f 5394/6038/5215 5530/6277/5315 5142/6318/5034 5395/6040/5216
f 5551/6319/4931 5028/5577/4931 5024/5573/4929 5021/5570/4929
f 5402/6051/5222 5083/5647/4984 5082/5646/4983 5398/6045/5218
f 5398/6045/5218 5082/5646/4983 5529/6275/5314 5399/6046/5219
f 5142/6318/5034 5530/6277/5315 5074/6278/4975 5143/6320/5035
f 5143/5729/5035 5074/5637/4975 5077/5640/4978 5144/5730/5036
f 5387/6028/5211 4722/5271/4716 4721/5270/4716 5390/6032/5211
f 5552/6321/4931 5010/5559/4937 5006/5555/4934 5003/5552/4929
f 5390/6032/5211 4721/5270/4716 5078/5641/4979 5393/6037/5214
f 5393/6037/5214 5078/5641/4979 5530/6277/5315 5394/6038/5215
f 5386/6026/5211 5535/6286/4716 4722/5271/4716 5387/6028/5211
f 5118/5694/5015 5033/5582/4914 5553/6322/4915 4959/5508/4873
f 4722/5271/4716 5535/6286/4716 5066/6287/4715 4719/5268/4715
f 4719/5636/4715 5066/5625/4715 5069/5628/4911 4964/5513/4911
f 5381/6018/5210 5538/6294/5322 5071/5630/4716 5382/6020/5211
f 5554/6323/5329 4918/5467/4870 4914/5463/4866 4912/5461/4864
f 5382/6020/5211 5071/5630/4716 5070/5629/4716 5385/6025/5211
f 5385/6025/5211 5070/5629/4716 5535/6286/4716 5386/6026/5211
f 5071/5630/4716 5538/6294/5322 5058/6295/4966 5072/5631/4974
f 5072/5633/4974 5058/5615/4966 5061/5618/4969 5073/5634/4911
f 5373/6006/5203 5547/6312/5328 5182/5780/5052 5374/6008/5204
f 5060/5617/4968 4880/5429/4837 4876/5425/4833 5061/5618/4969
f 5349/5970/5191 5063/5620/4971 5062/5619/4970 5380/6017/5209
f 5380/6017/5209 5062/5619/4970 5538/6294/5322 5381/6018/5210
f 5182/5780/5052 5547/6312/5328 5052/6313/4960 5183/5781/5053
f 5183/5783/5053 5052/5607/4960 4894/5443/4809 5184/5784/5054
f 5365/5994/5190 5540/6298/5324 5196/5798/4971 5366/5996/5191
f 5377/6012/5207 5055/5610/4963 5054/5609/4962 5372/6005/5202
f 5372/6005/5202 5054/5609/4962 5547/6312/5328 5373/6006/5203
f 5196/5798/4971 5540/6298/5324 5046/6299/4947 5197/5799/5065
f 5197/5801/5065 5046/5599/4947 4904/5453/4841 5198/5802/5066
f 5360/5986/5190 5545/6308/5324 5206/5812/4971 5361/5988/5191
f 5555/6324/4931 4870/5419/4827 4866/5415/4823 5030/5579/4929
f 5369/6000/5201 5049/5602/4958 5048/5601/4949 5364/5993/5189
f 5364/5993/5189 5048/5601/4949 5540/6298/5324 5365/5994/5190
f 5206/5812/4971 5545/6308/5324 5040/6309/4953 5207/5813/4972
f 5207/5816/4972 5040/5591/4953 4852/5401/4809 5209/5817/5054
f 5355/5979/5196 5532/6281/5317 5043/5594/4950 5356/5980/5194
f 5556/6325/4721 4847/5396/4722 4728/5277/4722 4727/5276/4721
f 5356/5980/5194 5043/5594/4950 5042/5593/4949 5359/5985/5189
f 5359/5985/5189 5042/5593/4949 5545/6308/5324 5360/5986/5190
f 5043/5594/4950 5532/6281/5317 5085/6282/4986 5044/5595/4955
f 5044/5597/4955 5085/5651/4986 5087/5653/4988 5045/5598/4956
f 5407/6060/5223 5088/5654/4989 5532/6281/5317 5355/5979/5196
f 5063/5620/4971 5544/6306/5324 5034/6307/4947 5064/5621/4972
f 5064/5623/4972 5034/5583/4947 4884/5433/4841 5065/5624/4973
f 5557/6326/5330 4829/5378/4797 4832/5381/4798 5246/5864/5109
f 5352/5974/5194 5037/5586/4950 5036/5585/4949 5347/5967/5189
f 5347/5967/5189 5036/5585/4949 5544/6306/5324 5348/5968/5190
f 5029/5578/4931 5555/6324/4931 5030/5579/4929 5025/5574/4929
f 5021/5570/4929 5024/5573/4929 5027/5576/4930 5022/5571/4930
f 5553/6322/4915 5033/5582/4914 5028/5577/4931 5551/6319/4931
f 5032/5581/4933 4960/5509/4909 5555/6324/4931 5029/5578/4931
f 5020/5569/4945 5551/6319/4931 5021/5570/4929 5016/5565/4942
f 5240/5856/5103 5015/5564/4941 5018/5567/4926 5165/5759/5036
f 4978/5527/4922 4977/5526/4921 5019/5568/4944 5239/5855/5102
f 5023/5572/4946 5553/6322/4915 5551/6319/4931 5020/5569/4945
f 5011/5560/4938 5233/5847/5096 5012/5561/4939 5007/5556/4935
f 5003/5552/4929 5006/5555/4934 5009/5558/4936 5004/5553/4930
f 4971/5520/4909 4970/5519/4916 5010/5559/4937 5552/6321/4931
f 5014/5563/4940 4974/5523/4918 5233/5847/5096 5011/5560/4938
f 5002/5551/4931 5552/6321/4931 5003/5552/4929 4998/5547/4929
f 4994/5543/4929 4997/5546/4929 5000/5549/4930 4995/5544/4930
f 4969/5518/4915 4968/5517/4914 5001/5550/4931 5549/6315/4931
f 5005/5554/4933 4971/5520/4909 5552/6321/4931 5002/5551/4931
f 4993/5542/4931 5549/6315/4931 4994/5543/4929 4989/5538/4929
f 4985/5534/4929 4988/5537/4929 4991/5540/4930 4986/5535/4930
f 4966/5515/4865 4965/5514/4912 4992/5541/4931 5548/6314/4931
f 4996/5545/4932 4969/5518/4915 5549/6315/4931 4993/5542/4931
f 4984/5533/4928 5548/6314/4931 4985/5534/4929 4980/5529/4924
f 5077/5640/4978 4979/5528/4923 4982/5531/4926 5144/5730/5036
f 4963/5512/4911 4962/5511/4861 4983/5532/4927 5076/5639/4977
f 4987/5536/4860 4966/5515/4865 5548/6314/4931 4984/5533/4928
f 4961/5510/4910 4960/5509/4909 5032/5581/4933 5117/5693/5011
f 5117/5693/5011 5032/5581/4933 5033/5582/4914 5118/5694/5015
f 4959/5508/4873 5553/6322/4915 5023/5572/4946 4954/5503/4904
f 5558/6327/5329 4946/5495/4897 4942/5491/4893 4940/5489/4864
f 4954/5503/4904 5023/5572/4946 4977/5526/4921 4955/5504/4905
f 4949/5498/4899 4978/5527/4922 5130/5710/5024 4944/5493/4895
f 5559/6328/5319 4938/5487/4890 4934/5483/4886 4930/5479/4882
f 4944/5493/4895 5130/5710/5024 4975/5524/4919 4945/5494/4896
f 4941/5490/4892 4976/5525/4920 5124/5702/5018 4936/5485/4888
f 5219/5829/5084 4928/5477/4880 4924/5473/4876 5220/5830/5085
f 4936/5485/4888 5124/5702/5018 4973/5522/4917 4937/5486/4889
f 4931/5480/4883 4974/5523/4918 5014/5563/4940 4926/5475/4878
f 5560/6329/5331 4797/5346/4784 4800/5349/4786 5249/5867/5112
f 4926/5475/4878 5014/5563/4940 4970/5519/4916 4927/5476/4879
f 4972/5521/4910 4971/5520/4909 5005/5554/4933 5111/5685/5011
f 5111/5685/5011 5005/5554/4933 4968/5517/4914 4967/5516/4913
f 4921/5470/4873 4969/5518/4915 4996/5545/4932 4916/5465/4868
f 5068/5627/4911 4910/5459/4862 4906/5455/4858 5069/5628/4911
f 4916/5465/4868 4996/5545/4932 4965/5514/4912 4917/5466/4869
f 4913/5462/4865 4966/5515/4865 4987/5536/4860 4908/5457/4860
f 5561/6330/5332 4765/5314/4756 4768/5317/4759 5254/5872/5117
f 4908/5457/4860 4987/5536/4860 4962/5511/4861 4909/5458/4861
f 4957/5506/4907 5227/5839/5091 4958/5507/4908 4953/5502/4903
f 4948/5497/4882 4952/5501/4902 4955/5504/4905 4949/5498/4899
f 5108/5682/5008 4899/5448/4854 4956/5505/4906 5534/6285/5319
f 5562/6331/5333 4747/5296/4740 4750/5299/4742 5257/5875/5120
f 4898/5447/4853 4903/5452/4818 5227/5839/5091 4957/5506/4907
f 4947/5496/4898 5534/6285/5319 4948/5497/4882 4943/5492/4894
f 4940/5489/4864 4942/5491/4893 4945/5494/4896 4941/5490/4892
f 4893/5442/4840 4951/5500/4901 4946/5495/4897 5558/6327/5329
f 4950/5499/4900 5108/5682/5008 5534/6285/5319 4947/5496/4898
f 4939/5488/4891 5558/6327/5329 4940/5489/4864 4935/5484/4887
f 4930/5479/4882 4934/5483/4886 4937/5486/4889 4931/5480/4883
f 5102/5674/5002 4889/5438/4846 4938/5487/4890 5559/6328/5319
f 5563/6332/5334 4739/5288/4733 4742/5291/4735 5262/5880/5125
f 4888/5437/4845 4893/5442/4840 5558/6327/5329 4939/5488/4891
f 4929/5478/4881 5559/6328/5319 4930/5479/4882 4925/5474/4877
f 5220/5830/5085 4924/5473/4876 4927/5476/4879 4972/5521/4910
f 5224/5836/5088 4933/5482/4885 4928/5477/4880 5219/5829/5084
f 4932/5481/4884 5102/5674/5002 5559/6328/5319 4929/5478/4881
f 4919/5468/4871 5213/5821/5078 4920/5469/4872 4915/5464/4867
f 4912/5461/4864 4914/5463/4866 4917/5466/4869 4913/5462/4865
f 4883/5432/4840 4923/5472/4875 4918/5467/4870 5554/6323/5329
f 4922/5471/4874 5096/5666/4996 5213/5821/5078 4919/5468/4871
f 4911/5460/4863 5554/6323/5329 4912/5461/4864 4907/5456/4859
f 5069/5628/4911 4906/5455/4858 4909/5458/4861 4964/5513/4911
f 5073/5634/4911 4879/5428/4836 4910/5459/4862 5068/5627/4911
f 5564/6333/5335 4731/5280/4725 4734/5283/4728 5267/5885/5130
f 4878/5427/4835 4883/5432/4840 5554/6323/5329 4911/5460/4863
f 4901/5450/4856 5201/5805/5069 4902/5451/4857 4897/5446/4852
f 5194/5796/5050 4896/5445/4851 4899/5448/4854 5108/5682/5008
f 5198/5802/5066 4904/5453/4841 4900/5449/4855 5193/5795/5063
f 4905/5454/4842 5051/5606/4956 5201/5805/5069 4901/5450/4856
f 4891/5440/4848 5187/5787/5057 4892/5441/4849 4887/5436/4844
f 5180/5778/5050 4886/5435/4843 4889/5438/4846 5102/5674/5002
f 5184/5784/5054 4894/5443/4809 4890/5439/4847 5179/5777/5049
f 4895/5444/4850 5057/5614/4965 5187/5787/5057 4891/5440/4848
f 4881/5430/4838 5173/5769/5043 4882/5431/4839 4877/5426/4834
f 5061/5618/4969 4876/5425/4833 4879/5428/4836 5073/5634/4911
f 5065/5624/4973 4884/5433/4841 4880/5429/4837 5060/5617/4968
f 4885/5434/4842 5039/5590/4952 5173/5769/5043 4881/5430/4838
f 4871/5420/4828 5081/5645/4982 4872/5421/4829 4867/5416/4824
f 5030/5579/4929 4866/5415/4823 4869/5418/4826 5031/5580/4930
f 4960/5509/4909 4875/5424/4832 4870/5419/4827 5555/6324/4931
f 4874/5423/4831 5550/6317/4818 5081/5645/4982 4871/5420/4828
f 4861/5410/4818 5550/6317/4818 4874/5423/4831 4858/5407/4815
f 5565/6334/5336 4711/5260/4707 4714/5263/4710 5318/5936/5166
f 4858/5407/4815 4874/5423/4831 4875/5424/4832 4859/5408/4816
f 4854/5403/4811 5087/5653/4988 4860/5409/4817 4857/5406/4814
f 5531/6279/5316 4856/5405/4813 4859/5408/4816 4961/5510/4910
f 5209/5817/5054 4852/5401/4809 4855/5404/4812 5210/5818/5075
f 4853/5402/4810 5045/5598/4956 5087/5653/4988 4854/5403/4811
f 4850/5399/4722 5270/5888/4791 4848/5397/4791 4847/5396/4722
f 5566/6335/5337 4851/5400/4721 5556/6325/4721 4862/5411/4819
f 4862/5411/4819 5556/6325/4721 4727/5276/4721 4863/5412/4820
f 5567/6336/5338 4846/5395/4721 4851/5400/4721 5566/6335/5337
f 4851/5400/4721 4850/5399/4722 4847/5396/4722 5556/6325/4721
f 4840/5389/4722 4839/5388/4791 5270/5888/4791 4850/5399/4722
f 4843/5392/4806 5273/5891/5134 4838/5387/4790 4837/5386/4803
f 5568/6337/5339 4844/5393/4807 4845/5394/4808 5569/6338/5340
f 5569/6338/5340 4845/5394/4808 4846/5395/4721 5567/6336/5338
f 5452/6132/5262 4841/5390/4804 4844/5393/4807 5568/6337/5339
f 4844/5393/4807 4843/5392/4806 4837/5386/4803 4845/5394/4808
f 4842/5391/4805 5488/6198/5212 5273/5891/5134 4843/5392/4806
f 4833/5382/4799 5276/5894/5137 4830/5379/4718 4829/5378/4797
f 5570/6339/5341 4834/5383/4800 5557/6326/5330 5571/6340/5342
f 5571/6340/5342 5557/6326/5330 5246/5864/5109 5449/6128/5259
f 5572/6341/4820 4828/5377/4721 4834/5383/4800 5570/6339/5341
f 4834/5383/4800 4833/5382/4799 4829/5378/4797 5557/6326/5330
f 4824/5373/4722 4823/5372/4791 5276/5894/5137 4833/5382/4799
f 4825/5374/4722 5279/5897/4791 4822/5371/4791 4821/5370/4722
f 5573/6342/5337 4826/5375/4721 4827/5376/4721 5574/6343/4819
f 5574/6343/4819 4827/5376/4721 4828/5377/4721 5572/6341/4820
f 5575/6344/5338 4820/5369/4721 4826/5375/4721 5573/6342/5337
f 4826/5375/4721 4825/5374/4722 4821/5370/4722 4827/5376/4721
f 4816/5365/4722 4815/5364/4791 5279/5897/4791 4825/5374/4722
f 4817/5366/4722 5282/5900/4791 4814/5363/4791 4813/5362/4722
f 5576/6345/5343 4818/5367/4721 4819/5368/4721 5577/6346/5344
f 5577/6346/5344 4819/5368/4721 4820/5369/4721 5575/6344/5338
f 5578/6347/4749 4812/5361/4721 4818/5367/4721 5576/6345/5343
f 4818/5367/4721 4817/5366/4722 4813/5362/4722 4819/5368/4721
f 4806/5355/4722 4805/5354/4791 5282/5900/4791 4817/5366/4722
f 4808/5357/4793 5285/5903/5140 4804/5353/4790 4803/5352/4789
f 5579/6348/5345 4809/5358/4794 4811/5360/4796 5580/6349/4748
f 5580/6349/4748 4811/5360/4796 4812/5361/4721 5578/6347/4749
f 5388/6029/4751 4810/5359/4795 4809/5358/4794 5579/6348/5345
f 4809/5358/4794 4808/5357/4793 4803/5352/4789 4811/5360/4796
f 4807/5356/4792 5391/6033/5212 5285/5903/5140 4808/5357/4793
f 5569/6338/5340 5567/6336/5338 4799/5348/4758 4798/5347/4785
f 4799/5348/4758 5567/6336/5338 5566/6335/5337 5301/5919/5153
f 5301/5919/5153 5566/6335/5337 4862/5411/4819 4865/5414/4822
f 5291/5909/5143 5452/6132/5262 4791/5340/4780 4790/5339/4779
f 4791/5340/4780 5452/6132/5262 5568/6337/5339 5581/6350/5346
f 5581/6350/5346 5568/6337/5339 5569/6338/5340 4798/5347/4785
f 5295/5913/5147 5443/6118/5254 4783/5332/4774 4782/5331/4773
f 4783/5332/4774 5443/6118/5254 5292/5910/5144 5582/6351/5347
f 5582/6351/5347 5292/5910/5144 5291/5909/5143 4790/5339/4779
f 5571/6340/5342 5449/6128/5259 4773/5322/4764 4772/5321/4763
f 4773/5322/4764 5449/6128/5259 5296/5914/5148 5583/6352/5348
f 5296/5914/5148 5295/5913/5147 4782/5331/4773 5583/6352/5348
f 5574/6343/4819 5572/6341/4820 5434/6104/4821 5302/5920/4822
f 5434/6104/4821 5572/6341/4820 5570/6339/5341 5584/6353/5349
f 5570/6339/5341 5571/6340/5342 4772/5321/4763 5584/6353/5349
f 5577/6346/5344 5575/6344/5338 4767/5316/4758 4766/5315/4757
f 4767/5316/4758 5575/6344/5338 5573/6342/5337 5305/5923/5153
f 5573/6342/5337 5574/6343/4819 5302/5920/4822 5305/5923/5153
f 5580/6349/4748 5578/6347/4749 4757/5306/4749 4756/5305/4748
f 4757/5306/4749 5578/6347/4749 5576/6345/5343 5585/6354/5350
f 5576/6345/5343 5577/6346/5344 4766/5315/4757 5585/6354/5350
f 5586/6355/5351 5396/6041/4709 4713/5262/4709 4712/5261/4708
f 5383/6021/4751 5388/6029/4751 5579/6348/5345 5587/6356/5345
f 5579/6348/5345 5580/6349/4748 4756/5305/4748 5587/6356/5345
f 4801/5350/4787 5581/6350/5346 4798/5347/4785 4797/5346/4784
f 5588/6357/5352 4802/5351/4788 5560/6329/5331 4748/5297/4741
f 4748/5297/4741 5560/6329/5331 5249/5867/5112 4749/5298/4709
f 5427/6093/5242 4796/5345/4771 4802/5351/4788 5588/6357/5352
f 4802/5351/4788 4801/5350/4787 4797/5346/4784 5560/6329/5331
f 4792/5341/4765 4791/5340/4780 5581/6350/5346 4801/5350/4787
f 4793/5342/4781 5582/6351/5347 4790/5339/4779 4789/5338/4778
f 5309/5927/5157 4794/5343/4782 4795/5344/4783 5306/5924/5155
f 5306/5924/5155 4795/5344/4783 4796/5345/4771 5427/6093/5242
f 4741/5290/4727 4788/5337/4755 4794/5343/4782 5309/5927/5157
f 4794/5343/4782 4793/5342/4781 4789/5338/4778 4795/5344/4783
f 4784/5333/4750 4783/5332/4774 5582/6351/5347 4793/5342/4781
f 4785/5334/4775 5583/6352/5348 4782/5331/4773 4781/5330/4772
f 5589/6358/5353 4786/5335/4776 4787/5336/4777 4740/5289/4734
f 4740/5289/4734 4787/5336/4777 4788/5337/4755 4741/5290/4727
f 5420/6082/5235 4780/5329/4771 4786/5335/4776 5589/6358/5353
f 4786/5335/4776 4785/5334/4775 4781/5330/4772 4787/5336/4777
f 4774/5323/4765 4773/5322/4764 5583/6352/5348 4785/5334/4775
f 4777/5326/4768 5584/6353/5349 4772/5321/4763 4771/5320/4762
f 5313/5931/5161 4778/5327/4769 4779/5328/4770 5310/5928/5158
f 5310/5928/5158 4779/5328/4770 4780/5329/4771 5420/6082/5235
f 5415/6074/5230 4775/5324/4766 4778/5327/4769 5313/5931/5161
f 4778/5327/4769 4777/5326/4768 4771/5320/4762 4779/5328/4770
f 4776/5325/4767 5434/6104/4821 5584/6353/5349 4777/5326/4768
f 4769/5318/4760 5585/6354/5350 4766/5315/4757 4765/5314/4756
f 5317/5935/5165 4770/5319/4761 5561/6330/5332 5314/5932/5162
f 5314/5932/5162 5561/6330/5332 5254/5872/5117 5412/6070/5228
f 4733/5282/4727 4764/5313/4755 4770/5319/4761 5317/5935/5165
f 4770/5319/4761 4769/5318/4760 4765/5314/4756 5561/6330/5332
f 4758/5307/4750 4757/5306/4749 5585/6354/5350 4769/5318/4760
f 4760/5309/4752 5587/6356/5345 4756/5305/4748 4755/5304/4747
f 5590/6359/5354 4761/5310/4753 4763/5312/4754 4732/5281/4726
f 4732/5281/4726 4763/5312/4754 4764/5313/4755 4733/5282/4727
f 5378/6013/4751 4762/5311/4751 4761/5310/4753 5590/6359/5354
f 4761/5310/4753 4760/5309/4752 4755/5304/4747 4763/5312/4754
f 4759/5308/4751 5383/6021/4751 5587/6356/5345 4760/5309/4752
f 4753/5302/4745 5588/6357/5352 4748/5297/4741 4747/5296/4740
f 5333/5951/5180 4754/5303/4746 5562/6331/5333 5334/5952/5181
f 5334/5952/5181 5562/6331/5333 5257/5875/5120 5367/5997/5195
f 5362/5989/5187 4751/5300/4743 4754/5303/4746 5333/5951/5180
f 4754/5303/4746 4753/5302/4745 4747/5296/4740 5562/6331/5333
f 4752/5301/4744 5427/6093/5242 5588/6357/5352 4753/5302/4745
f 4745/5294/4738 5589/6358/5353 4740/5289/4734 4739/5288/4733
f 5329/5947/5176 4746/5295/4739 5563/6332/5334 5330/5948/5177
f 5330/5948/5177 5563/6332/5334 5262/5880/5125 5375/6009/5205
f 5370/6001/5197 4743/5292/4736 4746/5295/4739 5329/5947/5176
f 4746/5295/4739 4745/5294/4738 4739/5288/4733 5563/6332/5334
f 4744/5293/4737 5420/6082/5235 5589/6358/5353 4745/5294/4738
f 4736/5285/4730 5590/6359/5354 4732/5281/4726 4731/5280/4725
f 5341/5959/5180 4737/5286/4731 5564/6333/5335 5342/5960/5181
f 5342/5960/5181 5564/6333/5335 5267/5885/5130 5350/5971/5192
f 5345/5963/5187 4738/5287/4732 4737/5286/4731 5341/5959/5180
f 4737/5286/4731 4736/5285/4730 4731/5280/4725 5564/6333/5335
f 4735/5284/4729 5378/6013/4751 5590/6359/5354 4736/5285/4730
f 4729/5278/4723 5288/5906/5141 4724/5273/4718 4723/5272/4717
f 5591/6360/5355 4730/5279/4724 4835/5384/4801 5586/6355/5351
f 5586/6355/5351 4835/5384/4801 4836/5385/4802 5396/6041/4709
f 4863/5412/4820 4727/5276/4721 4730/5279/4724 5591/6360/5355
f 4730/5279/4724 4729/5278/4723 4723/5272/4717 4835/5384/4801
f 4728/5277/4722 4849/5398/4791 5288/5906/5141 4729/5278/4723
f 4864/5413/4821 4863/5412/4820 5591/6360/5355 5592/6361/5356
f 5592/6361/5356 5591/6360/5355 5586/6355/5351 4712/5261/4708
f 4717/5266/4713 5592/6361/5356 4712/5261/4708 4711/5260/4707
f 4718/5267/4714 4717/5266/4713 4711/5260/4707 5565/6334/5336
f 4716/5265/4712 4864/5413/4821 5592/6361/5356 4717/5266/4713
f 5337/5955/5176 4718/5267/4714 5565/6334/5336 5338/5956/5184
f 5338/5956/5184 5565/6334/5336 5318/5936/5166 5353/5975/5195
f 5357/5981/5197 4715/5264/4711 4718/5267/4714 5337/5955/5176
f 5593/6362/5357 5594/6363/5358 5595/6364/4709 5596/6365/5359
f 5597/6366/5360 5598/6367/5361 5599/6368/5362 5600/6369/5363
f 5601/6370/4715 5602/6371/4716 5603/6372/4716 5604/6373/4715
f 5605/6374/5364 5606/6375/5365 5607/6376/5192 5608/6377/5366
f 5609/6378/5367 5610/6379/5368 5611/6380/5369 5612/6381/5370
f 5613/6382/5371 5614/6383/5372 5615/6384/5373 5616/6385/5374
f 5617/6386/4795 5618/6387/4792 5619/6388/5375 5620/6389/5376
f 5621/6390/5377 5622/6391/5378 5623/6392/5373 5624/6393/5379
f 5625/6394/5380 5626/6395/5381 5627/6396/5382 5628/6397/4804
f 5629/6398/5383 5630/6399/5384 5631/6400/4709 5632/6401/5385
f 5633/6402/4805 5634/6403/5386 5635/6404/5387 5636/6405/5388
f 5637/6406/5389 5638/6407/5390 5639/6408/4749 5640/6409/4748
f 5641/6410/4751 5642/6411/4751 5643/6412/5391 5644/6413/5392
f 5645/6414/5393 5646/6415/5394 5638/6407/5390 5637/6406/5389
f 5647/6416/5395 5648/6417/5396 5649/6418/5397 5650/6419/5398
f 5646/6415/5394 5651/6420/5399 5652/6421/5400 5638/6407/5390
f 5653/6422/5401 5654/6423/5402 5655/6424/5338 5656/6425/5340
f 5657/6426/5403 5658/6427/5404 5659/6428/5405 5660/6429/5406
f 5661/6430/5407 5662/6431/5408 5654/6423/5402 5653/6422/5401
f 5663/6432/5409 5664/6433/5390 5665/6434/5410 5666/6435/5411
f 5662/6431/5408 5667/6436/5412 5668/6437/5413 5654/6423/5402
f 5669/6438/5414 5670/6439/5394 5664/6433/5390 5663/6432/5409
f 5671/6440/5415 5672/6441/5402 5673/6442/4820 5674/6443/5416
f 5670/6439/5394 5675/6444/5417 5676/6445/5418 5664/6433/5390
f 5677/6446/5419 5678/6447/5408 5672/6441/5402 5671/6440/5415
f 5679/6448/5420 5680/6449/5421 5681/6450/5397 5682/6451/5342
f 5678/6447/5408 5683/6452/5422 5684/6453/5423 5672/6441/5402
f 5685/6454/5424 5686/6455/5370 5687/6456/5425 5688/6457/5426
f 5689/6458/4732 5690/6459/4729 5691/6460/5427 5692/6461/5428
f 5693/6462/5429 5694/6463/5367 5686/6455/5370 5685/6454/5424
f 5695/6464/5370 5696/6465/5370 5697/6466/5425 5698/6467/5425
f 5694/6463/5367 5699/6468/5367 5700/6469/5370 5686/6455/5370
f 5701/6470/5367 5702/6471/5367 5696/6465/5370 5695/6464/5370
f 5703/6472/5370 5704/6473/5370 5705/6474/5425 5706/6475/5425
f 5702/6471/5367 5707/6476/5367 5708/6477/5370 5696/6465/5370
f 5709/6478/5367 5710/6479/5367 5704/6473/5370 5703/6472/5370
f 5711/6480/5430 5712/6481/5117 5713/6482/5192 5714/6483/5366
f 5710/6479/5367 5715/6484/5431 5716/6485/5432 5704/6473/5370
f 5717/6486/5433 5718/6487/5434 5606/6375/5365 5605/6374/5364
f 5719/6488/5435 5720/6489/5370 5721/6490/5425 5722/6491/5426
f 5723/6492/4744 5724/6493/5436 5725/6494/5437 5726/6495/4743
f 5727/6496/5438 5728/6497/5367 5720/6489/5370 5719/6488/5435
f 5729/6498/5370 5612/6381/5370 5730/6499/5425 5731/6500/5425
f 5728/6497/5367 5732/6501/5367 5733/6502/5370 5720/6489/5370
f 5734/6503/5439 5735/6504/5440 5736/6505/5441 5737/6506/5442
f 5738/6507/5443 5739/6508/5444 5740/6509/5445 5741/6510/5446
f 5735/6504/5440 5738/6507/5443 5741/6510/5446 5736/6505/5441
f 5741/6510/5446 5740/6509/5445 5742/6511/4818 5743/6512/5447
f 5744/6513/5448 5745/6514/5449 5746/6515/5450 5747/6516/4780
f 5748/6517/5451 5749/6518/5452 5750/6519/5453 5751/6520/5454
f 5752/6521/5455 5748/6517/5451 5751/6520/5454 5753/6522/5456
f 5751/6520/5454 5750/6519/5453 5754/6523/4952 5755/6524/5457
f 5756/6525/5458 5757/6526/5459 5752/6521/5455 5753/6522/5456
f 5758/6527/5460 5759/6528/5461 5760/6529/5462 5761/6530/5463
f 5762/6531/5464 5758/6527/5460 5761/6530/5463 5763/6532/5465
f 5761/6530/5463 5760/6529/5462 5764/6533/5466 5765/6534/5467
f 5766/6535/5468 5762/6531/5464 5763/6532/5465 5767/6536/5469
f 5768/6537/5470 5769/6538/5471 5770/6539/5472 5771/6540/5473
f 5772/6541/5474 5768/6537/5470 5771/6540/5473 5773/6542/5475
f 5771/6540/5473 5770/6539/5472 5774/6543/5466 5775/6544/5476
f 5776/6545/5439 5772/6541/5474 5773/6542/5475 5777/6546/5477
f 5778/6547/5478 5779/6548/5479 5780/6549/5480 5781/6550/5481
f 5782/6551/5482 5778/6547/5478 5781/6550/5481 5783/6552/5483
f 5781/6550/5481 5780/6549/5480 5784/6553/4818 5785/6554/5484
f 5786/6555/5468 5782/6551/5482 5783/6552/5483 5787/6556/5469
f 5788/6557/5485 5789/6558/4861 5790/6559/4860 5791/6560/5486
f 5792/6561/5487 5788/6557/5485 5791/6560/5486 5793/6562/5488
f 5791/6560/5486 5790/6559/4860 5794/6563/4865 5795/6564/5489
f 5760/6529/5462 5759/6528/5461 5792/6561/5487 5793/6562/5488
f 5796/6565/5490 5797/6566/5491 5798/6567/5492 5799/6568/5493
f 5800/6569/5494 5796/6565/5490 5799/6568/5493 5801/6570/5495
f 5799/6568/5493 5798/6567/5492 5802/6571/5496 5803/6572/5476
f 5804/6573/5497 5805/6574/5498 5800/6569/5494 5801/6570/5495
f 5806/6575/5499 5807/6576/4921 5808/6577/4946 5809/6578/5500
f 5810/6579/5501 5806/6575/5499 5809/6578/5500 5811/6580/5502
f 5809/6578/5500 5808/6577/4946 5812/6581/4915 5813/6582/5503
f 5814/6583/5504 5815/6584/5505 5810/6579/5501 5811/6580/5502
f 5816/6585/5506 5817/6586/5507 5818/6587/5508 5819/6588/5509
f 5820/6589/5510 5816/6585/5506 5819/6588/5509 5821/6590/5511
f 5819/6588/5509 5818/6587/5508 5822/6591/5512 5823/6592/5489
f 5770/6539/5472 5769/6538/5471 5820/6589/5510 5821/6590/5511
f 5824/6593/5513 5825/6594/5514 5826/6595/5515 5827/6596/5516
f 5828/6597/5517 5824/6593/5513 5827/6596/5516 5829/6598/5518
f 5827/6596/5516 5826/6595/5515 5830/6599/4909 5831/6600/5503
f 5832/6601/5519 5833/6602/5520 5828/6597/5517 5829/6598/5518
f 5834/6603/5521 5835/6604/4916 5836/6605/4940 5837/6606/5522
f 5838/6607/5523 5834/6603/5521 5837/6606/5522 5839/6608/5524
f 5837/6606/5522 5836/6605/4940 5840/6609/5496 5841/6610/5525
f 5780/6549/5480 5779/6548/5479 5838/6607/5523 5839/6608/5524
f 5739/6508/5444 5842/6611/5526 5843/6612/4899 5757/6526/5459
f 5789/6558/4861 5844/6613/4911 5845/6614/4911 5846/6615/4861
f 5797/6566/5491 5794/6563/4865 5847/6616/4865 5848/6617/5527
f 5849/6618/5528 5802/6571/5496 5850/6619/4883 5851/6620/5529
f 5807/6576/4921 5852/6621/5526 5853/6622/4899 5854/6623/4905
f 5817/6586/5507 5812/6581/4915 5855/6624/5530 5856/6625/5531
f 5825/6594/5514 5822/6591/5512 5857/6626/5532 5858/6627/5533
f 5835/6604/4916 5830/6599/4909 5859/6628/5534 5860/6629/4879
f 5861/6630/5535 5862/6631/5536 5863/6632/5537 5864/6633/5538
f 5865/6634/5539 5861/6630/5535 5864/6633/5538 5866/6635/5540
f 5864/6633/5538 5863/6632/5537 5867/6636/5541 5868/6637/5542
f 5869/6638/4860 5846/6615/4861 5865/6634/5539 5866/6635/5540
f 5870/6639/5542 5871/6640/5541 5872/6641/5541 5873/6642/5542
f 5874/6643/5543 5870/6639/5542 5873/6642/5542 5875/6644/5543
f 5873/6642/5542 5872/6641/5541 5876/6645/5541 5877/6646/5542
f 5878/6647/5544 5848/6617/5527 5874/6643/5543 5875/6644/5543
f 5879/6648/5542 5880/6649/5541 5881/6650/5541 5882/6651/5542
f 5883/6652/5543 5879/6648/5542 5882/6651/5542 5884/6653/5543
f 5882/6651/5542 5881/6650/5541 5885/6654/5541 5886/6655/5542
f 5887/6656/5545 5851/6620/5529 5883/6652/5543 5884/6653/5543
f 5888/6657/5546 5889/6658/5547 5890/6659/5453 5891/6660/5548
f 5892/6661/5549 5888/6657/5546 5891/6660/5548 5893/6662/5550
f 5891/6660/5548 5890/6659/5453 5894/6663/4952 5895/6664/5078
f 5896/6665/4904 5854/6623/4905 5892/6661/5549 5893/6662/5550
f 5897/6666/5551 5898/6667/5536 5899/6668/5552 5900/6669/5553
f 5901/6670/5554 5897/6666/5551 5900/6669/5553 5902/6671/5555
f 5900/6669/5553 5899/6668/5552 5903/6672/5541 5904/6673/5542
f 5905/6674/4878 5860/6629/4879 5901/6670/5554 5902/6671/5555
f 5906/6675/5542 5907/6676/5541 5908/6677/5541 5909/6678/5542
f 5910/6679/5543 5906/6675/5542 5909/6678/5542 5911/6680/5543
f 5909/6678/5542 5908/6677/5541 5912/6681/5541 5913/6682/5542
f 5914/6683/5545 5915/6684/5529 5910/6679/5543 5911/6680/5543
f 5916/6685/5556 5766/6535/5468 5767/6536/5469 5917/6686/5557
f 5918/6687/5558 5917/6688/5557 5919/6689/5559 5920/6690/5560
f 5917/6686/5557 5767/6536/5469 5921/6691/5561 5919/6692/5559
f 5922/6693/5562 5734/6503/5439 5737/6506/5442 5923/6694/5563
f 5924/6695/5558 5923/6696/5563 5925/6697/5564 5926/6698/5560
f 5923/6694/5563 5737/6506/5442 5927/6699/5565 5925/6700/5564
f 5928/6701/5566 5786/6555/5468 5787/6556/5469 5929/6702/5557
f 5930/6703/5558 5929/6704/5557 5931/6705/5567 5932/6706/5568
f 5929/6702/5557 5787/6556/5469 5933/6707/5565 5931/6708/5567
f 5934/6709/5569 5776/6545/5439 5777/6546/5477 5935/6710/5570
f 5936/6711/5571 5935/6712/5570 5937/6713/5572 5938/6714/5573
f 5935/6710/5570 5777/6546/5477 5939/6715/5574 5937/6716/5572
f 5940/6717/5575 5941/6718/4977 5942/6719/4978 5943/6720/4975
f 5944/6721/5576 5943/6722/4975 5945/6723/5577 5946/6724/5578
f 5943/6720/4975 5942/6719/4978 5947/6725/5579 5945/6726/5577
f 5948/6727/4715 5949/6728/4911 5950/6729/4911 5951/6730/4715
f 5952/6731/4716 5951/6732/4715 5953/6733/4715 5954/6734/4716
f 5951/6730/4715 5950/6729/4911 5955/6735/4911 5953/6736/4715
f 5604/6737/4715 5845/6614/4911 5844/6613/4911 5601/6738/4715
f 5956/6739/4967 5957/6740/4968 5958/6741/4969 5959/6742/5580
f 5960/6743/5322 5959/6744/5580 5604/6373/4715 5603/6372/4716
f 5959/6742/5580 5958/6741/4969 5845/6614/4911 5604/6737/4715
f 5961/6745/5581 5962/6746/5582 5755/6524/5457 5963/6747/5583
f 5964/6748/5584 5963/6749/5583 5965/6750/4955 5966/6751/4950
f 5963/6747/5583 5755/6524/5457 5754/6523/4952 5965/6752/4955
f 5967/6753/5585 5968/6754/5586 5743/6512/5447 5969/6755/5587
f 5970/6756/5588 5969/6757/5587 5971/6758/4991 5972/6759/4990
f 5969/6755/5587 5743/6512/5447 5742/6511/4818 5971/6760/4991
f 5973/6761/5589 5805/6574/5498 5804/6573/5497 5974/6762/5590
f 5975/6763/5591 5974/6764/5590 5976/6765/5592 5977/6766/4984
f 5974/6762/5590 5804/6573/5497 5978/6767/4830 5976/6768/5592
f 5979/6769/5593 5815/6584/5505 5814/6583/5504 5980/6770/5594
f 5981/6771/5595 5980/6772/5594 5982/6773/5596 5983/6774/5597
f 5980/6770/5594 5814/6583/5504 5984/6775/5598 5982/6776/5596
f 5985/6777/5599 5833/6602/5520 5832/6601/5519 5986/6778/5600
f 5987/6779/5601 5986/6780/5600 5988/6781/5602 5989/6782/5603
f 5986/6778/5600 5832/6601/5519 5990/6783/5604 5988/6784/5602
f 5991/6785/5605 5849/6618/5528 5992/6786/5606 5993/6787/5607
f 5994/6788/5608 5993/6789/5607 5995/6790/5609 5996/6791/5610
f 5993/6787/5607 5992/6786/5606 5852/6621/5526 5995/6792/5609
f 5997/6793/5611 5998/6794/5528 5999/6795/5606 6000/6796/5607
f 6001/6797/5608 6000/6798/5607 6002/6799/5612 6003/6800/5610
f 6000/6796/5607 5999/6795/5606 5842/6611/5526 6002/6801/5612
f 6004/6802/5613 6005/6803/5614 5856/6625/5531 6006/6804/5615
f 6007/6805/5616 6006/6806/5615 6008/6807/5617 6009/6808/5618
f 6006/6804/5615 5856/6625/5531 5855/6624/5530 6008/6809/5617
f 6010/6810/5619 6011/6811/5620 5858/6627/5533 6012/6812/5621
f 6013/6813/5622 6012/6814/5621 6014/6815/5623 6015/6816/5624
f 6012/6812/5621 5858/6627/5533 5857/6626/5532 6014/6817/5623
f 6016/6818/5625 5750/6519/5453 5749/6518/5452 6017/6819/5626
f 6018/6820/5627 6017/6821/5626 6019/6822/5628 6020/6823/5624
f 6017/6819/5626 5749/6518/5452 5912/6681/5541 6019/6824/5628
f 6021/6825/5629 5863/6632/5537 5862/6631/5536 6022/6826/5630
f 6023/6827/5631 6022/6828/5630 6024/6829/5065 6025/6830/4971
f 6022/6826/5630 5862/6631/5536 6026/6831/5066 6024/6832/5065
f 6027/6833/5632 5872/6641/5541 5871/6640/5541 6028/6834/5632
f 6029/6835/5624 6028/6836/5632 6030/6837/5632 6031/6838/5624
f 6028/6834/5632 5871/6640/5541 5867/6636/5541 6030/6839/5632
f 6032/6840/5632 5881/6650/5541 5880/6649/5541 6033/6841/5632
f 6034/6842/5624 6033/6843/5632 6035/6844/5632 6036/6845/5624
f 6033/6841/5632 5880/6649/5541 5876/6645/5541 6035/6846/5632
f 6037/6847/5633 5890/6659/5453 5889/6658/5547 6038/6848/5626
f 6039/6849/5627 6038/6850/5626 6040/6851/5632 6041/6852/5624
f 6038/6848/5626 5889/6658/5547 5885/6654/5541 6040/6853/5632
f 6042/6854/5629 5899/6668/5552 5898/6667/5536 6043/6855/5630
f 6044/6856/5631 6043/6857/5630 6045/6858/4972 6046/6859/4971
f 6043/6855/5630 5898/6667/5536 6047/6860/5066 6045/6861/4972
f 6048/6862/5632 5908/6677/5541 5907/6676/5541 6049/6863/5632
f 6050/6864/5624 6049/6865/5632 6051/6866/5632 6052/6867/5624
f 6049/6863/5632 5907/6676/5541 5903/6672/5541 6051/6868/5632
f 6053/6869/5634 6054/6870/5635 5765/6534/5467 6055/6871/5636
f 6056/6872/5637 6055/6873/5636 6057/6874/5638 6058/6875/5639
f 6055/6871/5636 5765/6534/5467 5764/6533/5466 6057/6876/5638
f 6059/6877/5640 6060/6878/5641 6061/6879/5642 6062/6880/5643
f 6063/6881/5644 6062/6882/5643 6064/6883/5645 6065/6884/5646
f 6062/6880/5643 6061/6879/5642 6066/6885/5647 6064/6886/5645
f 6067/6887/5648 6068/6888/5649 5775/6544/5476 6069/6889/5650
f 6070/6890/5651 6069/6891/5650 6071/6892/5652 6072/6893/5653
f 6069/6889/5650 5775/6544/5476 5774/6543/5466 6071/6894/5652
f 6073/6895/5640 6074/6896/5654 6075/6897/5103 6076/6898/5100
f 6077/6899/5312 6076/6900/5100 6078/6901/5577 6079/6902/5578
f 6076/6898/5100 6075/6897/5103 6080/6903/5579 6078/6904/5577
f 6081/6905/5655 6082/6906/5656 5785/6554/5484 6083/6907/5657
f 6084/6908/5658 6083/6909/5657 6085/6910/5072 6086/6911/5071
f 6083/6907/5657 5785/6554/5484 5784/6553/4818 6085/6912/5072
f 6087/6913/5659 6088/6914/5660 6089/6915/5661 6090/6916/5578
f 6088/6917/5660 6091/6918/5662 6092/6919/5647 6089/6920/5661
f 6093/6921/5663 6094/6922/4939 5803/6572/5476 6095/6923/5664
f 6096/6924/5665 6095/6925/5664 6097/6926/5666 6098/6927/5667
f 6095/6923/5664 5803/6572/5476 5802/6571/5496 6097/6928/5666
f 6099/6929/5668 6100/6930/5669 6101/6931/5670 6102/6932/5643
f 6103/6933/5671 6102/6934/5643 6104/6935/5645 6105/6936/5672
f 6102/6932/5643 6101/6931/5670 6106/6937/5036 6104/6938/5645
f 6107/6939/5673 6108/6940/5674 5841/6610/5525 6109/6941/5675
f 6110/6942/5676 6109/6943/5675 6111/6944/5677 6112/6945/5639
f 6109/6941/5675 5841/6610/5525 5840/6609/5496 6111/6946/5677
f 6113/6947/5678 6114/6948/5679 5895/6664/5078 6115/6949/5680
f 6116/6950/5681 6115/6951/5680 6117/6952/5682 6118/6953/5683
f 6115/6949/5680 5895/6664/5078 5894/6663/4952 6117/6954/5682
f 6119/6955/5062 6120/6956/5063 6121/6957/5684 6122/6958/5061
f 6123/6959/5320 6122/6960/5061 6124/6961/5685 6125/6962/5686
f 6122/6958/5061 6121/6957/5684 5859/6628/5534 6124/6963/5685
f 5723/6492/4744 5726/6495/4743 6126/6964/5123 6127/6965/5124
f 6128/6966/5687 6129/6967/5688 6130/6968/5689 5712/6481/5117
f 6131/6969/5690 6132/6970/5691 6133/6971/5692 5680/6449/5421
f 5657/6426/5403 5660/6429/5406 6134/6972/5693 6135/6973/5694
f 6136/6974/4798 6137/6975/5695 6138/6976/5696 5648/6417/5396
f 6139/6977/5697 6140/6978/5698 6141/6979/5699 5630/6399/5384
f 5633/6402/4805 5636/6405/5388 6142/6980/5700 6143/6981/5108
f 6144/6982/5701 6145/6983/5702 6146/6984/5703 5622/6391/5378
f 5625/6394/5380 5628/6397/4804 6147/6985/5700 6148/6986/5694
f 6149/6987/5704 6150/6988/5705 6151/6989/5706 5614/6383/5372
f 5731/6500/5425 6152/6990/5707 6153/6991/5707 6154/6992/5425
f 5722/6491/5426 6155/6993/5708 6156/6994/5709 6157/6995/5710
f 5714/6483/5366 6158/6996/5711 6159/6997/5712 6160/6998/5713
f 5706/6475/5425 6161/6999/5707 6162/7000/5707 6163/7001/5425
f 5698/6467/5425 6164/7002/5707 6165/7003/5707 6166/7004/5425
f 5688/6457/5426 6167/7005/5708 6168/7006/5709 6169/7007/5710
f 5608/6377/5366 6170/7008/5714 6171/7009/5712 6172/7010/5713
f 6173/7011/5715 6174/7012/5716 6175/7013/5717 6176/7014/5718
f 6177/7015/5719 6178/7016/5720 6179/7017/5721 6180/7018/5722
f 5745/6514/5449 6181/7019/5723 6182/7020/5724 6183/7021/5725
f 6184/7022/5449 6185/7023/5723 6186/7024/5726 6187/7025/5725
f 6188/7026/5727 6189/7027/5728 6190/7028/5729 6191/7029/5730
f 6192/7030/5731 6193/7031/5732 6194/7032/5733 6195/7033/5734
f 6196/7034/5735 6197/7035/5736 6198/7036/5737 6199/7037/5738
f 6200/7038/5739 6201/7039/5740 6202/7040/5741 5594/6363/5358
f 5718/6487/5434 6203/7041/5742 6204/7042/5743 5606/6375/5365
f 5689/6458/4732 6205/7043/5174 6206/7044/5744 5690/6459/4729
f 5641/6410/4751 6207/7045/5173 6208/7046/5173 5642/6411/4751
f 5617/6386/4795 6209/7047/5171 6210/7048/5172 5618/6387/4792
f 6211/7049/5745 6212/7050/5746 6213/7051/5747 6214/7052/5748
f 6215/7053/5749 6216/7054/5750 6217/7055/5751 6218/7056/5752
f 6219/7057/5745 6220/7058/5753 6221/7059/5754 6222/7060/5755
f 6223/7061/5749 6224/7062/5750 6225/7063/5751 6226/7064/5752
f 6227/7065/5756 6228/7066/5757 6224/7062/5750 6223/7061/5749
f 6224/7067/5750 6229/7068/5758 6230/7069/5759 6225/7070/5751
f 6228/7071/5757 6231/7072/5760 6229/7068/5758 6224/7067/5750
f 6226/7064/5752 6225/7063/5751 6232/7073/5761 6233/7074/5762
f 6225/7070/5751 6230/7069/5759 6234/7075/5763 6232/7076/5761
f 6235/7077/5764 6236/7078/5765 6201/7039/5740 6200/7038/5739
f 6236/7079/5765 6237/7080/5763 6238/7081/5766 6201/7082/5740
f 6239/7083/5767 6240/7084/5768 6220/7058/5753 6219/7057/5745
f 6220/7085/5753 6241/7086/5758 6242/7087/5759 6221/7088/5754
f 6240/7089/5768 6243/7090/5760 6241/7086/5758 6220/7085/5753
f 6222/7060/5755 6221/7059/5754 6236/7078/5765 6235/7077/5764
f 6221/7088/5754 6242/7087/5759 6237/7080/5763 6236/7079/5765
f 6244/7091/5756 6245/7092/5769 6216/7054/5750 6215/7053/5749
f 6216/7093/5750 6246/7094/5758 6247/7095/5759 6217/7096/5751
f 6245/7097/5769 6248/7098/5760 6246/7094/5758 6216/7093/5750
f 6218/7056/5752 6217/7055/5751 6249/7099/5770 6250/7100/5764
f 6217/7096/5751 6247/7095/5759 6251/7101/5771 6249/7102/5770
f 6252/7103/5767 6253/7104/5772 6212/7050/5746 6211/7049/5745
f 6212/7105/5746 6254/7106/5773 6255/7107/5774 6213/7108/5747
f 6253/7109/5772 6256/7110/5775 6254/7106/5773 6212/7105/5746
f 6214/7052/5748 6213/7051/5747 6257/7111/5776 6258/7112/5777
f 6213/7108/5747 6255/7107/5774 6259/7113/5778 6257/7114/5776
f 6260/7115/4751 6261/7116/5173 6209/7047/5171 5617/6386/4795
f 6209/7117/5171 6262/7118/5214 6263/7119/5779 6210/7120/5172
f 6261/7121/5173 6264/7122/5211 6262/7118/5214 6209/7117/5171
f 5618/6387/4792 6210/7048/5172 6228/7066/5757 6227/7065/5756
f 6210/7120/5172 6263/7119/5779 6231/7072/5760 6228/7071/5757
f 6265/7123/4751 6266/7124/5173 6207/7045/5173 5641/6410/4751
f 6207/7125/5173 6267/7126/5211 6268/7127/5211 6208/7128/5173
f 6266/7129/5173 6269/7130/5211 6267/7126/5211 6207/7125/5173
f 5642/6411/4751 6208/7046/5173 6261/7116/5173 6260/7115/4751
f 6208/7128/5173 6268/7127/5211 6264/7122/5211 6261/7121/5173
f 6270/7131/4751 6271/7132/5173 6266/7124/5173 6265/7123/4751
f 6271/7133/5173 6272/7134/5211 6269/7130/5211 6266/7129/5173
f 6273/7135/5187 6274/7136/5199 6205/7043/5174 5689/6458/4732
f 6205/7137/5174 6275/7138/5209 6276/7139/5210 6206/7140/5744
f 6274/7141/5199 6277/7142/5191 6275/7138/5209 6205/7137/5174
f 5690/6459/4729 6206/7044/5744 6271/7132/5173 6270/7131/4751
f 6206/7140/5744 6276/7139/5210 6272/7134/5211 6271/7133/5173
f 6278/7143/4709 6279/7144/5217 6203/7041/5742 5718/6487/5434
f 6203/7145/5742 6280/7146/5780 6281/7147/5781 6204/7148/5743
f 6279/7149/5217 6282/7150/5220 6280/7146/5780 6203/7145/5742
f 5606/6375/5365 6204/7042/5743 6283/7151/5193 5607/6376/5192
f 6204/7148/5743 6281/7147/5781 6284/7152/5194 6283/7153/5193
f 5595/6364/4709 6285/7154/5217 6279/7144/5217 6278/7143/4709
f 6285/7155/5217 6286/7156/5220 6282/7150/5220 6279/7149/5217
f 5972/7157/4990 5971/7158/4991 6287/7159/4991 6288/7160/4990
f 6201/7082/5740 6238/7081/5766 6289/7161/5782 6202/7162/5741
f 5594/6363/5358 6202/7040/5741 6285/7154/5217 5595/6364/4709
f 6202/7162/5741 6289/7161/5782 6286/7163/5220 6285/7164/5217
f 5615/6384/5373 6290/7165/5783 6198/7036/5737 6197/7035/5736
f 6198/7166/5737 6291/7167/5784 6292/7168/5785 6199/7169/5738
f 6290/7170/5783 6293/7171/5786 6291/7167/5784 6198/7166/5737
f 6196/7034/5735 6199/7037/5738 6294/7172/5765 6295/7173/4719
f 6199/7169/5738 6292/7168/5785 6296/7174/5222 6294/7175/5765
f 6297/7176/5212 6298/7177/5772 6194/7032/5733 6193/7031/5732
f 6194/7178/5733 6299/7179/5787 6300/7180/5788 6195/7181/5734
f 6298/7182/5772 6301/7183/5789 6299/7179/5787 6194/7178/5733
f 6192/7030/5731 6195/7033/5734 6302/7184/5790 6303/7185/5791
f 6195/7181/5734 6300/7180/5788 6304/7186/5792 6302/7187/5790
f 5623/6392/5373 6305/7188/5793 6190/7028/5729 6189/7027/5728
f 6190/7189/5729 6306/7190/5794 6307/7191/5795 6191/7192/5730
f 6305/7193/5793 6308/7194/5796 6306/7190/5794 6190/7189/5729
f 6188/7026/5727 6191/7029/5730 6309/7195/5797 6310/7196/5798
f 6191/7192/5730 6307/7191/5795 6311/7197/5799 6309/7198/5797
f 5649/6418/5397 6312/7199/5800 6186/7024/5726 6185/7023/5723
f 6186/7200/5726 6313/7201/5801 6314/7202/5802 6187/7203/5725
f 6312/7204/5800 6315/7205/5803 6313/7201/5801 6186/7200/5726
f 6184/7022/5449 6187/7025/5725 6316/7206/5804 6317/7207/5450
f 6187/7203/5725 6314/7202/5802 6318/7208/5805 6316/7209/5804
f 5681/6450/5397 6319/7210/5793 6182/7020/5724 6181/7019/5723
f 6182/7211/5724 6320/7212/5794 6321/7213/5802 6183/7214/5725
f 6319/7215/5793 6322/7216/5786 6320/7212/5794 6182/7211/5724
f 5745/6514/5449 6183/7021/5725 6323/7217/5806 5746/6515/5450
f 6183/7214/5725 6321/7213/5802 6324/7218/5805 6323/7219/5806
f 6325/7220/5807 6326/7221/5808 6178/7016/5720 6177/7015/5719
f 6178/7222/5720 6327/7223/5809 6328/7224/5810 6179/7225/5721
f 6329/7226/5811 6004/7227/5613 6006/6806/5615 6007/6805/5616
f 6326/7228/5808 6330/7229/5812 6327/7223/5809 6178/7222/5720
f 6180/7018/5722 6179/7017/5721 6331/7230/5813 6332/7231/5814
f 6179/7225/5721 6328/7224/5810 6333/7232/5815 6331/7233/5813
f 6334/7234/5816 6335/7235/5817 6174/7012/5716 6173/7011/5715
f 6174/7236/5716 6336/7237/5818 6337/7238/5819 6175/7239/5717
f 6338/7240/5820 6010/7241/5619 6012/6814/5621 6013/6813/5622
f 6335/7242/5817 6339/7243/5821 6336/7237/5818 6174/7236/5716
f 6176/7014/5718 6175/7013/5717 6326/7221/5808 6325/7220/5807
f 6175/7239/5717 6337/7238/5819 6330/7229/5812 6326/7228/5808
f 5607/6376/5192 6283/7151/5193 6170/7008/5714 5608/6377/5366
f 6170/7244/5714 6340/7245/5822 6341/7246/5823 6171/7247/5712
f 6342/7248/5824 6016/7249/5625 6017/6821/5626 6018/6820/5627
f 6283/7153/5193 6284/7152/5194 6340/7245/5822 6170/7244/5714
f 6172/7010/5713 6171/7009/5712 6343/7250/5825 5730/6499/5425
f 6171/7247/5712 6341/7246/5823 6344/7251/5812 6343/7252/5825
f 5687/6456/5425 6345/7253/5707 6167/7005/5708 5688/6457/5426
f 6167/7254/5708 6346/7255/5826 6347/7256/5827 6168/7257/5709
f 6348/7258/5828 6021/7259/5629 6022/6828/5630 6023/6827/5631
f 6345/7260/5707 6349/7261/5812 6346/7255/5826 6167/7254/5708
f 6169/7007/5710 6168/7006/5709 6274/7136/5199 6273/7135/5187
f 6168/7257/5709 6347/7256/5827 6277/7262/5191 6274/7263/5199
f 5697/6466/5425 6350/7264/5707 6164/7002/5707 5698/6467/5425
f 6164/7265/5707 6351/7266/5812 6352/7267/5812 6165/7268/5707
f 6353/7269/5624 6027/7270/5632 6028/6836/5632 6029/6835/5624
f 6350/7271/5707 6354/7272/5812 6351/7266/5812 6164/7265/5707
f 6166/7004/5425 6165/7003/5707 6345/7253/5707 5687/6456/5425
f 6165/7268/5707 6352/7267/5812 6349/7261/5812 6345/7260/5707
f 5705/6474/5425 6355/7273/5707 6161/6999/5707 5706/6475/5425
f 6161/7274/5707 6356/7275/5812 6357/7276/5812 6162/7277/5707
f 6358/7278/5624 6032/7279/5632 6033/6843/5632 6034/6842/5624
f 6355/7280/5707 6359/7281/5812 6356/7275/5812 6161/7274/5707
f 6163/7001/5425 6162/7000/5707 6350/7264/5707 5697/6466/5425
f 6162/7277/5707 6357/7276/5812 6354/7272/5812 6350/7271/5707
f 5713/6482/5192 6360/7282/5829 6158/6996/5711 5714/6483/5366
f 6158/7283/5711 6361/7284/5830 6362/7285/5823 6159/7286/5712
f 6363/7287/5831 6037/7288/5633 6038/6850/5626 6039/6849/5627
f 6360/7289/5829 6364/7290/5832 6361/7284/5830 6158/7283/5711
f 6160/6998/5713 6159/6997/5712 6355/7273/5707 5705/6474/5425
f 6159/7286/5712 6362/7285/5823 6359/7281/5812 6355/7280/5707
f 5721/6490/5425 6365/7291/5825 6155/6993/5708 5722/6491/5426
f 6155/7292/5708 6366/7293/5826 6367/7294/5827 6156/7295/5709
f 6368/7296/5828 6042/7297/5629 6043/6857/5630 6044/6856/5631
f 6365/7298/5825 6369/7299/5812 6366/7293/5826 6155/7292/5708
f 6157/6995/5710 6156/6994/5709 6370/7300/5833 6371/7301/5187
f 6156/7295/5709 6367/7294/5827 6372/7302/5191 6370/7303/5833
f 5730/6499/5425 6343/7250/5825 6152/6990/5707 5731/6500/5425
f 6152/7304/5707 6373/7305/5812 6374/7306/5812 6153/7307/5707
f 6375/7308/5624 6048/7309/5632 6049/6865/5632 6050/6864/5624
f 6343/7252/5825 6344/7251/5812 6373/7305/5812 6152/7304/5707
f 6154/6992/5425 6153/6991/5707 6365/7291/5825 5721/6490/5425
f 6153/7307/5707 6374/7306/5812 6369/7299/5812 6365/7298/5825
f 6233/7074/5762 6232/7073/5761 6150/6988/5705 6149/6987/5704
f 6150/7310/5705 6376/7311/5834 6377/7312/5835 6151/7313/5706
f 6378/7314/5836 6053/7315/5634 6055/6873/5636 6056/6872/5637
f 6232/7076/5761 6234/7075/5763 6376/7311/5834 6150/7310/5705
f 5614/6383/5372 6151/6989/5706 6290/7165/5783 5615/6384/5373
f 6151/7313/5706 6377/7312/5835 6293/7171/5786 6290/7170/5783
f 6303/7185/5791 6302/7184/5790 6147/6985/5700 5628/6397/4804
f 6147/7316/5700 6379/7317/5837 6380/7318/5838 6148/7319/5694
f 6302/7187/5790 6304/7186/5792 6379/7317/5837 6147/7316/5700
f 5625/6394/5380 6148/6986/5694 6253/7104/5772 6252/7103/5767
f 6148/7319/5694 6380/7318/5838 6256/7110/5775 6253/7109/5772
f 6258/7112/5777 6257/7111/5776 6145/6983/5702 6144/6982/5701
f 6145/7320/5702 6381/7321/5839 6382/7322/5840 6146/7323/5703
f 6383/7324/5841 6067/7325/5648 6069/6891/5650 6070/6890/5651
f 6257/7114/5776 6259/7113/5778 6381/7321/5839 6145/7320/5702
f 5622/6391/5378 6146/6984/5703 6305/7188/5793 5623/6392/5373
f 6146/7323/5703 6382/7322/5840 6308/7194/5796 6305/7193/5793
f 6310/7196/5798 6309/7195/5797 6142/6980/5700 5636/6405/5388
f 6142/7326/5700 6384/7327/5313 6385/7328/5311 6143/7329/5108
f 6309/7330/5797 6311/7331/5799 6384/7327/5313 6142/7326/5700
f 5633/6402/4805 6143/6981/5108 6245/7092/5769 6244/7091/5756
f 6143/7329/5108 6385/7328/5311 6248/7098/5760 6245/7097/5769
f 6250/7100/5764 6249/7099/5770 6140/6978/5698 6139/6977/5697
f 6140/7332/5698 6386/7333/5842 6387/7334/5843 6141/7335/5699
f 6388/7336/5844 6081/7337/5655 6083/6909/5657 6084/6908/5658
f 6249/7102/5770 6251/7101/5771 6386/7333/5842 6140/7332/5698
f 5630/6399/5384 6141/6979/5699 6389/7338/5292 5631/6400/4709
f 6141/7335/5699 6387/7334/5843 6390/7339/5293 6389/7340/5292
f 5597/6366/5360 6391/7341/5845 6240/7084/5768 6239/7083/5767
f 6391/7342/5845 6392/7343/5846 6243/7090/5760 6240/7089/5768
f 6295/7173/4719 6294/7172/5765 6137/6975/5695 6136/6974/4798
f 6137/7344/5695 6393/7345/5847 6394/7346/5848 6138/7347/5696
f 6395/7348/5849 6093/7349/5663 6095/6925/5664 6096/6924/5665
f 6294/7175/5765 6296/7174/5222 6393/7345/5847 6137/7344/5695
f 5648/6417/5396 6138/6976/5696 6312/7199/5800 5649/6418/5397
f 6138/7347/5696 6394/7346/5848 6315/7205/5803 6312/7204/5800
f 6317/7207/5450 6316/7206/5804 6134/6972/5693 5660/6429/5406
f 6134/7350/5693 6396/7351/5850 6397/7352/5851 6135/7353/5694
f 6316/7209/5804 6318/7208/5805 6396/7351/5850 6134/7350/5693
f 5657/6426/5403 6135/6973/5694 6298/7177/5772 6297/7176/5212
f 6135/7353/5694 6397/7352/5851 6301/7183/5789 6298/7182/5772
f 5631/6400/4709 6389/7338/5292 6132/6970/5691 6131/6969/5690
f 6132/7354/5691 6398/7355/5852 6399/7356/5853 6133/7357/5692
f 6400/7358/5854 6107/7359/5673 6109/6943/5675 6110/6942/5676
f 6389/7340/5292 6390/7339/5293 6398/7355/5852 6132/7354/5691
f 5680/6449/5421 6133/6971/5692 6319/7210/5793 5681/6450/5397
f 6133/7357/5692 6399/7356/5853 6322/7216/5786 6319/7215/5793
f 5597/6366/5360 5600/6369/5363 6401/7360/5855 6391/7341/5845
f 5746/6515/5450 6323/7217/5806 6401/7360/5855 5600/6369/5363
f 6401/7361/5855 6402/7362/5856 6392/7343/5846 6391/7342/5845
f 6403/7363/5857 6404/7364/5858 6088/6914/5660 6087/6913/5659
f 6323/7219/5806 6324/7218/5805 6402/7362/5856 6401/7361/5855
f 6332/7231/5814 6331/7230/5813 6129/6967/5688 6128/6966/5687
f 6129/7365/5688 6405/7366/5859 6406/7367/5860 6130/7368/5689
f 6407/7369/5861 6113/7370/5678 6115/6951/5680 6116/6950/5681
f 6331/7233/5813 6333/7232/5815 6405/7366/5859 6129/7365/5688
f 5712/6481/5117 6130/6968/5689 6360/7282/5829 5713/6482/5192
f 6130/7368/5689 6406/7367/5860 6364/7290/5832 6360/7289/5829
f 6408/7371/5862 6372/7302/5191 6046/6859/4971 6409/7372/5064
f 6371/7301/5187 6370/7300/5833 6126/6964/5123 5726/6495/4743
f 6126/7373/5123 6408/7371/5862 6410/7374/5288 6127/7375/5124
f 6409/7372/5064 6119/7376/5062 6122/6960/5061 6123/6959/5320
f 6370/7303/5833 6372/7302/5191 6408/7371/5862 6126/7373/5123
f 5723/6492/4744 6127/6965/5124 6335/7235/5817 6334/7234/5816
f 6127/7375/5124 6410/7374/5288 6339/7243/5821 6335/7242/5817
f 6046/6859/4971 6045/6858/4972 6119/7376/5062 6409/7372/5064
f 6045/6861/4972 6047/6860/5066 6120/6956/5063 6119/6955/5062
f 6405/7366/5859 6333/7232/5815 6009/6808/5618 6407/7369/5861
f 6411/7377/5863 5961/7378/5581 5963/6749/5583 5964/6748/5584
f 6339/7243/5821 6410/7374/5288 6123/6959/5320 6125/6962/5686
f 6410/7374/5288 6408/7371/5862 6409/7372/5064 6123/6959/5320
f 6009/6808/5618 6008/6807/5617 6113/7370/5678 6407/7369/5861
f 6008/6809/5617 5855/6624/5530 6114/6948/5679 6113/6947/5678
f 6402/7362/5856 6324/7218/5805 6003/6800/5610 6403/7363/5857
f 6412/7379/4970 5956/7380/4967 5959/6744/5580 5960/6743/5322
f 6364/7290/5832 6406/7367/5860 6116/6950/5681 6118/6953/5683
f 6406/7367/5860 6405/7366/5859 6407/7369/5861 6116/6950/5681
f 6003/6800/5610 6002/6799/5612 6404/7364/5858 6403/7363/5857
f 6088/6917/5660 6404/7381/5858 6413/7382/5864 6091/6918/5662
f 6002/6801/5612 5842/6611/5526 6413/7382/5864 6404/7381/5858
f 6386/7333/5842 6251/7101/5771 5932/6706/5568 6388/7336/5844
f 6414/7383/5865 5967/7384/5585 5969/6757/5587 5970/6756/5588
f 6398/7355/5852 6390/7339/5293 6086/6911/5071 6400/7358/5854
f 6086/6911/5071 6085/6910/5072 6107/7359/5673 6400/7358/5854
f 6085/6912/5072 5784/6553/4818 6108/6940/5674 6107/6939/5673
f 6396/7351/5850 6318/7208/5805 5996/6791/5610 6415/7385/5866
f 6415/7385/5866 6099/7386/5668 6102/6934/5643 6103/6933/5671
f 6322/7216/5786 6399/7356/5853 6110/6942/5676 6112/6945/5639
f 6399/7356/5853 6398/7355/5852 6400/7358/5854 6110/6942/5676
f 5996/6791/5610 5995/6790/5609 6099/7386/5668 6415/7385/5866
f 5995/6792/5609 5852/6621/5526 6100/6930/5669 6099/6929/5668
f 6393/7345/5847 6296/7174/5222 5977/6766/4984 6395/7348/5849
f 6416/7387/5867 5831/6600/5503 5834/6603/5521 5838/6607/5523
f 6301/7183/5789 6397/7352/5851 6103/6933/5671 6105/6936/5672
f 6397/7352/5851 6396/7351/5850 6415/7385/5866 6103/6933/5671
f 5977/6766/4984 5976/6765/5592 6093/7349/5663 6395/7348/5849
f 5976/6768/5592 5978/6767/4830 6094/6922/4939 6093/6921/5663
f 6243/7090/5760 6392/7343/5846 6087/6913/5659 6090/6916/5578
f 6417/7388/4716 5948/7389/4715 5951/6732/4715 5952/6731/4716
f 6315/7205/5803 6394/7346/5848 6096/6924/5665 6098/6927/5667
f 6394/7346/5848 6393/7345/5847 6395/7348/5849 6096/6924/5665
f 6392/7343/5846 6402/7362/5856 6403/7363/5857 6087/6913/5659
f 5932/6706/5568 5931/6705/5567 6081/7337/5655 6388/7336/5844
f 5931/6708/5567 5933/6707/5565 6082/6906/5656 6081/6905/5655
f 6384/7327/5313 6311/7331/5799 5989/7390/5603 6418/7391/5104
f 6418/7391/5104 6073/7392/5640 6076/6900/5100 6077/6899/5312
f 6390/7339/5293 6387/7334/5843 6084/6908/5658 6086/6911/5071
f 6387/7334/5843 6386/7333/5842 6388/7336/5844 6084/6908/5658
f 5989/7390/5603 5988/7393/5602 6073/7392/5640 6418/7391/5104
f 5988/6784/5602 5990/6783/5604 6074/6896/5654 6073/6895/5640
f 6381/7321/5839 6259/7113/5778 5938/6714/5573 6383/7324/5841
f 6075/6897/5103 6074/6896/5654 5778/6547/5478 5782/6551/5482
f 6248/7098/5760 6385/7328/5311 6077/6899/5312 6079/6902/5578
f 6385/7328/5311 6384/7327/5313 6418/7391/5104 6077/6899/5312
f 5938/6714/5573 5937/6713/5572 6067/7325/5648 6383/7324/5841
f 5937/6716/5572 5939/6715/5574 6068/6888/5649 6067/6887/5648
f 6379/7317/5837 6304/7186/5792 5983/6774/5597 6419/7394/5868
f 6419/7394/5868 6059/7395/5640 6062/6882/5643 6063/6881/5644
f 6308/7194/5796 6382/7322/5840 6070/6890/5651 6072/6893/5653
f 6382/7322/5840 6381/7321/5839 6383/7324/5841 6070/6890/5651
f 5983/6774/5597 5982/6773/5596 6059/7395/5640 6419/7394/5868
f 5982/6776/5596 5984/6775/5598 6060/6878/5641 6059/6877/5640
f 6376/7311/5834 6234/7075/5763 5920/6690/5560 6378/7314/5836
f 6061/6879/5642 6060/6878/5641 5768/6537/5470 5772/6541/5474
f 6256/7110/5775 6380/7318/5838 6063/6881/5644 6065/6884/5646
f 6380/7318/5838 6379/7317/5837 6419/7394/5868 6063/6881/5644
f 5920/6690/5560 5919/6689/5559 6053/7315/5634 6378/7314/5836
f 5919/6692/5559 5921/6691/5561 6054/6870/5635 6053/6869/5634
f 6373/7305/5812 6344/7251/5812 6020/6823/5624 6375/7308/5624
f 6420/7396/4979 5940/7397/5575 5943/6722/4975 5944/6721/5576
f 6293/7171/5786 6377/7312/5835 6056/6872/5637 6058/6875/5639
f 6377/7312/5835 6376/7311/5834 6378/7314/5836 6056/6872/5637
f 6020/6823/5624 6019/6822/5628 6048/7309/5632 6375/7308/5624
f 6019/6824/5628 5912/6681/5541 5908/6677/5541 6048/6862/5632
f 6366/7293/5826 6369/7299/5812 6052/6867/5624 6368/7296/5828
f 6421/7398/5869 5997/7399/5611 6000/6798/5607 6001/6797/5608
f 6369/7299/5812 6374/7306/5812 6050/6864/5624 6052/6867/5624
f 6374/7306/5812 6373/7305/5812 6375/7308/5624 6050/6864/5624
f 6052/6867/5624 6051/6866/5632 6042/7297/5629 6368/7296/5828
f 6051/6868/5632 5903/6672/5541 5899/6668/5552 6042/6854/5629
f 6361/7284/5830 6364/7290/5832 6118/6953/5683 6363/7287/5831
f 6422/7400/5870 5928/7401/5566 5929/6704/5557 5930/6703/5558
f 6372/7302/5191 6367/7294/5827 6044/6856/5631 6046/6859/4971
f 6367/7294/5827 6366/7293/5826 6368/7296/5828 6044/6856/5631
f 6118/6953/5683 6117/6952/5682 6037/7288/5633 6363/7287/5831
f 6117/6954/5682 5894/6663/4952 5890/6659/5453 6037/6847/5633
f 6356/7275/5812 6359/7281/5812 6041/6852/5624 6358/7278/5624
f 6423/7402/5871 5979/7403/5593 5980/6772/5594 5981/6771/5595
f 6359/7281/5812 6362/7285/5823 6039/6849/5627 6041/6852/5624
f 6362/7285/5823 6361/7284/5830 6363/7287/5831 6039/6849/5627
f 6041/6852/5624 6040/6851/5632 6032/7279/5632 6358/7278/5624
f 6040/6853/5632 5885/6654/5541 5881/6650/5541 6032/6840/5632
f 6351/7266/5812 6354/7272/5812 6036/6845/5624 6353/7269/5624
f 6424/7404/5872 5991/7405/5605 5993/6789/5607 5994/6788/5608
f 6354/7272/5812 6357/7276/5812 6034/6842/5624 6036/6845/5624
f 6357/7276/5812 6356/7275/5812 6358/7278/5624 6034/6842/5624
f 6036/6845/5624 6035/6844/5632 6027/7270/5632 6353/7269/5624
f 6035/6846/5632 5876/6645/5541 5872/6641/5541 6027/6833/5632
f 6346/7255/5826 6349/7261/5812 6031/6838/5624 6348/7258/5828
f 6425/7406/5873 5973/7407/5589 5974/6764/5590 5975/6763/5591
f 6349/7261/5812 6352/7267/5812 6029/6835/5624 6031/6838/5624
f 6352/7267/5812 6351/7266/5812 6353/7269/5624 6029/6835/5624
f 6031/6838/5624 6030/6837/5632 6021/7259/5629 6348/7258/5828
f 6030/6839/5632 5867/6636/5541 5863/6632/5537 6021/6825/5629
f 6340/7245/5822 6284/7152/5194 5966/6751/4950 6342/7248/5824
f 6426/7408/5870 5916/7409/5556 5917/6688/5557 5918/6687/5558
f 6277/7262/5191 6347/7256/5827 6023/6827/5631 6025/6830/4971
f 6347/7256/5827 6346/7255/5826 6348/7258/5828 6023/6827/5631
f 5966/6751/4950 5965/6750/4955 6016/7249/5625 6342/7248/5824
f 5965/6752/4955 5754/6523/4952 5750/6519/5453 6016/6818/5625
f 6336/7237/5818 6339/7243/5821 6125/6962/5686 6338/7240/5820
f 6427/7410/5870 5922/7411/5562 5923/6696/5563 5924/6695/5558
f 6344/7251/5812 6341/7246/5823 6018/6820/5627 6020/6823/5624
f 6341/7246/5823 6340/7245/5822 6342/7248/5824 6018/6820/5627
f 6125/6962/5686 6124/6961/5685 6010/7241/5619 6338/7240/5820
f 6124/6963/5685 5859/6628/5534 6011/6811/5620 6010/6810/5619
f 6327/7223/5809 6330/7229/5812 6015/6816/5624 6329/7226/5811
f 6428/7412/5869 5985/7413/5599 5986/6780/5600 5987/6779/5601
f 6330/7229/5812 6337/7238/5819 6013/6813/5622 6015/6816/5624
f 6337/7238/5819 6336/7237/5818 6338/7240/5820 6013/6813/5622
f 6015/6816/5624 6014/6815/5623 6004/7227/5613 6329/7226/5811
f 6014/6817/5623 5857/6626/5532 6005/6803/5614 6004/6802/5613
f 6320/7212/5794 6322/7216/5786 6112/6945/5639 6421/7398/5869
f 6429/7414/5874 5934/7415/5569 5935/6712/5570 5936/6711/5571
f 6333/7232/5815 6328/7224/5810 6007/6805/5616 6009/6808/5618
f 6328/7224/5810 6327/7223/5809 6329/7226/5811 6007/6805/5616
f 6112/6945/5639 6111/6944/5677 5997/7399/5611 6421/7398/5869
f 6111/6946/5677 5840/6609/5496 5998/6794/5528 5997/6793/5611
f 6313/7201/5801 6315/7205/5803 6098/6927/5667 6424/7404/5872
f 6121/6957/5684 6120/6956/5063 5897/6666/5551 5901/6670/5554
f 6324/7218/5805 6321/7213/5802 6001/6797/5608 6003/6800/5610
f 6321/7213/5802 6320/7212/5794 6421/7398/5869 6001/6797/5608
f 6098/6927/5667 6097/6926/5666 5991/7405/5605 6424/7404/5872
f 6097/6928/5666 5802/6571/5496 5849/6618/5528 5991/6785/5605
f 6306/7190/5794 6308/7194/5796 6072/6893/5653 6428/7412/5869
f 6430/7416/5543 5868/6637/5542 5870/6639/5542 5874/6643/5543
f 6318/7208/5805 6314/7202/5802 5994/6788/5608 5996/6791/5610
f 6314/7202/5802 6313/7201/5801 6424/7404/5872 5994/6788/5608
f 6072/6893/5653 6071/6892/5652 5985/7413/5599 6428/7412/5869
f 6071/6894/5652 5774/6543/5466 5833/6602/5520 5985/6777/5599
f 6299/7179/5787 6301/7183/5789 6105/6936/5672 6423/7402/5871
f 6311/7197/5799 6307/7191/5795 5987/6779/5601 5989/6782/5603
f 6307/7191/5795 6306/7190/5794 6428/7412/5869 5987/6779/5601
f 6105/6936/5672 6104/6935/5645 5979/7403/5593 6423/7402/5871
f 6104/6938/5645 6106/6937/5036 5815/6584/5505 5979/6769/5593
f 6291/7167/5784 6293/7171/5786 6058/6875/5639 6425/7406/5873
f 6431/7417/5543 5877/6646/5542 5879/6648/5542 5883/6652/5543
f 6304/7186/5792 6300/7180/5788 5981/6771/5595 5983/6774/5597
f 6300/7180/5788 6299/7179/5787 6423/7402/5871 5981/6771/5595
f 6058/6875/5639 6057/6874/5638 5973/7407/5589 6425/7406/5873
f 6057/6876/5638 5764/6533/5466 5805/6574/5498 5973/6761/5589
f 6286/7163/5220 6289/7161/5782 5970/6756/5588 5972/6759/4990
f 5958/6741/4969 5957/6740/4968 5861/6630/5535 5865/6634/5539
f 6296/7174/5222 6292/7168/5785 5975/6763/5591 5977/6766/4984
f 6292/7168/5785 6291/7167/5784 6425/7406/5873 5975/6763/5591
f 6229/7068/5758 6231/7072/5760 5946/6724/5578 6426/7408/5870
f 6282/7150/5220 6286/7156/5220 5972/7157/4990 6288/7160/4990
f 6091/6918/5662 6413/7382/5864 5738/6507/5443 5735/6504/5440
f 6287/7418/4991 5971/6760/4991 5742/6511/4818 6432/7419/4818
f 6280/7146/5780 6282/7150/5220 6288/7160/4990 6411/7377/5863
f 6288/7160/4990 6287/7159/4991 5961/7378/5581 6411/7377/5863
f 6287/7418/4991 6432/7419/4818 5962/6746/5582 5961/6745/5581
f 6275/7138/5209 6277/7142/5191 6025/7420/4971 6412/7379/4970
f 6433/7421/5543 5904/6673/5542 5906/6675/5542 5910/6679/5543
f 6284/7152/5194 6281/7147/5781 5964/6748/5584 5966/6751/4950
f 6281/7147/5781 6280/7146/5780 6411/7377/5863 5964/6748/5584
f 6025/7420/4971 6024/7422/5065 5956/7380/4967 6412/7379/4970
f 6024/6832/5065 6026/6831/5066 5957/6740/4968 5956/6739/4967
f 6269/7130/5211 6272/7134/5211 5603/6372/4716 5602/6371/4716
f 6434/7423/5543 5886/6655/5542 5888/6657/5546 5892/6661/5549
f 6272/7134/5211 6276/7139/5210 5960/6743/5322 5603/6372/4716
f 6276/7139/5210 6275/7138/5209 6412/7379/4970 5960/6743/5322
f 6267/7126/5211 6269/7130/5211 5602/6371/4716 6417/7388/4716
f 5998/6794/5528 5840/6609/5496 6435/7424/4883 5915/6684/5529
f 5602/6371/4716 5601/6370/4715 5948/7389/4715 6417/7388/4716
f 5601/6738/4715 5844/6613/4911 5949/6728/4911 5948/6727/4715
f 6262/7118/5214 6264/7122/5211 5954/6734/4716 6420/7396/4979
f 6436/7425/5875 5795/6564/5489 5796/6565/5490 5800/6569/5494
f 6264/7122/5211 6268/7127/5211 5952/6731/4716 5954/6734/4716
f 6268/7127/5211 6267/7126/5211 6417/7388/4716 5952/6731/4716
f 5954/6734/4716 5953/6733/4715 5940/7397/5575 6420/7396/4979
f 5953/6736/4715 5955/6735/4911 5941/6718/4977 5940/6717/5575
f 6254/7106/5773 6256/7110/5775 6065/6884/5646 6429/7414/5874
f 5942/6719/4978 5941/6718/4977 5758/6527/5460 5762/6531/5464
f 6231/7072/5760 6263/7119/5779 5944/6721/5576 5946/6724/5578
f 6263/7119/5779 6262/7118/5214 6420/7396/4979 5944/6721/5576
f 6065/6884/5646 6064/6883/5645 5934/7415/5569 6429/7414/5874
f 6064/6886/5645 6066/6885/5647 5776/6545/5439 5934/6709/5569
f 6246/7094/5758 6248/7098/5760 6079/6902/5578 6422/7400/5870
f 6259/7113/5778 6255/7107/5774 5936/6711/5571 5938/6714/5573
f 6255/7107/5774 6254/7106/5773 6429/7414/5874 5936/6711/5571
f 6079/6902/5578 6078/6901/5577 5928/7401/5566 6422/7400/5870
f 6078/6904/5577 6080/6903/5579 5786/6555/5468 5928/6701/5566
f 6241/7086/5758 6243/7090/5760 6090/6916/5578 6427/7410/5870
f 6437/7426/5543 5913/6682/5542 5748/6517/5451 5752/6521/5455
f 6251/7101/5771 6247/7095/5759 5930/6703/5558 5932/6706/5568
f 6247/7095/5759 6246/7094/5758 6422/7400/5870 5930/6703/5558
f 6090/6916/5578 6089/6915/5661 5922/7411/5562 6427/7410/5870
f 6089/6920/5661 6092/6919/5647 5734/6503/5439 5922/6693/5562
f 6238/7081/5766 6237/7080/5763 5926/6698/5560 6414/7383/5865
f 6438/7427/5367 5609/6378/5367 5612/6381/5370 5729/6498/5370
f 6237/7080/5763 6242/7087/5759 5924/6695/5558 5926/6698/5560
f 6242/7087/5759 6241/7086/5758 6427/7410/5870 5924/6695/5558
f 5926/6698/5560 5925/6697/5564 5967/7384/5585 6414/7383/5865
f 5925/6700/5564 5927/6699/5565 5968/6754/5586 5967/6753/5585
f 6289/7161/5782 6238/7081/5766 6414/7383/5865 5970/6756/5588
f 5946/6724/5578 5945/6723/5577 5916/7409/5556 6426/7408/5870
f 5945/6726/5577 5947/6725/5579 5766/6535/5468 5916/6685/5556
f 6439/7428/5876 6128/6966/5687 5712/6481/5117 5711/6480/5430
f 6234/7075/5763 6230/7069/5759 5918/6687/5558 5920/6690/5560
f 6230/7069/5759 6229/7068/5758 6426/7408/5870 5918/6687/5558
f 5911/6680/5543 5909/6678/5542 5913/6682/5542 6437/7426/5543
f 5904/6673/5542 5903/6672/5541 5907/6676/5541 5906/6675/5542
f 6435/7424/4883 6433/7421/5543 5910/6679/5543 5915/6684/5529
f 5914/6683/5545 5911/6680/5543 6437/7426/5543 5843/6612/4899
f 5902/6671/5555 5900/6669/5553 5904/6673/5542 6433/7421/5543
f 6120/6956/5063 6047/6860/5066 5898/6667/5536 5897/6666/5551
f 5859/6628/5534 6121/6957/5684 5901/6670/5554 5860/6629/4879
f 5905/6674/4878 5902/6671/5555 6433/7421/5543 6435/7424/4883
f 5893/6662/5550 5891/6660/5548 5895/6664/5078 6114/6948/5679
f 5886/6655/5542 5885/6654/5541 5889/6658/5547 5888/6657/5546
f 5853/6622/4899 6434/7423/5543 5892/6661/5549 5854/6623/4905
f 5896/6665/4904 5893/6662/5550 6114/6948/5679 5855/6624/5530
f 5884/6653/5543 5882/6651/5542 5886/6655/5542 6434/7423/5543
f 5877/6646/5542 5876/6645/5541 5880/6649/5541 5879/6648/5542
f 5850/6619/4883 6431/7417/5543 5883/6652/5543 5851/6620/5529
f 5887/6656/5545 5884/6653/5543 6434/7423/5543 5853/6622/4899
f 5875/6644/5543 5873/6642/5542 5877/6646/5542 6431/7417/5543
f 5868/6637/5542 5867/6636/5541 5871/6640/5541 5870/6639/5542
f 5847/6616/4865 6430/7416/5543 5874/6643/5543 5848/6617/5527
f 5878/6647/5544 5875/6644/5543 6431/7417/5543 5850/6619/4883
f 5866/6635/5540 5864/6633/5538 5868/6637/5542 6430/7416/5543
f 5957/6740/4968 6026/6831/5066 5862/6631/5536 5861/6630/5535
f 5845/6614/4911 5958/6741/4969 5865/6634/5539 5846/6615/4861
f 5869/6638/4860 5866/6635/5540 6430/7416/5543 5847/6616/4865
f 5842/6611/5526 5999/6795/5606 5914/6683/5545 5843/6612/4899
f 5999/6795/5606 5998/6794/5528 5915/6684/5529 5914/6683/5545
f 5840/6609/5496 5836/6605/4940 5905/6674/4878 6435/7424/4883
f 6440/7429/5875 5823/6592/5489 5824/6593/5513 5828/6597/5517
f 5836/6605/4940 5835/6604/4916 5860/6629/4879 5905/6674/4878
f 5830/6599/4909 5826/6595/5515 6011/6811/5620 5859/6628/5534
f 6441/7430/5867 5813/6582/5503 5816/6585/5506 5820/6589/5510
f 5826/6595/5515 5825/6594/5514 5858/6627/5533 6011/6811/5620
f 5822/6591/5512 5818/6587/5508 6005/6803/5614 5857/6626/5532
f 6101/6931/5670 6100/6930/5669 5806/6575/5499 5810/6579/5501
f 5818/6587/5508 5817/6586/5507 5856/6625/5531 6005/6803/5614
f 5812/6581/4915 5808/6577/4946 5896/6665/4904 5855/6624/5530
f 6442/7431/5877 6131/6969/5690 5680/6449/5421 5679/6448/5420
f 5808/6577/4946 5807/6576/4921 5854/6623/4905 5896/6665/4904
f 5852/6621/5526 5992/6786/5606 5887/6656/5545 5853/6622/4899
f 5992/6786/5606 5849/6618/5528 5851/6620/5529 5887/6656/5545
f 5802/6571/5496 5798/6567/5492 5878/6647/5544 5850/6619/4883
f 5950/6729/4911 5949/6728/4911 5788/6557/5485 5792/6561/5487
f 5798/6567/5492 5797/6566/5491 5848/6617/5527 5878/6647/5544
f 5794/6563/4865 5790/6559/4860 5869/6638/4860 5847/6616/4865
f 6443/7432/5878 6136/6974/4798 5648/6417/5396 5647/6416/5395
f 5790/6559/4860 5789/6558/4861 5846/6615/4861 5869/6638/4860
f 5839/6608/5524 5837/6606/5522 5841/6610/5525 6108/6940/5674
f 5831/6600/5503 5830/6599/4909 5835/6604/4916 5834/6603/5521
f 5990/6783/5604 6416/7387/5867 5838/6607/5523 5779/6548/5479
f 6444/7433/5879 6139/6977/5697 5630/6399/5384 5629/6398/5383
f 5780/6549/5480 5839/6608/5524 6108/6940/5674 5784/6553/4818
f 5829/6598/5518 5827/6596/5516 5831/6600/5503 6416/7387/5867
f 5823/6592/5489 5822/6591/5512 5825/6594/5514 5824/6593/5513
f 5774/6543/5466 6440/7429/5875 5828/6597/5517 5833/6602/5520
f 5832/6601/5519 5829/6598/5518 6416/7387/5867 5990/6783/5604
f 5821/6590/5511 5819/6588/5509 5823/6592/5489 6440/7429/5875
f 5813/6582/5503 5812/6581/4915 5817/6586/5507 5816/6585/5506
f 5984/6775/5598 6441/7430/5867 5820/6589/5510 5769/6538/5471
f 6445/7434/5880 6144/6982/5701 5622/6391/5378 5621/6390/5377
f 5770/6539/5472 5821/6590/5511 6440/7429/5875 5774/6543/5466
f 5811/6580/5502 5809/6578/5500 5813/6582/5503 6441/7430/5867
f 6100/6930/5669 5852/6621/5526 5807/6576/4921 5806/6575/5499
f 6106/6937/5036 6101/6931/5670 5810/6579/5501 5815/6584/5505
f 5814/6583/5504 5811/6580/5502 6441/7430/5867 5984/6775/5598
f 5801/6570/5495 5799/6568/5493 5803/6572/5476 6094/6922/4939
f 5795/6564/5489 5794/6563/4865 5797/6566/5491 5796/6565/5490
f 5764/6533/5466 6436/7425/5875 5800/6569/5494 5805/6574/5498
f 5804/6573/5497 5801/6570/5495 6094/6922/4939 5978/6767/4830
f 5793/6562/5488 5791/6560/5486 5795/6564/5489 6436/7425/5875
f 5949/6728/4911 5844/6613/4911 5789/6558/4861 5788/6557/5485
f 5955/6735/4911 5950/6729/4911 5792/6561/5487 5759/6528/5461
f 6446/7435/5881 6149/6987/5704 5614/6383/5372 5613/6382/5371
f 5760/6529/5462 5793/6562/5488 6436/7425/5875 5764/6533/5466
f 5783/6552/5483 5781/6550/5481 5785/6554/5484 6082/6906/5656
f 6074/6896/5654 5990/6783/5604 5779/6548/5479 5778/6547/5478
f 6080/6903/5579 6075/6897/5103 5782/6551/5482 5786/6555/5468
f 5787/6556/5469 5783/6552/5483 6082/6906/5656 5933/6707/5565
f 5773/6542/5475 5771/6540/5473 5775/6544/5476 6068/6888/5649
f 6060/6878/5641 5984/6775/5598 5769/6538/5471 5768/6537/5470
f 6066/6885/5647 6061/6879/5642 5772/6541/5474 5776/6545/5439
f 5777/6546/5477 5773/6542/5475 6068/6888/5649 5939/6715/5574
f 5763/6532/5465 5761/6530/5463 5765/6534/5467 6054/6870/5635
f 5941/6718/4977 5955/6735/4911 5759/6528/5461 5758/6527/5460
f 5947/6725/5579 5942/6719/4978 5762/6531/5464 5766/6535/5468
f 5767/6536/5469 5763/6532/5465 6054/6870/5635 5921/6691/5561
f 5753/6522/5456 5751/6520/5454 5755/6524/5457 5962/6746/5582
f 5913/6682/5542 5912/6681/5541 5749/6518/5452 5748/6517/5451
f 5843/6612/4899 6437/7426/5543 5752/6521/5455 5757/6526/5459
f 5756/6525/5458 5753/6522/5456 5962/6746/5582 6432/7419/4818
f 5742/6511/4818 5740/6509/5445 5756/6525/5458 6432/7419/4818
f 6447/7436/5882 6200/7038/5739 5594/6363/5358 5593/6362/5357
f 5740/6509/5445 5739/6508/5444 5757/6526/5459 5756/6525/5458
f 5736/6505/5441 5741/6510/5446 5743/6512/5447 5968/6754/5586
f 6413/7382/5864 5842/6611/5526 5739/6508/5444 5738/6507/5443
f 6092/6919/5647 6091/6918/5662 5735/6504/5440 5734/6503/5439
f 5737/6506/5442 5736/6505/5441 5968/6754/5586 5927/6699/5565
f 5733/6502/5370 5729/6498/5370 5731/6500/5425 6154/6992/5425
f 6448/7437/5883 5744/6513/5448 6438/7427/5367 5732/6501/5367
f 5744/6513/5448 5747/6516/4780 5609/6378/5367 6438/7427/5367
f 6449/7438/4764 6448/7437/5883 5732/6501/5367 5728/6497/5367
f 5732/6501/5367 6438/7427/5367 5729/6498/5370 5733/6502/5370
f 5720/6489/5370 5733/6502/5370 6154/6992/5425 5721/6490/5425
f 5725/6494/5437 5719/6488/5435 5722/6491/5426 6157/6995/5710
f 6450/7439/5349 6451/7440/4763 5727/6496/5438 5724/6493/5436
f 6451/7440/4763 6449/7438/4764 5728/6497/5367 5727/6496/5438
f 6334/7234/5816 6450/7439/5349 5724/6493/5436 5723/6492/4744
f 5724/6493/5436 5727/6496/5438 5719/6488/5435 5725/6494/5437
f 5726/6495/4743 5725/6494/5437 6157/6995/5710 6371/7301/5187
f 5716/6485/5432 5711/6480/5430 5714/6483/5366 6160/6998/5713
f 6452/7441/5346 6453/7442/4785 6439/7428/5876 5715/6484/5431
f 6453/7442/4785 6332/7231/5814 6128/6966/5687 6439/7428/5876
f 6454/7443/4780 6452/7441/5346 5715/6484/5431 5710/6479/5367
f 5715/6484/5431 6439/7428/5876 5711/6480/5430 5716/6485/5432
f 5704/6473/5370 5716/6485/5432 6160/6998/5713 5705/6474/5425
f 5708/6477/5370 5703/6472/5370 5706/6475/5425 6163/7001/5425
f 6455/7444/5883 6456/7445/5448 5709/6478/5367 5707/6476/5367
f 6456/7445/5448 6454/7443/4780 5710/6479/5367 5709/6478/5367
f 6457/7446/4764 6455/7444/5883 5707/6476/5367 5702/6471/5367
f 5707/6476/5367 5709/6478/5367 5703/6472/5370 5708/6477/5370
f 5696/6465/5370 5708/6477/5370 6163/7001/5425 5697/6466/5425
f 5700/6469/5370 5695/6464/5370 5698/6467/5425 6166/7004/5425
f 6458/7447/5884 6459/7448/5885 5701/6470/5367 5699/6468/5367
f 6459/7448/5885 6457/7446/4764 5702/6471/5367 5701/6470/5367
f 6460/7449/4749 6458/7447/5884 5699/6468/5367 5694/6463/5367
f 5699/6468/5367 5701/6470/5367 5695/6464/5370 5700/6469/5370
f 5686/6455/5370 5700/6469/5370 6166/7004/5425 5687/6456/5425
f 5692/6461/5428 5685/6454/5424 5688/6457/5426 6169/7007/5710
f 6461/7450/5345 6462/7451/4748 5693/6462/5429 5691/6460/5427
f 6462/7451/4748 6460/7449/4749 5694/6463/5367 5693/6462/5429
f 6270/7131/4751 6461/7450/5345 5691/6460/5427 5690/6459/4729
f 5691/6460/5427 5693/6462/5429 5685/6454/5424 5692/6461/5428
f 5689/6458/4732 5692/6461/5428 6169/7007/5710 6273/7135/5187
f 6451/7440/4763 5682/6451/5342 5681/6450/5397 6449/7438/4764
f 5681/6450/5397 6181/7019/5723 6448/7437/5883 6449/7438/4764
f 6181/7019/5723 5745/6514/5449 5744/6513/5448 6448/7437/5883
f 6173/7011/5715 5674/6443/5416 5673/6442/4820 6334/7234/5816
f 5673/6442/4820 6463/7452/5341 6450/7439/5349 6334/7234/5816
f 6463/7452/5341 5682/6451/5342 6451/7440/4763 6450/7439/5349
f 6177/7015/5719 5666/6435/5411 5665/6434/5410 6325/7220/5807
f 5665/6434/5410 6464/7453/5886 6176/7014/5718 6325/7220/5807
f 6464/7453/5886 5674/6443/5416 6173/7011/5715 6176/7014/5718
f 6453/7442/4785 5656/6425/5340 5655/6424/5338 6332/7231/5814
f 5655/6424/5338 6465/7454/5887 6180/7018/5722 6332/7231/5814
f 6180/7018/5722 6465/7454/5887 5666/6435/5411 6177/7015/5719
f 6456/7445/5448 6184/7022/5449 6317/7207/5450 6454/7443/4780
f 6317/7207/5450 6466/7455/5339 6452/7441/5346 6454/7443/4780
f 6452/7441/5346 6466/7455/5339 5656/6425/5340 6453/7442/4785
f 6459/7448/5885 5650/6419/5398 5649/6418/5397 6457/7446/4764
f 5649/6418/5397 6185/7023/5723 6455/7444/5883 6457/7446/4764
f 6455/7444/5883 6185/7023/5723 6184/7022/5449 6456/7445/5448
f 6462/7451/4748 5640/6409/4748 5639/6408/4749 6460/7449/4749
f 5639/6408/4749 6467/7456/5888 6458/7447/5884 6460/7449/4749
f 6458/7447/5884 6467/7456/5888 5650/6419/5398 6459/7448/5885
f 6468/7457/5889 5596/6365/5359 5595/6364/4709 6278/7143/4709
f 6265/7123/4751 6469/7458/5345 6461/7450/5345 6270/7131/4751
f 6461/7450/5345 6469/7458/5345 5640/6409/4748 6462/7451/4748
f 5684/6453/5423 5679/6448/5420 5682/6451/5342 6463/7452/5341
f 6470/7459/5890 5632/6401/5385 6442/7431/5877 5683/6452/5422
f 5632/6401/5385 5631/6400/4709 6131/6969/5690 6442/7431/5877
f 6310/7196/5798 6470/7459/5890 5683/6452/5422 5678/6447/5408
f 5683/6452/5422 6442/7431/5877 5679/6448/5420 5684/6453/5423
f 5672/6441/5402 5684/6453/5423 6463/7452/5341 5673/6442/4820
f 5676/6445/5418 5671/6440/5415 5674/6443/5416 6464/7453/5886
f 6189/7027/5728 6188/7026/5727 5677/6446/5419 5675/6444/5417
f 6188/7026/5727 6310/7196/5798 5678/6447/5408 5677/6446/5419
f 5623/6392/5373 6189/7027/5728 5675/6444/5417 5670/6439/5394
f 5675/6444/5417 5677/6446/5419 5671/6440/5415 5676/6445/5418
f 5664/6433/5390 5676/6445/5418 6464/7453/5886 5665/6434/5410
f 5668/6437/5413 5663/6432/5409 5666/6435/5411 6465/7454/5887
f 6471/7460/5891 5624/6393/5379 5669/6438/5414 5667/6436/5412
f 5624/6393/5379 5623/6392/5373 5670/6439/5394 5669/6438/5414
f 6303/7185/5791 6471/7460/5891 5667/6436/5412 5662/6431/5408
f 5667/6436/5412 5669/6438/5414 5663/6432/5409 5668/6437/5413
f 5654/6423/5402 5668/6437/5413 6465/7454/5887 5655/6424/5338
f 5659/6428/5405 5653/6422/5401 5656/6425/5340 6466/7455/5339
f 6193/7031/5732 6192/7030/5731 5661/6430/5407 5658/6427/5404
f 6192/7030/5731 6303/7185/5791 5662/6431/5408 5661/6430/5407
f 6297/7176/5212 6193/7031/5732 5658/6427/5404 5657/6426/5403
f 5658/6427/5404 5661/6430/5407 5653/6422/5401 5659/6428/5405
f 5660/6429/5406 5659/6428/5405 6466/7455/5339 6317/7207/5450
f 5652/6421/5400 5647/6416/5395 5650/6419/5398 6467/7456/5888
f 6197/7035/5736 6196/7034/5735 6443/7432/5878 5651/6420/5399
f 6196/7034/5735 6295/7173/4719 6136/6974/4798 6443/7432/5878
f 5615/6384/5373 6197/7035/5736 5651/6420/5399 5646/6415/5394
f 5651/6420/5399 6443/7432/5878 5647/6416/5395 5652/6421/5400
f 5638/6407/5390 5652/6421/5400 6467/7456/5888 5639/6408/4749
f 5644/6413/5392 5637/6406/5389 5640/6409/4748 6469/7458/5345
f 6472/7461/5892 5616/6385/5374 5645/6414/5393 5643/6412/5391
f 5616/6385/5374 5615/6384/5373 5646/6415/5394 5645/6414/5393
f 6260/7115/4751 6472/7461/5892 5643/6412/5391 5642/6411/4751
f 5643/6412/5391 5645/6414/5393 5637/6406/5389 5644/6413/5392
f 5641/6410/4751 5644/6413/5392 6469/7458/5345 6265/7123/4751
f 5635/6404/5387 5629/6398/5383 5632/6401/5385 6470/7459/5890
f 6215/7053/5749 6218/7056/5752 6444/7433/5879 5634/6403/5386
f 6218/7056/5752 6250/7100/5764 6139/6977/5697 6444/7433/5879
f 6244/7091/5756 6215/7053/5749 5634/6403/5386 5633/6402/4805
f 5634/6403/5386 6444/7433/5879 5629/6398/5383 5635/6404/5387
f 5636/6405/5388 5635/6404/5387 6470/7459/5890 6310/7196/5798
f 5627/6396/5382 5621/6390/5377 5624/6393/5379 6471/7460/5891
f 6211/7049/5745 6214/7052/5748 6445/7434/5880 5626/6395/5381
f 6214/7052/5748 6258/7112/5777 6144/6982/5701 6445/7434/5880
f 6252/7103/5767 6211/7049/5745 5626/6395/5381 5625/6394/5380
f 5626/6395/5381 6445/7434/5880 5621/6390/5377 5627/6396/5382
f 5628/6397/4804 5627/6396/5382 6471/7460/5891 6303/7185/5791
f 5620/6389/5376 5613/6382/5371 5616/6385/5374 6472/7461/5892
f 6223/7061/5749 6226/7064/5752 6446/7435/5881 5619/6388/5375
f 6226/7064/5752 6233/7074/5762 6149/6987/5704 6446/7435/5881
f 6227/7065/5756 6223/7061/5749 5619/6388/5375 5618/6387/4792
f 5619/6388/5375 6446/7435/5881 5613/6382/5371 5620/6389/5376
f 5617/6386/4795 5620/6389/5376 6472/7461/5892 6260/7115/4751
f 5611/6380/5369 5605/6374/5364 5608/6377/5366 6172/7010/5713
f 6473/7462/5893 6468/7457/5889 5717/6486/5433 5610/6379/5368
f 6468/7457/5889 6278/7143/4709 5718/6487/5434 5717/6486/5433
f 5747/6516/4780 6473/7462/5893 5610/6379/5368 5609/6378/5367
f 5610/6379/5368 5717/6486/5433 5605/6374/5364 5611/6380/5369
f 5612/6381/5370 5611/6380/5369 6172/7010/5713 5730/6499/5425
f 5746/6515/5450 6474/7463/5894 6473/7462/5893 5747/6516/4780
f 6474/7463/5894 5596/6365/5359 6468/7457/5889 6473/7462/5893
f 5599/6368/5362 5593/6362/5357 5596/6365/5359 6474/7463/5894
f 5598/6367/5361 6447/7436/5882 5593/6362/5357 5599/6368/5362
f 5600/6369/5363 5599/6368/5362 6474/7463/5894 5746/6515/5450
f 6219/7057/5745 6222/7060/5755 6447/7436/5882 5598/6367/5361
f 6222/7060/5755 6235/7077/5764 6200/7038/5739 6447/7436/5882
f 6239/7083/5767 6219/7057/5745 5598/6367/5361 5597/6366/5360
